name,count,category,alternates,address_example
朝日屋,13,japanese_restaurant,restaurant,大森西6丁目15-19
越後屋,12,japanese_restaurant,restaurant,羽田3丁目1-1
浅野屋,12,japanese_restaurant,,池上4丁目31-18
たぬき,9,japanese_restaurant,restaurant|asian_restaurant,玉川3丁目15-12
きらく,8,bar,sake_bar|restaurant,成城6丁目16-5
いろは,7,japanese_restaurant,,東京都品川区南大井１丁目６−８
若竹,7,japanese_restaurant,restaurant,北品川1丁目24-26
喜楽,7,japanese_restaurant,asian_restaurant|restaurant,港南2丁目4-18
粋,6,japanese_restaurant,,下丸子1-6-25
錦,6,japanese_restaurant,asian_restaurant|chinese_restaurant,東京都大田区千鳥１丁目１９−１
さくら,6,japanese_restaurant,,小山3丁目2-3
一心,6,japanese_restaurant,asian_restaurant|restaurant,世田谷4丁目4-2
金太郎,6,japanese_restaurant,sushi_restaurant|bar,3 Chome-13-12 Setagaya
わさび,6,japanese_restaurant,,"Ebisuminami, 1 Chome−4−4 ＴＩＭＥ ＺＯＮＥ 小町ビル ３F"
加賀屋,6,japanese_restaurant,asian_restaurant|restaurant,豊町6丁目10-4
たかはし,6,japanese_restaurant,barbecue_restaurant,東京都品川区西五反田１丁目７−１
うさぎ,6,japanese_restaurant,restaurant|asian_restaurant,白金台5丁目18-9
松月,6,japanese_restaurant,restaurant,久我山4丁目41-19
滝乃家,6,japanese_restaurant,asian_restaurant|restaurant,神山町4-19
山田屋,6,japanese_restaurant,chinese_restaurant,西新宿4丁目11-18
みのや,6,japanese_restaurant,restaurant|diner,代々木2丁目6-9
ひまわり,6,japanese_restaurant,,大久保2丁目3-10
ときわ,6,japanese_restaurant,restaurant,東京都中央区銀座6-3-12数寄屋ビル4F
ふくちゃん,5,bar,sake_bar,東京都世田谷区深沢６丁目２−１
中村屋,5,japanese_restaurant,restaurant|chicken_restaurant,東京都目黒区鷹番３丁目１５−１８
三平,5,japanese_restaurant,asian_restaurant|restaurant,5 Chome-6-13 Nakanobu
まつもと,5,japanese_restaurant,restaurant|sake_bar,世田谷4丁目4-3
えん,5,japanese_restaurant,,代官山町16-2
和,5,restaurant,,恵比寿南2丁目1-2
伊勢屋,5,japanese_restaurant,bakery|restaurant,東京都世田谷区下馬１丁目１８−１０
丸福,5,japanese_restaurant,restaurant|asian_restaurant,西五反田4丁目29-12
ととや,5,japanese_restaurant,restaurant|bar,恵比寿1丁目33-8
稲毛屋,5,japanese_restaurant,delicatessen,1 Chome-35-24 Asagayaminami
まる,5,japanese_restaurant,japanese_restaurant|restaurant,梅里1丁目7-21
縁,5,japanese_restaurant,comfort_food_restaurant|restaurant,上高井戸1丁目1-10
和楽,5,japanese_restaurant,restaurant|asian_restaurant,"Sekimachikita, 4 Chome−1−7 トラストハイム武蔵関"
和田屋,5,japanese_restaurant,barbecue_restaurant|bar,西荻南3丁目15-11
ゆたか,5,japanese_restaurant,barbecue_restaurant|restaurant,石神井町3丁目17-14
かめや,5,japanese_restaurant,restaurant,西新宿1丁目2-11
春日亭,5,japanese_restaurant,,東京都中野区中野５丁目６２−７
丸屋,4,japanese_restaurant,restaurant|asian_restaurant,喜多見8丁目16-8
たんぽぽ,4,japanese_restaurant,restaurant,東六郷2丁目13-6
満月,4,japanese_restaurant,asian_restaurant|sake_bar,東京都大田区西蒲田７丁目５−１３
ボンジュール,4,bar,restaurant|asian_restaurant,矢口1丁目19-22
桂,4,japanese_restaurant,asian_restaurant|restaurant,中央2丁目14-7
とよだ,4,japanese_restaurant,restaurant|asian_restaurant,等々力2丁目32-11
さくら亭,4,japanese_restaurant,restaurant|asian_restaurant,用賀3丁目13-3
秀,4,japanese_restaurant,restaurant|asian_restaurant,旗の台3丁目14-5
大黒屋,4,japanese_restaurant,,
ますや,4,japanese_restaurant,restaurant|diner,船橋1丁目38-9
なかよし,4,japanese_restaurant,japanese_restaurant|diner,恵比寿西1丁目8-2
門,4,bar,japanese_restaurant|restaurant,恵比寿1丁目11-4
Ohana,4,bar,restaurant|pub,"Higashioi, 5 Chome−5, 林ビル 140-0011 東京都５-5-7 2F"
江戸一,4,japanese_restaurant,restaurant|asian_restaurant,東大井5丁目3-9
あづまや,4,japanese_restaurant,restaurant|asian_restaurant,荏原1丁目15-8
大和,4,japanese_restaurant,restaurant|steakhouse,西五反田8丁目1-8
まほろば,4,japanese_restaurant,,西五反田2-26-5
To The Herbs,4,restaurant,health_food_restaurant|vegetarian_restaurant,台場1丁目7-1
一休,4,japanese_restaurant,restaurant|asian_restaurant,港南2丁目7-19
三松,4,japanese_restaurant,food_stand,高輪2丁目16-39
味彩,4,japanese_restaurant,asian_restaurant,恵比寿1丁目12-5
よし田,4,japanese_restaurant,restaurant|asian_restaurant,三田3丁目4-10
どん,4,japanese_restaurant,,松庵3丁目32-11
ふるさと,4,japanese_restaurant,sushi_restaurant,南烏山3丁目2-17
あら井,4,japanese_restaurant,restaurant,南烏山5丁目11-4
大門,4,japanese_restaurant,,下井草1丁目1-3
青柳,4,japanese_restaurant,restaurant|asian_restaurant,上荻4丁目10-5
ひで,4,bar,restaurant|japanese_restaurant,西荻南3丁目10-9
味平,4,japanese_restaurant,,上荻1丁目15-9
末広,4,japanese_restaurant,asian_restaurant,大泉町2丁目54-1
玉屋,4,japanese_restaurant,restaurant,石神井町2丁目15-8
丹波屋,4,japanese_restaurant,restaurant|asian_restaurant,上原2丁目40-9
吉野,4,japanese_restaurant,,神山町40-1
凛,4,japanese_restaurant,restaurant,渋谷2丁目4-6
だるま,4,japanese_restaurant,restaurant|diner,"Yoyogi, 2 Chome−20−19 新宿東洋ビル 1階"
埼玉屋,4,japanese_restaurant,restaurant,西新宿1丁目2-7
はし本,4,japanese_restaurant,restaurant|asian_restaurant,六本木4丁目4-11
竹とんぼ,4,japanese_restaurant,restaurant|asian_restaurant,麹町4丁目3
安兵衛,4,japanese_restaurant,,中野2丁目25-6
寿々喜屋,4,japanese_restaurant,restaurant,東京都新宿区中落合３丁目１−１８
雅,4,bar,restaurant|tapas_bar,百人町1丁目23-17
味人,4,japanese_restaurant,bar|restaurant,3 Chome-1-52 Ukima
かどや,4,japanese_restaurant,restaurant|asian_restaurant,弥生町58-3
なごみ,4,japanese_restaurant,restaurant|sake_bar,板橋1丁目13-7
華,4,japanese_restaurant,barbecue_restaurant|restaurant,新橋2丁目9-11
日吉屋,4,japanese_restaurant,asian_restaurant|restaurant,上野3丁目28-6
和助,4,japanese_restaurant,asian_restaurant|restaurant,江東橋4丁目20-12
一力,4,japanese_restaurant,asian_restaurant|japanese_restaurant,太平1丁目31-6
おはな,3,japanese_restaurant,barbecue_restaurant|restaurant,成城6丁目9-4
たつみ,3,japanese_restaurant,restaurant|diner,西糀谷3丁目44-5
味楽,3,asian_restaurant,restaurant|diner,2 Chome-5-10 Higashirokugo
栃木屋,3,japanese_restaurant,,東糀谷1丁目17-11
味の横綱,3,japanese_restaurant,restaurant,西蒲田7丁目63-5
京屋,3,japanese_restaurant,,西蒲田7丁目66-10
ひよこ,3,japanese_restaurant,sushi_restaurant|bar,蒲田3丁目16-2
はなぶさ,3,japanese_restaurant,,北糀谷1-20-17
ふくろう,3,japanese_restaurant,cocktail_bar,蒲田5丁目21-13
すずき,3,japanese_restaurant,diner|restaurant,大森西6丁目5-1
大安,3,japanese_restaurant,chinese_restaurant|asian_restaurant,東京都大田区蒲田２丁目４−３
ぷくぷく,3,bar,bar|sake_bar,東京都大田区千鳥３丁目１８−３
池田屋,3,bar,japanese_restaurant|restaurant,千鳥3丁目18-3
たまゆら,3,japanese_restaurant,bar|restaurant,玉川2丁目24-7
のんき,3,japanese_restaurant,bar|restaurant,玉川4丁目8-3
与作,3,japanese_restaurant,seafood_restaurant|asian_restaurant,瀬田5丁目1-14
葵,3,japanese_restaurant,noodles_restaurant|asian_restaurant,用賀4丁目12-2
かっぱ,3,japanese_restaurant,restaurant,駒沢5丁目24-8
信濃屋,3,japanese_restaurant,,目黒本町2丁目3-4
福田屋,3,japanese_restaurant,restaurant|asian_restaurant,目黒4丁目11-6
うち田,3,restaurant,japanese_restaurant,荏原3丁目4-10
みやこや,3,japanese_restaurant,restaurant,小山4丁目9-1
浜田屋,3,japanese_restaurant,,小山3丁目25-16
よりみち,3,japanese_restaurant,restaurant,南3丁目8-8
三友,3,japanese_restaurant,eat_and_drink|sushi_restaurant,"Hatanodai, 3 Chome−14−4 １０２"
さかえや,3,japanese_restaurant,japanese_restaurant,旗の台5丁目3-5
ミカド,3,japanese_restaurant,restaurant|diner,奥沢3丁目5-9
ふく田,3,japanese_restaurant,restaurant|asian_restaurant,北嶺町34-1
だんだん,3,japanese_restaurant,noodles_restaurant,桜3丁目8-15
たちばな,3,bar,asian_restaurant|japanese_restaurant,砧8丁目8-26
長岡屋,3,japanese_restaurant,restaurant,祖師谷3丁目1-24
だん家,3,japanese_restaurant,restaurant,
伊勢元,3,japanese_restaurant,restaurant|bar,4 Chome-23-5 Taishido
三河屋,3,japanese_restaurant,sushi_restaurant|restaurant,三軒茶屋1丁目41-7
とんがらし,3,japanese_restaurant,indian_restaurant|restaurant,三軒茶屋1丁目41-12
まんてん,3,japanese_restaurant,barbecue_restaurant|restaurant,上目黒3丁目1-4
大和田,3,japanese_restaurant,barbecue_restaurant,大森北1丁目27-7
梅むら,3,japanese_restaurant,asian_restaurant|restaurant,南大井2丁目5-17
森田屋,3,japanese_restaurant,contractor|carpet_store,大井5丁目13-1
瓢箪,3,japanese_restaurant,restaurant,東大井5丁目5-11
さつき,3,japanese_restaurant,restaurant|asian_restaurant,東京都品川区東大井５丁目２−９
カミヤ,3,bar,bar|asian_restaurant,西五反田7丁目10-9
月,3,restaurant,japanese_restaurant|asian_restaurant,東京都品川区西五反田１丁目９−３
たから,3,japanese_restaurant,,西五反田1-28-4
あざみ,3,japanese_restaurant,restaurant,西五反田5丁目1-20
響 (Hibiki),3,japanese_restaurant,,台場1-7-1
豊島屋,3,japanese_restaurant,,高輪3-26-27
てるてる坊主,3,japanese_restaurant,bar|restaurant,"Kamiosaki, 2 Chome−27−1 B1"
甚六,3,restaurant,,白金6-23-3
寅,3,japanese_restaurant,restaurant|sushi_restaurant,恵比寿3丁目49-1
あん,3,japanese_restaurant,,芝5丁目17-10
寿美吉,3,japanese_restaurant,restaurant|asian_restaurant,東京都杉並区久我山５丁目７−１０
ことぶき,3,japanese_restaurant,restaurant,高円寺南2丁目18-10
八,3,japanese_restaurant,restaurant|bar,松原2丁目42-8
古都,3,japanese_restaurant,restaurant|asian_restaurant,上高井戸1丁目5-18
なかや,3,japanese_restaurant,sushi_restaurant,中町2-14-15
まことや,3,japanese_restaurant,restaurant,経堂3丁目2-11
くるみ,3,bar,barbecue_restaurant|restaurant,上石神井1丁目17-15
おかめ,3,japanese_restaurant,bar,下井草2丁目40-16
あづま,3,bar,japanese_restaurant|pub,西荻北3丁目18-2
はなや,3,japanese_restaurant,bar|cafe,上荻１－９－１　１F
福八,3,japanese_restaurant,restaurant|asian_restaurant,阿佐谷北2丁目12-23
寿,3,japanese_restaurant,bar|restaurant,2 Chome-17-34 Narimasu
むさしの,3,japanese_restaurant,asian_restaurant|restaurant,高松5-8
香家,3,japanese_restaurant,asian_restaurant|noodles_restaurant,東京都世田谷区代田５丁目２９−８
四季,3,japanese_restaurant,,宇田川町28-3
かわらや,3,japanese_restaurant,,神宮前6-23-7
葉隠,3,japanese_restaurant,bar|barbecue_restaurant,渋谷2丁目8-11
まるや,3,bar,restaurant|asian_restaurant,円山町25-1
野武士,3,japanese_restaurant,japanese_restaurant|eat_and_drink,幡ヶ谷1丁目9-6
浜屋,3,bar,restaurant|japanese_restaurant,西原2丁目26-1
福寿,3,japanese_restaurant,noodles_restaurant,笹塚3丁目19-1
一福,3,japanese_restaurant,restaurant|asian_restaurant,弥生町2丁目26-9
いけだ,3,japanese_restaurant,restaurant|diner,西新宿1丁目15-6
Hokkaido,3,japanese_restaurant,asian_restaurant|restaurant,"Nishishinjuku, 1 Chome−10−2 110ビル 9F"
銀河,3,bar,karaoke|arts_and_entertainment,西新宿1丁目4-1
ORCA,3,japanese_restaurant,restaurant|steakhouse,"Shinjuku, 3 Chome−12−11 石井ビル B1"
みのる,3,restaurant,japanese_restaurant|asian_restaurant,千駄ヶ谷5丁目12-6
七福,3,japanese_restaurant,restaurant|bar,東京都渋谷区富ヶ谷１丁目３−１３
山崎,3,restaurant,japanese_restaurant|mountain,西麻布1丁目15-3
大将,3,japanese_restaurant,asian_restaurant,新橋5丁目31-6
やよい,3,japanese_restaurant,restaurant,"Shibadaimon, 2 Chome−3−2 第２大吉ビル ５Ｆ"
楽座,3,bar,bar|pub,"Sumiyoshicho, 8−21 小松第2ビル B1F"
Ryoma,3,japanese_restaurant,japanese_restaurant|restaurant,四谷1丁目7-27
ふじ,3,japanese_restaurant,,4-1 Ichigayahonmuracho
和み,3,restaurant,japanese_restaurant|pub,赤坂3丁目6-14
浪漫亭,3,japanese_restaurant,,虎ノ門2-2-5
Restaurant,3,restaurant,french_restaurant,2 Chome-13-8 Akasaka
つくし,3,japanese_restaurant,,虎ノ門1-12-5
おか田,3,japanese_restaurant,restaurant|asian_restaurant,内幸町2丁目2-1
こばやし,3,japanese_restaurant,japanese_restaurant|restaurant,本町4丁目17-12
ふじ家,3,japanese_restaurant,comfort_food_restaurant|japanese_restaurant,本町4丁目21-16
きよし,3,japanese_restaurant,restaurant,中野5丁目24-22
なかむら,3,japanese_restaurant,,中野3-40-31
なすび,3,japanese_restaurant,,目白3-13-22
串鐵,3,japanese_restaurant,restaurant|diner,高田馬場1丁目26-7
蓮,3,japanese_restaurant,japanese_restaurant,栄町34-14
むさし乃,3,restaurant,asian_restaurant|japanese_restaurant,高島平1丁目29-14
おがわ,3,japanese_restaurant,asian_restaurant|japanese_restaurant,東京都板橋区蓮根３丁目９−５
田中屋,3,japanese_restaurant,restaurant,長崎6丁目10-13
大黒家,3,japanese_restaurant,asian_restaurant|restaurant,中板橋18-10
串一,3,restaurant,bar,18-7 Oyamahigashicho
大八,3,japanese_restaurant,bar|restaurant,"Grace Ichigaya, 4-45 Ichigayanakanocho"
三善,3,japanese_restaurant,restaurant|asian_restaurant,関口1-23-6-105
熊ぼっこ,3,japanese_restaurant,chinese_restaurant,1 Chome-15-15 Otowa
弁慶,3,japanese_restaurant,restaurant|japanese_restaurant,西池袋1丁目35-7
楽楽,3,bar,restaurant|eat_and_drink,東池袋1丁目9-10
香味屋,3,japanese_restaurant,restaurant,本町11-5
愛知屋,3,asian_restaurant,restaurant|japanese_restaurant,西が丘2丁目8-8
清水屋,3,japanese_restaurant,restaurant,東池袋1丁目8-7
山茂登,3,japanese_restaurant,mountain,東京都北区赤羽北２丁目３５−３
桃太郎,3,japanese_restaurant,barbecue_restaurant|restaurant,王子1丁目19-10
喜久家,3,japanese_restaurant,restaurant|asian_restaurant,東京都北区王子本町１丁目１５−２０
草庵,3,restaurant,,西ケ原1丁目21-2 草庵ビル
よし川,3,japanese_restaurant,restaurant|asian_restaurant,浜松町1丁目23-2
味久,3,japanese_restaurant,japanese_restaurant,月島3丁目19-5
つるや,3,japanese_restaurant,restaurant|asian_restaurant,築地7丁目14-4
Hatago,3,breakfast_and_brunch_restaurant,,新川2-20-4
はせ川,3,japanese_restaurant,restaurant,両国3丁目24-1
春日,3,japanese_restaurant,restaurant,東神田2丁目2-8
大島屋,3,japanese_restaurant,restaurant|asian_restaurant,谷中3丁目2-5
大田屋,2,japanese_restaurant,asian_restaurant|chinese_restaurant,西六郷4丁目17-2
かねすえ,2,japanese_restaurant,bar|candy_store,東京都大田区羽田空港３丁目４−２
小福,2,restaurant,japanese_restaurant,萩中2丁目5-24
竹の子,2,restaurant,diner,羽田4丁目4-20
福屋,2,japanese_restaurant,noodles_restaurant|restaurant,東京都大田区東六郷２丁目８−２
庵,2,bar,restaurant|asian_restaurant,仲六郷1丁目28-6
むさし屋,2,japanese_restaurant,,東京都大田区南蒲田２丁目１８−９
一平,2,japanese_restaurant,sushi_restaurant|cafe,萩中2-11-7
大新,2,japanese_restaurant,asian_restaurant,西糀谷4丁目27-8
旬花,2,bar,cafe,矢口1-15-10
旅行にいきたい,2,fast_food_restaurant,texmex_restaurant|hotel,蒲田５丁目１６－１０
笹丸,2,japanese_restaurant,,東矢口3丁目1-11
フレンズ,2,restaurant,japanese_restaurant,東京都大田区東矢口３丁目４−６
江差,2,pub,bar|restaurant,7 Chome-62-9 Nishikamata
ごとう,2,japanese_restaurant,restaurant|diner,西蒲田7丁目52-10
オリーブ,2,restaurant,pizza_restaurant,蒲田5丁目18-14
茶々丸,2,bar,japanese_restaurant|sushi_restaurant,東蒲田2丁目5-15
Hanabi,2,bar,restaurant|japanese_restaurant,7 Chome-29-7 Nishikamata
さか本,2,japanese_restaurant,home_goods_store|gardener,蒲田5丁目10-8
武蔵,2,japanese_restaurant,restaurant,蒲田5丁目30-11
Beetle,2,japanese_restaurant,restaurant|bar,"Kamata, 5 Chome−20−10 第二美須ビル 1階"
ぼっけもん,2,japanese_restaurant,asian_restaurant|restaurant,西蒲田7丁目70-1
串幸,2,japanese_restaurant,bar|restaurant,西蒲田7丁目64-8
丸一,2,japanese_restaurant,restaurant,蒲田5丁目28-12
紅花,2,japanese_restaurant,asian_restaurant|restaurant,蒲田4丁目5-6
いなかっぺ,2,japanese_restaurant,restaurant|asian_restaurant,"Kamata, 5 Chome−34−5 第二都マンション"
志ら井,2,japanese_restaurant,desserts|candy_store,南蒲田1丁目20-28
武ちゃん,2,bar,japanese_restaurant|lounge,蒲田2丁目5-7
望月,2,japanese_restaurant,restaurant|asian_restaurant,千鳥2丁目36-1
七十里,2,japanese_restaurant,barbecue_restaurant|korean_restaurant,下丸子3丁目12-3
吉田屋,2,restaurant,japanese_restaurant,大森中1丁目2-23
旬の家,2,japanese_restaurant,restaurant|asian_restaurant,7 Chome-7-9 Central
品川亭,2,japanese_restaurant,asian_restaurant|restaurant,池上4丁目32-8
さより,2,japanese_restaurant,restaurant|asian_restaurant,南久が原2丁目11-14
Hachi,2,bar,restaurant,大森北6丁目29-10
藤,2,japanese_restaurant,restaurant|asian_restaurant,"Omorikita, 6 Chome−12−9 巳の丸ビル"
力士,2,japanese_restaurant,restaurant,大森本町2丁目31-14
あきば,2,japanese_restaurant,restaurant,大森本町2丁目32-1
さか井,2,japanese_restaurant,asian_restaurant|restaurant,等々力2丁目18-12
北海,2,restaurant,chinese_restaurant|asian_restaurant,東京都世田谷区尾山台３丁目２２−８
ファーイーストバザール 東急二子玉川店,2,restaurant,,玉川2丁目21-1 二子玉川ライズ B1F
ゆうき,2,japanese_restaurant,sushi_restaurant|asian_restaurant,玉川3丁目12-3
おもてなしとりよし,2,restaurant,japanese_restaurant|sushi_restaurant,世田谷区玉川2-24-7
日の出屋,2,japanese_restaurant,restaurant|asian_restaurant,東京都世田谷区玉川３丁目１５−１４
はなむら,2,japanese_restaurant,restaurant,新町2丁目36-3
花,2,restaurant,bar,新町3丁目1-32
川信,2,japanese_restaurant,restaurant,桜新町2丁目8-4
たつみや,2,food_truck_stand,,下高井戸商店街日大通り松沢小学校角
くぼた,2,japanese_restaurant,restaurant,駒沢4丁目19-13
ルミアージュ,2,restaurant,bar|cafe,駒沢4丁目18-17
ふじい,2,bar,restaurant|japanese_restaurant,駒沢4丁目14-10
泉竹,2,japanese_restaurant,restaurant|diner,瀬田3丁目6-8
樹,2,japanese_restaurant,restaurant|asian_restaurant,東京都世田谷区中町４丁目３１−１４
さくら庵,2,japanese_restaurant,restaurant|asian_restaurant,東京都世田谷区上野毛３丁目２−１５
あすなろ,2,japanese_restaurant,restaurant,等々力4丁目13-22
By The Way,2,restaurant,japanese_restaurant,"Jiyugaoka, 1 Chome−26−20 笹川ビル 201"
かのや,2,japanese_restaurant,sushi_restaurant,1 Chome-25-21 Jiyugaoka
月うさぎ,2,japanese_restaurant,cafe|restaurant,自由が丘1丁目24-6
よかろうもん,2,japanese_restaurant,restaurant|asian_restaurant,自由が丘1丁目3-2
酉の市,2,restaurant,barbecue_restaurant|flea_market,駒沢2丁目2-18
Suiren,2,japanese_restaurant,bar|restaurant,"Kamiuma, 4 Chome−7−9 クレールメゾン"
目黒ひいらぎ,2,japanese_restaurant,smoothie_juice_bar|asian_restaurant,東京都目黒区鷹番３丁目１８−３
こむぎ,2,japanese_restaurant,restaurant|barbecue_restaurant,鷹番2丁目5-2
宮川,2,japanese_restaurant,restaurant|asian_restaurant,鷹番1丁目14-2
福徳,2,restaurant,japanese_restaurant,鷹番3丁目8-4
かまくら,2,japanese_restaurant,barbecue_restaurant|restaurant,鷹番2丁目21-17
武蔵野,2,japanese_restaurant,restaurant,中町1丁目40-6
御門屋,2,japanese_restaurant,,中町1-26-5
玉川屋,2,japanese_restaurant,grocery_store|restaurant,目黒2-10-14
オズ,2,bar,burger_restaurant|karaoke,下目黒2-20-20 B1
らんまる,2,japanese_restaurant,noodles_restaurant|restaurant,下目黒3丁目16-2
きりきり舞,2,restaurant,,小山台1丁目33-11
おさむ,2,japanese_restaurant,asian_restaurant,1 Chome-23-6 Koyamadai
Browny,2,bar,restaurant,荏原3丁目6-17
ばっちこい,2,pub,bar|restaurant,小山4丁目14-23
サファリ,2,japanese_restaurant,,東京都品川区小山４丁目９−１８
Tsukushi,2,bar,,小山4-1-17
うえ村,2,japanese_restaurant,restaurant|asian_restaurant,小山3丁目5-19
穂のか,2,japanese_restaurant,asian_restaurant|restaurant,小山3丁目5-20
どまん中,2,bar,,小山6丁目1-4 エリア: 不動前 武蔵小山
百々亭,2,japanese_restaurant,restaurant|sushi_restaurant,西中延2丁目15-19
まるやま,2,japanese_restaurant,restaurant,旗の台2丁目7-8
周,2,restaurant,japanese_restaurant|chicken_restaurant,2 Chome-4-21 Hatanodai
吾妻,2,japanese_restaurant,restaurant|asian_restaurant,旗の台5丁目13-10
川治,2,japanese_restaurant,asian_restaurant|restaurant,2 Chome-50-17 Kitamagome
美松,2,japanese_restaurant,sushi_restaurant|restaurant,2 Chome-47-11 Kitamagome
天野屋,2,japanese_restaurant,restaurant,北馬込2丁目29-15
角金,2,japanese_restaurant,bar|restaurant,自由が丘1丁目12-1
海山,2,japanese_restaurant,,自由が丘2丁目11-6
梢,2,bar,dance_club|restaurant,1 Chome-31-10 Jiyugaoka
さとう,2,japanese_restaurant,,奥沢6-4-8
汀,2,restaurant,bar|japanese_restaurant,2 Chome-11-3 Higashiyukigaya
柳ばし,2,japanese_restaurant,restaurant,東京都大田区雪谷大塚町７−１３
しぶや,2,japanese_restaurant,restaurant|bar,南雪谷2丁目11-24
とんぼ,2,japanese_restaurant,,田園調布本町33-11
海老民,2,japanese_restaurant,restaurant,北嶺町34-6
いし川,2,japanese_restaurant,bar|restaurant,仲池上1丁目16-9
Gravy,2,restaurant,japanese_restaurant|gastropub,"Wakabayashi, 3 Chome−16−1 フジビル 1F-B"
Toraya,2,japanese_restaurant,restaurant,4 Chome-6-1 Setagaya
福わらい,2,bar,japanese_restaurant|restaurant,経堂1丁目11-13
万来,2,japanese_restaurant,asian_restaurant|restaurant,1 Chome-8-5 Sakuragaoka
おがわ屋,2,japanese_restaurant,grocery_store|food_beverage_service_distribution,若林3丁目17-10
しゅう,2,japanese_restaurant,sushi_restaurant|restaurant,4 Chome-29-2 Taishido
伊万里,2,japanese_restaurant,restaurant|asian_restaurant,5 Chome-16-11 Taishido
くっぴん,2,japanese_restaurant,bar,北沢2-37-18
夢吟坊,2,japanese_restaurant,restaurant|diner,池尻3丁目30-2
肉幸,2,restaurant,, 東京都渋谷区広尾5丁目19-2
ハーベスト,2,bar,karaoke|music_production,東京都渋谷区代官山町13-4セレサ代官山B1B
なかふく,2,japanese_restaurant,,恵比寿西2-17-22
ふくみ,2,japanese_restaurant,restaurant|bar,東3丁目25-3
翁,2,japanese_restaurant,,恵比寿西1丁目3-10
つなぎ,2,japanese_restaurant,asian_restaurant,恵比寿1丁目4-1
ももたろう,2,japanese_restaurant,restaurant,恵比寿西1丁目8-8
あまり亭,2,bar,,代官山町7-5 Le Cube代官山 std. 2F
ぽん太,2,japanese_restaurant,restaurant|asian_restaurant,1 Chome-34-15 Ebisunishi
えびす亭,2,japanese_restaurant,restaurant,1 Chome-9-6 Ebisunishi
蜂の家,2,japanese_restaurant,,恵比寿南1-5-5
PUKU PUKU,2,fast_food_restaurant,japanese_restaurant|cafe,東京都渋谷区恵比寿南１丁目４−３
花旬庵,2,japanese_restaurant,restaurant|diner,恵比寿2丁目34-10
吉住,2,japanese_restaurant,,恵比寿西1丁目20-6
ここら屋中目黒店,2,japanese_restaurant,asian_restaurant|restaurant,上目黒1丁目20-2
青葉家,2,japanese_restaurant,asian_restaurant|restaurant,内幸町1丁目7-24
赤丸,2,restaurant,japanese_restaurant,
喜道庵,2,japanese_restaurant,restaurant,上目黒3丁目7-3
すがわら,2,japanese_restaurant,restaurant|diner,恵比寿南2丁目19-12
なすび亭,2,japanese_restaurant,,恵比寿南2-13-3
田はら,2,japanese_restaurant,bar|restaurant,三軒茶屋1丁目35-28
SAKURA,2,bar,japanese_restaurant|restaurant,三軒茶屋2丁目10-14
英,2,japanese_restaurant,,上馬2丁目27-20
野崎酒店,2,restaurant,liquor_store,下馬1丁目22-13
卯月,2,japanese_restaurant,restaurant,祐天寺2丁目8-13
Locale,2,restaurant,japanese_restaurant|diner,1 Chome-17-22 Meguro
紬,2,japanese_restaurant,,"Minamimagome, 4 Chome−48−48 18Sハウス"
ぐるめ屋桃太郎,2,restaurant,japanese_restaurant|diner,八潮3丁目3-22
是空,2,japanese_restaurant,restaurant,"Omorikita, 1 Chome−23−11 メゾンビラージュ 1階"
栄喜,2,japanese_restaurant,chinese_restaurant,山王4丁目19-4
豊後屋,2,asian_restaurant,restaurant|japanese_restaurant,大森北1丁目34-20
一番,2,japanese_restaurant,restaurant|diner,大森北1丁目35-3
白ひげ,2,japanese_restaurant,barbecue_restaurant|restaurant,大森北1丁目12-7
イーション,2,restaurant,,大森北1-6-16 アトレ大森 1 1F
博多屋,2,japanese_restaurant,restaurant|sushi_restaurant,南大井3丁目29-3
ざくろ,2,bar,japanese_restaurant|restaurant,南大井3丁目30-9
十六夜,2,bar,restaurant,東京都大田区大森北１丁目１２−３
なるほど,2,japanese_restaurant,sake_bar|bar,"Minamioi, 6 Chome−11−10 橋場ビル"
竹むら,2,japanese_restaurant,restaurant|asian_restaurant,大井5丁目12-3
鈴乃家,2,japanese_restaurant,restaurant,東大井1丁目24-13
スプラウト,2,bar,japanese_restaurant|restaurant,二葉2丁目24-8
鉄板焼 さわ,2,japanese_restaurant,,大井3-4-1
ハピネス,2,restaurant,coffee_shop|cafe,大井3丁目4-1
のぼる,2,japanese_restaurant,sake_bar|bar,大井1丁目25-9
水器,2,bar,comfort_food_restaurant|restaurant,上大崎 2-24-19
倉田屋,2,japanese_restaurant,bakery|desserts,豊町6丁目4-1
くらま,2,japanese_restaurant,restaurant|diner,大井1丁目2-1
大島,2,japanese_restaurant,restaurant|asian_restaurant,大井1丁目21-4
田中家,2,bar,japanese_restaurant|restaurant,東大井5丁目4-8
楽々,2,bar,sake_bar|pub,東大井5丁目3-3
Ichiryu,2,japanese_restaurant,asian_restaurant|restaurant,5 Chome-3-9 Higashioi
萬ち亭,2,japanese_restaurant,restaurant|diner,戸越6丁目9-7
かもめ,2,restaurant,sake_bar|bar,大井1丁目1-16
てっぺい,2,japanese_restaurant,restaurant|bar,南品川2丁目7-17
四万十,2,japanese_restaurant,restaurant|sake_bar,南品川2丁目7-17
だるまや,2,japanese_restaurant,restaurant|seafood_restaurant,南品川6丁目11-28
四季膳,2,japanese_restaurant,,戸越2-6-23
稲垣商店,2,restaurant,grocery_store|candy_store,南品川2丁目9-11
TAKA,2,japanese_restaurant,restaurant,2 Chome-25-10 Kitashinagawa
牧野,2,japanese_restaurant,restaurant|asian_restaurant,北品川2丁目19-2
ここから,2,japanese_restaurant,asian_restaurant|restaurant,北品川2丁目2-11
屋台DELi,2,japanese_restaurant,buffet_restaurant,東品川2丁目2-20
楽蔵,2,japanese_restaurant,,大崎1-5-1
遊庵,2,japanese_restaurant,asian_restaurant|restaurant,西五反田7丁目13-11
酔香郎,2,japanese_restaurant,restaurant,5 Chome-12-5 Kitashinagawa
Apollo,2,japanese_restaurant,restaurant|diner,青海1丁目1-10
Green Asia Tokyo,2,japanese_restaurant,asian_restaurant|restaurant,青海1丁目3-15
山猿,2,japanese_restaurant,restaurant|bar,西五反田5丁目12-3
ごんべえ,2,bar,restaurant|japanese_restaurant,5 Chome-1-16 Nishigotanda
もんぱち,2,japanese_restaurant,restaurant|bar,西五反田5丁目1-16
いづみや,2,japanese_restaurant,restaurant|diner,西五反田2丁目18-3
Cherry,2,bar,,"Higashigotanda, 1 Chome−19−10 Koa Building, 1F"
ぼたん,2,japanese_restaurant,asian_restaurant|restaurant,東五反田1丁目24-17
三代目 文治,2,japanese_restaurant,,晴海1-1-10
Sakura,2,japanese_restaurant,restaurant|asian_restaurant,1 Chome-9-1 Daiba
大市,2,bar,japanese_restaurant|sushi_restaurant,西五反田2丁目10-8
ばん,2,bar,,東五反田1丁目12-9 イルヴァーレ五反田ビル 1F
多吉,2,japanese_restaurant,bar|restaurant,2 Chome-10-8 Nishigotanda
太田屋,2,japanese_restaurant,barbecue_restaurant|restaurant,西五反田4丁目3-5
天空,2,japanese_restaurant,,港南2-5-12
銀座甘楽,2,japanese_restaurant,,高輪3-26-27
包丁や,2,japanese_restaurant,restaurant|asian_restaurant,"Konan, 2 Chome−2−16 ＭＴＦビル"
とんとん,2,japanese_restaurant,bar_and_grill_restaurant|restaurant,港南2丁目2-14
かわせみ,2,japanese_restaurant,eat_and_drink,
田舎,2,restaurant,,上大崎2丁目27-4 
もみじ屋,2,japanese_restaurant,,台場1-6-1
MADOy,2,japanese_restaurant,restaurant|steakhouse,"Takanawa, 3 Chome−10−3 サンクレメンテ高輪 ２F"
カブト,2,japanese_restaurant,barbecue_restaurant|restaurant,上大崎2丁目27-1
飛鳥,2,bar,pub|cocktail_bar,上大崎2丁目27-1
まじま,2,japanese_restaurant,sake_bar|restaurant,"Meguro, 1 Chome−5−19 Ｂ１Ｆ"
ねこや,2,japanese_restaurant,bar|restaurant,目黒1丁目5-16
石川,2,bar,,芝浦4丁目12-44
秀吉,2,japanese_restaurant,sushi_restaurant|asian_restaurant,白金１－１７－２　テラス棟１０７
いち川,2,restaurant,japanese_restaurant|asian_restaurant,東京都港区芝浦３丁目１４−５
わたなべ,2,restaurant,japanese_restaurant,東京都港区白金１丁目２９−９
心米,2,japanese_restaurant,restaurant|diner,白金6丁目18-7
ふるけん,2,japanese_restaurant,sushi_restaurant,"Nishiazabu, 2 Chome−25−12 西麻布エイトビル2F"
晩翠,2,asian_restaurant,eat_and_drink|bar,東京都渋谷区恵比寿３丁目３９−７
小さい田んぼ 櫻咲,2,restaurant,japanese_restaurant|sushi_restaurant,高輪1丁目4-20
あき山,2,japanese_restaurant,restaurant|diner,白金6丁目5-3
ふくろう亭,2,japanese_restaurant,asian_restaurant|restaurant,芝浦2丁目16-8
たくみ,2,japanese_restaurant,asian_restaurant,芝浦2丁目14-15
粋のや,2,japanese_restaurant,,豊洲6-5-1
米花,2,japanese_restaurant,,豊洲6-5-1
米福,2,japanese_restaurant,asian_restaurant|restaurant,東京都渋谷区恵比寿２丁目１３−１０
清月,2,japanese_restaurant,restaurant|asian_restaurant,恵比寿3丁目1-2
風花,2,japanese_restaurant,restaurant|bar,恵比寿1丁目22-10
菊屋,2,japanese_restaurant,,南麻布4-12-20
案山子,2,japanese_restaurant,bar,東京都港区三田５丁目１−７
八重桜,2,japanese_restaurant,restaurant|diner,芝5丁目27-13
滴屋,2,japanese_restaurant,asian_restaurant|restaurant,芝5丁目12-12
蔵,2,japanese_restaurant,asian_restaurant|restaurant,芝5丁目15-4
豆の木,2,bar,restaurant|cafe,久我山2丁目16-25
あつみ,2,japanese_restaurant,restaurant,久我山3丁目20-16
三福,2,japanese_restaurant,diner,久我山2丁目13-7
ちくわ,2,japanese_restaurant,,"Shoan, 3 Chome−38−20 ＫＵＲＡ尾崎"
ランチハウス,2,diner,cafe|japanese_restaurant,西荻南1丁目18-11
ら,2,japanese_restaurant,,成田東5丁目19-5
かーくん,2,japanese_restaurant,,阿佐谷南３丁目３１−２
豊年屋,2,japanese_restaurant,restaurant,東京都杉並区成田東４丁目３７−１０
石丸商店,2,comfort_food_restaurant,,
富士,2,japanese_restaurant,restaurant,梅里2丁目1-21
いな垣,2,restaurant,japanese_restaurant|asian_restaurant,浜田山3丁目28-8
小ばやし,2,japanese_restaurant,noodles_restaurant,和泉3丁目59-20
相州屋,2,japanese_restaurant,restaurant|diner,1 Chome-38-9 Matsubara
丸や,2,japanese_restaurant,bar|sake_bar,松原2丁目27-14
スプーンハウス,2,restaurant,cafe|coffee_shop,東京都世田谷区松原２丁目２９−１８
宿場,2,japanese_restaurant,sake_bar,4 Chome-21-6 Minamikarasuyama
まこつ,2,japanese_restaurant,sake_bar|bar,6 Chome-5-3 Minamikarasuyama
ファミリー,2,japanese_restaurant,sushi_restaurant|restaurant,東京都世田谷区南烏山５丁目１１−７
やぐら,2,japanese_restaurant,pub|bar,上高井戸1丁目1-13
スエヒロ,2,bar,restaurant|asian_restaurant,経堂3丁目2-10
どんど晴,2,restaurant,sake_bar|asian_restaurant,"Sekimachikita, 2 Chome−28−16 小澤ビル"
analog.,2,restaurant,,上石神井1丁目13-7
南部屋,2,japanese_restaurant,sushi_restaurant|bar,上井草2丁目45-6
丸嶋,2,japanese_restaurant,restaurant|asian_restaurant,下石神井2丁目36-4
まつ,2,japanese_restaurant,seafood_restaurant|restaurant,東京都練馬区上石神井４丁目１−８
たぬき 練馬店,2,bar,,東京都練馬区貫井５丁目１７−２２
末広庵,2,japanese_restaurant,sushi_restaurant|restaurant,東京都練馬区中村北３丁目１９−８
千曲,2,japanese_restaurant,restaurant|asian_restaurant,豊玉北5丁目32
豆寅,2,japanese_restaurant,sushi_restaurant,東大泉4-3-6
五鉄,2,japanese_restaurant,barbecue_restaurant|asian_restaurant,西荻北3丁目14-4
ちろり,2,japanese_restaurant,,西荻南3-12-1
タルタルーガ,2,bar,lounge,"Nishiogiminami, 3 Chome−11−5 柳小路の西奥側( 韓国料理 トヤジ 前"
じゃじゃ馬,2,restaurant,barbecue_restaurant,3 Chome-9-5 Nishiogiminami
はつね,2,japanese_restaurant,noodles_restaurant|restaurant,西荻南3丁目11-9
Ogasawara Restaurant,2,restaurant,italian_restaurant,
源氏,2,japanese_restaurant,restaurant|asian_restaurant,荻窪5丁目23-8
味里,2,japanese_restaurant,restaurant|bar,荻窪4丁目31-3
かみや,2,japanese_restaurant,sake_bar|restaurant,東京都杉並区荻窪５丁目２６−８
ZERO,2,japanese_restaurant,restaurant,荻窪4丁目33-4
でんでん串,2,japanese_restaurant,,阿佐谷南3-37-5
米久,2,japanese_restaurant,restaurant|bar,2 Chome-11-17 Asagayakita
阿づ満や,2,japanese_restaurant,asian_restaurant|restaurant,2 Chome-1-8 Asagayakita
えん家,2,japanese_restaurant,restaurant,阿佐谷北2丁目2-10
二葉,2,japanese_restaurant,noodles_restaurant|restaurant,上荻1丁目16-14
あぶさん,2,japanese_restaurant,seafood_restaurant|restaurant,高円寺北2丁目38-15
花むら,2,japanese_restaurant,restaurant,高円寺北2丁目20-4
醍醐,2,japanese_restaurant,italian_restaurant|restaurant,高円寺北3丁目24-10
わらじや,2,japanese_restaurant,,"Koenjikita, 3 Chome−24−8 みすずビル 地下1階"
さくら井,2,japanese_restaurant,,
時代屋,2,bar,asian_restaurant|restaurant,高円寺南3-44-16-2F
タブチ,2,japanese_restaurant,restaurant|asian_restaurant,東京都杉並区高円寺南３丁目６７−１
とん福や,2,restaurant,japanese_restaurant|chinese_restaurant,東京都板橋区成増３丁目４７−１
チャイム,2,diner,japanese_restaurant|restaurant,成増2丁目12-6
喜はら,2,japanese_restaurant,,東京都練馬区北町３丁目２０−１
よしだ,2,restaurant,japanese_restaurant|asian_restaurant,東京都練馬区田柄１丁目４−２４
桔梗家,2,japanese_restaurant,restaurant|asian_restaurant,田柄5丁目27-25
柚庵,2,japanese_restaurant,,成増1丁目18-17
La むめい狼,2,japanese_restaurant,restaurant|bar,成増1丁目14-9
武蔵家,2,japanese_restaurant,bar,成増2丁目17-21
やまだや,2,japanese_restaurant,restaurant|asian_restaurant,成増2丁目19-3
上むら,2,japanese_restaurant,restaurant,大泉学園町5丁目32-26
ごっつい大泉,2,japanese_restaurant,restaurant,東大泉1丁目20-35
六文銭,2,bar,wine_bar|japanese_restaurant,東京都練馬区東大泉４丁目１−５
とんぼ亭,2,bar,japanese_restaurant|restaurant,東大泉5丁目36-12
家路,2,bar,japanese_restaurant|eat_and_drink,石神井町2丁目9-10
末廣,2,restaurant,,富士見台4丁目44-13
富田屋,2,restaurant,noodles_restaurant,太子堂5丁目31-15
柳,2,japanese_restaurant,bar|sushi_restaurant,池尻4丁目39-3
えびすや,2,japanese_restaurant,restaurant,駒場1丁目44-13
ムーナ,2,restaurant,japanese_restaurant|diner,北沢2丁目12-13
伽羅,2,japanese_restaurant,restaurant|cafe,代沢5丁目29-17
Akira,2,japanese_restaurant,bar|restaurant,"Daizawa, 2 Chome−29−4 ＡＮビル"
みんなん家,2,japanese_restaurant,restaurant,北沢2丁目2-14
となりのキッチン 市原亭,2,restaurant,,大原2-24-22
北輝,2,japanese_restaurant,sushi_restaurant|bar,新橋3-10-6
SUGAR,2,bar,restaurant,"北沢2丁目33-8, 第二片柳ビル1F"
Share,2,bar,,北沢2丁目34-11
ちちんぷいぷい,2,japanese_restaurant,,北沢2丁目33-12
まんぼう,2,japanese_restaurant,bar|restaurant,富ヶ谷2-19-8　松涛マンション602
Sta.,2,restaurant,,11-7 円山町
ぐりどっちん,2,japanese_restaurant,restaurant|diner,道玄坂2丁目25-10
Fiore,2,buffet_restaurant,,宇田川町33-1
梵,2,japanese_restaurant,bar|restaurant,"Udagawacho, 31−9 花 亭 ビル 5F"
くし家串猿,2,japanese_restaurant,,宇田川町37-10
Cucina,2,restaurant,clothing_store|womens_clothing_store,1 Chome-12-7 Tomigaya
CIMI restorant,2,restaurant,,代々木3-9-5
瑞穂,2,japanese_restaurant,restaurant|grocery_store,東京都渋谷区神宮前６丁目８−７
湖月,2,japanese_restaurant,restaurant,5 Chome-50-10 Jingumae
吉法師,2,restaurant,japanese_restaurant,東京都渋谷区神南１丁目１１−５
会津,2,japanese_restaurant,restaurant,渋谷1丁目25-9
紫水,2,japanese_restaurant,restaurant|bar,1 Chome-25-9 Shibuya
旬彩,2,japanese_restaurant,,道玄坂1-12-2
御八,2,japanese_restaurant,,道玄坂2-8-7
若狭,2,japanese_restaurant,restaurant|accommodation,渋谷2丁目7-4
海月,2,japanese_restaurant,asian_restaurant|restaurant,"Shibuya, 2 Chome−2−4 ２０４"
みなみ,2,asian_restaurant,japanese_restaurant|restaurant,東京都渋谷区桜丘町１６−８
きくや,2,japanese_restaurant,bar|restaurant,渋谷2丁目22-7
山形,2,japanese_restaurant,restaurant|asian_restaurant,1 Chome-11-4 Dogenzaka
神楽屋,2,bar,restaurant|sake_bar,道玄坂1丁目5-9
花菱,2,japanese_restaurant,asian_restaurant|restaurant,道玄坂2丁目16-7
かねこ,2,japanese_restaurant,,駒場1-5-11
ひまわり亭,2,japanese_restaurant,restaurant|diner,鉢山町2丁目1-101
鳥海山,2,bar,japanese_restaurant|restaurant,東山3丁目1-11
そてつ,2,japanese_restaurant,bar|restaurant,"Ikejiri, 3 Chome−2−3 サンケイグランドハイツ"
かっぽれ,2,bar,pub|lounge,鴬谷町19-19
福,2,japanese_restaurant,sushi_restaurant|restaurant,上原1丁目17-14
ミヤザキ商店,2,japanese_restaurant,eat_and_drink|bar,西原2丁目28-4
はじめ,2,japanese_restaurant,cafe,2 Chome-5-8 Hatagaya
みなと屋,2,japanese_restaurant,restaurant,笹塚2丁目41-20
秀ちゃん,2,japanese_restaurant,restaurant,笹塚2丁目11-8
ふくや,2,restaurant,japanese_restaurant|asian_restaurant,東京都杉並区和泉１丁目３４−２３
みや田,2,japanese_restaurant,restaurant,4 Chome-50-12 Izumi
凪,2,japanese_restaurant,restaurant|seafood_restaurant,2 Chome-52-8 Yayoicho
きかん坊,2,bar,sake_bar|cafe,本町3丁目3-4
つた,2,japanese_restaurant,asian_restaurant|restaurant,本町2丁目28-1
えびす,2,japanese_restaurant,asian_restaurant|restaurant,本町2丁目14-2
慎,2,japanese_restaurant,restaurant,代々木2丁目20-16
金ちゃん,2,japanese_restaurant,restaurant,西新宿3丁目15-8
ままや,2,japanese_restaurant,asian_restaurant|restaurant,西新宿3丁目13-8
花あかり,2,japanese_restaurant,spas,5 Chome-21-5 Nishishinjuku
八吉,2,food_and_drink,japanese_restaurant|bar,
でめ金,2,japanese_restaurant,restaurant,西新宿1丁目15-9
歓粋亭,2,bar,social_service_organizations|japanese_restaurant,代々木2丁目2-1
ふきぬき,2,restaurant,japanese_restaurant|diner,千駄ヶ谷5丁目24-2
響,2,bar,japanese_restaurant|restaurant,代々木2丁目2-1
輔星,2,japanese_restaurant,sushi_restaurant|asian_restaurant,東京都 新宿区 西新宿 7-5-5 プラザ西新宿 204
一歩,2,japanese_restaurant,restaurant|diner,西新宿1丁目5-1
藤の家,2,japanese_restaurant,restaurant|chicken_restaurant,1 Chome-2-14 Nishishinjuku
こまつ,2,japanese_restaurant,asian_restaurant|restaurant,新宿3丁目22-14
Mihachi,2,japanese_restaurant,restaurant|diner,"Shinjuku, 3 Chome−27−1 新宿第一ビル 地下１階"
黒潮,2,bar,restaurant|asian_restaurant,新宿3丁目3-2
Nagomi,2,bar,,"Shinjuku, 3 Chome−7−9 新宿第６ビル B1 新宿土地建物"
城,2,japanese_restaurant,restaurant,新宿3丁目8-5
ジョーカー,2,bar,coffee_shop|restaurant,新宿 3丁目8-2
月とダチョウ,2,bar,restaurant|asian_restaurant,"Shinjuku, 2 Chome−14−10 第二篠原ビル ３階"
みかづき,2,bar,,2 Chome-15-13 Shinjuku
傳,2,bar,,新宿2-15-13
明石,2,japanese_restaurant,seafood_restaurant|restaurant,東京都新宿区新宿３丁目９−４
マルゴ,2,bar,japanese_restaurant|restaurant,新宿3丁目7-5
いっぷく,2,japanese_restaurant,asian_restaurant|restaurant,新宿3丁目11-6
藤丸,2,japanese_restaurant,sushi_restaurant|restaurant,新宿5丁目11-29
やなぎだ,2,restaurant,fishmonger|delicatessen,新宿1丁目18-12
萬月,2,bar,,新宿1丁目17-1
串亭,2,japanese_restaurant,,代々木1-53-4
いわて屋,2,japanese_restaurant,,千駄ケ谷３丁目１６−１７
ふじもと,2,japanese_restaurant,restaurant|asian_restaurant,千駄ヶ谷3丁目15-12
Copain,2,bar,bar_and_grill_restaurant,代々木1－10－8－１F
赤垣,2,japanese_restaurant,restaurant,初台1丁目38-11
桔梗,2,japanese_restaurant,restaurant,本町1丁目10-1
塩梅,2,restaurant,diner,富ヶ谷1丁目3-6
一新,2,japanese_restaurant,asian_restaurant|restaurant,元代々木町10-3
ひさご,2,japanese_restaurant,,神宮前1-13-14
Usagi,2,japanese_restaurant,asian_restaurant|restaurant,1 Chome-22-1 Jingumae
松よし,2,japanese_restaurant,asian_restaurant,神宮前3丁目25-7
Kamado,2,japanese_restaurant,restaurant|diner,"Jingumae, 2 Chome−9−11 シオバラ外苑ビル シオバラ外苑ビル B1F"
久太郎,2,japanese_restaurant,restaurant|diner,元麻布3丁目10-12
すべからく,2,japanese_restaurant,restaurant|diner,"Azabujuban, 1 Chome−6−9 ARUGA22ビル １F"
能代,2,japanese_restaurant,asian_restaurant|restaurant,西麻布4丁目11-28
Unlimited,2,bar,restaurant,西麻布1-4-33
藍,2,japanese_restaurant,asian_restaurant|restaurant,4 Chome-4-3 Roppongi
えにし,2,japanese_restaurant,restaurant|barbecue_restaurant,六本木4丁目5-3
でん六,2,japanese_restaurant,restaurant|asian_restaurant,六本木3丁目9-4
わかば,2,japanese_restaurant,restaurant|asian_restaurant,六本木3丁目9-3
海里,2,japanese_restaurant,restaurant|asian_restaurant,7 Chome-13-9 Roppongi
オレンジ,2,bar,cocktail_bar|pub,西麻布1丁目5-16
Cross Tokyo,2,restaurant,japanese_restaurant|asian_fusion_restaurant,六本木5丁目10-25
串真,2,japanese_restaurant,restaurant,麻布台3丁目4-14
555,2,bar,cafe|hot_dog_restaurant,外神田3-1-3
しち十二候,2,japanese_restaurant,asian_restaurant|restaurant,六本木3丁目3-29
おかもと,2,japanese_restaurant,sushi_restaurant|asian_restaurant,虎ノ門5丁目2-8
Aqua,2,bar,restaurant,"Shinbashi, 4 Chome−6−6 米山ビル 4F"
ふるはうす,2,diner,coffee_shop|restaurant,新橋5丁目4-1
ての字,2,japanese_restaurant,bar|eat_and_drink,西新橋3丁目19-12
こんぴらさん,2,japanese_restaurant,,東京都港区新橋６丁目２２−８
むさしや,2,japanese_restaurant,restaurant|diner,芝大門1丁目11-3
やまかわ,2,japanese_restaurant,asian_restaurant|restaurant,浜松町2丁目1-11
あそこ,2,japanese_restaurant,restaurant,三田1丁目10-5
BUZEN,2,japanese_restaurant,restaurant,麻布十番3丁目7-3
マスターシェフキッチン,2,restaurant,diner,芝2丁目2-12
なか川,2,japanese_restaurant,restaurant|sushi_restaurant,芝2丁目27-15
さくらさくら,2,japanese_restaurant,restaurant|asian_restaurant,南青山2丁目13-5
WASABI,2,japanese_restaurant,,南青山2-12-16
しゅん,2,bar,restaurant|asian_restaurant,赤坂7丁目9-16
まき田,2,japanese_restaurant,restaurant|asian_restaurant,元赤坂1丁目5-31
はらまさ,2,japanese_restaurant,restaurant,四谷4-8
かなえ,2,comfort_food_restaurant,japanese_restaurant,"Arakicho, 7−1 野崎ビル １０３"
花いち,2,japanese_restaurant,restaurant,"Yotsuya, 3 Chome−６"
はしもと,2,japanese_restaurant,restaurant|asian_restaurant,舟町3
陽だまり,2,japanese_restaurant,restaurant|coffee_shop,"Yotsuya Saneicho, 1−1 １F"
むつみ,2,japanese_restaurant,asian_restaurant|restaurant,坂町21
蔵や,2,japanese_restaurant,restaurant|bar,"Yotsuya, 1 Chome−４−2 綿半野原ビル １F"
藍泉,2,japanese_restaurant,restaurant|diner,紀尾井町4-1
こうしんほう,2,japanese_restaurant,asian_restaurant|restaurant,平河町1丁目3-12
玄庵,2,japanese_restaurant,,平河町1-8-8
暖,2,japanese_restaurant,seafood_restaurant|bar,東京都千代田区平河町１丁目３−２
満寿家,2,japanese_restaurant,sushi_restaurant,神田鍛冶町3-3
Bane BAGUS,2,bar,,赤坂3-10-4
まえ田,2,japanese_restaurant,seafood_restaurant|sushi_restaurant,"Akasaka, 3 Chome−15−9 Acrビル"
きなせや,2,japanese_restaurant,noodles_restaurant|restaurant,"Akasaka, 5 Chome−1−4 AKASAKA ISOMURA BLDG., B1"
ぼん,2,bar,sake_bar,赤坂4丁目3-5
燻,2,japanese_restaurant,restaurant|eat_and_drink,赤坂2丁目16-19
うちだ,2,japanese_restaurant,,赤坂3丁目12-7 花岡ビル3F
海舟,2,japanese_restaurant,sushi_restaurant|restaurant,赤坂6丁目6-5
しながわ,2,restaurant,bar|cocktail_bar,6 Chome-6-3-1 Akasaka
おかげ,2,japanese_restaurant,asian_restaurant|restaurant,赤坂2丁目19-5
さくらさく,2,japanese_restaurant,bar|restaurant,虎ノ門1丁目12-14
瀬佐味亭,2,japanese_restaurant,restaurant,西新橋1丁目9-1
縁楽,2,japanese_restaurant,asian_restaurant|restaurant,西新橋1丁目8-7
牧,2,japanese_restaurant,restaurant|asian_restaurant,"Shinbashi, 3 Chome−2−3 千代川ビル 1F"
Kazu,2,restaurant,asian_restaurant|japanese_restaurant,"Shinbashi, 3 Chome−11−1 イーグル烏森ビル ２階"
くらくら,2,japanese_restaurant,restaurant,中央4丁目26-9
南ばん亭,2,japanese_restaurant,asian_restaurant|chinese_restaurant,本町3丁目32-23
ペンギン村,2,japanese_restaurant,restaurant|diner,中野5丁目49-10
篝,2,japanese_restaurant,restaurant|sushi_restaurant,中野5丁目52-15
海神,2,bar,restaurant|japanese_restaurant,中野5丁目55-1
もん,2,japanese_restaurant,,中野5丁目32-9
中野屋,2,restaurant,japanese_restaurant,中野2丁目25-6
すず木,2,japanese_restaurant,asian_restaurant|restaurant,中野2丁目28-1
たま川,2,japanese_restaurant,restaurant|asian_restaurant,東京都中野区新井１丁目２３−１０
でくのぼう,2,japanese_restaurant,bar|french_restaurant,上高田5丁目43-3
一番星,2,food_and_drink,,東京都新宿区西落合１丁目１３−１
ぽんた,2,japanese_restaurant,asian_restaurant|sake_bar,南長崎2丁目2-7
なみ木,2,japanese_restaurant,asian_restaurant,長崎1丁目3-11
正ちゃん,2,bar,restaurant|japanese_restaurant,長崎1丁目3-7
一期一会,2,bar,restaurant|japanese_restaurant,南池袋１－２６－２
力,2,restaurant,barbecue_restaurant,高田馬場3丁目35-14
まんぷく亭,2,japanese_restaurant,restaurant|bar,高田馬場2丁目18-11
J.J.ぽっち,2,japanese_restaurant,restaurant|diner,高田3丁目11-18
柳屋,2,japanese_restaurant,,中央1-32-6
若葉,2,japanese_restaurant,korean_restaurant|barbecue_restaurant,北新宿2丁目2-5
匠,2,japanese_restaurant,sushi_restaurant,西新宿7丁目16-15
かわうち,2,restaurant,bar|pub,北新宿3丁目1-3
RoyalMelt,2,bar,dance_club,東京都新宿区歌舞伎町２丁目４６−７
お多福,2,japanese_restaurant,,歌舞伎町2-21-5
OVERTURE,2,lounge,,歌舞伎町1-29-1
おうち,2,japanese_restaurant,bar,"Kabukicho, 1 Chome−23−14 第1メトロビル ３F"
ドンファン,2,bar,dance_club|spas,歌舞伎町1丁目15-10
遊,2,japanese_restaurant,restaurant|asian_restaurant,歌舞伎町1丁目1-6
キャロット,2,bar,,歌舞伎町1-1-6
ラッキー,2,bar,,"Kabukicho, 1 Chome−1−8 明るい花園 3番街"
待夢,2,bar,cafe|restaurant,歌舞伎町1丁目1-6
Azito,2,bar,pub|restaurant,東京都新宿区歌舞伎町１丁目１−６
おかん,2,japanese_restaurant,restaurant,歌舞伎町2丁目10-6
鉄蔵,2,japanese_restaurant,restaurant,東京都新宿区歌舞伎町１丁目２−１９
琥珀,2,bar,sake_bar|cafe,歌舞伎町1丁目1-6
山吹,2,bar,pub|park,練馬1丁目18-18
一会,2,japanese_restaurant,sushi_restaurant,練馬1丁目1-8
美可和屋,2,japanese_restaurant,restaurant|asian_restaurant,豊玉中2丁目7-6
希望の星,2,bar,pub|sake_bar,東京都練馬区練馬２丁目１−１０
あだちや,2,restaurant,japanese_restaurant|sushi_restaurant,徳丸
菜々,2,bar,restaurant|japanese_restaurant,早宮1丁目1-2
栄屋,2,japanese_restaurant,restaurant|asian_restaurant,栄町30-1
甲子,2,restaurant,japanese_restaurant|eat_and_drink,栄町6-10
夢家族,2,japanese_restaurant,restaurant|bar,上板橋3丁目2-1
おかだ,2,restaurant,japanese_restaurant,高島平9丁目6-7
よし邑,2,restaurant,chinese_restaurant,蓮根2丁目31-27
喜仙,2,japanese_restaurant,restaurant|asian_restaurant,志村1丁目14-2
おばこ,2,bar,restaurant|asian_restaurant,志村3丁目7-12
龍神,2,japanese_restaurant,chinese_restaurant|asian_restaurant,東京都板橋区南常盤台１丁目２７−４
大野屋,2,japanese_restaurant,sushi_restaurant|bar,南長崎5丁目25-14
一久,2,japanese_restaurant,asian_restaurant|restaurant,高松3丁目5-17
ひだまり,2,japanese_restaurant,barbecue_restaurant|restaurant,大山町24-16
寿々喜,2,japanese_restaurant,restaurant|asian_restaurant,志村1丁目8-3
山喜多,2,restaurant,bar|japanese_restaurant,中板橋15-5
蔦や,2,bar,pizza_restaurant,大山町10-8
銀扇,2,japanese_restaurant,,大山町6-9
雨ニモマケズ,2,japanese_restaurant,restaurant|diner,池袋2丁目31-12
くらち,2,japanese_restaurant,restaurant|asian_restaurant,余丁町8-4
蕾,2,japanese_restaurant,,若松町32-4
長浜や,2,japanese_restaurant,bar,早稲田町74 早稲田駅前ビル
奏す庵,2,japanese_restaurant,restaurant,東京都中央区日本橋室町2-1-1日本橋三井タワーB1
田川,2,japanese_restaurant,asian_restaurant,西早稲田3丁目13-9
鉄板焼さくら,2,japanese_restaurant,asian_restaurant|restaurant,西早稲田3丁目29-7
いこい,2,japanese_restaurant,barbecue_restaurant|sake_bar,高田馬場2丁目1-5
いとう,2,japanese_restaurant,bar|restaurant,高田2丁目18-24
すみれ,2,japanese_restaurant,eat_and_drink,目白3丁目14-6
伊勢ろく,2,japanese_restaurant,restaurant,"Higashiikebukuro, 3 Chome−1, サンシャインシティ 専門店街アルパ 3F"
バンビ,2,japanese_restaurant,restaurant,東池袋3-1
Ducky Duck,2,japanese_restaurant,restaurant|diner,"Higashiikebukuro, 3 Chome−1−2 サンシャインアルパ 3F"
野田屋,2,japanese_restaurant,asian_restaurant|grocery_store,東池袋1丁目3-7
あさひ,2,japanese_restaurant,restaurant,東池袋5丁目12-6
さくら屋,2,japanese_restaurant,restaurant|diner,南大塚2丁目11-10
亀屋,2,japanese_restaurant,restaurant|asian_restaurant,小石川4丁目5-11
鳥秀,2,japanese_restaurant,restaurant|asian_restaurant,東京都文京区小石川１丁目１３−１２
ゑちごや,2,japanese_restaurant,eat_and_drink,東京都文京区本郷４丁目２８−９
大木屋,2,japanese_restaurant,,後楽1-3-61
マルナカ,2,japanese_restaurant,restaurant,新小川町8-4
ゆかり,2,japanese_restaurant,,若宮町11-2
三幸,2,japanese_restaurant,restaurant,若宮町6
八起庵,2,japanese_restaurant,,神楽坂5-1-2
牧の家,2,japanese_restaurant,asian_restaurant|restaurant,富士見2丁目1-11
小泉,2,japanese_restaurant,,東京都千代田区富士見２丁目３−１０
近ちゃん,2,japanese_restaurant,restaurant,4 Chome-5-4 Iidabashi
やまがた,2,japanese_restaurant,,飯田橋1-7-11
品川甚作本店,2,japanese_restaurant,restaurant|asian_restaurant,神田三崎町2丁目21-10
まめや,2,bar,restaurant|asian_restaurant,西神田2丁目3-4
栄家,2,japanese_restaurant,restaurant|asian_restaurant,"Kanda Jinbocho, 2 Chome−6−3 早川･青砥ビル"
Akiyoshi,2,japanese_restaurant,restaurant|asian_restaurant,"Nishiikebukuro, 3 Chome−30−4 Ｋ＆Ｈビル １Ｆ"
佐藤商店,2,restaurant,bar|sake_bar,東京都豊島区西池袋３丁目２９−９
みつ,2,japanese_restaurant,restaurant|asian_restaurant,池袋2丁目46-2
葡萄屋,2,bar,restaurant|pub,西池袋4丁目32-2
Hana,2,bar,karaoke|korean_restaurant,2 Chome-48-2 Ikebukuro
破天荒,2,japanese_restaurant,noodles_restaurant|restaurant,東京都板橋区板橋１丁目４１−１０
むさし野,2,japanese_restaurant,restaurant|diner,東池袋3丁目1-5
わ蔵,2,japanese_restaurant,restaurant,板橋1丁目48-11
アン,2,japanese_restaurant,restaurant,滝野川7丁目2-16
澤,2,bar,japanese_restaurant,南大塚3丁目20-2
壱縁,2,japanese_restaurant,restaurant|diner,南大塚3丁目38-13
みまつ,2,japanese_restaurant,,南大塚3丁目33-6 ホテルベルクラシック東京 B1F
あらまさ,2,bar,japanese_restaurant|restaurant,南大塚1丁目60-20
ひさご亭,2,restaurant,japanese_restaurant,西巣鴨2丁目33-11
さくま,2,japanese_restaurant,sushi_restaurant|restaurant,東十条1丁目21-3
日本一,2,japanese_restaurant,,北区赤羽西1-7-1
うずまき,2,japanese_restaurant,noodles_restaurant,赤羽1丁目2-5
百万石,2,japanese_restaurant,restaurant,赤羽1丁目2-5
やきや,2,japanese_restaurant,restaurant|diner,赤羽1丁目17-8
太助,2,japanese_restaurant,restaurant|asian_restaurant,赤羽1丁目44-3
明石屋,2,japanese_restaurant,liquor_store|restaurant,赤羽2丁目43-7
暖母,2,restaurant,bar|cafe,赤羽1丁目30-1
とんや,2,japanese_restaurant,restaurant,赤羽南1丁目8-7
りんりん,2,japanese_restaurant,restaurant,赤羽2丁目12-4
鳴子庵,2,restaurant,japanese_restaurant|asian_restaurant,東京都北区赤羽台４丁目１１−８
よし乃,2,japanese_restaurant,,王子1-5-1
慶,2,bar,japanese_restaurant|sushi_restaurant,巣鴨4丁目16-8
南大塚でんや御馳走,2,bar,,
大橋屋,2,japanese_restaurant,restaurant,巣鴨3丁目34-3
金泉,2,asian_restaurant,japanese_restaurant,赤羽2-20-1
ます田,2,japanese_restaurant,,駒込2丁目9-11
美好,2,japanese_restaurant,restaurant|asian_restaurant,豊島3丁目19-14
一富士,2,japanese_restaurant,bar,豊島6-4-16
しま田,2,japanese_restaurant,restaurant|asian_restaurant,中里1丁目4-6
なんどき屋,2,japanese_restaurant,bar|sushi_restaurant,銀座8-5 銀座ナイン1号館 1F
マンダリン,2,bar,lounge|cocktail_bar,"Shinbashi, 3 Chome−23−7 4F"
三政,2,japanese_restaurant,restaurant,"Shinbashi, 3 Chome−19−6 新陽ビルディング"
結,2,japanese_restaurant,restaurant|diner,"Shinbashi, 3 Chome−18−4 庄司ビル 2F"
ほさか,2,japanese_restaurant,restaurant|bar,新橋2丁目15-5
龍,2,japanese_restaurant,bar,"Shinbashi, 1 Chome−17−8 TKK新橋ビル 1F"
京矢,2,japanese_restaurant,sake_bar|restaurant,"Shinbashi, 1 Chome−5−5 グランベル銀座 Ⅱ２階"
白樺,2,restaurant,diner,"Ginza, 7 Chome−2−16 THE CITY銀座 6階"
吉平,2,japanese_restaurant,steakhouse|restaurant,銀座7丁目2-8
輝咲,2,japanese_restaurant,restaurant|asian_restaurant,有楽町1丁目2-9
つるとかめ,2,japanese_restaurant,bar,
丸の内ディンドン,2,bar,japanese_restaurant|diner,丸の内3丁目3-1
旬,2,japanese_restaurant,asian_restaurant|restaurant,丸の内2丁目7-3
菊亭,2,japanese_restaurant,restaurant,丸の内2丁目7-3
おそめ,2,japanese_restaurant,sushi_restaurant|restaurant,有楽町2丁目10-1
ノア,2,japanese_restaurant,restaurant|diner,銀座西2-2
いわさき,2,japanese_restaurant,restaurant|diner,有楽町1丁目6-9
八起,2,japanese_restaurant,restaurant|diner,有楽町2丁目1-21
むとう,2,japanese_restaurant,sushi_restaurant|bar,銀座6丁目4-16
風子,2,pub,bar|restaurant,銀座6丁目3-15
鶴の家,2,japanese_restaurant,,銀座7-5-15
Azuma,2,japanese_restaurant,asian_restaurant|restaurant,6 Chome-7-7-6 Ginza
楓,2,japanese_restaurant,restaurant|bar,銀座6丁目12-14
ひょうたん屋,2,japanese_restaurant,restaurant|asian_restaurant,銀座6丁目12-15
鯉々,2,restaurant,fast_food_restaurant|bar,
にし邑,2,japanese_restaurant,sushi_restaurant,Ginza 3-12-6
ふじとはち,2,japanese_restaurant,restaurant|sushi_restaurant,銀座4丁目14-1
いちふじ,2,japanese_restaurant,restaurant,東京都中央区銀座１丁目９−５
山登,2,japanese_restaurant,,京橋3丁目6-21 京橋伸和ビルB1F
らっきょう,2,japanese_restaurant,,京橋2-8-15
まんまる,2,bar,restaurant,京橋2丁目6-13
Ichijiku,2,japanese_restaurant,sushi_restaurant|bar,"Kyobashi, 2 Chome−6−16 エターナルビル 2F"
アジト,2,japanese_restaurant,sake_bar|bar,八重洲1丁目5-10
吉田,2,japanese_restaurant,noodles_restaurant|asian_restaurant,1 Chome-6-1 Ōtemachi
Minatoya,2,japanese_restaurant,restaurant|noodles_restaurant,1 Chome-9-1 Ōtemachi
芙蓉,2,restaurant,diner,大手町1丁目4-1
松むら,2,japanese_restaurant,sushi_restaurant,一ツ橋1丁目1-1
海蔵,2,japanese_restaurant,,神田神保町1-2-3
かっちゃん,2,japanese_restaurant,restaurant|diner,1 Chome-4-17 Kanda Jinbocho
御殿,2,japanese_restaurant,bar|restaurant,東京都文京区本郷５丁目２４−２
江戸前 晋作,2,japanese_restaurant,,本郷4-2-4
助六,2,japanese_restaurant,,本郷2丁目18-10
えんむすび,2,japanese_restaurant,sushi_restaurant|delicatessen,東京都文京区本郷３丁目９−８
のまる,2,bar,sake_bar|cafe,東京都文京区湯島１丁目９−１２
喜川,2,japanese_restaurant,restaurant|asian_restaurant,外神田2丁目16-2
誠月,2,japanese_restaurant,bar|noodles_restaurant,上野1丁目2-10
おおくぼ,2,bar,,湯島3丁目40-3
ぶんぶん,2,japanese_restaurant,asian_restaurant|restaurant,上野4丁目5-9
竹林,2,japanese_restaurant,restaurant,神田練塀町1 第1砂川ビル
Tajimaya,2,japanese_restaurant,asian_restaurant|restaurant,"Kanda Hanaokacho, １−1 ヨドバシAKIBAビル ８F"
越後屋平次,2,japanese_restaurant,,神田花岡町1-1
たつみ屋,2,japanese_restaurant,restaurant,神田花岡町1-1
せとうち,2,japanese_restaurant,sushi_restaurant|restaurant,神田須田町2丁目12
昭和,2,japanese_restaurant,asian_restaurant|restaurant,内神田3丁目22-10
Aphro+,2,restaurant,,東京都中央区日本橋人形町1-11-7
八丁堀 あさだ,2,restaurant,diner|japanese_restaurant,
華山,2,japanese_restaurant,eat_and_drink|steakhouse,明石町8聖路加ガーデン
開々亭,2,japanese_restaurant,restaurant|chinese_restaurant,2 Chome-16-26 Minato
すぎ田,2,japanese_restaurant,asian_restaurant|restaurant,富岡1丁目24-4
江戸娘,2,japanese_restaurant,restaurant|asian_restaurant,1 Chome-13-2 Tomioka
宇田川,2,japanese_restaurant,restaurant|asian_restaurant,富岡1丁目11-4
梓,2,japanese_restaurant,sushi_restaurant,富岡1丁目10-3
宝家,2,japanese_restaurant,asian_restaurant|chinese_restaurant,門前仲町1丁目12-5
田昌,2,bar,eat_and_drink|pub,
山城屋,2,japanese_restaurant,mountain,2 Chome-15-8 Hatchobori
金波,2,restaurant,bar|eat_and_drink,新川2丁目6-12
東嶋屋,2,restaurant,japanese_restaurant,東京都中央区日本橋人形町2丁目4 9
かねまん,2,japanese_restaurant,sushi_restaurant|restaurant,日本橋人形町1-16-7
来福亭,2,japanese_restaurant,restaurant|diner,日本橋人形町1丁目17-10
天正,2,japanese_restaurant,restaurant|asian_restaurant,日本橋蛎殻町1丁目39-1
ラグー,2,restaurant,,日本橋蛎殻町2丁目16-9
あさだ,2,japanese_restaurant,asian_restaurant|restaurant,日本橋浜町3丁目36-2
満る賀,2,restaurant,health_food_restaurant|japanese_restaurant,日本橋浜町2丁目49-6
ひびき,2,japanese_restaurant,restaurant|diner,3 Chome-6-3 Shinohashi
味一番,2,japanese_restaurant,,北砂3丁目30-2
砂むら,2,japanese_restaurant,restaurant,東陽5丁目5-4
江戸っ子,2,bar,restaurant|japanese_restaurant,東陽3丁目20-2
豚料理田,2,japanese_restaurant,restaurant,東葛西6丁目2-7
やしま,2,japanese_restaurant,restaurant,西葛西6丁目14-31
摩天楼,2,restaurant,american_restaurant|bar,東日本橋3丁目3-15
丸吉,2,restaurant,japanese_restaurant,森下4丁目25-4
山田家,2,japanese_restaurant,restaurant|cafe,江東橋3丁目8-11
三四郎,2,japanese_restaurant,restaurant,江東橋3丁目5-4
道,2,bar,,両国4丁目35-1
風雷庵,2,japanese_restaurant,asian_restaurant|restaurant,
金子屋,2,bar,japanese_restaurant,神田佐久間町2-11
とんとん亭,2,japanese_restaurant,restaurant|bar,神田佐久間町3-21
三笠,2,japanese_restaurant,restaurant,神田和泉町1-1
しょうりき,2,japanese_restaurant,eat_and_drink,台東3丁目11-5
阿吽,2,japanese_restaurant,restaurant|bar,上野5丁目26-5
梅月,2,japanese_restaurant,,千束4-27-12
福や,2,bar,japanese_restaurant|asian_restaurant,寿2丁目9-16
がってん,2,japanese_restaurant,asian_restaurant|restaurant,"Kaminarimon, 2 Chome−2−6 八起リバーサイドハイツ"
ちょうし屋,2,japanese_restaurant,sushi_restaurant,吾妻橋2-5-1
匠屋,2,bar,sake_bar,寿3丁目8-1
平野屋,2,japanese_restaurant,candy_store|asian_restaurant,本所3丁目22-7
柳家,2,japanese_restaurant,,東駒形4丁目2-1
あおば,2,japanese_restaurant,restaurant|chinese_restaurant,東京都墨田区業平５丁目９−６
わか,2,japanese_restaurant,restaurant|diner,押上3丁目33-9
前野屋,2,japanese_restaurant,noodles_restaurant|restaurant,亀戸3丁目23-10
花の里,2,pub,,向島5丁目13-18
いちごや,2,japanese_restaurant,bar,平井5丁目26-4
しん助,2,bar,restaurant|asian_restaurant,上野6丁目14-7
滝の家,2,japanese_restaurant,restaurant|asian_restaurant,田端新町1丁目8-1
肉のすずき,2,japanese_restaurant,restaurant|eat_and_drink,西日暮里3丁目15-5
巧家,2,japanese_restaurant,restaurant|diner,田端2丁目1-20
鉢の木,2,japanese_restaurant,asian_restaurant|restaurant,町屋1丁目7-3
立花,2,japanese_restaurant,restaurant,町屋1丁目2-3
彩とり,2,japanese_restaurant,restaurant|diner,2 Chome-48-48 Sekibara
AWAYA,2,japanese_restaurant,restaurant|bar_and_grill_restaurant,"Senjunakaicho, 18−11 谷古宇ビル 1F"
美乃屋,2,japanese_restaurant,restaurant,日本堤1丁目9-3
ひむろ,2,japanese_restaurant,food_beverage_service_distribution|bar,東京都台東区浅草１丁目１２−６
三浦屋,2,restaurant,seafood_restaurant,東京都台東区浅草２丁目１９−９
あぽろ,2,japanese_restaurant,,西浅草2丁目25-9
鈴音,2,japanese_restaurant,restaurant,浅草5丁目56-9
あたりめ,2,bar,bar_and_grill_restaurant|cafe,花川戸2-17-7
夢屋,2,japanese_restaurant,restaurant|diner,浅草1丁目35-8
渓,2,japanese_restaurant,seafood_restaurant|restaurant,"Kurihara, 1 Chome−18−8 第一宝ビル"
三喜,2,japanese_restaurant,bar,東京都墨田区向島１丁目１１−５
あかつき,2,japanese_restaurant,,
いな穂,2,japanese_restaurant,bar|sushi_restaurant,千住仲町39-4
クール,2,bar,restaurant,3 Chome-37-38 Aoi
嵯峨野,2,japanese_restaurant,restaurant,亀有3丁目33-1
伍味酉,2,restaurant,grocery_store|health_food_store,
兎月,2,asian_restaurant,restaurant|japanese_restaurant,4 Chome-35-2 Shibamata
高砂家,2,restaurant,bar|sake_bar,高砂5丁目44-13
はん家,1,japanese_restaurant,restaurant|bar,9 Chome-8-11 Kitami
旬鮮重味,1,japanese_restaurant,restaurant|asian_restaurant,9 Chome-8-8 Kitami
成城ランチ ピノ,1,restaurant,cafe|eat_and_drink,成城6丁目25-7
田楽六丁目,1,japanese_restaurant,restaurant|asian_restaurant,"Seijo, 6 Chome−16−5 2F カサ・ローザ成城"
成城裏市場 萬福,1,japanese_restaurant,restaurant|bar,成城6丁目16-5
マンマル,1,restaurant,bar|sake_bar,
まさや,1,japanese_restaurant,,成城6-6-1
仙海,1,japanese_restaurant,restaurant|asian_restaurant,成城2丁目33-16
咲々,1,restaurant,bar|japanese_restaurant,東京都世田谷区成城２丁目３３−３
あんや,1,restaurant,japanese_restaurant|desserts,東京都世田谷区成城６丁目５−２７
ジャングルジム,1,bar,music_venue|karaoke,"Seijo, 6 Chome−9−6 成城エスポワール北野 B1F"
櫻子,1,restaurant,japanese_restaurant|bar,成城6丁目10-2
Seijo壱の蔵,1,japanese_restaurant,restaurant|sushi_restaurant,東京都世田谷区奥沢６丁目１５−９
JATI Seijo,1,japanese_restaurant,asian_restaurant|restaurant,"Seijo, 6 Chome−14−2 三輪ビル 2F"
笑山,1,bar,japanese_restaurant|cafe,成城2丁目35-10
凡亭,1,japanese_restaurant,restaurant|bar,"Kitami, 8 Chome−15−32 2F"
梅丸,1,japanese_restaurant,restaurant|asian_restaurant,"Kitami, 9 Chome−2−18 喜多見城和ハイツ"
喜多見マルシェ店,1,fast_food_restaurant,,東京都世田谷区喜多見９－２－３３
多摩堤通り喜多見店,1,fast_food_restaurant,,東京都世田谷区喜多見５－２６－２３
國やす,1,japanese_restaurant,dentist,6 Chome-24-19 Kitami
ほんむら,1,japanese_restaurant,restaurant|bar,喜多見5丁目20-27
宇奈根山中,1,japanese_restaurant,restaurant,宇奈根3丁目7-15
こてこて,1,restaurant,bar,西六郷4丁目17-2
しなのや,1,japanese_restaurant,bar|restaurant,西六郷4丁目17
山ゆう,1,bar,japanese_restaurant|restaurant,仲六郷4丁目28-1
水門 源八,1,japanese_restaurant,restaurant,"Minamirokugo, 2 Chome−20−8 水門源八"
だいます,1,japanese_restaurant,chinese_restaurant,西六郷4-13-9
中村料理店,1,japanese_restaurant,restaurant,2 Chome-7-19 Minamirokugo
MIYAKO,1,restaurant,,羽田3丁目17-6
かめだや,1,restaurant,taxi_service|japanese_restaurant,羽田2丁目31-13
名ご味,1,restaurant,delicatessen|diner,東京都大田区南六郷1丁目35-10
千丸,1,japanese_restaurant,asian_restaurant|restaurant,南六郷2丁目35-1
水門通りダルマ,1,bar,,
Ginza Ogura,1,restaurant,japanese_restaurant|asian_restaurant,"Hanedakuko, 2 Chome−6−5 東京国際空港国際線ターミナル4階"
URARAKA,1,asian_restaurant,restaurant|japanese_restaurant,"国際線旅客ターミナル 3F, 2 Chome-6-5 Hanedakuko"
Hokkaido Kitchen,1,japanese_restaurant,restaurant|asian_restaurant,羽田空港2丁目6-5
おぐ羅羽田国際空港店,1,japanese_restaurant,restaurant|bar,羽田空港2丁目6-5
きみくら,1,fast_food_restaurant,,羽田空港2-7-1
金粂 羽田エアポートガーデン店,1,restaurant,,東京都大田区羽田空港２丁目７−１
二尺五寸,1,japanese_restaurant,,羽田空港2-6-5
Port-Side Kitchen,1,restaurant,european_restaurant|japanese_restaurant,"Hanedakuko, 2 Chome−6−5 Terminal 3, ４Ｆ Haneda Airport"
すぎのこ,1,japanese_restaurant,bar|eat_and_drink,羽田空港2丁目6-5
たか福,1,japanese_restaurant,restaurant,羽田空港2丁目6-5
テイルウィンド,1,japanese_restaurant,restaurant|diner,羽田空港2丁目6-5
百膳,1,japanese_restaurant,restaurant,羽田空港2丁目6-5
COMEL,1,restaurant,japanese_restaurant,3 Chome-4-2 Hanedakuko
雪あかり,1,japanese_restaurant,restaurant,東京都大田区羽田空港３丁目３−２
うちのたまご 羽田直売所,1,japanese_restaurant,,羽田空港3-3-2
一の井,1,japanese_restaurant,,羽田空港3丁目3-2
新大和,1,japanese_restaurant,restaurant|asian_restaurant,羽田空港3丁目3-2
赤坂うまやうちのたまご直売所,1,restaurant,airport|eat_and_drink,羽田空港3丁目3-2
LDH Kitchen The Tokyo Haneda,1,restaurant,cafe|bar,"Hanedakuko, 3 Chome−3−2 5F THE HANEDA HOUSE 第1旅客ターミナル"
こがねいろ,1,restaurant,fast_food_restaurant|bar,羽田空港3丁目2-2
Sangoan,1,japanese_restaurant,restaurant,羽田空港3-3-2
あずさ,1,japanese_restaurant,restaurant|asian_restaurant,羽田空港3丁目3-2
七だし屋,1,japanese_restaurant,bar,羽田空港3丁目3-2
cuud,1,japanese_restaurant,asian_restaurant|noodles_restaurant,"Hanedakuko, 3 Chome−3−2 第1ターミナル 南ウィング出発ロビ 2階 Haneda Airport"
キフキフ,1,restaurant,bar,
Hitoshinaya,1,japanese_restaurant,asian_restaurant|restaurant,"Hanedakuko, 3 Chome−3−2 HND Terminal 1, 2階出発ロビ 旅客ターミナルビル"
一休茶屋 別館,1,japanese_restaurant,asian_restaurant|restaurant,3 Chome-3-2 Hanedakuko
BAYSIDE 1,1,japanese_restaurant,,羽田空港3-3-2
門左衛門,1,japanese_restaurant,restaurant,東京都大田区羽田空港３丁目４−２
Tokyo's Tokyo,1,japanese_restaurant,restaurant|diner,3 Chome-4-2 Hanedakuko
Cuud 第二旅客ターミナル店,1,japanese_restaurant,,
荒羽田空港店,1,japanese_restaurant,restaurant|diner,羽田空港3丁目4-2
フライヤーズテーブル,1,restaurant,diner,羽田空港3丁目4-2
エリーナ、杉の森,1,bar,restaurant|pub,東京都大田区南蒲田３丁目１３−２４
まとい,1,restaurant,fast_food_restaurant|bar,南蒲田3丁目16-25
ごち糀谷,1,japanese_restaurant,diner|restaurant,萩中1丁目6-5
ひとぼし,1,japanese_restaurant,bar,南蒲田3丁目13-11
竹光,1,bar,japanese_restaurant|restaurant,萩中2丁目1-18
おやべ,1,japanese_restaurant,restaurant|sushi_restaurant,2 Chome-8 Haginaka
鮮やかキッチン,1,japanese_restaurant,asian_restaurant|restaurant,萩中2丁目2-13
桔梗屋,1,restaurant,bar|sushi_restaurant,萩中2丁目6-16
ビックマミー,1,japanese_restaurant,restaurant|diner,1 Chome-11-14 Higashirokugo
うちぺんけい,1,japanese_restaurant,restaurant|diner,東六郷1丁目11-14
南部,1,restaurant,japanese_restaurant|bar,2-chōme-8 Nakarokugō
よし成,1,japanese_restaurant,sake_bar|restaurant,2 Chome-8-12 Nakarokugo
やなぎ澤,1,japanese_restaurant,restaurant|asian_restaurant,仲六郷2丁目16-6
零,1,japanese_restaurant,,仲六郷2丁目12-7
豚星,1,japanese_restaurant,,仲六郷2丁目13-13
てつじ屋,1,japanese_restaurant,shoe_store,
キッチンシエル,1,diner,japanese_restaurant|restaurant,羽田4丁目4-26
Kokonoe,1,japanese_restaurant,restaurant|bar,4 Chome-4-29 Haneda
老舗の味利久,1,asian_restaurant,restaurant|japanese_restaurant,萩中3丁目7-7
わっしょい,1,japanese_restaurant,restaurant,"""3, 東京都大田区萩中3丁目7"""
炭火焼 純,1,japanese_restaurant,restaurant,"Hanedaasahicho, ３−6−105"
小だるま昇平,1,japanese_restaurant,restaurant|asian_restaurant,羽田5丁目6-25
旭,1,japanese_restaurant,sushi_restaurant|bar,羽田4丁目4-12
鉄板ジョニー,1,japanese_restaurant,restaurant,羽田1丁目15-16
みさきや,1,japanese_restaurant,restaurant|asian_restaurant,東京都大田区羽田４丁目９−１２
ずう,1,restaurant,tea_room|coffee_shop,東京都大田区羽田４丁目１１−７
千世,1,japanese_restaurant,restaurant|bar,羽田3丁目2-4
食通 ゆたか,1,japanese_restaurant,restaurant,羽田4丁目22-9
伍鐵,1,japanese_restaurant,bar|restaurant,東六郷2丁目12-1
マコト,1,japanese_restaurant,eat_and_drink|delicatessen,東六郷1-25-3
待合室,1,lounge,,仲六郷2-42-1
串家くまちゃん,1,japanese_restaurant,eat_and_drink,"Nakarokugo, 2 Chome−31−4 グランヴェール仲六郷"
井だて,1,japanese_restaurant,chinese_restaurant,2 Chome-29-8 Nakarokugo
まんねん,1,japanese_restaurant,bar|restaurant,仲六郷2丁目42-3
源六,1,bar,japanese_restaurant|restaurant,東六郷2丁目8-20
椛,1,japanese_restaurant,,東京都大田区東六郷１丁目２８−１０
hanagokoro Kokoro Arka,1,japanese_restaurant,topic_concert_venue|music_venue,2 Chome-14-6 Higashirokugo
より舟,1,bar,japanese_restaurant|asian_restaurant,仲六郷2丁目14-2
BUBU,1,bar,diner|restaurant,仲六郷2丁目28-5
三六,1,japanese_restaurant,thai_restaurant|gastropub,仲六郷2丁目29-10
寿美子,1,japanese_restaurant,sake_bar|restaurant,東京都大田区仲六郷２丁目２８−１
丸雄,1,japanese_restaurant,restaurant,仲六郷1丁目34-1
あみやす,1,restaurant,caterer|bar,1 Chome-34 Nakarokugo
うりとらね,1,japanese_restaurant,bar|restaurant,西糀谷4丁目27-10
TranquillityRoom蛎殻,1,lounge,bar|restaurant,東京都大田区西糀谷４丁目２８−７
ひさ奈,1,japanese_restaurant,asian_restaurant|restaurant,西糀谷4丁目21-17
はらぱん,1,japanese_restaurant,restaurant,東京都大田区東糀谷３丁目１−５
大鳥居 ながおか,1,japanese_restaurant,restaurant,東糀谷2丁目14-21
キッチンさん太,1,restaurant,asian_restaurant|japanese_restaurant,東京都大田区東糀谷２丁目１４−１
ブルーコーナー,1,restaurant,japanese_restaurant|diner,羽田空港1丁目6-6
穴守稲荷 九重,1,food_and_drink,bar|japanese_restaurant,
エビス 糀谷総本店,1,japanese_restaurant,restaurant,西糀谷4丁目9-23
和郷,1,japanese_restaurant,restaurant|asian_restaurant,西糀谷4丁目13-10
糀谷 和郷 Wakyo,1,japanese_restaurant,,西糀谷4-13-10
ブルーカナリヤ,1,bar,restaurant|asian_restaurant,西糀谷4丁目29-2
トキメック,1,bar,,南蒲田2-16-46
源八,1,restaurant,asian_restaurant,東京都大田区蒲田本町２丁目２５−２
くり平,1,japanese_restaurant,barbecue_restaurant|restaurant,蒲田本町2丁目24-1
夢生,1,restaurant,japanese_restaurant,蒲田本町1丁目3-9
津右衛門,1,japanese_restaurant,restaurant,南蒲田1丁目22-12
松しま,1,restaurant,asian_restaurant|japanese_restaurant,南蒲田2丁目6-13
コンペ,1,restaurant,coffee_shop|sake_bar,東糀谷1丁目17-26
川松,1,japanese_restaurant,restaurant,西糀谷1丁目19-20
Tonby'z 65,1,bar,steakhouse|bar_and_grill_restaurant,"Kamatahoncho, 2 Chome−33−1 ハイム南風 1階"
花の蔵北川,1,bar,japanese_restaurant|eat_and_drink,新蒲田1丁目3-6
逢歩,1,japanese_restaurant,sushi_restaurant|bar,東京都大田区新蒲田１丁目１７−２５
威風 蒲田南店,1,restaurant,,蒲田4丁目42-12
がんころ,1,japanese_restaurant,sushi_restaurant|diner,東京都大田区新蒲田３丁目１−１
肉のおがわ,1,food_and_drink,japanese_restaurant|restaurant,
かちょう,1,bar,restaurant|japanese_restaurant,新蒲田2丁目19-22
宝来 武蔵新田,1,japanese_restaurant,,矢口一丁目
Bonjour - ボンジュール,1,restaurant,topic_concert_venue|arts_and_entertainment,yaguchi  1-19-22
大河,1,restaurant,bar|asian_restaurant,多摩川1丁目35-6
Ryu,1,japanese_restaurant,barbecue_restaurant|asian_restaurant,東矢口2丁目15-13
おおたマルシェ,1,bar,bar_and_grill_restaurant|pub,東京都大田区東矢口２丁目１５−１５
飲食店サポーターえん大酒樹 たなかだいき,1,bar,sake_bar|japanese_restaurant,東京都大田区西蒲田６丁目３０−８
豆ビーンズ,1,japanese_restaurant,bar|restaurant,東矢口1丁目15-18
黒ひげ亭,1,bar,restaurant|asian_restaurant,東矢口3丁目1-11-1
Z On,1,bar,sake_bar|pub,東矢口3丁目1-11
吟あじ,1,japanese_restaurant,bar|restaurant,西蒲田7丁目17-2
Deep's,1,bar,dance_club,2 Chome-19-2 Higashiyaguchi
福屋矢口店,1,japanese_restaurant,noodles_restaurant,多摩川1丁目7-5
タ イニンク 四季,1,asian_restaurant,restaurant|japanese_restaurant,東京都大田区東矢口３丁目４−１３
美月,1,japanese_restaurant,restaurant|diner,東矢口3丁目11-17
永野屋,1,restaurant,,多摩川１丁目
チャコ,1,bar,restaurant,多摩川1丁目6-22
Don Carne,1,restaurant,bar_and_grill_restaurant,1 Chome-6-22 Tamagawa
吹上,1,bar,japanese_restaurant|restaurant,矢口2丁目25-11
まる美,1,japanese_restaurant,,東京都大田区多摩川１丁目２−２３
熊本牧場直営 石黒商店,1,japanese_restaurant,restaurant|diner,"Tamagawa, 1 Chome−21−9 ユウハウス"
汐の香り,1,japanese_restaurant,bar|pub,西蒲田7丁目59-3
DUB CITY,1,pub,bar|cafe,"Nishikamata, 7 Chome−59−1 小山ビル"
Free Smile,1,bar,cocktail_bar|lounge,"Nishikamata, 7 Chome−60−13 2F"
No.29,1,japanese_restaurant,bar|restaurant,"Nishikamata, 7 Chome−62−9 Kamata Ginza Bldg., 1F"
壱番隊,1,restaurant,japanese_restaurant|asian_restaurant,東京都大田区西蒲田７丁目６３−４
鶏ランド,1,japanese_restaurant,chicken_restaurant,西蒲田7丁目64-3
Puny,1,bar,japanese_restaurant|bar_and_grill_restaurant,7 Chome-67-9 Nishikamata
炙り安,1,japanese_restaurant,sake_bar|bar,西蒲田7丁目67-12
粋蒲田,1,japanese_restaurant,restaurant|bar,西蒲田7丁目67-10
海老勝,1,japanese_restaurant,bar|sake_bar,西蒲田7丁目67-8
宗平蒲田西口店,1,japanese_restaurant,restaurant|diner,西蒲田7丁目67-4
ねり伝 グランドデュオ蒲田店,1,japanese_restaurant,restaurant|seafood_restaurant,西蒲田7丁目68-1
らん燈,1,restaurant,sake_bar|bar,西蒲田7丁目66-10
青葉 グランデュオ蒲田店,1,japanese_restaurant,barbecue_restaurant|restaurant,西蒲田7丁目68-1
Chikita,1,japanese_restaurant,restaurant|diner,"Nishikamata, 7 Chome−66−2 Ranzu bldg., ３F"
しゃれどう,1,japanese_restaurant,restaurant|asian_restaurant,西蒲田7丁目62-6
エンポリオ,1,restaurant,,大田区西蒲田7
なっぱsun,1,japanese_restaurant,restaurant,西蒲田7丁目51-9
えど屋,1,japanese_restaurant,barbecue_restaurant,西蒲田7丁目50-13
Namake,1,japanese_restaurant,restaurant,7 Chome-50-7 Nishikamata
長司,1,japanese_restaurant,restaurant|asian_restaurant,西蒲田7丁目50-6
すきあじ,1,japanese_restaurant,sushi_restaurant|restaurant,西蒲田7丁目50-6
多津美 - たつみ,1,japanese_restaurant,restaurant,東京都大田区西蒲田７丁目４８−８
LUXURY by Anthem,1,bar,,"Nishikamata, 7 Chome−48−14 蒲田センタービル 3階C号室"
知喜多蒲田西口店,1,japanese_restaurant,restaurant,西蒲田7丁目66-10
劔 蒲田店,1,japanese_restaurant,,
蒲田 たの平亭,1,bar,,
万平,1,japanese_restaurant,restaurant|asian_restaurant,蒲田5丁目19-3
蛸十,1,japanese_restaurant,seafood_restaurant|restaurant,5 Chome-24-9 Kamata
BELIZE,1,bar,,蒲田5-18-10
ミンクル,1,restaurant,,蒲田5丁目18-14 蒲田東口中央通ビル
上昇気流,1,asian_restaurant,,5 Chome-13-17-8 Kamata
おみっちゃん,1,japanese_restaurant,barbecue_restaurant|restaurant,蒲田5丁目18-6
しんか,1,japanese_restaurant,noodles_restaurant|restaurant,蒲田5丁目24-1
Smile,1,japanese_restaurant,restaurant|diner,5 Chome-24-6 Kamata
スターウッズスペース,1,japanese_restaurant,bar|restaurant,蒲田5丁目25-5
えちごや,1,japanese_restaurant,sushi_restaurant,蒲田5丁目25-5
ひでぼう,1,bar,restaurant|japanese_restaurant,蒲田5丁目22-7
しげ屋,1,japanese_restaurant,,蒲田5-19-5
きざみ 蒲田店,1,bar,,蒲田5丁目16-5 金時ビル2F
アリス,1,bar,pub|cocktail_bar,蒲田4丁目78
べったこ蒲田東口店,1,japanese_restaurant,asian_restaurant|restaurant,蒲田5丁目19-15
ruffian,1,bar,,"Kamata, 5 Chome−16−8 Kugenuma Building, 5F"
Honmoto,1,japanese_restaurant,asian_restaurant|restaurant,"Kamata, 5 Chome−15−3 第96 東京ビル 1Ｆ"
山家蒲田店,1,japanese_restaurant,asian_restaurant,蒲田5丁目15-2
喜三,1,japanese_restaurant,restaurant|asian_restaurant,東蒲田2丁目6-17
丸新,1,japanese_restaurant,sake_bar|restaurant,蒲田3丁目17-12
浜吉丸,1,japanese_restaurant,restaurant|bar,蒲田5丁目11-4
Ber Luster,1,bar,,
いしもと,1,japanese_restaurant,asian_restaurant|restaurant,蒲田5丁目9-15
横浜道蒲田店,1,japanese_restaurant,bar,東京都大田区蒲田５丁目９−１１
蒲田東口店,1,fast_food_restaurant,,東京都大田区蒲田５－１１－１０
七輪,1,bar,japanese_restaurant|bar_and_grill_restaurant,西蒲田7丁目45-5
Unkworks,1,bar,,西蒲田7-45-5
omaseya,1,bar,,7 Chome-45-5 Nishikamata
丸の内ディンドングランデュオ蒲田店,1,japanese_restaurant,restaurant,西蒲田7丁目68-1
ソラ,1,restaurant,bakery|cafe,西蒲田7丁目45-5-A
月とすっぽん,1,bar,japanese_restaurant|sushi_restaurant,西蒲田7丁目46-12
みよし庵,1,restaurant,japanese_restaurant,西蒲田7丁目2-6
博多っ子 蒲田店,1,japanese_restaurant,restaurant|diner,"Nishikamata, 7 Chome−3−3 Daigo Bldg., 8F"
さいとうさんち,1,japanese_restaurant,restaurant|bar,7 Chome-29-8 Nishikamata
ゆづる羽,1,japanese_restaurant,restaurant|diner,西蒲田7丁目29-3
Side Street,1,pub,bar|lounge,西蒲田7丁目30-9
つくば,1,japanese_restaurant,sushi_restaurant|bar,西蒲田7丁目31-9
春樹,1,japanese_restaurant,,東京都大田区西蒲田７丁目３０−３
hawaliantokyo,1,restaurant,,東京都大田区西蒲田７丁目３０−５
トンキュー555,1,japanese_restaurant,asian_restaurant|barbecue_restaurant,"Nishikamata, 7 Chome−29−3 久保井ビル 2階"
Komichi,1,japanese_restaurant,restaurant,7 Chome-5-8 Nishikamata
ヒクイドリ,1,japanese_restaurant,chicken_restaurant|bar,東矢口3-3-8 地下1階
わがや,1,restaurant,bar|eat_and_drink,西蒲田7丁目29-10
天味,1,japanese_restaurant,restaurant|diner,西蒲田7丁目32-3
藍の家蒲田店,1,japanese_restaurant,asian_restaurant|restaurant,西蒲田7丁目27-5
串之介,1,japanese_restaurant,restaurant|bar,東京都大田区西蒲田７丁目５−１２
式部,1,restaurant,japanese_restaurant,西蒲田7-5-6
Take,1,japanese_restaurant,cafe,"Nishikamata, 7 Chome−1−9 1F"
海の子,1,restaurant,bar|japanese_restaurant,西蒲田7丁目5-6
ひらの,1,asian_restaurant,restaurant|japanese_restaurant,東京都大田区西蒲田７丁目１−５
おさやん蒲田本店,1,japanese_restaurant,asian_restaurant|barbecue_restaurant,西蒲田7丁目1-8
吟太,1,japanese_restaurant,asian_restaurant,西蒲田7丁目1-8
frais,1,bar,karaoke|japanese_restaurant,"Nishikamata, 7 Chome−1−5 宮本ビル 3階"
YODELkamata,1,restaurant,, 東京都大田区西蒲田７丁目２７−１ シャトー蒲田１２ 1
中川,1,bar,japanese_restaurant|sushi_restaurant,西蒲田7丁目27-5
味ち草蒲田西口店,1,restaurant,eat_and_drink|sake_bar,西蒲田7丁目27-7
食楽幸房・旬菜,1,bar,,西蒲田7丁目26-9 第5春野ビル3FA室
それゆけ!鶏ヤロー!,1,japanese_restaurant,restaurant|bar,西蒲田7丁目27-6
義津根,1,japanese_restaurant,restaurant|bar,東京都大田区西蒲田７丁目２７−８
夢桜,1,restaurant,bar|pub,蒲田5丁目10-7
蒲田いっ家,1,japanese_restaurant,asian_restaurant,蒲田5丁目10-7
忍田,1,restaurant,bar|japanese_restaurant,蒲田5丁目12-1
shi.mo.ji.sousaku,1,restaurant,,tokyootakukamata5-2-5
Ton Ton Tezi,1,japanese_restaurant,korean_restaurant|restaurant,"Nishikamata, 7 Chome−1−11 2階"
花見,1,japanese_restaurant,restaurant|asian_restaurant,蒲田5丁目3-3
木砂砂,1,lounge,bar|restaurant,西蒲田7丁目7-7
克己,1,japanese_restaurant,restaurant|bar,西蒲田7丁目7-1
六甲亭,1,japanese_restaurant,restaurant,西蒲田7丁目7-1
Kamataya,1,japanese_restaurant,restaurant|asian_restaurant,7 Chome-6-1 Nishikamata
京城亭,1,japanese_restaurant,restaurant,西蒲田7丁目8-6
壱の蔵蒲田弐番店,1,japanese_restaurant,restaurant|diner,西蒲田7丁目5-4
たま,1,japanese_restaurant,diner|restaurant,西蒲田7丁目6-9
KOTA,1,bar,karaoke|cocktail_bar,"Nishikamata, 7 Chome−6−9 6階"
十二分屋蒲田店,1,japanese_restaurant,noodles_restaurant,西蒲田7丁目6-9
炭トマ,1,japanese_restaurant,asian_restaurant|eat_and_drink,"Nishikamata, 7 Chome−6−10 エルシティ 2F"
地曳 翔太,1,restaurant,,東京都大田区西蒲田7丁目10-7クレソンビル1F\n
ラクレットチーズと個室の店 バッテリー,1,restaurant,bar|cafe,西蒲田7丁目8-3
香取屋,1,japanese_restaurant,asian_restaurant,西蒲田7丁目11-4
勘蔵,1,restaurant,bar|brewery,西蒲田7丁目11-5
T's Boy,1,bar,pub|bar_and_grill_restaurant,7 Chome-12-12 Nishikamata
ロン八,1,japanese_restaurant,restaurant,西蒲田7丁目14-6
上むら本店,1,japanese_restaurant,restaurant,西蒲田7丁目12-1
サンキチ,1,japanese_restaurant,fast_food_restaurant|burger_restaurant,東京都大田区西蒲田６丁目３４−６
五番亭,1,japanese_restaurant,barbecue_restaurant|restaurant,西蒲田5丁目27-3
大本営,1,bar,restaurant|asian_restaurant,西蒲田5丁目27-3
インターナショナルキッチン築地,1,restaurant,bar|comfort_food_restaurant,東京都大田区西蒲田５丁目２７−１９
スカイピア,1,bar,,西蒲田6丁目37-8
Ten8wan8,1,comfort_food_restaurant,cafe,
hitsuji kitchen,1,japanese_restaurant,diner|restaurant,"Nishikamata, 5 Chome−19−14 ハイツ中村"
ベジらむ 蒲田店,1,japanese_restaurant,bar,蒲田5丁目2-1
潜水艦,1,japanese_restaurant,bar|coffee_shop,蒲田1丁目24-16
飛騨,1,japanese_restaurant,sushi_restaurant,蒲田5丁目1-3
THE DAY,1,bar,diner|japanese_restaurant,"1, 5-1-4辻ビル1F"
Yuzuruha-san,1,japanese_restaurant,restaurant,5 Chome-2-8 Kamata
Alice,1,japanese_restaurant,restaurant|diner,"Kamata, 5 Chome−1−4 山下ビル １階"
TAKE ON,1,bar,,蒲田5-1-5
梅屋敷 はなや,1,japanese_restaurant,restaurant|bar,東京都大田区東蒲田1-12-8
うおふじ,1,japanese_restaurant,restaurant,大森南2丁目7-2
ふく福,1,food_and_drink,sake_bar|restaurant,東京都大田区蒲田４丁目７−３
利久蒲田店,1,bar,,蒲田4丁目12-7 あすとウィズ3F
なむさん,1,restaurant,,蒲田4丁目7-6
にこまる三代目,1,japanese_restaurant,restaurant|bar,蒲田4丁目10-14
フラミンゴ,1,bar,,蒲田4丁目10-10
とっちゃん,1,bar,,
Slow Life,1,restaurant,bar,東京都大田区蒲田４丁目９−３
鈴竹,1,bar,restaurant|japanese_restaurant,蒲田4丁目9-3
しげの台所,1,restaurant,comfort_food_restaurant|sake_bar,蒲田4丁目4-4
のんき屋,1,speakeasy,bar|restaurant,蒲田4丁目20-3
福わ家,1,bar,restaurant|japanese_restaurant,"Kamata, 4 Chome−5−6 クボタビル"
寄り処 ち〜ちゃん,1,restaurant,,蒲田4-2-6
Amazigh,1,bar,restaurant|lounge,東京都大田区蒲田５丁目２０−５
まねき,1,japanese_restaurant,asian_restaurant|restaurant,"Kamata, 5 Chome−21−7 ｢並木ビル/2F｣"
チョウタロ,1,asian_restaurant,,蒲田5-21-13
不二味 ととちゃんの店,1,restaurant,diner,蒲田5丁目20-1
霧島,1,bar,restaurant|asian_restaurant,西蒲田7丁目63-6
小鳥と苺,1,restaurant,bar|italian_restaurant,東京都大田区西蒲田７丁目６４−６
Kan Kan,1,japanese_restaurant,bar|pub,7 Chome-63-9 Nishikamata
Emporio,1,mediterranean_restaurant,,西蒲田7-63-9
かど平ストア,1,restaurant,,東京都大田区西蒲田7-64-6
梅Q,1,japanese_restaurant,restaurant|asian_restaurant,西蒲田7丁目69-1
和華奈,1,japanese_restaurant,restaurant,東京都大田区西蒲田７丁目６９−１
ポイント蒲田,1,bar,pub|restaurant,東京都大田区西蒲田８丁目１−７
楓京急蒲田店,1,japanese_restaurant,sushi_restaurant,蒲田4丁目19-2
めらんじゅ,1,restaurant,bar|cafe,蒲田4丁目18-1
はいからさん,1,japanese_restaurant,asian_restaurant,蒲田5丁目31-2
にこまる二代目,1,japanese_restaurant,restaurant|diner,西蒲田8丁目7-1
びすとろ家蒲田店,1,bar,japanese_restaurant|sushi_restaurant,蒲田5丁目13-31
じゃんけん 蒲田店,1,japanese_restaurant,,西蒲田8丁目3-8
こうらく,1,japanese_restaurant,restaurant|bar,5 Chome-32-1 Kamata
かろり500,1,restaurant,bar|health_food_restaurant,蒲田4丁目29-1
さいか,1,japanese_restaurant,asian_restaurant|restaurant,蒲田4丁目31-11
石川町森川や,1,japanese_restaurant,sushi_restaurant,
志美寿,1,japanese_restaurant,restaurant|asian_restaurant,西蒲田8丁目24-8
こて卵,1,japanese_restaurant,restaurant|barbecue_restaurant,蒲田5丁目49-10
「koteu」tokyo.kamata,1,bar,japanese_restaurant|restaurant,
富士屋,1,restaurant,asian_restaurant|japanese_restaurant,西糀谷2丁目7-12
いとやさ,1,bar,japanese_restaurant,大森西6丁目2-7
八っさん亭,1,japanese_restaurant,restaurant|tobacco_shop,"Omorinishi, 6 Chome−2−10 ミワビル"
田焼,1,japanese_restaurant,,大森中1-12-3
とがし,1,japanese_restaurant,restaurant|diner,大森西7丁目7-17
夏純,1,pub,bar,"Nishikamata, 5 Chome−4−番２号 「MＳビル」"
太郎の台所,1,japanese_restaurant,bar,西蒲田5丁目3-1
たし波,1,japanese_restaurant,,蒲田2-5-4
八戒,1,asian_restaurant,restaurant|bar,東京都大田区蒲田２丁目４−５
やまと,1,japanese_restaurant,restaurant|sushi_restaurant,大森西6丁目13-11
ホクエツ,1,japanese_restaurant,restaurant|diner,大森中2丁目14-9
喜味,1,japanese_restaurant,restaurant|asian_restaurant,大森東4丁目6-14
四丁目,1,bar,convenience_store|shopping,大森東4-1-25
ルージュ ブランシュ,1,restaurant,bakery|desserts,東京都大田区西蒲田5 19-10
蓮沼キッチン,1,restaurant,japanese_restaurant|diner,西蒲田6丁目24-5
炭火焼ぼんぼん,1,japanese_restaurant,restaurant|asian_restaurant,西蒲田6丁目20-1
勝徳,1,japanese_restaurant,asian_restaurant,西蒲田6丁目8-11
狐狸丸,1,japanese_restaurant,,西蒲田5丁目12-8
屋上かまたえん,1,caribbean_restaurant,,
NIKUTAMA 蒲田 東京総本店,1,japanese_restaurant,,西蒲田5-13-32
Osoto,1,japanese_restaurant,bar|restaurant,2 Chome-7-1 Kamata
梅林,1,japanese_restaurant,restaurant|asian_restaurant,2 Chome-28-2 Kamata
@EATS,1,bar,,大森中2丁目2-14
藤森商店,1,japanese_restaurant,,2 Chome-19-22 Omorinaka
エビス 梅屋敷総本店,1,bar,japanese_restaurant|sushi_restaurant,大森西6丁目15-14
かりぐらし,1,bar,,
ごきげんまめた,1,restaurant,japanese_restaurant|asian_restaurant,1 Chome-20-1 Yaguchi
Matsurika,1,japanese_restaurant,restaurant|diner,1 Chome-15-11 Yaguchi
おかげさま,1,japanese_restaurant,pub|bar,1 Chome-16-9 Yaguchi
茂,1,japanese_restaurant,restaurant|asian_restaurant,西蒲田6丁目28-3
日の間-にちのま-,1,restaurant,,東矢口1−14−7
ガッパ,1,bar,restaurant|asian_restaurant,矢口1丁目22-20
リビエール,1,restaurant,italian_restaurant|french_restaurant,下丸子3-27-10
喰い処 どん平,1,japanese_restaurant,,下丸子3-24-9
白鶴,1,japanese_restaurant,restaurant|sake_bar,矢口1丁目17-2
Tenmaru,1,japanese_restaurant,restaurant,矢口一丁目
Wasabi,1,japanese_restaurant,asian_restaurant|restaurant,"Yaguchi, 1 Chome−14−12 コーポ勇崎 101"
辛しや,1,japanese_restaurant,restaurant,矢口1丁目6-14
いとこ同士,1,japanese_restaurant,sushi_restaurant,"Yaguchi, 1 Chome−14−11 ＡＭハイツ"
ゲレンデ,1,bar,japanese_restaurant|restaurant,東京都大田区矢口１丁目５−１
フレンドモンスター,1,restaurant,,東京都大田区池上4-16-8　第三マツヤビル１階
Senmi,1,japanese_restaurant,restaurant,"Yaguchi, 1 Chome−7−9 第三伊和起ビル"
メリー亭,1,japanese_restaurant,restaurant|sushi_restaurant,矢口1丁目11-7
べーやん,1,bar,pub|eat_and_drink,千鳥2丁目36-1
とめ丸ブルース,1,bar,japanese_restaurant|restaurant,千鳥2丁目36-1
あべちゃんち,1,bar,japanese_restaurant|restaurant,下丸子3丁目15-6
みなも,1,restaurant,cafe|coffee_shop,東京都大田区下丸子3 15-7
Re 楽酒,1,bar,,池上5-13-5
なおしま,1,bar,japanese_restaurant|sushi_restaurant,下丸子3丁目13-21
oku-DA,1,bar,pub|cafe,下丸子3丁目16-9
長寿,1,japanese_restaurant,asian_restaurant|restaurant,下丸子3丁目14-3
Piccoly,1,restaurant,coffee_shop|shopping_center,"Shimomaruko, 4 Chome−21−4 オリンピック下丸子店 2F"
とんとんみー,1,japanese_restaurant,restaurant,下丸子4丁目11-22
ディヤロ,1,asian_restaurant,bar,東京都大田区千鳥１丁目１８−８
コナヤ,1,japanese_restaurant,barbecue_restaurant,下丸子4丁目4-19
Kenso,1,bar,,千鳥 3丁目9-5
麻乃,1,bar,japanese_restaurant|sushi_restaurant,1 Chome-4-4 Chidori
ねもと,1,japanese_restaurant,sushi_restaurant|eat_and_drink,千鳥1丁目18-4
らげ亭,1,japanese_restaurant,eat_and_drink|cafe,千鳥1丁目21-19
晴レ坊主,1,bar,sake_bar|restaurant,東京都大田区池上６丁目２−１８
池上Sumika,1,japanese_restaurant,restaurant|sake_bar,6 Chome-2-5 Ikegami
和味乃池坊,1,bar,restaurant|japanese_restaurant,池上5丁目12-2
龍源池上店,1,japanese_restaurant,sushi_restaurant,池上5丁目12-2
にかい坊,1,japanese_restaurant,restaurant,池上6丁目5-1
きさらぎ,1,bar,restaurant|japanese_restaurant,池上6丁目5-9
ラス マノス,1,bar,restaurant|pub,池上6丁目3-9
だるまや 池上店,1,japanese_restaurant,,池上7-1-10
風鈴亭,1,japanese_restaurant,,
季よせ,1,japanese_restaurant,restaurant|fast_food_restaurant,東京都大田区池上７丁目６−２
池上Queue+,1,restaurant,,"Ikegami, 7 Chome−6−4 ＧＳＫ第六ビル"
Fuji Son,1,japanese_restaurant,restaurant,池上6丁目3-4
梅善,1,japanese_restaurant,restaurant|asian_restaurant,池上6丁目6-5
味仙,1,japanese_restaurant,barbecue_restaurant|korean_restaurant,池上6丁目6-6
Youth-ken,1,japanese_restaurant,,"Ikegami, 6 Chome−6−8 ライズ池上 １Ｆ"
ミッチー,1,bar,restaurant|pub,
浩智庵,1,food_and_drink,japanese_restaurant|tapas_bar,千鳥
武やま,1,restaurant,asian_restaurant|japanese_restaurant,東京都大田区下丸子3丁目8 3
喜楽亭,1,japanese_restaurant,restaurant,3 Chome-7-2 Shimomaruko
豊田屋,1,japanese_restaurant,restaurant|bakery,下丸子3丁目8-9
りっかりっか,1,japanese_restaurant,restaurant|bakery,下丸子3丁目9-4
うさ喜,1,restaurant,bar|japanese_restaurant,池上6丁目13-10
サボイ,1,japanese_restaurant,restaurant|sushi_restaurant,西蒲田1丁目22-19
All Purpose Seasoning,1,japanese_restaurant,restaurant,5 Chome-4-8 Omorinishi
丸山,1,japanese_restaurant,sushi_restaurant,大森西4丁目17-21
惣喜,1,restaurant,delicatessen|bar,大森西4丁目11-6
もんた,1,restaurant,coffee_shop|japanese_restaurant,大森東2丁目17-6
もりいろ,1,japanese_restaurant,asian_restaurant|restaurant,大森西5丁目10-8
はなれの梅林,1,japanese_restaurant,restaurant|bar,5 Chome-10-10 Omorinishi
モモ焼き本舗モンドロッチャ,1,japanese_restaurant,restaurant|diner,大森西5丁目6-1
晴春,1,restaurant,coffee_shop|japanese_restaurant,東京都大田区大森西５丁目６−３
Hitonami,1,restaurant,,池上5-3-6
ミッキーズハウス,1,japanese_restaurant,restaurant|asian_restaurant,大森東2丁目2-11
千歳屋,1,japanese_restaurant,restaurant,池上4丁目20-6
力丸,1,japanese_restaurant,restaurant,鵜の木1丁目19-22
Nonbiri,1,bar,japanese_restaurant,4 Chome-26-10 Ikegami
ゴンジャ,1,japanese_restaurant,restaurant|asian_restaurant,池上4丁目17-4
こぶた,1,japanese_restaurant,restaurant|diner,池上3丁目33-3
しら田,1,japanese_restaurant,asian_restaurant,池上5丁目6-1
SantaFesta,1,bar,pub|restaurant,4 Chome-31-4 Ikegami
自由雲,1,bar,cafe|restaurant,池上4丁目31-20
にれの木本門寺通り店,1,japanese_restaurant,religious_organization|buddhist_temple,池上4丁目32-6
栢山,1,japanese_restaurant,restaurant|asian_restaurant,4 Chome-31-19 Ikegami
善右衛門,1,bar,,池上4-31-19
みいぎり家,1,japanese_restaurant,restaurant|bar,"Unoki, 2 Chome−12−1 ナガトハウス 101"
千代菊入船,1,japanese_restaurant,restaurant|asian_restaurant,"Unoki, 2 Chome−12−1 ナガトハウス"
La Carne,1,japanese_restaurant,barbecue_restaurant|bar_and_grill_restaurant,"Unoki, 2 Chome−5−5 イーグル鵜の木 2F 原田ビル"
はや川,1,restaurant,river|japanese_restaurant,鵜の木2丁目16-7
鵜の木堂,1,japanese_restaurant,,東京都大田区鵜の木2-3-12
キッチン あるま,1,food_and_drink,restaurant|sake_bar,東京都大田区鵜の木１丁目９−４
花くるま,1,japanese_restaurant,liquor_store,東京都大田区池上１丁目３５−２４
kugahara_komachi,1,restaurant,,東京都大田区久が原３丁目３７−３
Restaurant Duck,1,restaurant,japanese_restaurant,久が原3丁目30-11
梅さん,1,japanese_restaurant,bar|restaurant,久が原2丁目21-17
村田商店,1,japanese_restaurant,,池上2-5-6
池上本門寺朗峰会館,1,restaurant,,池上1丁目2-1 朗峰会館1F
松濤園櫻,1,japanese_restaurant,restaurant|asian_restaurant,池上1丁目2-1
自然坊,1,japanese_restaurant,restaurant,久が原4丁目19-24
Mifuku,1,japanese_restaurant,wine_bar|restaurant,大森北6丁目13-8
ふじ池,1,japanese_restaurant,restaurant,"Omorikita, 6 Chome−12−9 巳の丸ビル"
笑座コンパル,1,pub,restaurant|arts_and_entertainment,東京都中央区銀座8-7-5 金春ビルB1F
美福,1,bar,restaurant|asian_restaurant,大森本町2丁目2-13
こころや,1,japanese_restaurant,restaurant,平和島6丁目1-1
スカイテリア,1,restaurant,japanese_restaurant,平和島6丁目1-1
三代目 茂,1,japanese_restaurant,restaurant|bar,"Omorihoncho, 2 Chome−5−6 美原ハイツ １０５"
かんだ福寿,1,japanese_restaurant,restaurant|diner,東海3丁目2-1
キュリードシゲール,1,restaurant,italian_restaurant|bar,大森本町2丁目33-1
玉幸,1,japanese_restaurant,sushi_restaurant,大森本町2丁目31-21
ひで坊,1,japanese_restaurant,restaurant|diner,大森本町2丁目31-4
卜伝駅前店,1,bar,restaurant|asian_restaurant,大森北6丁目27-1
羊と狼,1,japanese_restaurant,restaurant|diner,大森北6丁目25-16
Tombo,1,japanese_restaurant,asian_restaurant|restaurant,6 Chome-27-6 Omorikita
栄屋丸,1,japanese_restaurant,restaurant,東京都大田区大森本町２丁目３２−２
良理,1,japanese_restaurant,sake_bar,東京都大田区大森西１丁目９−２８
Daim,1,japanese_restaurant,bar|pub,1 Chome-8-29 Omorinishi
ダンデライオン,1,restaurant,italian_restaurant|bar,中央3-5-3
ちとせ,1,restaurant,bar,中央4丁目36-1
皐月,1,japanese_restaurant,coffee_shop|restaurant,大森西1丁目9-28
鈴富,1,japanese_restaurant,restaurant|bar,東海3丁目2-7
ままもっこ,1,japanese_restaurant,restaurant|gastropub,東京都世田谷区奥沢７丁目４−１１
雪月花,1,japanese_restaurant,coffee_shop|restaurant,等々力1丁目22-47
環八等々力店,1,fast_food_restaurant,,東京都世田谷区等々力１－３２－１３
神山倶楽部,1,bar,restaurant,尾山台3丁目7-4
夕香亭 株式会社,1,food_and_drink,caterer|restaurant,尾山台３－２２－１３
鉄板焼未ら音,1,restaurant,japanese_restaurant|diner,尾山台3-10-9NEXUS尾山台1F
Corneille,1,bar,,2 Chome-16-15 Todoroki
坊っちゃん,1,japanese_restaurant,,等々力2丁目18-12
年中夢中,1,bar,restaurant|asian_restaurant,尾山台3丁目34-7
茶夢,1,bar,restaurant|asian_restaurant,"Oyamadai, 3 Chome−34−7 福井屋ビル"
とんみ,1,japanese_restaurant,restaurant|sushi_restaurant,尾山台3丁目34-1
三稜,1,restaurant,noodles_restaurant|japanese_restaurant,3 Chome-34-3 Oyamadai
梅本,1,japanese_restaurant,restaurant|diner,尾山台3丁目22-13
Dokke,1,restaurant,japanese_restaurant,"Oyamadai, 3 Chome−22−4 萬安ビル 006号室"
とどろき三丁目五番地,1,restaurant,,等々力3-5-6 2F
やっちゃん,1,japanese_restaurant,sushi_restaurant,等々力3-22-4
Gonzo,1,restaurant,cocktail_bar|italian_restaurant,2 Chome-33-5 Todoroki
なかむら屋,1,restaurant,japanese_restaurant,東京都世田谷区野毛３丁目１−１
N 7110,1,restaurant,italian_restaurant|eat_and_drink,玉川2丁目21-1
ボブや,1,restaurant,commercial_industrial|industrial_company,本所3-3-5
川仙,1,japanese_restaurant,bar,玉川1丁目9-7
恵亭,1,japanese_restaurant,asian_restaurant|eat_and_drink,"Tamagawa, 3 Chome−3−14 二子玉川宝ロイアルハイツ"
菜家二子玉川店,1,japanese_restaurant,asian_restaurant|restaurant,玉川3丁目4-2
玉川倶楽部,1,japanese_restaurant,asian_restaurant|restaurant,"Tamagawa, 3 Chome−4−2 ベルフラット玉川"
二子玉きんしゃい,1,japanese_restaurant,asian_restaurant|restaurant,玉川3丁目13-5
玉川やなぎや,1,japanese_restaurant,restaurant|asian_restaurant,玉川3丁目25-15
アイアンマン,1,japanese_restaurant,steakhouse|restaurant,玉川3丁目13-5
愛菜厨房 リヴィエール,1,restaurant,diner|japanese_restaurant,"Tamagawa, 3 Chome−12−5 リヴィエール玉川"
WOOLSEY,1,bar,restaurant|eat_and_drink,3 Chome-9-7 Tamagawa
とうあん 二子玉川店,1,japanese_restaurant,restaurant,玉川3丁目9-10
黄金屋 二子玉川店,1,japanese_restaurant,restaurant,玉川3丁目10-11
柳小路 仲角,1,japanese_restaurant,eat_and_drink|diner,3 Chome-12-8 Tamagawa
玉春二子玉川,1,japanese_restaurant,,玉川3丁目11-1 柳小路東角1F
柳小路 まるうめ,1,bar,,3 Chome-11-4 Tamagawa
あひるの台所,1,asian_restaurant,restaurant|diner,玉川3丁目14-7
旬采,1,japanese_restaurant,bar|diner,玉川3丁目11-6
Twinkle Futako,1,bar,,"Tamagawa, 3 Chome−10−8 B103"
遊家 二子玉川店,1,japanese_restaurant,diner|restaurant,玉川3丁目10-8
一香庵,1,japanese_restaurant,asian_restaurant|restaurant,3 Chome-17-1 Tamagawa
Giardino,1,restaurant,japanese_restaurant|cafe,玉川3丁目17-1
玉川高島屋 二平,1,japanese_restaurant,,玉川3-7-18
食楽和洋的山,1,japanese_restaurant,restaurant|department_store,玉川3丁目17-1
ガルロ ネロ 玉川高島屋店,1,japanese_restaurant,,玉川3-7-18 玉川高島屋S南館6F
青葉 玉川高島屋S.C店,1,japanese_restaurant,restaurant|asian_restaurant,3 Chome-17-1 Tamagawa
The Veranda,1,restaurant,japanese_restaurant,玉川3丁目17-1
マイキーズ アティック,1,bar,restaurant|fast_food_restaurant,玉川3丁目12-13
ます家 二子玉川店,1,restaurant,,"玉川3丁目9-2, 土屋ビル1F"
串むすび・琢,1,japanese_restaurant,,玉川3丁目5-1
La Shion,1,bar,restaurant|fashion,玉川3丁目5-7
結玉二子玉川店,1,japanese_restaurant,restaurant,玉川2丁目23-1
あぢもだん,1,japanese_restaurant,restaurant|diner,玉川2丁目23-1
香味,1,restaurant,chinese_restaurant|asian_restaurant,東京都世田谷区玉川２丁目２１−１
おほ んdeこ はん,1,japanese_restaurant,restaurant|cafe,東京都世田谷区玉川２丁目２１−１
すみれ家二子玉川店,1,japanese_restaurant,restaurant|asian_restaurant,玉川3丁目20-1
貮古玉一本堂,1,japanese_restaurant,,玉川3-20-2
アッチャカーナ,1,japanese_restaurant,,玉川 3-17-1
二平玉川高島屋南館,1,bar,,玉川3丁目17-1 玉川高島屋南館6F
クルヴェル・キャン,1,restaurant,retail|shopping,玉川3丁目15-7
バニラビーンズ,1,bar,restaurant|gastropub,玉川3丁目23-24
よしざわ,1,japanese_restaurant,restaurant|asian_restaurant,鎌田1丁目7-9
Vega-Tables,1,restaurant,,鎌田3-18-8　2F
山ちゃん亭,1,japanese_restaurant,noodles_restaurant,鎌田3丁目18-14
フロンティアワン,1,restaurant,bar|asian_restaurant,玉川3丁目41-23
ファミレス,1,restaurant,,"Tamagawa, 4 Chome−5−6 グリーンテラスオジマ １F"
嗜好のつまみ,1,bar,restaurant|sushi_restaurant,
ビュッフェ・ビラ  二子玉川,1,buffet_restaurant,cafe|internet_cafe,
ブッフェ・ザ・ヴィラ,1,restaurant,buffet_restaurant|bar,瀬田2丁目32-14
スップル,1,japanese_restaurant,barbecue_restaurant|restaurant,4 Chome-10-20 Tamagawa
Bikaku-shida,1,restaurant,,東京都世田谷区玉川4-14-17
Eroautomania,1,bar,restaurant|pub,瀬田4丁目27-8
志波田,1,japanese_restaurant,restaurant,瀬田4丁目27-7
TOFU HOUSE,1,restaurant,hotel|shopping,玉川台２丁目１０−１５ ルピナス用賀316
うだ家,1,japanese_restaurant,asian_restaurant|restaurant,宇奈根1丁目17-18
赤坂クーポール 砧店,1,diner,restaurant|bar,大蔵4丁目6-1
周作,1,japanese_restaurant,chinese_restaurant,"Kitami, 5 Chome−15−26 グレース喜多見"
Home Cooking Restaurant Ryo,1,japanese_restaurant,asian_restaurant|restaurant,砧3丁目5-3
やしょく処 幸,1,japanese_restaurant,sushi_restaurant|bar,"Kinuta, 3 Chome−5−1 ワコー第７大蔵マンション"
Via,1,bar,cafe|restaurant,砧3丁目5-8
ごうのめし,1,restaurant,japanese_restaurant,東京都世田谷区砧３丁目２−７
ミラン下高井戸店,1,restaurant,,東京都世田谷区大蔵２丁目６
せりゆう 別館大蔵店,1,bar,japanese_restaurant|restaurant,大蔵2丁目4-15
Bucheron,1,restaurant,cafe|coffee_shop,大蔵1丁目16-17
季の葩,1,restaurant,candy_store|bakery,砧1丁目13-3
キッチンマルシェ,1,restaurant,asian_restaurant|chinese_restaurant,大蔵1丁目4-1
用賀インター店,1,fast_food_restaurant,,東京都世田谷区瀬田５－４１－１
用賀倶楽部,1,bar_and_grill_restaurant,restaurant|diner,玉川台2丁目17-16
ながた,1,japanese_restaurant,asian_restaurant,玉川台2丁目22-17
火の国,1,japanese_restaurant,bar|restaurant,桜新町1丁目29-1
テンテンノエルドライブ,1,restaurant,fast_food_restaurant|hot_dog_restaurant,用賀3丁目11-1
Hinaco,1,bar,restaurant,"Yoga, 3 Chome−11−15 メゾンＳＦ 101"
いちぼ,1,japanese_restaurant,restaurant,用賀3丁目11-14
古山,1,japanese_restaurant,restaurant,用賀4丁目31-1
ヨーガロ,1,restaurant,,用賀4-16-10
万さく,1,japanese_restaurant,restaurant|asian_restaurant,用賀3丁目15-6
炭焼処 宮崎,1,japanese_restaurant,restaurant,東京都世田谷区用賀４丁目１３−１２
豚珍かん,1,japanese_restaurant,asian_restaurant|restaurant,用賀4丁目13-12
珠乃や,1,restaurant,japanese_restaurant|sushi_restaurant,東京都世田谷区用賀４丁目１２−２
天穹,1,japanese_restaurant,restaurant|bar,東京都世田谷区用賀４丁目２−３
食彩花ダート,1,restaurant,delicatessen|japanese_restaurant,用賀4丁目12-1
本城,1,japanese_restaurant,,用賀2-15-8
華やぎ,1,restaurant,japanese_restaurant|asian_restaurant,用賀3丁目12-20
米蔵,1,bar,asian_restaurant|japanese_restaurant,用賀2丁目18-7
キイハントー,1,japanese_restaurant,bar,用賀2丁目34-12
花邑,1,japanese_restaurant,restaurant|asian_restaurant,用賀4丁目11-4
百家,1,japanese_restaurant,bar,用賀4丁目3-7
味市場亀,1,japanese_restaurant,restaurant,用賀2丁目38-14
Suigetsu,1,japanese_restaurant,bar,4 Chome-3-13 Yoga
用賀山本屋,1,bar,japanese_restaurant,用賀4丁目11-2
やさいの王様 用賀店,1,vegetarian_restaurant,japanese_restaurant|restaurant,"Yoga, 4 Chome−10−1 世田谷ビジネススクエア テラス１ １階"
すずや用賀店,1,japanese_restaurant,,用賀4丁目10-1
ほろりや石垣,1,japanese_restaurant,restaurant|asian_restaurant,用賀4丁目11-10
かよあん,1,japanese_restaurant,restaurant|diner,用賀4丁目5-15
ブルズガーデン,1,bar,restaurant|cafe,用賀4丁目5-15
さがりばな,1,japanese_restaurant,restaurant,用賀4丁目9-20
ル・シック,1,bar,bar_and_grill_restaurant|restaurant,4 Chome-18-10-102 Yoga
たまがわや,1,japanese_restaurant,restaurant,用賀4丁目18-11
civinova,1,mediterranean_restaurant,restaurant|bar,4 Chome-30-11 Yoga
まる直,1,japanese_restaurant,restaurant|diner,用賀4丁目31-17
ヨッシーズキッチン,1,food_and_drink,restaurant|cafe,弦巻5-6-16-104
古無門,1,japanese_restaurant,asian_restaurant|restaurant,弦巻4丁目14-1
母屋虎幻庭,1,restaurant,asian_restaurant|european_restaurant,弦巻4丁目14-1
ばらえ亭,1,restaurant,coffee_shop,東京都世田谷区弦巻４丁目１９−１４
いなせや 桜新町店,1,japanese_restaurant,restaurant|diner,"Sakurashinmachi, 2 Chome−17−15 サクラビル 1F"
新富,1,japanese_restaurant,restaurant,用賀3丁目5-11
しんとみ,1,restaurant,japanese_restaurant,用賀3丁目5-11
おっこんや,1,japanese_restaurant,,桜新町1-40-10
きさらぎ亭,1,japanese_restaurant,restaurant|asian_restaurant,桜新町1丁目40-10
Yamashita,1,diner,restaurant|bar,新町2丁目22-15
石垣,1,restaurant,bar|japanese_restaurant,新町3丁目22-15
青葉城,1,bar,japanese_restaurant|landmark_and_historical_building,桜新町1丁目12-13
トミ田ヤ,1,japanese_restaurant,,桜新町2-2-11
ALL GREEN island / alley,1,bar,,池尻2-28-8 1F
太子堂「サンカク」,1,restaurant,,東京都世田谷区太子堂5-16-7
Meso メソ,1,restaurant,,東京都世田谷区北沢3-30-3
シロクマ屋,1,japanese_restaurant,restaurant,三軒茶屋１丁目３０−８
桜新町 いとう,1,japanese_restaurant,,東京都
るぴなす,1,japanese_restaurant,,
舟よし,1,japanese_restaurant,restaurant|bar,弦巻2丁目22-15
しぶろく,1,japanese_restaurant,bar|restaurant,駒沢2丁目18-11
マルサラ飲食店,1,restaurant,caterer|diner,"Komazawa, 4 Chome−29−13 4F"
歩夢,1,restaurant,japanese_restaurant|bar,2 Chome-1-13 Shinmachi
五大,1,japanese_restaurant,,東京都世田谷区駒沢3-18-2
駒沢 ひろの亭,1,japanese_restaurant,restaurant,駒沢3丁目14-2
Bough,1,bar_and_grill_restaurant,restaurant|bar,駒沢3丁目14-1
はる 治,1,japanese_restaurant,restaurant|asian_restaurant,駒沢4丁目18-20
家丸駒沢店,1,japanese_restaurant,restaurant,駒沢4丁目18-18
Karicoma,1,restaurant,japanese_restaurant,4 Chome-18-18 Komazawa
Fujii de Minori,1,japanese_restaurant,chicken_restaurant,4 Chome-14-10 Komazawa
備え梅,1,food_and_drink,,
どん松世田谷中央店,1,japanese_restaurant,,新町2丁目27-6 アルカディア1F
豚肉料理専門店 ぶたとろ,1,japanese_restaurant,restaurant|diner,桜新町1丁目30-16
柚むら,1,japanese_restaurant,asian_restaurant|restaurant,深沢6丁目1-13
菜べくら 駒沢公園店,1,japanese_restaurant,theme_restaurant,深沢6丁目14-6
まあまあ屋,1,japanese_restaurant,restaurant|asian_restaurant,深沢5丁目9-5
さちろう,1,japanese_restaurant,restaurant,深沢4丁目33-13
丸樹,1,japanese_restaurant,,深沢5-1-8
ル・コントワール,1,restaurant,desserts|cafe,深沢5丁目2-1
等々力ウェスタンクラブ,1,bar,coffee_shop|cafe,
GHOST,1,bar,coffee_shop|hot_dog_restaurant,中町５-16-1
J star,1,bar,restaurant,東京都世田谷区中町４丁目６−８
ら ぼうふ,1,japanese_restaurant,barbecue_restaurant|restaurant,中町5丁目21-8
世田谷ガーデン倶楽部,1,restaurant,cafe|park,東京都世田谷区用賀１丁目２６−１６
パピー,1,japanese_restaurant,restaurant|diner,上野毛4丁目39-12
Toru’s Diner,1,diner,italian_restaurant,
おいしい富士屋,1,japanese_restaurant,,中町4-28-6
Nimsiki Restaurant,1,asian_restaurant,restaurant|chinese_restaurant,世田谷区中町4-9-3
伊仙,1,japanese_restaurant,seafood_restaurant|bar,"Kaminoge, 1 Chome−18−10 1B"
陣屋,1,japanese_restaurant,restaurant|asian_restaurant,上野毛1丁目27-9
天露,1,japanese_restaurant,restaurant,上野毛1丁目27-9
Tapir's Kitchen,1,bar,delicatessen|restaurant,1 Chome-25-7 Kaminoge
世田谷おかふく,1,japanese_restaurant,restaurant|asian_restaurant,上野毛1丁目24-5
上野手,1,japanese_restaurant,barbecue_restaurant|restaurant,上野毛1丁目29-7
尾山台 山田,1,restaurant,,東京都世田谷区等々力４丁目１２−１４
Naturam,1,japanese_restaurant,restaurant|vegetarian_restaurant,1 Chome-17-16 Tamagawa
昇八,1,japanese_restaurant,eat_and_drink|restaurant,
しゅういち,1,japanese_restaurant,restaurant,等々力3丁目5-7
鉄板や 森太郎,1,japanese_restaurant,restaurant|asian_restaurant,等々力3丁目10-7
Legame レガーメ,1,restaurant,topic_concert_venue,東京都目黒区自由が丘3-13-11
和風すたじお 天野家,1,japanese_restaurant,professional_services|bar,等々力6-21-22
Restaurant Solfege,1,restaurant,diner,"Yakumo, 3 Chome−26−6 1F"
Kinatsu,1,japanese_restaurant,restaurant,"Jiyugaoka, 3 Chome−17−1 リバティヒル B1"
Plus Veganique,1,vegetarian_restaurant,health_food_restaurant|restaurant,1 Chome-19-23 Jiyugaoka
星火,1,japanese_restaurant,restaurant|asian_restaurant,自由が丘1丁目21-4
しちさん,1,japanese_restaurant,,
寿祐,1,japanese_restaurant,restaurant|asian_restaurant,自由が丘1丁目23-4
Restaurant Forest,1,restaurant,seafood_restaurant|steakhouse,1 Chome-16-13 Jiyugaoka
にしきや 自由が丘店,1,japanese_restaurant,restaurant|diner,自由が丘2丁目8-17
Optimum Eats!!,1,japanese_restaurant,restaurant|cafe,自由が丘2丁目9-20
Rekishi no Ichibu,1,japanese_restaurant,restaurant|diner,"Jiyugaoka, 2 Chome−18−17 1F"
白山米店,1,diner,restaurant,自由が丘3丁目6-10
evecome,1,restaurant,,東京都目黒区自由が丘３丁目７−１９
Cowcam,1,japanese_restaurant,,自由が丘2-16-19
AK Plus,1,restaurant,cafe|arts_and_crafts,自由が丘1丁目25-5
ジェントリー,1,bar,bar_and_grill_restaurant|pub,東京都目黒区自由が丘２丁目９−１０
敏腕自由が丘,1,restaurant,japanese_restaurant|bar,自由が丘1丁目26-20
カスタネツト,1,restaurant,cafe|diner,自由が丘2丁目9-23
パトラッシュ,1,bar,cafe|restaurant,1 Chome-2-15 Jiyugaoka
シャポン ファン,1,japanese_restaurant,restaurant|diner,自由が丘1丁目24-6
ハックルベリー,1,bar,restaurant|asian_restaurant,自由が丘1丁目2-15
CHOICE,1,bar,,自由が丘1-2-14
じゆうがおか どっと,1,bar,bar_and_grill_restaurant|park,自由が丘１−３−２４藤巻ビル２０４
波の,1,japanese_restaurant,seafood_restaurant|restaurant,自由が丘1丁目3-22
モトマチ,1,japanese_restaurant,steakhouse|restaurant,自由が丘1丁目25-2
JACK Jiyugaoka,1,bar,restaurant|diner,1 Chome-27-2 Jiyugaoka
ルーブル,1,bar,lounge|pub,1 Chome-25-5 Jiyugaoka
あんてあんて,1,bar,pub|cocktail_bar,"Jiyugaoka, 1 Chome−27−2 ひかり 街1F ひかり街"
Mum,1,bar,lounge|cafe,1 Chome-3-17 Jiyugaoka
豚工房 どんぐり,1,japanese_restaurant,restaurant,自由が丘1丁目3-19
すず家自由が丘店,1,japanese_restaurant,bar,自由が丘1丁目3-21
仲本家,1,japanese_restaurant,bar,緑が丘1丁目14-1
志波田本店,1,japanese_restaurant,restaurant,大岡山1丁目1-4
The都立大学どっとコム,1,bar,arts_and_entertainment|restaurant,中根１丁目５－１
創作料理 どんぐり,1,japanese_restaurant,asian_restaurant|restaurant,八雲1丁目11-18
Blossom Hill,1,restaurant,japanese_restaurant|diner,1 Chome-8-8 Yakumo
お料理ボタ,1,restaurant,french_restaurant,1 Chome-7-18 Yakumo
汐屋 だい稀,1,japanese_restaurant,restaurant,中根1丁目3-4
Free Forest,1,bar,restaurant|japanese_restaurant,"Nakane, 1 Chome−2−8 川上ビル ２階"
すぎの木,1,restaurant,cafe|tea_room,東京都目黒区中根１丁目３−４
あさの,1,japanese_restaurant,restaurant|asian_restaurant,中根1丁目3-17
一ノ坂,1,restaurant,cafe|fast_food_restaurant,東京都目黒区八雲１丁目４−６
松ぼっくり,1,japanese_restaurant,bar|restaurant,東京都目黒区中根１丁目１−８
中根家,1,japanese_restaurant,noodles_restaurant|asian_restaurant,1 Chome-1-10 Nakane
Ihatovo,1,bar,arts_and_entertainment|bar_and_grill_restaurant,中根1丁目1-8
mare,1,restaurant,italian_restaurant,柿の木坂1-30-17-204
メデ イタシ,1,japanese_restaurant,bar,平町1丁目26-6
Little chef,1,restaurant,cafe|japanese_restaurant,東京都目黒区平町１丁目２３−１８
ひのや,1,japanese_restaurant,restaurant|asian_restaurant,平町1丁目25-14
眞月,1,japanese_restaurant,,中根2-13-5
スタリオン,1,bar,american_restaurant|restaurant,中根2丁目13-4
大菊総本店,1,japanese_restaurant,restaurant|diner,平町1丁目25-20
Beniya Kitchen,1,japanese_restaurant,restaurant|diner,1 Chome-5-2 Nakane
季遊庵,1,japanese_restaurant,restaurant|bar,中根1丁目6-7
Segodon,1,japanese_restaurant,,中根2-13-20
おいしみ研究所,1,japanese_restaurant,thai_restaurant|event_planning,目黒区目黒1-24-7
Tsuji-que,1,japanese_restaurant,french_restaurant,1 Chome-9-3 Nakane
UQAN,1,japanese_restaurant,restaurant,"Nakane, 2 Chome−12−5 大菊ビル 2階"
都立大学  Hibusuma,1,food_and_drink,restaurant|public_service_and_government,目黒区八雲
Eneaエネア,1,restaurant,,自由が丘2-11-7　ラトゥールキャンデラ3F
自由が丘 はちのや,1,food_and_drink,cafe|restaurant,
verdell_himonya,1,bar,,碑文谷4-15-17 グランボナール碑文谷1F
野饗のあえ,1,japanese_restaurant,restaurant|asian_restaurant,
toshimasa9,1,restaurant,,中町1-25-19
Quatro 4 Quattro,1,restaurant,bar,八雲1-3
笠井,1,restaurant,diner,八雲3丁目6-22
米沢屋,1,japanese_restaurant,barbecue_restaurant|restaurant,深沢3丁目3-13
ふかさわの台所,1,japanese_restaurant,community_center|community_services_non_profits,2 Chome-15-3 Fukasawa
ハナハナヤノ,1,restaurant,,"八雲5丁目1-16, 八雲フラット 101"
Hanahana Yano,1,japanese_restaurant,asian_restaurant|restaurant,"Yakumo, 5 Chome−1−16 八雲フラット 101"
Kiten,1,japanese_restaurant,chicken_restaurant|bar_and_grill_restaurant,2 Chome-13-31 Higashigaoka
Good Choice TOKYO,1,restaurant,,jiyugaoka zyunnbiru 1F 1-15-10
ルイス亭,1,restaurant,accommodation,
新や,1,bar,restaurant|japanese_restaurant,駒沢1丁目5-16
玄,1,japanese_restaurant,restaurant|diner,"Komazawa, 1 Chome−4−10 佐伯ビル 1F"
GODBLUFF,1,bar,,
Brooklyn Diner Komazawa,1,diner,american_restaurant|restaurant,"Komazawa, 1 Chome−5−9 ニックアーバンハイム駒沢公園 1F アーバンハイム駒沢公園"
本家 小もみじ,1,japanese_restaurant,sushi_restaurant|restaurant,"Komazawa, 2 Chome−12−14 グランドメゾン駒沢 102"
園駒,1,bar,wine_bar|arts_and_entertainment,東京都世田谷区駒沢２丁目１２−１４
儘 man-ma 裏路地,1,bar,restaurant|japanese_restaurant,東京都世田谷区駒沢２丁目１−９
時代おくれ,1,bar,sake_bar|pub,2 Chome-5-14 Komazawa
ココの台所,1,food_truck_stand,restaurant,2 Chome-51-15 Komazawa
Honeycomb come 駒沢,1,bar,sake_bar,東京都世田谷区上馬4-11-25 K&F駒沢1F
CORI,1,vegetarian_restaurant,beer_bar|gastropub,4 Chome-2-20 Kamiuma
駒大商店,1,japanese_restaurant,noodles_restaurant|restaurant,上馬4丁目3-5
大菊野沢,1,japanese_restaurant,sushi_restaurant,野沢4丁目14-9
東京豚道,1,japanese_restaurant,,野沢4丁目21-14 エリア: 駒澤大学
ボテロ,1,japanese_restaurant,restaurant|indian_restaurant,"Nozawa, 2 Chome−30−7 リッツハイム野沢"
げんかや駒沢店,1,japanese_restaurant,restaurant,野沢2丁目30-3
お母ちゃんの味ふっこ,1,restaurant,barbecue_restaurant|japanese_restaurant,野沢2-3-4
ねぎ坊主,1,japanese_restaurant,bar|restaurant,2 Chome-5-23 Nozawa
柿の木坂ロフト,1,bar,pub|beer_garden,柿の木坂3-1-1
三喜平,1,japanese_restaurant,sushi_restaurant|restaurant,下馬3丁目16-8
世田谷肉処さかもと,1,japanese_restaurant,restaurant|steakhouse,下馬4丁目3-9
夢鉄砲 中目黒,1,japanese_restaurant,sushi_restaurant,青葉台1-25-13 B1F
Aurora アウローラ,1,bar,,下目黒2丁目
ごっつい祐天寺,1,japanese_restaurant,bar,祐天寺2-3-6
Kitchen D.Factory,1,fast_food_restaurant,restaurant|american_restaurant,目黒本町３丁目５−１５ CHIYODAビル 1F
Tractor,1,bar,cafe|restaurant,nakameguro 1-3-5
西口アオギリ,1,bar,sake_bar,東京都目黒区鷹番３丁目１４−５
Qwan,1,restaurant,european_restaurant|fast_food_restaurant,3 Chome-33-2 Gohongi
舌雅,1,japanese_restaurant,bar|barbecue_restaurant,鷹番3丁目19-11
あさとや,1,japanese_restaurant,sushi_restaurant|restaurant,東京都目黒区五本木３丁目２６−３
晴庵,1,japanese_restaurant,asian_restaurant|restaurant,鷹番3丁目19-21
丸はし総本店,1,japanese_restaurant,noodles_restaurant,"Takaban, 3 Chome−19−5 丸橋総本店ビル"
黒澤惣三商店,1,japanese_restaurant,restaurant,3 Chome-19-7 Takaban
El Rossello,1,bar,bar_and_grill_restaurant|restaurant,"Takaban, 3 Chome−14−6 林生花園"
外海,1,bar,sake_bar,鷹番3丁目7-12
Shirakawa Gakugei Daigaku,1,restaurant,asian_restaurant|japanese_restaurant,鷹番3-14-6
Revolver46,1,restaurant,sake_bar|tapas_bar,鷹番3丁目6-16
Até,1,diner,,鷹番3丁目15-18-102
ナルカミ,1,japanese_restaurant,sake_bar|restaurant,鷹番3丁目21-18
まっこち鶏隆,1,japanese_restaurant,restaurant|chicken_restaurant,鷹番3丁目5-1
KACKY'S,1,restaurant,,鷹番3丁目4-13
木と,1,comfort_food_restaurant,sake_bar|restaurant,東京都目黒区鷹番３丁目４−１３
梅蔵,1,japanese_restaurant,restaurant|bar,"Himonya, 6 Chome−7−3 インクルール学大ビル 2F"
ひもん家,1,japanese_restaurant,,碑文谷6丁目1-20
36 House,1,japanese_restaurant,bar,6 Chome-14-12 Shimouma
さかえ屋,1,japanese_restaurant,sushi_restaurant,目黒本町3丁目20-1
川さき,1,japanese_restaurant,,目黒本町2-4-5
Plant Planet Shirokanedai,1,restaurant,vegetarian_restaurant|cafe,"Megurohoncho, 2 Chome−3−1 1F"
Hide et J(イデ),1,restaurant,japanese_restaurant|bar,"Megurohoncho, 1 Chome−16−4 第一司法書士合同ビル"
朝倉,1,japanese_restaurant,smoothie_juice_bar|chicken_restaurant,下目黒6丁目17-21
サンマルシェ,1,restaurant,,目黒本町1丁目14-24 1F
でんでぢ,1,bar,japanese_restaurant|beer_bar,中央町1丁目3-8
トクスエ,1,japanese_restaurant,restaurant,中央町1丁目5-10
カブ,1,japanese_restaurant,restaurant,中央町1丁目10-12
altnoi,1,bar,,鷹番2-9-5
SITA 学芸大学店,1,japanese_restaurant,,"Takaban, 2 Chome−5−20 1F"
金谷丸,1,bar,,鷹番2丁目8-21
sync,1,japanese_restaurant,restaurant|asian_restaurant,鷹番2丁目8-21
biji,1,asian_restaurant,restaurant|vegetarian_restaurant,鷹番2丁目5-17
ento,1,vegetarian_restaurant,restaurant|wine_bar,"Takaban, 2 Chome−5−17 コーポ丸基 105"
鷹番 朝日屋,1,japanese_restaurant,,
Eightablish,1,restaurant,,鷹番1丁目7-11 1F
美やこ,1,japanese_restaurant,restaurant|asian_restaurant,鷹番2丁目18-13
風乃詩,1,restaurant,japanese_restaurant|cafe,鷹番2丁目18-15
あらちゃん,1,japanese_restaurant,restaurant|barbecue_restaurant,鷹番3丁目4-13
ニノマエ,1,bar,japanese_restaurant|restaurant,東京都目黒区鷹番3-3-11
ねこにこ飯,1,japanese_restaurant,restaurant|bar,東京都目黒区鷹番３丁目３−１０
彦一,1,japanese_restaurant,restaurant|chicken_restaurant,鷹番3丁目3-10
久慈川,1,japanese_restaurant,restaurant|asian_restaurant,鷹番3丁目3-10
ラーロ不思義や,1,bar,dance_club|restaurant,鷹番3丁目3-10
Sunny Side Raincolor,1,japanese_restaurant,restaurant,"Takaban, 2 Chome−8−21 プロヴァンス G・U 審美館 102 プロヴァンヌGU審美館"
ケムマキ,1,japanese_restaurant,restaurant,"Takaban, 2 Chome−15−11 2階"
らくらく,1,japanese_restaurant,restaurant,鷹番2丁目19-23
キャベツ亭,1,japanese_restaurant,restaurant,鷹番2丁目20-9
ベジタブルキッチンボラボラ,1,restaurant,asian_restaurant|japanese_restaurant,鷹番3丁目1-9
ロ・スパッィオ,1,restaurant,coffee_shop|cafe,鷹番3丁目3-5
ぼっかけや,1,japanese_restaurant,bar|sushi_restaurant,3 Chome-3-19 Takaban
ひとひら,1,bar,restaurant|japanese_restaurant,鷹番3丁目3-19
壱福商店,1,bar,restaurant|eat_and_drink,東京都目黒区鷹番３丁目３−１４
Prism 学芸大学,1,bar,sake_bar,東京都目黒区下目黒５丁目
401夜市,1,bar,restaurant,鷹番3-8-10
楽生茶屋,1,bar,,鷹番3-7-4
ZETAB,1,bar,karaoke,3 Chome-7-4 Takaban
Premier1,1,pub,bar|cocktail_bar,3 Chome-7-4 Takaban
件,1,japanese_restaurant,,鷹番3-7-4
Kudan,1,japanese_restaurant,restaurant|asian_restaurant,"Takaban, 3 Chome−7−4 関口ビル 1F"
学芸大学 メランコリー,1,japanese_restaurant,restaurant|noodles_restaurant,鷹番3-1-4
リリーブ,1,bar,,鷹番2丁目20-19 エリア: 学芸大学
フィレンツェ 学芸大学,1,restaurant,cafe,鷹番3-8-2　サザン学芸大学1階
げってん,1,japanese_restaurant,restaurant,鷹番2丁目20-17
味楽家,1,restaurant,vegetarian_restaurant|barbecue_restaurant,鷹番3丁目1-1
BUNDA.42,1,bar,japanese_restaurant|pub,鷹番3丁目8-10
Lesson,1,restaurant,cafe|bar,鷹番3丁目7-1
武甲,1,japanese_restaurant,,2 Chome-21-17 Takaban
海の家 あそなる,1,bar,restaurant|eat_and_drink,鷹番2丁目21-15
旬鮮和彩,1,japanese_restaurant,seafood_restaurant,鷹番3丁目9-5
しもつけ,1,japanese_restaurant,asian_restaurant,鷹番3丁目9-6
味心,1,japanese_restaurant,restaurant|asian_restaurant,"Takaban, 2 Chome−21−4 ホワイトハイム鷹番"
サノ松,1,japanese_restaurant,sushi_restaurant,鷹番2-21-4ホワイトハイム鷹番102
さくらい,1,japanese_restaurant,restaurant|asian_restaurant,鷹番2丁目21-17
Kitchen AQUA,1,bar,,鷹番3-7-10
国田屋,1,japanese_restaurant,sushi_restaurant|restaurant,鷹番2丁目21-19
鷹番貞,1,japanese_restaurant,sake_bar|restaurant,鷹番2丁目21-6
VOVO,1,restaurant,indian_restaurant,鷹番2丁目21-8
一哲,1,japanese_restaurant,cafe|barbecue_restaurant,東京都目黒区鷹番２丁目２０−１９
きんか,1,bar,restaurant|asian_restaurant,鷹番2丁目20-19
炙や89,1,japanese_restaurant,asian_restaurant|restaurant,鷹番2丁目20-19
茶割,1,japanese_restaurant,tea_room|restaurant,鷹番2丁目20-19
しゃれねずみ,1,bar,pub|lounge,鷹番2丁目20-16
Farm Studio 203,1,restaurant,chinese_restaurant,"Takaban, 2 Chome−20−4 学大十字街ビル ２０３"
2nd,1,bar,lounge|cocktail_bar,"Takaban, 2 Chome−20−4 学大十字街ビル 丁目"
RAW SOUP,1,live_and_raw_food_restaurant,soup_restaurant,東京都目黒区中央町２丁目３０−２３
花たこ,1,japanese_restaurant,asian_restaurant,中央町2丁目36-11
五本木響,1,japanese_restaurant,restaurant|diner,中央町2丁目36-7
いりこ家,1,japanese_restaurant,restaurant|comfort_food_restaurant,中央町2丁目35-15
EIMZ,1,bar,restaurant,2 Chome-54-15 Gohongi
海新山,1,japanese_restaurant,restaurant,五本木2丁目53-8
翔び翔,1,bar,japanese_restaurant|restaurant,2 Chome-42-3 Gohongi
花きりん,1,japanese_restaurant,restaurant|coffee_shop,祐天寺2丁目17-11
マルニハム,1,restaurant,grocery_store|shopping,中町2丁目48-24
カレイドスコープ,1,restaurant,cafe,目黒区中町2-42-1
五本木食ラボ!,1,fast_food_restaurant,,五本木2-15-12
いちょう,1,japanese_restaurant,restaurant|asian_restaurant,五本木2丁目15-2
亜華司弥,1,asian_fusion_restaurant,pan_asian_restaurant|sushi_restaurant|restaurant,五本木2丁目15-3
たきした,1,japanese_restaurant,sake_bar|sushi_restaurant,中町2丁目38-2
美かわ家,1,japanese_restaurant,restaurant|asian_restaurant,中央町2丁目11-13
さか昭本店,1,japanese_restaurant,desserts|restaurant,"Nakacho, 1 Chome−37−13 さか昭ビル"
都賀,1,japanese_restaurant,restaurant|food_stand,中町1丁目36-7
あめつち,1,japanese_restaurant,restaurant|sake_bar,中町1丁目35-7
せりた,1,japanese_restaurant,restaurant,中町1丁目35-9
タツミ農園,1,restaurant,japanese_restaurant|eat_and_drink,"Nakacho, 1 Chome−8−12-101 目黒サンハイム"
GMT,1,restaurant,shopping|thai_restaurant,中町1丁目8-12
ゆふ徳,1,japanese_restaurant,asian_restaurant|restaurant,目黒4丁目12-2
肉和創菜道,1,japanese_restaurant,asian_fusion_restaurant|restaurant,目黒4丁目11-1
Kabi,1,japanese_restaurant,restaurant|asian_restaurant,4 Chome-10-8 Meguro
まんざら,1,japanese_restaurant,asian_restaurant|restaurant,目黒4丁目14-5
eujun,1,bar,restaurant|bar_and_grill_restaurant,中町1丁目5-13
菌屋Variations,1,japanese_restaurant,professional_services,中目黒 5-28-14ウィン祐天寺102
ぶたや まめ蔵,1,japanese_restaurant,,目黒3-14-6
Gosse,1,bar,,目黒2丁目10-15
目黒キッチン,1,japanese_restaurant,comfort_food_restaurant,東京都目黒区目黒２丁目１１−１２
ぬく,1,japanese_restaurant,restaurant|diner,中目黒4丁目8-14
笹や,1,japanese_restaurant,bar,東京都目黒区目黒１丁目２４−６
Mark's Tokyo,1,japanese_restaurant,restaurant|diner,1 Chome-23-14 Meguro
大宝,1,japanese_restaurant,restaurant,目黒1丁目6-15
teppan仁六,1,japanese_restaurant,,目黒1-6-16
And.K,1,bar,lounge|pub,"Meguro, 1 Chome−6−16 明洞 6F ビル"
真打,1,japanese_restaurant,restaurant|diner,"Meguro, 1 Chome−6−16 Ｂ１Ｆ"
Marcelo's,1,restaurant,israeli_restaurant|asian_restaurant,"Shimomeguro, 1 Chome−5−16 目黒サンライズマンション Marcelo's"
めぐろ大黒屋,1,japanese_restaurant,restaurant,目黒2丁目8-4
La Oficina,1,bar,,1 Chome-24-19 Meguro
バタンガ セブン,1,bar,restaurant|pub,目黒1丁目24-19
ナッツ,1,restaurant,bar|cafe,目黒1丁目24-19
勝丸,1,japanese_restaurant,restaurant,目黒2丁目8-10
きーとどん,1,restaurant,diner|cafe,目黒2丁目10-9
尋目黒店,1,japanese_restaurant,bar|restaurant,下目黒2丁目21-28
目黒 4,1,bar,bar_and_grill_restaurant|pub,東京都目黒区下目黒２丁目２−１３
川せみ,1,japanese_restaurant,restaurant|diner,下目黒2丁目17-23
Chum Apartment,1,restaurant,cafe|coffee_shop,下目黒2丁目23-3
Tateno,1,japanese_restaurant,eat_and_drink,2 Chome-17-24 Shimomeguro
バチェラー,1,japanese_restaurant,restaurant|diner,下目黒2丁目21-19
向三軒両隣,1,restaurant,,"目黒3丁目11-9, PLUGビル 1F"
チャベ目黒通り店,1,japanese_restaurant,,目黒3丁目12-7 バルビゾンビル48 2階
ダイス,1,bar_and_grill_restaurant,restaurant|bar,東京都目黒区下目黒２丁目１６−２１
みなとや,1,food_and_drink,japanese_restaurant,
らかん亭,1,japanese_restaurant,restaurant|cafe,下目黒3丁目20-11
Original Color New York,1,vegetarian_restaurant,cafe,"Shimomeguro, 3 Chome−20−11 菊地ビル"
Nepu,1,japanese_restaurant,restaurant,3 Chome-10-35 Shimomeguro
海老民本店,1,japanese_restaurant,asian_restaurant|noodles_restaurant,下目黒3丁目11-10
ゆかわ 目黒本店,1,japanese_restaurant,restaurant|bar,小山台2丁目2-13
紅葉屋,1,bar,japanese_restaurant|sushi_restaurant,目黒本町4丁目1-19
kel+,1,restaurant,diner,"Koyamadai, 1 Chome−8−7 三友ハイツ"
坂や,1,bar,sake_bar|pub,西五反田4丁目27-7
来夢,1,japanese_restaurant,bar|french_restaurant,"Nishigotanda, 4 Chome−27−5 ドム不動前 301"
B&R,1,restaurant,japanese_restaurant|indian_restaurant,小山台1丁目24-1
串キング,1,japanese_restaurant,bar_and_grill_restaurant,小山台1丁目23-5
KollaBo,1,japanese_restaurant,korean_restaurant|barbecue_restaurant,小山3丁目23-6
スキップキッズ 武蔵小山店,1,restaurant,cafe|smoothie_juice_bar,小山2丁目6-17
角から二軒目チッチ,1,bar,japanese_restaurant|restaurant,2 Chome-17-35 Koyama
串もんや武蔵小山店,1,japanese_restaurant,asian_restaurant|restaurant,小山3丁目7-14
Gonbo,1,bar,restaurant|pub,小山3丁目14-6
いちりん,1,bar,sake_bar|restaurant,小山3丁目13-15
barudista,1,bar,karaoke,小山3丁目13-3
味房,1,bar,japanese_restaurant|restaurant,小山3丁目21-23
紀乃里,1,bar,sushi_restaurant|sake_bar,小山2丁目9-15
おいしいやかわいいや,1,restaurant,desserts|candy_store,東京都品川区荏原２丁目１８−５
やすみ屋,1,japanese_restaurant,restaurant|sushi_restaurant,荏原2丁目17-13
風車,1,japanese_restaurant,restaurant,荏原3丁目5-4
川よし,1,japanese_restaurant,asian_restaurant|restaurant,荏原3丁目4-10
まきの武蔵小山,1,japanese_restaurant,restaurant,荏原3丁目8-5
さんきち,1,japanese_restaurant,restaurant,小山3丁目12-10
楽苦美,1,japanese_restaurant,restaurant|asian_restaurant,3 Chome-3-26 Ebara
角壱,1,japanese_restaurant,restaurant,"Koyama, 3 Chome−22−7 メゾンイズミ １１６"
鉄板屋,1,japanese_restaurant,,小山3丁目22-7
博多鶴ふく,1,japanese_restaurant,restaurant|diner,"Koyama, 3 Chome−24−11 グリーンハイツ 2Ｆ"
AM A LAB,1,restaurant,bar|topic_concert_venue,小山3丁目24-14
炙りま専科,1,japanese_restaurant,restaurant|bar,小山3丁目24-7
じらい屋,1,japanese_restaurant,restaurant|asian_restaurant,小山4丁目4-17
やぎ,1,restaurant,bar|cafe,小山4丁目4-16
風は南から,1,japanese_restaurant,asian_restaurant|restaurant,小山4丁目4-2
Everlasting,1,bar,restaurant|gastropub,4 Chome-3-5 Koyama
京,1,japanese_restaurant,restaurant|asian_restaurant,小山4丁目10-3
川匠,1,japanese_restaurant,,小山4-9-7
YAE,1,japanese_restaurant,,"Megurohoncho, 5 Chome−7−11 三幸ビル １Ｆ"
うねめファーム東京,1,bar,eat_and_drink,目黒本町５－２０－１
Masakichi,1,japanese_restaurant,restaurant,5 Chome-2-8 Megurohoncho
食彩 きく直,1,japanese_restaurant,,小山4-1-13
ハトヤ,1,japanese_restaurant,asian_restaurant|restaurant,小山4丁目1-12
HOME BUDDY,1,japanese_restaurant,barbecue_restaurant|restaurant,小山3-4-21
ジーナ,1,bar,bar_and_grill_restaurant|coffee_shop,小山4丁目1-17
ボニート・ボニート,1,japanese_restaurant,restaurant,小山4丁目1-8
はし山,1,japanese_restaurant,mountain|sushi_restaurant,東京都品川区小山４丁目３−１３
季作,1,japanese_restaurant,asian_restaurant|restaurant,小山4丁目3-13
鼓,1,japanese_restaurant,,小山4丁目2-3 ザ シティ武蔵小山3F
しゃち,1,japanese_restaurant,bar|asian_restaurant,小山4丁目2-5
牛太郎,1,japanese_restaurant,restaurant|asian_restaurant,4 Chome-3-13 Koyama
カルバス,1,bar,japanese_restaurant,小山4丁目3-11
寅圭武蔵小山店,1,japanese_restaurant,restaurant|asian_restaurant,小山4丁目4-21
Shinori,1,japanese_restaurant,bar|restaurant,3 Chome-25-14 Koyama
佐一,1,japanese_restaurant,restaurant|bar,小山3丁目19-4
武蔵小山商店,1,bar,eat_and_drink|restaurant,小山3丁目2-5
あかゆ,1,bar,cafe|restaurant,小山４丁目-１-６ \nファースト OK ビル 101
RingRoom,1,bar,sake_bar|restaurant,"Koyama, 4 Chome−1−6 ファーストOKビル 104"
黒之助,1,bar,restaurant|karaoke,目黒本町5丁目1-4
acero,1,bar,restaurant|italian_restaurant,目黒本町3丁目5-7
武蔵小山 きすけ,1,bar,japanese_restaurant|sushi_restaurant,目黒本町3丁目5-1
かおちゃん家deめしくい亭,1,restaurant,bar|japanese_restaurant,小山3丁目4-21
亜檀,1,japanese_restaurant,asian_restaurant|bar,小山3丁目5-19
楽観武蔵小山店,1,japanese_restaurant,food_beverage_service_distribution,目黒本町3丁目3-12
すい~とぴ~,1,japanese_restaurant,coffee_shop|asian_restaurant,目黒本町３－１５－６
豚太郎,1,japanese_restaurant,sake_bar|bar,3 Chome-7-16 Megurohoncho
くいしんぼう がぶ,1,japanese_restaurant,restaurant,目黒本町3丁目7-9
Takuzo,1,japanese_restaurant,restaurant|bar,目黒本町5丁目18-19
か子,1,japanese_restaurant,bar|diner,"Megurohoncho, 5 Chome−14−13 目黒コーポ"
三陽本店,1,japanese_restaurant,asian_restaurant|restaurant,目黒本町4丁目1-3
奈古味,1,japanese_restaurant,restaurant|asian_restaurant,目黒本町5丁目33-1
秘密厨房-Himitsu Kitchen-,1,restaurant,eat_and_drink|delicatessen,東京都目黒区目黒本町４丁目１６−７
勝よし,1,japanese_restaurant,restaurant,1 Chome-4-2 Himonya
どん松目黒中央店,1,japanese_restaurant,,目黒本町6丁目21-11 プリムローズ1F
碑文谷坂本,1,japanese_restaurant,restaurant|diner,"Himonya, 1 Chome−4−20 Kanna碑文谷 1F-2号"
あきた,1,japanese_restaurant,restaurant|asian_restaurant,目黒本町4丁目17-17
うみの,1,japanese_restaurant,chinese_restaurant|restaurant,碑文谷1丁目14-13
Yaoya Hanare,1,japanese_restaurant,,東京都目黒区鷹番3-3-12 B1F
B&W,1,bar,karaoke|driving_range,目黒区自由が丘1-7-13 クレオビル4階
碑文谷 吉法師,1,japanese_restaurant,restaurant,
碑文谷 朝日屋,1,japanese_restaurant,restaurant,
le bon week-end,1,food_and_drink,candy_store|bar,原町1丁目25-8
どん太郎,1,japanese_restaurant,restaurant|bar,原町2丁目2-19
nabenoren,1,japanese_restaurant,bar|restaurant,目黒本町5丁目8-12
千味家,1,bar,restaurant|japanese_restaurant,原町1丁目3-16
板屋越,1,japanese_restaurant,bar,洗足1丁目1-1
fujimi do 243,1,japanese_restaurant,bar|restaurant,1 Chome-3-15 Haramachi
波止場,1,japanese_restaurant,restaurant,東京都目黒区原町１丁目３−１５
日本燻製協会,1,bar,restaurant|cafe,
La vita,1,bar,restaurant|diner,東京都目黒区原町１丁目４−５
ぴーす,1,bar,restaurant|japanese_restaurant,原町1丁目6-8
大国屋,1,japanese_restaurant,bar,1 Chome-6-12 Haramachi
デスパシオ,1,restaurant,,原町1丁目8-9
杉山亭,1,restaurant,european_restaurant|japanese_restaurant,小山6丁目1-3
こんがり家,1,japanese_restaurant,restaurant|barbecue_restaurant,小山6丁目11-2
金菜,1,bar,restaurant,東京都目黒区洗足１丁目２７−１２
都,1,restaurant,japanese_restaurant,南3丁目9-13
けんけん山,1,food_truck_stand,japanese_restaurant|bar,大岡山1-6-4
みずしま,1,japanese_restaurant,barbecue_restaurant|restaurant,南3丁目11-20
Restaurant Sai,1,restaurant,japanese_restaurant|diner,北千束1丁目29-3
Nagano,1,food_and_drink,wholesale_grocer|restaurant,1 Chome-39-3 Kitasenzoku
二の丸,1,japanese_restaurant,,北千束1-53-5
エビス 洗足総本店,1,japanese_restaurant,chinese_restaurant|restaurant,洗足2丁目25-19
すぎやま,1,japanese_restaurant,restaurant|eat_and_drink,東京都目黒区洗足２丁目２３−１０
学芸大学ggd,1,comfort_food_restaurant,,鷹番３-3-16　宮澤ビル1階
かじ吉,1,bar,chinese_restaurant|japanese_restaurant,洗足2丁目24-13
LDK,1,bar,,"Koyama, 7 Chome−16−3 ヴィラ洗足 B1"
S/S/A/W,1,fast_food_restaurant,asian_restaurant|health_and_medical,東京都
海老重,1,pub,bar|dance_club,小山6丁目8-16
ビゴーテ,1,japanese_restaurant,restaurant|diner,小山6丁目6-12
にしこやまぴーす,1,bar,restaurant|pub,小山6丁目6-6
じゅんいち,1,japanese_restaurant,sushi_restaurant|bar,小山6丁目5-14
オオツキ商店,1,bar,bar_and_grill_restaurant,"Koyama, 6 Chome−5−14 西小山ハイツ"
Pork Yankees,1,fast_food_restaurant,restaurant,6 Chome-5-16 Koyama
2nd door,1,bar,sake_bar|pub,"Koyama, 6 Chome−4−10 2F"
Chiisakatta Onna,1,japanese_restaurant,restaurant|asian_restaurant,"Koyama, 5 Chome−25−14 カーサファイブ 1階"
一鞍,1,japanese_restaurant,restaurant|asian_restaurant,荏原5丁目7-19
ふきの灯,1,japanese_restaurant,restaurant|diner,"Nakanobu, 2 Chome−9−7 寿山ビル"
じろう,1,japanese_restaurant,restaurant,西中延1丁目8-16
サカナ エア,1,bar,,旗の台1丁目1-14 大沼ビル1F
ウずマキ,1,bar,tiki_bar|sake_bar,西中延2丁目15-20
ノートル・クゥル,1,restaurant,,中延3丁目1-1
蒲眞商店,1,japanese_restaurant,home_goods_store|gardener,2 Chome-15-16 Nakanobu
くわじ,1,japanese_restaurant,restaurant,中延2丁目16-8
かずさ,1,japanese_restaurant,,中延4丁目3-4
いいとこどり,1,japanese_restaurant,bar,
みよしや,1,japanese_restaurant,restaurant|diner,西中延3丁目15-7
アウンキッチン,1,japanese_restaurant,restaurant|diner,旗の台2丁目1-8
旗の台 紫龍,1,restaurant,japanese_restaurant|asian_restaurant,旗の台３－１１－１３
道草庭,1,restaurant,japanese_restaurant|steakhouse,6 Chome-10-4 Hatanodai
ピット・イン,1,bar,,旗の台2丁目13-12
がんがん,1,bar,japanese_restaurant|restaurant,旗の台2丁目6-5
亜壇,1,bar,restaurant|japanese_restaurant,旗の台2丁目6-8
功刀屋,1,japanese_restaurant,noodles_restaurant|restaurant,旗の台2丁目7-4
Aticoco,1,japanese_restaurant,sake_bar|restaurant,"Hatanodai, 2 Chome−13−14 1F"
マドレーヌ旗の台,1,bar,,"Hatanodai, 3 Chome−12−2 マドレーヌビル 2F"
豚風。,1,japanese_restaurant,,"Hatanodai, 3 Chome−12−5 フォトナ旗の台"
ウサギヤ,1,bar,beer_garden|beer_bar,東京都品川区旗の台３丁目１１−８
あらき,1,japanese_restaurant,sushi_restaurant|restaurant,旗の台3丁目11-9
笛家,1,japanese_restaurant,asian_restaurant|restaurant,旗の台3丁目13-3
かね久,1,japanese_restaurant,restaurant,旗の台4丁目7-3
チキドン,1,bar,restaurant|chicken_restaurant,旗の台4丁目7-3
やきくら,1,japanese_restaurant,bar|lounge,東京都品川区旗の台５丁目７−８
舟武,1,japanese_restaurant,restaurant|diner,旗の台5丁目7-9
一翔,1,japanese_restaurant,,東京都品川区旗の台5-2-5メゾンボア旗の台１F
ととやみち,1,restaurant,eat_and_drink|japanese_restaurant,
Table No. 2,1,restaurant,bar,5 Chome-15-8 Hatanodai
上池ダイナー,1,restaurant,diner,東京都大田区上池台１丁目１０−３
焼家 はる,1,bar,restaurant|pub,上池台1丁目7-1
かんも -Kammo-,1,bar,japanese_restaurant|restaurant,中延5-9-10
ガッツーリ,1,restaurant,italian_restaurant|burger_restaurant,中延5丁目7-9
のり平,1,japanese_restaurant,restaurant|bar,中延5丁目7-11
HALCOHA,1,bar,cafe|bar_and_grill_restaurant,"Nakanobu, 5 Chome−7−5 First Kuzumaki Building, 2F"
ゆうすけ,1,japanese_restaurant,noodles_restaurant,中延5丁目7-5
亀義,1,japanese_restaurant,asian_restaurant|restaurant,中延5丁目2-6
エビス 荏原町総本店,1,japanese_restaurant,restaurant|diner,中延5丁目8-1
バブルフィッシュ,1,bar,,中延５-５−１
リック・ユー,1,pub,shopping|clothing_store,5 Chome-6-12 Nakanobu
ちゃーりー,1,bar,,中延5-14-3
Washuba 151A,1,japanese_restaurant,restaurant|diner,北馬込2丁目49-14
さくらのしたで,1,japanese_restaurant,bar|gastropub,北馬込2丁目49-14-B１F
豆たく,1,japanese_restaurant,sake_bar|restaurant,北馬込2丁目3-6
にこ,1,restaurant,japanese_restaurant,"Nakanobu, 5 Chome−13−13 ハイツベルグ荏原"
奴,1,japanese_restaurant,restaurant|barbecue_restaurant,2 Chome-35-7 Kitamagome
梅もと,1,japanese_restaurant,restaurant|asian_restaurant,北馬込2丁目32-9
芥子の坊,1,japanese_restaurant,restaurant|diner,中馬込2丁目25-2
串もんや 馬込店,1,japanese_restaurant,restaurant|diner,"Nakamagome, 2 Chome−26−6 サンファスト中馬込"
Epices de Bonheur,1,restaurant,diner|cafe,4 Chome-45-10 Kamiikedai
三日月料理店,1,restaurant,diner,上池台1丁目17-3
四代目 音羽屋,1,bar,pub|arts_and_entertainment,"Kamiikedai, 1 Chome−20−21 ｢三津屋ビル1F｣"
一力上池台店,1,japanese_restaurant,restaurant,上池台2丁目31-15
笛吹,1,fast_food_restaurant,,上池台2-31-2
寿々川,1,japanese_restaurant,restaurant|river,上池台2丁目39-11
我舎,1,bar,japanese_restaurant|restaurant,東雪谷2丁目20-12
Spit Fire,1,restaurant,steakhouse|fast_food_restaurant,東雪谷2丁目14-1
BASIL,1,restaurant,grocery_store|eat_and_drink,東雪谷2丁目4-16
Mong Mong,1,japanese_restaurant,,羽田旭町3-6
ゆずる羽,1,bar,comfort_food_restaurant,西蒲田7-29-3 第三久保井ビル 3F
大岡山 大和田,1,japanese_restaurant,,北千束
肉屋敷,1,japanese_restaurant,,大森中2-22-4
双葉家本店,1,asian_restaurant,restaurant|japanese_restaurant,東京都大田区南千束３丁目７−１１
山ちやん,1,japanese_restaurant,restaurant|asian_restaurant,北千束2丁目29-8
モミの木,1,restaurant,cafe|eat_and_drink,北千束3丁目25-13
Hanadokei,1,restaurant,asian_restaurant|cafe,3 Chome-23-5 Kitasenzoku
むらもと,1,japanese_restaurant,restaurant,北千束3丁目31-6
三鶴,1,japanese_restaurant,barbecue_restaurant|bar,東京都大田区北千束３丁目２９−１２
ごっつい大岡山,1,japanese_restaurant,restaurant|diner,北千束3丁目25-10
龍飛,1,japanese_restaurant,restaurant|bar,3 Chome-28-6 Kitasenzoku
つかさ,1,japanese_restaurant,restaurant|bar,北千束1丁目49-3
九絵,1,japanese_restaurant,sushi_restaurant|restaurant,大岡山2丁目2-1
あつぽん,1,japanese_restaurant,chicken_restaurant|barbecue_restaurant,"Okusawa, 3 Chome−45−2 ２Ｆ"
和天吉,1,japanese_restaurant,restaurant|asian_restaurant,奥沢3丁目31-10
満る川,1,japanese_restaurant,restaurant|asian_restaurant,奥沢4丁目26-10
いちご,1,japanese_restaurant,restaurant|diner,"Okusawa, 4 Chome−27−12 パトラ奥沢 １F"
味の店 ゾーミン,1,japanese_restaurant,,奥沢5丁目13-1
Y's Diner,1,diner,japanese_restaurant|restaurant,"Okusawa, 2 Chome−10−7 伊賀ビル 1F"
Okusawa Village,1,food_and_drink,bar|event_planning,東京都世田谷区奥沢２丁目９−２３
ひより,1,bar,japanese_restaurant|sake_bar,奥沢2丁目6-9
奥沢 ますぶち,1,japanese_restaurant,,奥沢2丁目6-9
たのしみち,1,japanese_restaurant,asian_restaurant|restaurant,奥沢2丁目11-8
イルンゴ,1,bar,cafe,奥沢2丁目12-6
仁松庵,1,japanese_restaurant,restaurant|asian_restaurant,奥沢2丁目37-9
うか珠緑が丘奥沢,1,restaurant,sake_bar|japanese_restaurant,奥沢2丁目23-2
つのだ,1,japanese_restaurant,sushi_restaurant|asian_restaurant,奥沢2丁目23-2
ごはん畑,1,restaurant,cafe|attractions_and_activities,奥沢2丁目26-4
Legare,1,bar,,緑が丘3-2-1
ミキシン ミクスリーム Mix'n Mixream,1,restaurant,bakery,東京都目黒区緑が丘２丁目２５−７
みきとう,1,restaurant,,東京都目黒区緑が丘二丁目25-17 T-oneビル1階
ヒラクヤ,1,japanese_restaurant,bar|restaurant,緑ヶ丘2丁目17-12
のびる,1,restaurant,japanese_restaurant|diner,2 Chome-16-19号 Midorigaoka
フェリーチェ 緑が丘店,1,japanese_restaurant,,東京都目黒区緑が丘２丁目１６−１９
Busenante,1,restaurant,bar|lounge,"Jiyugaoka, 1 Chome−3−14 伊勢元ビル 3F"
笑門,1,japanese_restaurant,bar|restaurant,"Jiyugaoka, 1 Chome−3−14 伊勢元ビル 1階"
歩ム,1,japanese_restaurant,,自由が丘1-3-14
仙花,1,japanese_restaurant,noodles_restaurant|restaurant,自由が丘1丁目12-5
極楽亭,1,japanese_restaurant,restaurant|bar,自由が丘1丁目12-5
Tio,1,pub,bar|restaurant,1 Chome-12-5 Jiyugaoka
LaLuce  自由が丘,1,bar,music_venue|shopping,
渡来武,1,japanese_restaurant,asian_restaurant,自由が丘1丁目12-4
かとりや,1,japanese_restaurant,restaurant,自由が丘1丁目12-9
阿波乃里,1,japanese_restaurant,bar,自由が丘1丁目12-9
とら,1,japanese_restaurant,restaurant|bar,自由が丘1丁目11-1
Magico,1,bar,cafe|restaurant,自由が丘1丁目14-15
Nossabolo,1,restaurant,,自由が丘1-14-16
七福朗,1,japanese_restaurant,restaurant|diner,自由が丘1丁目14-15
喜多由,1,japanese_restaurant,restaurant,自由が丘1丁目26-7
七味亭,1,japanese_restaurant,restaurant,1 Chome-29-14 Jiyugaoka
ヨシナリ商店,1,japanese_restaurant,restaurant|bar,自由が丘1丁目29-7
まーに,1,restaurant,diner,"Jiyugaoka, 1 Chome−28−8 デパート 3F"
味の一番,1,japanese_restaurant,restaurant|asian_restaurant,東京都目黒区自由が丘１丁目２８−８
鉄板家 シュウ,1,japanese_restaurant,restaurant|diner,自由が丘1丁目28-8
串 ステラ,1,japanese_restaurant,restaurant|bar,東京都目黒区自由が丘１丁目２８−８
金田,1,japanese_restaurant,bar|restaurant,自由が丘1丁目11-4
ほさかや,1,japanese_restaurant,restaurant,自由が丘1丁目11-5
ラベンダーキッチン,1,restaurant,japanese_restaurant|diner,自由が丘1丁目10-5
ざっくばらん,1,restaurant,japanese_restaurant|bar,東京都目黒区自由が丘２丁目１１−７
自由が丘もやし,1,japanese_restaurant,eat_and_drink,"Jiyugaoka, 2 Chome−11−7 ３階"
てつたろう,1,japanese_restaurant,sake_bar,自由が丘2丁目11-7
せんきち 自由が丘,1,japanese_restaurant,,
B'2nd Jiyugaoka,1,bar,,
SOU,1,bar,restaurant|diner,自由が丘1丁目7-13
アダムスジャパン自由が丘店,1,japanese_restaurant,,"Jiyugaoka, 1 Chome−8−1 3F"
仁,1,japanese_restaurant,eat_and_drink,自由が丘1丁目12-6
ばってん,1,japanese_restaurant,restaurant|bar,自由が丘1丁目12-9
山久,1,japanese_restaurant,restaurant,自由が丘1丁目7-3
とよ田,1,bar,chicken_restaurant|japanese_restaurant,自由が丘1丁目7-5
八沢川,1,japanese_restaurant,restaurant|asian_restaurant,奥沢5丁目25-12
Posso Fumare Okusawa Rest Area,1,pub,bar|restaurant,奥沢5丁目24-7
みつばち,1,japanese_restaurant,restaurant,奥沢5丁目20-17
ひぶすま家,1,japanese_restaurant,asian_restaurant,奥沢5丁目20-13
杜若,1,japanese_restaurant,asian_restaurant|restaurant,奥沢5丁目20-11
トクベツ。,1,japanese_restaurant,,東京都世田谷区奥沢５丁目２８−１５
なんた浜,1,japanese_restaurant,bar|restaurant,"Jiyugaoka, 1 Chome−8−20 自由が丘第１ビル 4階"
ダイス自由が丘店,1,japanese_restaurant,restaurant|bar,自由が丘2丁目12-17
Dana Point 自由が丘,1,restaurant,,東京都目黒区自由が丘2-14-5舘山ビル2F
Pellme,1,japanese_restaurant,asian_restaurant|restaurant,"Okusawa, 6 Chome−34−1 コンテント自由が丘 １F"
瓢六亭 自由が丘,1,japanese_restaurant,,奥沢6-33-14
jiyonas,1,bar,ethiopian_restaurant|restaurant,奥沢6-33-14もみの木ビル2F
菜道,1,vegan_restaurant,,自由が丘2丁目15-10
イーストエイジ,1,japanese_restaurant,shopping,自由が丘2丁目14-18
京乃臣,1,japanese_restaurant,restaurant|asian_restaurant,自由が丘2丁目14-2
豚島,1,japanese_restaurant,bar|island,東京都目黒区自由が丘２丁目１４−２
丸栄,1,japanese_restaurant,,自由が丘2丁目11-16
ひなたキッチン,1,bar,restaurant|beer_bar,自由が丘2丁目11-16
比内邸,1,japanese_restaurant,restaurant|diner,自由が丘2丁目11-16
柿ひで,1,japanese_restaurant,restaurant|diner,"Jiyugaoka, 2 Chome−11−16 リビリテビル 地下１階"
瀬戸,1,japanese_restaurant,,自由が丘2-11-16
Stone Grill Nic,1,japanese_restaurant,korean_restaurant|asian_restaurant,自由が丘2丁目15-6
TELLUS,1,bar,,奥沢7-19-17
雫石,1,japanese_restaurant,,奥沢６丁目２８−４
うしお,1,japanese_restaurant,,東京都世田谷区奥沢６丁目２２−１２
有楽庵,1,japanese_restaurant,sushi_restaurant|restaurant,奥沢8丁目32-11
つか乃,1,japanese_restaurant,sushi_restaurant|asian_restaurant,奥沢6丁目5-12
福風,1,japanese_restaurant,sake_bar,奥沢8丁目1-21
炙り家えん,1,japanese_restaurant,restaurant|diner,"Okusawa, 5 Chome−37−10 １F"
自由が丘修,1,japanese_restaurant,sushi_restaurant,奥沢5-40-4
粉と卵,1,restaurant,bakery|candy_store,奥沢5丁目2-5
兵隊屋,1,japanese_restaurant,restaurant|asian_restaurant,田園調布3丁目14-10
兵隊家,1,japanese_restaurant,,田園調布3-14-10
急坂,1,bar,active_life|sports_club_and_league,
貴島,1,japanese_restaurant,restaurant|asian_restaurant,田園調布3丁目4-4
田園調布おのだ,1,japanese_restaurant,restaurant|asian_restaurant,2 Chome-50-1 Denenchofu
平八,1,japanese_restaurant,restaurant,田園調布2丁目50-2
柊,1,japanese_restaurant,restaurant|asian_restaurant,田園調布2丁目50-3
田園調布 あけぼの,1,japanese_restaurant,,田園調布2-51-8
かどもと,1,japanese_restaurant,asian_restaurant|restaurant,田園調布2丁目39-11
nassbees,1,bar,bar_and_grill_restaurant|lounge,東京都大田区田園調布２丁目３５−１２
すじいち,1,japanese_restaurant,barbecue_restaurant,奥沢4丁目1-2
まつの家,1,japanese_restaurant,asian_restaurant,南雪谷1丁目4-2
クエルヤ,1,japanese_restaurant,restaurant|diner,19-7 Yukigayaotsukamachi
たけもと,1,japanese_restaurant,restaurant,南雪谷2丁目12-6
赤星,1,bar,japanese_restaurant|restaurant,南雪谷2丁目19-3
一丁,1,japanese_restaurant,restaurant|asian_restaurant,南雪谷2丁目18-2
OVAL,1,bar,,南雪谷2-18-2
龍の神,1,japanese_restaurant,sushi_restaurant|restaurant,南雪谷2丁目17-12
浜しん,1,japanese_restaurant,restaurant|asian_restaurant,2 Chome-15-24 Minamiyukigaya
でんえん,1,restaurant,japanese_restaurant,田園調布1丁目36-12
串よし亭,1,japanese_restaurant,restaurant|asian_restaurant,田園調布2丁目23-6
小池商店,1,japanese_restaurant,restaurant|diner,田園調布4丁目46-10
田園調布倶楽部,1,restaurant,,田園調布1-52-17
梅もと 多摩川店,1,japanese_restaurant,restaurant,
Fu-Haku Tokyo,1,restaurant,,
Tamagawa Diner,1,diner,restaurant|japanese_restaurant,"Denenchofu, 1 Chome−55−20 浅間ビル 5号"
ロネテテ,1,restaurant,,田園調布1丁目11-10 1F
ワイルドバンチプロジェクト,1,bar,restaurant|dance_club,28-5 Denenchofuhoncho
田園調布赤松,1,restaurant,farm|livestock_breeder,田園調布本町57-16
Naganuma,1,restaurant,european_restaurant|diner,6-2 Higashiminemachi
つねや,1,japanese_restaurant,restaurant|asian_restaurant,久が原2丁目14-25
鯰屋,1,japanese_restaurant,sushi_restaurant,3 Chome-19-17 Higashiyukigaya
高砂,1,japanese_restaurant,restaurant,上池台3丁目32-10
ヒルビュウ,1,japanese_restaurant,restaurant|diner,上池台3丁目47-6
kitchen KOTOYA,1,japanese_restaurant,diner|restaurant,東京都大田区上池台５丁目３７−２
西河屋,1,japanese_restaurant,restaurant|candy_store,5 Chome-38-3 Kamiikedai
とんちやん,1,restaurant,bar|sake_bar,東雪谷5丁目9-6
蒼風堂,1,japanese_restaurant,,中馬込3-26-13
エビス 西馬込店,1,restaurant,japanese_restaurant|sushi_restaurant,東京都大田区南馬込５丁目４２−３
たくま,1,japanese_restaurant,asian_restaurant|restaurant,南馬込5丁目39-7 
八塩折 西馬込店,1,japanese_restaurant,bar|restaurant,"Minamimagome, 5 Chome−30−17 ハイム小川"
若尾,1,pub,bar|restaurant,西馬込2丁目18-17
セルクル,1,restaurant,desserts|bar,東京都大田区仲池上２丁目２２−２０
岡村家,1,restaurant,asian_restaurant|japanese_restaurant,東京都大田区仲池上２丁目２０−６
道玄坂マンモス,1,japanese_restaurant,,
ツルマキッチン,1,japanese_restaurant,bar,弦巻5丁目6-16
Cossott'e,1,japanese_restaurant,asian_restaurant|restaurant,弦巻2丁目9-11
Azur,1,restaurant,japanese_restaurant|diner,2 Chome-41-13 Komazawa
Kioto,1,restaurant,fast_food_restaurant|bar,
Bonnie&Fried.tokvo,1,food_truck_stand,,
Magic House,1,cafeteria,,4-20 Kamiyoga 2-Chōme
山之内,1,japanese_restaurant,sushi_restaurant,桜丘3丁目1-2
アミ,1,food_and_drink,,桜丘1丁目1-1 常磐松会館1F
Kamiuma Asahiya,1,japanese_restaurant,,1-6 桜3丁目
椎ノ木,1,restaurant,diner|eat_and_drink,桜3-7-13
Mugi kamiuma ASAHIYA,1,japanese_restaurant,restaurant,東京都世田谷区上馬５丁目１６−１６
imoco,1,japanese_restaurant,,世田谷1-15-6
桃の木 世田谷,1,bar,cafe|bar_and_grill_restaurant,世田谷1‐18‐13
HUTCHERSON,1,asian_restaurant,japanese_restaurant,"Setagaya, 1 Chome−15−12 ２Ｆ"
うろこ雲,1,restaurant,sushi_restaurant|japanese_restaurant,世田谷1丁目15-12
鮮菜料理尚禅,1,bar,diner|pub,世田谷4丁目1-14
Portlate,1,bar,,"Wakabayashi, 3 Chome−17−3 トーコー商事"
セキ ハナレ,1,japanese_restaurant,asian_restaurant|restaurant,世田谷3丁目1-3
ニコニコ家,1,restaurant,desserts|bakery,世田谷1丁目24-12
ぷちぼぬーる,1,bar,restaurant|asian_restaurant,世田谷1丁目24-14
Regaretto,1,restaurant,school|active_life,世田谷区世田谷4-1-11
燈灯亭,1,japanese_restaurant,asian_restaurant|restaurant,世田谷2丁目15-3
勢得,1,japanese_restaurant,asian_restaurant,桜丘3丁目24-4
とらまつ,1,japanese_restaurant,restaurant,"Kinuta, 4 Chome−5−26 ルポールビル2F"
エッセン,1,restaurant,,砧6-28-5
フェイス,1,bar,,砧8丁目4−15 鈴木第1ビル地下1階
yu.u.ka.ri.so.u,1,japanese_restaurant,,東京都世田谷区砧８丁目４−１５
G-Men,1,japanese_restaurant,,8 Chome-4-17 Kinuta
JTAN,1,japanese_restaurant,asian_restaurant,砧8丁目5-18
ことら,1,japanese_restaurant,barbecue_restaurant|restaurant,"Kinuta, 8 Chome−5−18 Fill88 2F"
りぶぅ,1,japanese_restaurant,restaurant|sake_bar,"Kinuta, 8 Chome−5−18 ｆｕｌｌ ８８ 1F"
やまじゅう,1,japanese_restaurant,bar,砧8丁目6-26
栗天,1,japanese_restaurant,restaurant,砧8丁目13-8
鶯屋,1,japanese_restaurant,,東京都世田谷区砧８丁目１０−１
Ikeda,1,bar,music_venue|restaurant,祖師谷3丁目4-8
まほら処福家,1,japanese_restaurant,restaurant|asian_restaurant,祖師谷3丁目23-2
紅玉,1,bar,sake_bar|restaurant,祖師谷3丁目1-17
b.e.park 祖師ヶ谷大蔵,1,restaurant,asian_restaurant|japanese_restaurant,東京都世田谷区祖師谷３丁目３１−３
サンセリテ 祖師谷店,1,food_and_drink,,祖師谷1丁目10-6
kitchen fumi,1,japanese_restaurant,restaurant,祖師谷1丁目9-14
ラディーチェ,1,bar,,祖師谷1丁目9-9
松尾製麦,1,japanese_restaurant,,祖師谷1丁目9-14
ゴホウビダイナー,1,bar,burger_restaurant|diner,東京都世田谷区祖師谷１丁目９−９
菜ころ,1,restaurant,bar|sake_bar,東京都世田谷区祖師谷３丁目３１−６
わこうど,1,japanese_restaurant,restaurant|diner,祖師谷1丁目8-17
亀山社中,1,bar,japanese_restaurant|sake_bar,"Soshigaya, 1 Chome−8−17 丸芳横丁２F"
勘八,1,japanese_restaurant,restaurant,1 Chome-8-17 Soshigaya
古代楼,1,bar,restaurant|asian_restaurant,1 Chome-8-17 Soshigaya
Soshigaya Peco,1,bar,restaurant|japanese_restaurant,祖師谷1丁目9-5
八福,1,japanese_restaurant,restaurant|asian_restaurant,"Kinuta, 2 Chome−21−2 ハイムいとぐち"
よつ葉,1,japanese_restaurant,asian_restaurant|noodles_restaurant,桜丘2丁目13-8
cure,1,bar,restaurant,桜丘5丁目20-12
当八,1,bar,sushi_restaurant|japanese_restaurant,祖師谷1丁目11-10
斗,1,japanese_restaurant,restaurant|asian_fusion_restaurant,祖師谷1丁目35-4
旬彩 ともえ家,1,japanese_restaurant,,祖師谷1丁目37-9
セモンクール,1,restaurant,cafe|delicatessen,東京都世田谷区祖師谷1-35-6 グレイスゼルコバ101
ノクトンブル,1,bar,,祖師谷4丁目24-23 横山ビル1階
旬菜 すがや,1,japanese_restaurant,asian_restaurant|restaurant,船橋1丁目7-3
たか島,1,japanese_restaurant,restaurant|asian_restaurant,千歳台1丁目40-10
きのこの,1,food_and_drink,,船橋1丁目14-1
株式会社絆,1,restaurant,,船橋1-6-4
行辺,1,japanese_restaurant,asian_restaurant|restaurant,1 Chome-5-13 Funabashi
藤木商店,1,japanese_restaurant,smoothie_juice_bar|butcher_shop,"Funabashi, 1 Chome−7−1 ホワイトヴィラ千歳船橋"
KIRIN,1,japanese_restaurant,restaurant|bar,"Funabashi, 1 Chome−7−1 ホワイトヴィラ千歳船橋"
Kuro,1,japanese_restaurant,bar|restaurant,"Funabashi, 1 Chome−1−12 臼井ビル 1F"
ケンチカ,1,japanese_restaurant,restaurant|chicken_restaurant,4 Chome-20-5 Kyodo
宮城野,1,japanese_restaurant,restaurant,船橋1丁目30-2
いちまる,1,bar,fast_food_restaurant|lounge,船橋1丁目29-10 
あんろーざ,1,diner,japanese_restaurant|restaurant,船橋1丁目11-10
あずまや 千歳船橋店,1,japanese_restaurant,,1 Chome-11-10 Funabashi
芝浜,1,japanese_restaurant,restaurant,船橋1丁目11-1
なぎ屋千歳船橋店,1,japanese_restaurant,restaurant|asian_restaurant,桜丘2丁目28-17
ZIN,1,restaurant,steakhouse|bar,"Sakuragaoka, 2 Chome−20−7 伊東ショッピングセンター 2F"
せぴあ亭,1,japanese_restaurant,restaurant|cafe,桜丘2丁目26-14
我家,1,japanese_restaurant,restaurant|asian_restaurant,2 Chome-26-16 Sakuragaoka
フェボック,1,bar,asian_restaurant|arts_and_entertainment,桜丘2丁目20-7
Pote,1,restaurant,bar|italian_restaurant,"Kyodo, 4 Chome−6−8 田島ビル"
Cotocoto,1,japanese_restaurant,restaurant,桜丘2丁目29-21
久弥,1,japanese_restaurant,asian_restaurant|restaurant,"Sakuragaoka, 2 Chome−29−21 稲荷ビル 101"
さざ家,1,bar,japanese_restaurant|pub,桜丘2丁目29-21
かんぴょう,1,bar,restaurant|japanese_restaurant,桜丘2丁目29-19
かんじゃま古屋,1,restaurant,diner|bar,経堂4丁目7-7
五明の向かい,1,bar,restaurant|japanese_restaurant,"Sakuragaoka, 2 Chome−29−19 第三稲荷ビル 102"
あぶり,1,japanese_restaurant,asian_restaurant|restaurant,桜丘2丁目29-14
Oh huggy Setagaya,1,japanese_restaurant,,桜丘2-29-11 マンタビル1F
マッシーナ メッシーナ,1,japanese_restaurant,restaurant|diner,宮坂1丁目9-5
かみ山,1,japanese_restaurant,restaurant,経堂5-29-21
産地の風,1,bar,cafe|grocery_store,経堂1丁目26-15
ごっつい経堂,1,japanese_restaurant,barbecue_restaurant,経堂1丁目26-14
春樹経堂店,1,japanese_restaurant,restaurant,経堂1丁目4-10
Trompa,1,bar,sake_bar|japanese_restaurant,経堂1丁目6-12
慶-kei,1,restaurant,food_beverage_service_distribution,東京都世田谷区宮坂1-34-3-101
ことこと庭,1,japanese_restaurant,restaurant|cafe,経堂1丁目12-4
Jet Nitoro,1,japanese_restaurant,restaurant|bar,経堂1丁目12-5
鉄板焼 ミナテラス,1,japanese_restaurant,restaurant|diner,1 Chome-12-5 Kyodo
はしぐち亭,1,japanese_restaurant,restaurant|diner,経堂1丁目11-13
つるすけ,1,japanese_restaurant,restaurant,1 Chome-25-16 Kyodo
Cozi Cozi House,1,japanese_restaurant,restaurant|asian_restaurant,"2F, 1 Chome-11-8 Kyodo"
Loco,1,bar,cafe,1 Chome-25-2 Miyasaka
バレアリック飲食店,1,restaurant,diner,宮坂1丁目38-19
すみび屋泰,1,japanese_restaurant,restaurant|diner,若林4丁目27-2
一二三,1,japanese_restaurant,restaurant,若林4丁目24-15
トロッコ,1,cupcake_shop,coffee_shop|cafe,東京都世田谷区世田谷３丁目７−１
河野亭,1,restaurant,cafe,世田谷区桜丘1-18-3
Gavy Setagaya ギャビー セタガヤ,1,japanese_restaurant,vegetarian_restaurant|cafe,世田谷2-6-5
慈恩,1,japanese_restaurant,bar,世田谷2丁目6-1
くし蔵,1,japanese_restaurant,restaurant,世田谷2丁目5-1
たけのこ,1,japanese_restaurant,fast_food_restaurant,"Setagaya, 3 Chome−3−1 1F"
いづみ家,1,japanese_restaurant,restaurant,世田谷3丁目1-26
深澤,1,restaurant,bar,世田谷3丁目17-7
京おおばん,1,japanese_restaurant,candy_store,"Setagaya, 4 Chome−13−18 クミハウス１F"
えんとつ,1,restaurant,cafe,世田谷4丁目14-34
Pure Tips,1,food_and_drink,tea_room|restaurant,"Wakabayashi, 4 Chome−25−5 モデリアデイズ松陰神社-E"
松陰鶴水,1,japanese_restaurant,restaurant|diner,4 Chome-20-10 Wakabayashi
TIKA,1,asian_restaurant,japanese_restaurant|bar,"Wakabayashi, 4 Chome−20−7 タイガープラザ B1"
どんからり,1,japanese_restaurant,asian_restaurant|restaurant,世田谷4丁目2-12
いろり亭,1,japanese_restaurant,barbecue_restaurant|asian_restaurant,世田谷4丁目4-19
ivre.,1,restaurant,diner,"Setagaya, 4 Chome−2−7 AK世田谷B"
PicaPica,1,japanese_restaurant,restaurant|asian_restaurant,世田谷4丁目4-19
fukuiku,1,japanese_restaurant,,世田谷4丁目6-12
三河屋世田谷店,1,restaurant,butcher_shop|fast_food_restaurant,世田谷4丁目1-10
宗谷,1,bar,diner|sake_bar,世田谷4丁目3-18
石竹,1,restaurant,noodles_restaurant|japanese_restaurant,1 Chome-17-3 Wakabayashi
朔,1,japanese_restaurant,restaurant,若林1丁目18-1
森泉,1,japanese_restaurant,restaurant|bar,若林1丁目17-3
修平庵,1,japanese_restaurant,,1 Chome-8-25 Wakabayashi
Bone-T 三軒茶屋店,1,japanese_restaurant,restaurant|diner,"Taishido, 4 Chome−20−8 マガザン三軒茶屋 3 3F"
さんじゅうまる,1,japanese_restaurant,restaurant|sushi_restaurant,太子堂4丁目20-25
いなせや,1,japanese_restaurant,restaurant,太子堂4丁目20-24
じゃいあーるえー,1,bar,,太子堂2-17-5 シークラウド三軒茶屋B1F
いそげん,1,japanese_restaurant,bar|restaurant,東京都世田谷区太子堂４丁目２２−１１
味とめ,1,japanese_restaurant,asian_restaurant|restaurant,太子堂4丁目23-7
Riar,1,restaurant,italian_restaurant|bar,
かべや,1,japanese_restaurant,noodles_restaurant,4 Chome-4-14 Taishido
かしわや 三軒茶屋店,1,japanese_restaurant,restaurant,太子堂4丁目1-1
ろんど,1,japanese_restaurant,restaurant|bar,太子堂4丁目22-14
マザーハウス,1,japanese_restaurant,bar|asian_restaurant,4 Chome-22-13 Taishido
せい家三軒茶屋店,1,japanese_restaurant,restaurant|asian_restaurant,4 Chome-23-15 Taishido
三茶一九,1,japanese_restaurant,,"Taishido, 4 Chome−23−16 B1F"
佐とう 三軒茶屋北口店,1,japanese_restaurant,restaurant,太子堂4丁目23-4
京都大将軍にしむら,1,bar,japanese_restaurant|restaurant,太子堂4丁目23-4
高葉屋,1,japanese_restaurant,,三軒茶屋2丁目13-13
Restaurant Sky Carrot,1,japanese_restaurant,restaurant|diner,太子堂4丁目1-1
HiDE,1,restaurant,cafe,太子堂4丁目6-2
BUENO,1,restaurant,gastropub|bar,太子堂4丁目8-2
ごりちゃん,1,japanese_restaurant,,"Sangenjaya, 2 Chome−16−12 志村ビル 一階"
一軒茶屋きんざざ,1,japanese_restaurant,bar|sake_bar,"Sangenjaya, 2 Chome−16−12 植松ビル 24 2階"
よし,1,bar,restaurant|japanese_restaurant,三軒茶屋2丁目14-16
32016,1,bar,,三軒茶屋2-14-12
おかえりー,1,japanese_restaurant,sake_bar|bar,2-chōme-13 Sangenjaya
四軒茶屋 yoncha,1,bar,cafe|arts_and_entertainment,三軒茶屋2-14-12三元ビル5F
tuak jam,1,bar,cafe,三軒茶屋2丁目14-12
クジラ荘,1,hot_dog_restaurant,restaurant|fast_food_restaurant,三軒茶屋2丁目13-10
A-Bridge,1,bar,cafe|restaurant,三軒茶屋2丁目14-12
雲水,1,bar,pub|cocktail_bar,三軒茶屋2丁目13-10
壱語屋,1,japanese_restaurant,restaurant|barbecue_restaurant,三軒茶屋1丁目37-8
32,1,bar,dance_club,2 Chome-13-18 Sangenjaya
PePe,1,bar,japanese_restaurant|tapas_bar,"Sangenjaya, 2 Chome−13−9 ゆうらく通り"
Ward Sangenjaya,1,bar,lounge|pub,"Sangenjaya, 2 Chome−13−9 1F"
KUNIKAGE,1,japanese_restaurant,asian_restaurant|restaurant,2 Chome-14-16 Sangenjaya
ちさとちゃん,1,bar,japanese_restaurant|restaurant,三軒茶屋2丁目13-19
Osaka,1,japanese_restaurant,restaurant|asian_restaurant,2 Chome-13-9 Sangenjaya
三軒茶屋天風,1,japanese_restaurant,eat_and_drink,"Sangenjaya, 2 Chome−13−19 １階"
Jackie,1,bar,,"Sangenjaya, 2 Chome−14−14 高橋ビル 202"
Tremoriya,1,restaurant,bar|chicken_restaurant,三軒茶屋2丁目13-6
五天山,1,bar,japanese_restaurant|mountain,三軒茶屋2丁目13-7
みるまま,1,japanese_restaurant,restaurant|sushi_restaurant,三軒茶屋1丁目36-13
志が良,1,japanese_restaurant,sushi_restaurant,1 Chome-36-12 Sangenjaya
Camp Kitchen CLAMP,1,japanese_restaurant,restaurant,1 Chome-36-13 Sangenjaya
雫月,1,bar,,三軒茶屋1丁目40-4
三一八,1,japanese_restaurant,restaurant|diner,"Sangenjaya, 1 Chome−40−4 ALH 三軒茶屋 1F"
流庵三軒茶屋店,1,japanese_restaurant,restaurant|asian_restaurant,三軒茶屋1丁目40-4
三軒茶屋 ろことんて,1,restaurant,cafe,太子堂ハイム 世田谷区三軒茶屋1-40-14
糧,1,japanese_restaurant,restaurant|asian_restaurant,三軒茶屋1丁目41-15
十方,1,japanese_restaurant,restaurant|bar,太子堂1丁目12-23
アレックス,1,restaurant,japanese_restaurant|diner,東京都世田谷区三軒茶屋１丁目４１−１１
WHOOPi,1,bar,pub|beer_garden,1 Chome-41-11 Sangenjaya
五臓六腑 久,1,restaurant,asian_restaurant|japanese_restaurant,2 Chome-15-8 Taishido
マルノワテーブルりんどう,1,restaurant,eat_and_drink,世田谷区太子堂2-20-7
MER,1,restaurant,,池尻1-11-10
El Nido,1,bar,,1 Chome-11-8 Ikejiri
Shin's Place,1,japanese_restaurant,restaurant,2 Chome-1-1-102 Taishido
あかんぼ,1,japanese_restaurant,bar|comfort_food_restaurant,太子堂4丁目30-27
ビーワン,1,bar,restaurant,太子堂4丁目30-27
すこぶる,1,bar,japanese_restaurant|bar_and_grill_restaurant,東京都世田谷区太子堂４丁目２８−９
Everyday Meals,1,restaurant,asian_restaurant|fast_food_restaurant,太子堂4丁目28-9
WAKAZE TOKYO,1,restaurant,,太子堂1丁目15-12
てっぽうや,1,japanese_restaurant,restaurant,"Taishido, 2 Chome−23−2 ラフィン2 2F"
ジョーズマン2号店,1,restaurant,bar|japanese_restaurant,
ネギデナク/Negidenaku,1,bar,restaurant,東京都世田谷区太子堂４丁目１７−１０
蔦,1,bar,restaurant|asian_restaurant,太子堂4丁目27-7
Route Agare,1,restaurant,bar,2-18-3 Taishido
武屋,1,japanese_restaurant,restaurant,太子堂4丁目26-13
三茶喜楽堂,1,japanese_restaurant,asian_restaurant|restaurant,太子堂4丁目25-6
ペロハレ,1,bar,,太子堂4丁目25-6
寿屋 ことや 三軒茶屋,1,japanese_restaurant,chicken_restaurant|restaurant,太子堂4丁目25-6
喜庄,1,japanese_restaurant,restaurant|asian_restaurant,"Wakabayashi, 5 Chome−7−11 ラ・フォーレ・ドール"
豚とバラの日々,1,bar,restaurant|pub,太子堂4丁目29-1
Sunking,1,bar,lounge,太子堂2丁目22-9
ちるとsake,1,japanese_restaurant,tapas_bar,東京都世田谷区太子堂２丁目２２−１１
帆凪,1,japanese_restaurant,,太子堂2-29-3
サンチャ フカミ,1,japanese_restaurant,,太子堂3丁目14-8
Kikuya Rene,1,restaurant,liquor_store|french_restaurant,太子堂5丁目1-12
Raramuri,1,restaurant,,太子堂5-15-2
キクヤ 三軒茶屋,1,restaurant,bar,東京都世田谷区太子堂５丁目１−１２
かどっこ,1,japanese_restaurant,bar,若林5丁目3-10
Sancharbird,1,restaurant,,東京都世田谷区太子堂5-28-2
天里,1,japanese_restaurant,restaurant|asian_restaurant,東京都世田谷区太子堂５丁目２８−２
奥三茶 たまや,1,japanese_restaurant,tea_room|asian_restaurant,太子堂5丁目16-7
レッドホットママーズ,1,japanese_restaurant,,三宿1丁目3-22 2A
炭火焼 くぼ田,1,japanese_restaurant,barbecue_restaurant|restaurant,三宿1丁目3-22
フラワー,1,bar,,3 Chome-28-6 Ikejiri
tabeloop(たべるーぷ),1,food_and_drink,,三宿1-3-21ヒラネビル1階
grey hanare,1,bar,,東京都世田谷区三宿1-3-18 ボナール石井2F
ツキノマド,1,japanese_restaurant,,三宿1丁目3-18
浅野,1,japanese_restaurant,sushi_restaurant|restaurant,東京都世田谷区池尻３丁目２１−２５
保月,1,japanese_restaurant,bar|restaurant,池尻3丁目19-13
池尻八代井亭,1,japanese_restaurant,,池尻3-20-2
みんなのぶた 池尻店,1,japanese_restaurant,restaurant|diner,池尻3丁目19-5
おわん,1,japanese_restaurant,restaurant|diner,池尻2丁目26-7
池尻寅,1,bar,asian_restaurant|pub,池尻2丁目34-16
和み盆屋,1,japanese_restaurant,,池尻3-25-18
725,1,bar,pub|lounge,池尻3-28-6
Wakana,1,japanese_restaurant,asian_restaurant|restaurant,池尻3丁目28-6
Okada Garlic,1,restaurant,japanese_restaurant|italian_restaurant,池尻2丁目34-12
Cava,1,restaurant,,3 Chome-23-5 Ikejiri
ハニー・ビー,1,bar,restaurant|movers,池尻3丁目24-2
庵狐三宿店,1,japanese_restaurant,asian_restaurant|sake_bar,池尻2丁目37-20
Yabeke,1,bar,restaurant|sake_bar,2 Chome-34-1 Ikejiri
柿乃木,1,japanese_restaurant,asian_restaurant|restaurant,池尻2丁目19-7
クラブシーズエンタテイメント,1,bar,pub|cocktail_bar,東京都世田谷区池尻３丁目３０−４
ガネック,1,japanese_restaurant,restaurant|sushi_restaurant,東京都世田谷区池尻３丁目３０−１２
トゥインズ,1,food_and_drink,,池尻2丁目36-1
鏡屋,1,restaurant,japanese_restaurant|bar,池尻3丁目29-3
串源,1,japanese_restaurant,restaurant|asian_restaurant,太子堂2丁目32-2
ほていや本店,1,japanese_restaurant,restaurant,太子堂2丁目32-3
General Store Mikawaya,1,diner,italian_restaurant|french_restaurant,"Taishido, 2 Chome−8−11 モアナハウス B1F"
うちごはん,1,japanese_restaurant,sushi_restaurant|diner,東京都世田谷区池尻２丁目８−７
せたがやキッチン,1,restaurant,,池尻2-3-11
IZAYA,1,japanese_restaurant,sushi_restaurant|restaurant,東山 1丁目17-3
トゥリアニーオ,1,japanese_restaurant,cafe,1 Chome-5-9 Higashiyama
角レ,1,japanese_restaurant,,目黒区青葉台1-30-2
Kyo-ya Karasuma,1,japanese_restaurant,restaurant|diner,"Kamimeguro, 1 Chome−15−11 カーサピッコラ中目黒 2階"
kosamme,1,japanese_restaurant,bar,"Aobadai, 1 Chome−30−2 The City Nakameguro, 3F Ⅱ"
KIJIMA,1,japanese_restaurant,eat_and_drink|bar,青葉台1丁目23-3
久,1,japanese_restaurant,restaurant,東京都目黒区青葉台１丁目２１−６
WANTS,1,bar,italian_restaurant|restaurant,青葉台1丁目17-2
アルテカイ,1,japanese_restaurant,restaurant|diner,青葉台1丁目17-2
兎馬,1,bar,japanese_restaurant,青葉台1丁目28-7
オンセ 中目黒店,1,restaurant,eat_and_drink|beer_bar,青葉台1丁目28-7
ぎゅーぎゅー,1,japanese_restaurant,restaurant|sushi_restaurant,
AWkitchen,1,japanese_restaurant,restaurant|diner,東山1丁目22-3
山和,1,japanese_restaurant,restaurant,東山1丁目15-5
東山無垢,1,japanese_restaurant,restaurant,東山1-15-5
飲食店,1,restaurant,,"Higashiyama, 1 Chome−3−6 ２F"
安穏戊,1,japanese_restaurant,restaurant|diner,青葉台1丁目28-3
やまや,1,japanese_restaurant,restaurant|bar,青葉台1丁目28-11
香家中目黒店,1,japanese_restaurant,asian_restaurant|restaurant,青葉台1丁目28-1
Bird Lab.,1,japanese_restaurant,restaurant,"Aobadai, 1 Chome−25−6 JU JAPAN AOBADAI 5F"
クラフタル,1,japanese_restaurant,,青葉台1丁目16-11 2F
CRAFTALE,1,theme_restaurant,restaurant,1 Chome-16-11 Aobadai
ヘリアンタス,1,restaurant,cafe|coffee_shop,東京都目黒区青葉台１丁目１６−１２
ひぐらし,1,japanese_restaurant,restaurant,青葉台1丁目25-10
CANTEEN,1,bar,japanese_restaurant|restaurant,"Aobadai, 1 Chome−16−15 ２Ｆ"
Arl Eee nakameguro,1,bar,cafe|restaurant,"Aobadai, 1 Chome−14−4 コントラル中目黒 1階"
初場所 中目黒,1,restaurant,sake_bar,青葉台1-27-1
だれかれ,1,japanese_restaurant,restaurant,東山2丁目4-16
八雲  目黒区東山3-6-15,1,japanese_restaurant,,
筧,1,japanese_restaurant,restaurant|sushi_restaurant,東山3丁目12-1
Massif,1,restaurant,japanese_restaurant|diner,3 Chome-7-11 Higashiyama
あじさい,1,japanese_restaurant,restaurant,青葉台3丁目22-1
Haneya,1,japanese_restaurant,asian_restaurant|restaurant,"Aobadai, 3 Chome−22−1 目黒ハイツ 1F"
ムッシュヨースケ,1,japanese_restaurant,restaurant,青葉台3丁目21-13
mother esta,1,restaurant,specialty_grocery_store|bakery,青葉台2丁目20-14
58 Factory Direct,1,restaurant,fast_food_restaurant|japanese_restaurant,青葉台2丁目20-9
Ohka the Bestdays,1,bar,japanese_restaurant|restaurant,東山2丁目4-8
THE TAMUYA,1,restaurant,fast_food_restaurant|bar,東山1-11-15
Nire.nakameguro,1,bar,,青葉台2-20-6 bloom aobadai 3F
Pure Aria,1,bar,restaurant|asian_restaurant,代官山町20-9
Mid Tree 代官山,1,diner,restaurant,"Daikanyamacho, 20−23 1F 1-5区画"
末ぜん,1,japanese_restaurant,sushi_restaurant|restaurant,猿楽町20-8
まるひら,1,japanese_restaurant,restaurant|asian_restaurant,猿楽町26-2-C
代官山米花,1,japanese_restaurant,sushi_restaurant,猿楽町18-8
アイヴィープレイス,1,restaurant,diner,猿楽町16丁目15-7
Lift Daikanyama,1,japanese_restaurant,,"Daikanyamacho, 16−5 アドレスガーデン代官山 101"
Oil,1,bar,professional_services|restaurant,"Daikanyamacho, 18−4 代官山マンジビル 1F"
ミラク代官山,1,restaurant,,渋谷区代官山町18-4 マンジビル1F
397,1,bar,lounge|sake_bar,
やきやき三輪東京恵比寿店,1,japanese_restaurant,,恵比寿1丁目3-13 グランドヘリテージ 1F
エンジョイ・ハウス,1,bar,cafe|cocktail_bar,2 Chome-9-9 Ebisunishi
Marideli,1,vegetarian_restaurant,restaurant,2 Chome-9-9 Ebisunishi
Soul Dressing,1,japanese_restaurant,restaurant|asian_restaurant,恵比寿西2丁目10-2
代官亭,1,bar,restaurant|diner,恵比寿西2丁目9-9
こっこ,1,japanese_restaurant,chicken_restaurant|restaurant,"Ebisunishi, 2 Chome−8−8 ウエストエビスビル ３階"
恵比寿らっきょ,1,japanese_restaurant,restaurant|bar,恵比寿西2丁目8-9
盆さいや,1,bar,restaurant|sake_bar,恵比寿西2丁目8-9
MIC Ebisu,1,japanese_restaurant,,2 Chome-8-7 Ebisunishi
Sputnik,1,bar,restaurant,2 Chome-18-6 Ebisunishi
GOLDEN BOY,1,bar,pub|lounge,"Ebisunishi, 2 Chome−8−5 B1F"
Bubble 恵比寿店,1,bar,professional_services,
ガーデン,1,bar,japanese_restaurant|asian_restaurant,恵比寿西2丁目11-8
mogana,1,pub,bar|cocktail_bar,恵比寿西2丁目2-6
キッチン わたりがらす,1,japanese_restaurant,restaurant|health_food_restaurant,東3丁目24-14
恵比寿 kuruma,1,restaurant,,"東3丁目22-9, 小倉ビル 1階"
玉焼屋,1,japanese_restaurant,,東3-24-2 
炭火焼 ひぐま,1,restaurant,food_stand|japanese_restaurant,東京都渋谷区東３丁目２４−９
Hiruko,1,bar,asian_restaurant,"Higashi, 3 Chome−17−14 7F"
サルシータ,1,restaurant,,恵比寿西1丁目3-2
MAXMU マキシム,1,restaurant,italian_restaurant|bar,東京都渋谷区恵比寿西１丁目３−２
ナナホシ,1,restaurant,sake_bar|bar,3 Chome-16-9 Higashi
La Fusion,1,asian_fusion_restaurant,diner|restaurant,東3丁目16-9
Ebisu Diner Olive,1,diner,bar|restaurant,3 Chome-16-9 Higashi
Boishaki,1,bar,japanese_restaurant|restaurant,東3丁目16-10
渋谷橋キッチン,1,restaurant,barbecue_restaurant|bar,東3丁目17-11
Honda7,1,bar,japanese_restaurant,
Spice 125,1,restaurant,japanese_restaurant|health_food_restaurant,"Hiroo, 1 Chome−15−2 エビストメキチビル B1"
松虎,1,bar,japanese_restaurant|restaurant,広尾1丁目16-2
燦別邸 恵比寿店,1,japanese_restaurant,,東京都渋谷区広尾1-16-1 恵比寿広尾スクエア6階
中目黒いぐち 上ル,1,japanese_restaurant,restaurant|diner,東3丁目25-6
花まんまじゃが,1,japanese_restaurant,,東3丁目25-10
Tambi,1,bar,pub|cafe,"Higashi, 3 Chome−25−8 6階"
unknown,1,bar,,"Lions Plaza Ebisu, 3 Chome-25-3 Higashi"
Toyokatsu,1,japanese_restaurant,asian_restaurant|restaurant,"Ebisunishi, 1 Chome−3−5 アルス恵比寿メイクス １階"
串むすび・吉,1,japanese_restaurant,restaurant,"Ebisunishi, 1 Chome−3−5 アルス恵比寿メイクス 1F"
たまきんち,1,bar,indian_restaurant|restaurant,恵比寿西1丁目3-5
肉天国恵比寿店,1,japanese_restaurant,restaurant|steakhouse,恵比寿西1丁目4-1
CHABUYA,1,japanese_restaurant,bar|barbecue_restaurant,恵比寿西1丁目3-10
恵比寿スタンド Viva,1,food_truck_stand,restaurant|diner,恵比寿西1丁目3-10
恵比寿ハジカミ,1,restaurant,sake_bar|bar,東京都渋谷区恵比寿西１丁目３−９
そそそ,1,japanese_restaurant,asian_restaurant|noodles_restaurant,恵比寿西1丁目4-1
マッシュルーム,1,japanese_restaurant,,恵比寿西1丁目16-3
きのした 恵比寿 はなれ,1,japanese_restaurant,bar|restaurant,恵比寿西1丁目16-7
Jenith Gustro,1,restaurant,italian_restaurant,"Ebisunishi, 1 Chome−30−14 エコー代官山"
やまびこ,1,japanese_restaurant,restaurant|asian_restaurant,1 Chome-30-14 Ebisunishi
炭火道場別邸,1,japanese_restaurant,bar_and_grill_restaurant,恵比寿西1丁目30-1
ボンジョルミ,1,restaurant,,恵比寿西1丁目29-9 ツゥロワイー B1F
Thanks Nature Ebisu,1,japanese_restaurant,,"Ebisunishi, 1 Chome−30−14 エコー代官山 2F"
かぶきんとん 恵比寿,1,japanese_restaurant,restaurant,"Ebisunishi, 1 Chome−30−14 エコー代官山 B1F"
ますおかみすこ,1,japanese_restaurant,professional_services,猿楽町7－1
夕星,1,japanese_restaurant,restaurant,恵比寿西1丁目30-13
abysse,1,japanese_restaurant,restaurant,"Ebisunishi, 1 Chome−30−12 EBISU-HILLS 1F"
恵比寿米ル,1,restaurant,japanese_restaurant|sushi_restaurant,西1丁目16-7
米福恵比寿,1,japanese_restaurant,restaurant,恵比寿西1丁目4-2
の坂,1,japanese_restaurant,sushi_restaurant|asian_restaurant,恵比寿西1丁目3-8
囲本,1,bar,japanese_restaurant,恵比寿西1丁目4-4
ほの字恵比寿店,1,japanese_restaurant,restaurant,恵比寿西1丁目5-8
#ヒロキヤ恵比寿,1,restaurant,barbecue_restaurant,東京都渋谷区恵比寿西１丁目４−４
アルベンテ,1,bar,,恵比寿西1丁目15-10 第6横芝ビルB1F
Ebisu燻製アパートメントケイブ,1,restaurant,italian_restaurant|tapas_bar,"Ebisunishi, 1 Chome−30−9 パサージュ代官山 B1F"
ゆめの庵,1,japanese_restaurant,theme_restaurant|restaurant,1 Chome-15-2 Ebisunishi
スパイシーフライヤーズ 恵比寿店,1,japanese_restaurant,restaurant,恵比寿西1丁目15-2
登川,1,japanese_restaurant,restaurant,恵比寿西1丁目15-2
麺亭 しま田,1,japanese_restaurant,noodles_restaurant|restaurant,恵比寿西1丁目7-15
Club Koshitsuji,1,japanese_restaurant,restaurant|diner,"Ebisunishi, 1 Chome−2−7 Oak8ビル 2F"
うめ月,1,japanese_restaurant,restaurant|diner,1 Chome-7-4 Ebisu
すずらん 恵比寿店,1,japanese_restaurant,restaurant,恵比寿1丁目7-12
ベコヒラ,1,bar,japanese_restaurant|barbecue_restaurant,恵比寿1丁目7-2
純ちゃん,1,japanese_restaurant,restaurant,恵比寿1丁目7-2
京都 まろまろ,1,japanese_restaurant,restaurant|asian_restaurant,恵比寿1丁目6-1
Mash•Room,1,bar,,東京都渋谷区恵比寿1-7-9ハイライフ恵比寿２F
うの花,1,bar,restaurant|japanese_restaurant,恵比寿西1丁目7-13
ラグシス,1,restaurant,bar|bar_and_grill_restaurant,渋谷区恵比寿西1 恵比寿グルマンビル
波平,1,bar,japanese_restaurant|restaurant,恵比寿西1丁目7-3
ROOF TOP YEBISU TERRACE ルーフトップ恵比寿テラス,1,restaurant,,恵比寿西1丁目7-3 恵比寿グルマンビル 6F
さいき,1,bar,restaurant|japanese_restaurant,恵比寿西1丁目7-12
鶏ハウス,1,japanese_restaurant,restaurant,恵比寿1丁目8-1
じょうYY,1,bar,japanese_restaurant|sushi_restaurant,恵比寿1丁目8-18
さ竹,1,japanese_restaurant,restaurant,恵比寿1丁目8-14
博多満月,1,japanese_restaurant,restaurant|chicken_restaurant,"Ebisu, 1 Chome−8−14 B1"
でですけ,1,japanese_restaurant,restaurant,恵比寿1丁目8-14
恵比寿じょう忍,1,japanese_restaurant,,"Ebisunishi, 1 Chome−7−9 2F"
Aoyuzu,1,restaurant,bar|pub,
えべっさん,1,japanese_restaurant,restaurant|diner,恵比寿1丁目8-14
えびすストア,1,japanese_restaurant,eat_and_drink|restaurant,東京都渋谷区恵比寿１丁目８−１４
一佳,1,bar,,恵比寿1丁目4-1 恵比寿アーバンハウス 1F
ソウルシスターズ,1,bar,restaurant,恵比寿1丁目4-5
ビーキューブ,1,bar,wine_bar|clothing_store,恵比寿1丁目8-6
お茶の子菜々 エビス,1,japanese_restaurant,restaurant|asian_restaurant,"Ebisu, 1 Chome−4−5 ホームベースビル 2F"
BIAN Ebisu Store,1,japanese_restaurant,asian_restaurant,恵比寿1丁目8-7
Dear My Body,1,restaurant,asian_restaurant|bar,恵比寿1丁目8-7
ほそおか,1,japanese_restaurant,restaurant,恵比寿1丁目8-7
花わさび,1,japanese_restaurant,restaurant|asian_restaurant,"Ebisu, 1 Chome−8−7 三恵８ビル 6F"
喜鈴,1,japanese_restaurant,restaurant,西1丁目8-10
Kirin,1,japanese_restaurant,bar,"Ebisunishi, 1 Chome−8−10 EBISU高橋ビル B1F"
三本屋,1,japanese_restaurant,steakhouse|restaurant,恵比寿西1丁目8-10
ワイモリカ,1,japanese_restaurant,eat_and_drink|bar,東京都渋谷区恵比寿西１丁目８−４
凛音,1,japanese_restaurant,asian_restaurant|restaurant,恵比寿西1丁目8-13
にんにく しょうが ヤミツキヤ,1,restaurant,,恵比寿西1丁目13-3
Tabacco,1,bar_and_grill_restaurant,italian_restaurant|restaurant,"Ebisunishi, 1 Chome−13−7 2階"
恵比寿黒帯,1,japanese_restaurant,sushi_restaurant|restaurant,恵比寿西1丁目13-6
あすか亭,1,bar,japanese_restaurant,恵比寿西1丁目13-2
Sync,1,japanese_restaurant,restaurant|diner,恵比寿西1丁目13-7
なゝ樹,1,japanese_restaurant,asian_restaurant|restaurant,恵比寿西1丁目13-2
Rafu,1,pub,bar|restaurant,恵比寿西1丁目8-11
狗山,1,japanese_restaurant,,恵比寿西1-8-11
ナナホシ2,1,bar,sake_bar|tapas_bar,東京都渋谷区恵比寿西１丁目１３−２
恵比寿 今市,1,restaurant,,恵比寿西1丁目13-6
ろくごう,1,japanese_restaurant,restaurant,"Ebisunishi, 1 Chome−13−6 ブラッサムZEN2F"
Shuuichi,1,japanese_restaurant,asian_restaurant|restaurant,"Ebisunishi, 1 Chome−9−2 B1"
ハッピー工場,1,japanese_restaurant,,恵比寿西1-13-5
TICKETS,1,restaurant,lounge,"Ebisunishi, 1 Chome−12−14 Abis Building, 地下１階"
鉄板人,1,japanese_restaurant,asian_restaurant|restaurant,"Ebisunishi, 1 Chome−14−6 HAGIWARA BLD-6 2F"
CAT'S EYE,1,bar,pub|fast_food_restaurant,渋谷区恵比寿西1丁目8番地2 ウエストパレスB1
スミビトケムリ 恵比寿店,1,japanese_restaurant,restaurant,"Ebisunishi, 1 Chome−8−2 ウエストパレスビル 1F"
波の家,1,japanese_restaurant,asian_restaurant|restaurant,恵比寿西1丁目14-6
框家恵比寿,1,bar,japanese_restaurant|restaurant,恵比寿西1丁目14-9
Yaocho 3 Rainbow,1,bar,japanese_restaurant|restaurant,恵比寿西1丁目14-1
DELUJO Convey My Feeling Restaurant,1,restaurant,european_restaurant|diner,"Ebisunishi, 1 Chome−14−1 4F"
Kabto,1,japanese_restaurant,barbecue_restaurant|restaurant,"Ebisunishi, 1 Chome−13−3 ROOB6ビル 2F"
Sacra,1,japanese_restaurant,asian_restaurant|restaurant,恵比寿西1丁目6-5
Enso. 円相 代官山,1,restaurant,,恵比寿西1-31-15 マルイチマンション202
VegeHolic Daikanyama,1,vegetarian_restaurant,restaurant|asian_restaurant,"Daikanyamacho, 19−1 Hakujikan, 2階A号"
六角亭,1,japanese_restaurant,bar,恵比寿西1丁目36-5
鉄板肉飯 ぶち旨亭 恵比寿本店,1,restaurant,professional_services|diner,
立道屋,1,bar,japanese_restaurant|restaurant,猿楽町30-8
Tatemichiya,1,restaurant,japanese_restaurant|asian_restaurant,30-8 Sarugakucho
Lucky Diner,1,restaurant,asian_restaurant|chinese_restaurant,青葉台1-20-2
星港夜,1,bar,,上目黒1-10-3
中目黒キッチン,1,restaurant,chinese_restaurant,東京都目黒区上目黒１丁目１１−４
ピカソル代官山本店,1,restaurant,desserts|fast_food_restaurant,東京都渋谷区恵比寿南３丁目７−２
TOKI 永季,1,bar,restaurant,"Ebisuminami, 3 Chome−7−3 ミュール代官山 1F"
GARNI diner,1,diner,,恵比寿西1-32-14
Himuka Terrace,1,bar,restaurant|cocktail_bar,東京都渋谷区恵比寿西１丁目２０−８
Shodai,1,japanese_restaurant,asian_restaurant|restaurant,"Ebisuminami, 1 Chome−1−10 South Column Kobayashi, 1F"
Knight Night,1,bar,pub,"Ebisunishi, 1 Chome−9−7 恵比寿西ビル 7F グランベル"
恵比寿 人,1,japanese_restaurant,asian_restaurant|eat_and_drink,"9, 1-9-7グランベル恵比寿WEST B1"
小泉料理店,1,restaurant,french_restaurant|bar,東京都渋谷区恵比寿西１丁目１０−１２
Tori Tokyo Ebisu,1,japanese_restaurant,restaurant,"Ebisunishi, 1 Chome−10−14 Ｂａｒｂｉｚｏｎ８８ 2F"
はなゆき,1,japanese_restaurant,restaurant,恵比寿西1丁目12-8
BROc&COLI,1,asian_restaurant,,恵比寿西1-10-16
さかえや 恵比寿本店,1,japanese_restaurant,restaurant|asian_restaurant,恵比寿西1丁目9-12
縁恵比寿店,1,japanese_restaurant,bar|restaurant,恵比寿西1丁目10-3
ウルトラチョップ  Ultra Chop,1,bar_and_grill_restaurant,tapas_bar|european_restaurant,
だるまさんが焼いちゃった,1,japanese_restaurant,restaurant|diner,"Ebisunishi, 1 Chome−9−3 入船ビル 6F"
恵比寿匠,1,japanese_restaurant,restaurant,恵比寿西1丁目9-3
梅暦酒店,1,restaurant,bar|liquor_store,恵比寿1丁目5-8
恵比寿 おのはん,1,japanese_restaurant,restaurant|bar,恵比寿1丁目5-8
茶和[Cha-wa],1,japanese_restaurant,,恵比寿1-9-5
和cheese TENSAI,1,restaurant,cheese_shop,
小玉 新太郎,1,restaurant,,恵比寿1-13-10 恵比寿壱番館102号室
恵比寿丸屋,1,japanese_restaurant,restaurant|noodles_restaurant,恵比寿南1丁目1-3
FURACHI,1,lounge,,恵比寿南1-4-16
/DRAFT,1,bar,sake_bar,"Ebisuminami, 1 Chome−4−2 朝日屋ビル EBISUASAHIYABUILDING4階"
サントロペ,1,restaurant,coffee_shop|italian_restaurant,恵比寿南1丁目6-1
SCAPE Ebisu,1,bar,beauty_and_spa|cafe,"Ebisu, 1 Chome−11−9 グランベルIII 7F"
Calabasas,1,bar,restaurant,"Ebisu, 1 Chome−11−9 グランベル恵比寿Ⅲ ５F"
くずし鉄板 あばぐら 恵比寿,1,restaurant,steakhouse|japanese_restaurant,恵比寿1丁目11-5
裏NO庭 恵比寿店,1,japanese_restaurant,,恵比寿南1-7-8
笑龍恵比寿店,1,japanese_restaurant,restaurant|diner,恵比寿南1丁目8-10
たつや,1,japanese_restaurant,restaurant,恵比寿南1丁目8-16
つなや,1,restaurant,sushi_restaurant|bar,恵比寿南1丁目8-3
イチカバチカ恵比寿,1,japanese_restaurant,restaurant,恵比寿南1丁目8-9
ピポタマス,1,bar,pub|cocktail_bar,恵比寿南1丁目4-7
博多煌梨恵比寿店,1,bar,japanese_restaurant|restaurant,恵比寿南1丁目4-14
美キ家,1,bar,restaurant|pub,恵比寿南1丁目4-14
オールブルー,1,japanese_restaurant,restaurant|diner,"Ebisuminami, 1 Chome−7−8 1F"
藏元,1,bar,pub|lounge,恵比寿南1丁目8-1 
スタンドヱビス,1,bar_and_grill_restaurant,pub|restaurant,恵比寿南1-4-2 朝日屋ビル1F
TORA,1,restaurant,iberian_restaurant|bar,恵比寿南1丁目4-4
あこや,1,japanese_restaurant,seafood_restaurant|restaurant,東京都渋谷区恵比寿南１丁目４−４
恵比寿トーキョー,1,bar,cocktail_bar|pub,恵比寿南１－４－４TIMEZONE小町ビル
Buy Back,1,bar,,1 Chome-4-4 Ebisuminami
福はうち,1,japanese_restaurant,bar|restaurant,恵比寿南1丁目4-5
ジャンケンポン,1,bar,dance_club|japanese_restaurant,恵比寿南1丁目4-5
瀬川屋,1,japanese_restaurant,asian_restaurant|restaurant,東京都渋谷区恵比寿南１丁目２−１２
吉柳,1,japanese_restaurant,eat_and_drink|diner,恵比寿南1丁目2-12
りゅう月,1,bar,japanese_restaurant|sushi_restaurant,恵比寿南1丁目2-12
恵比寿 和顔,1,japanese_restaurant,bar|asian_restaurant,"Ebisuminami, 1 Chome−2−12 1F"
三ツ石ファーム,1,japanese_restaurant,asian_restaurant|restaurant,恵比寿南3丁目2-19
恵比寿 Whim,1,restaurant,lounge|bar,
420S,1,bar,cafe|karaoke,205 1 Chome-2-10 Ebisuminami
EBI EBI,1,bar,,恵比寿南1-2-8
チャモロ,1,japanese_restaurant,restaurant,恵比寿南1丁目2-8
ロイズ恵比寿店,1,bar,pub|eat_and_drink,恵比寿南1-2-6サンポウ恵比寿ビルB1F
恵比寿 かみくら,1,japanese_restaurant,bar|restaurant,東京都渋谷区恵比寿南１丁目２−６
恵比寿南オカミハウス,1,japanese_restaurant,,東京都渋谷区恵比寿南２丁目３−１５
恵比寿 たつや 南店,1,japanese_restaurant,,"Ebisuminami, 2 Chome−2−2 ＫＴビル 2F"
ちゃめ 恵比寿,1,restaurant,soup_restaurant|eat_and_drink,
民家,1,japanese_restaurant,restaurant,恵比寿南2丁目2-2
がらく 恵比寿南店,1,japanese_restaurant,restaurant|diner,恵比寿南2丁目2-6
Teppan Niki,1,japanese_restaurant,restaurant,恵比寿南2丁目1-5
TASHINAMI,1,japanese_restaurant,asian_restaurant|restaurant,恵比寿南3丁目1-2
ピコレ,1,bar,bar_and_grill_restaurant|restaurant,東京都渋谷区恵比寿南３丁目１−２
RAGDA,1,bar,pub|japanese_restaurant,恵比寿南3丁目1-2
恵比寿489〜yohaku〜,1,bar_and_grill_restaurant,,恵比寿南2-1-6 鳥居ビル5F
コンツェ恵比寿,1,restaurant,event_planning,東京都渋谷区恵比寿南２丁目３−１４
MAIMON恵比寿店,1,bar,italian_restaurant|restaurant,恵比寿南2丁目3-14
NOS,1,bar,japanese_restaurant|restaurant,恵比寿南2丁目3-14
中目黒いぐちエビス&ビーフ,1,restaurant,bar|japanese_restaurant,恵比寿南2丁目1-5
Fukumirai,1,japanese_restaurant,asian_restaurant|restaurant,"Ebisuminami, 1 Chome−9−4 長谷川ビル 101"
恵比寿5050,1,japanese_restaurant,desserts|sushi_restaurant,恵比寿南1-11-1松本ビル地下１階
モーブ,1,bar,pub|cocktail_bar,1 Chome-14-14 Ebisuminami
繁邦,1,restaurant,,東京都渋谷区恵比寿南1-14-15ラレンヌ恵比寿3F
ダイカンヤマパンダ,1,restaurant,,猿楽町26-2 sarugaku C棟2階
BeTTei,1,japanese_restaurant,restaurant|asian_restaurant,恵比寿南1丁目14-15
くおん,1,japanese_restaurant,asian_restaurant|restaurant,恵比寿南1丁目14-15
玖温,1,japanese_restaurant,restaurant,恵比寿南1丁目14-15
福笑,1,japanese_restaurant,asian_restaurant|restaurant,恵比寿南1丁目9-4
こがね-恵比寿,1,japanese_restaurant,restaurant|sushi_restaurant,恵比寿南1-9-10
ジンジャー,1,restaurant,,恵比寿南1-9-11
四旬季,1,japanese_restaurant,asian_restaurant|restaurant,恵比寿南1-9-2
りあん,1,japanese_restaurant,,恵比寿南1丁目9-2
和飲屋,1,japanese_restaurant,bar|wine_bar,4 Chome-4-5 Ebisu
CityCamp,1,bar,,恵比寿南1-13-3
恵比寿箸庵,1,japanese_restaurant,restaurant|diner,恵比寿南1丁目11-16
Chicken Meets Shark とよみつ,1,restaurant,,"恵比寿南1丁目14-2, タイムゾ-ンビル 2F"
恵比寿 ふじ屋,1,restaurant,sushi_restaurant|sake_bar,東京都渋谷区恵比寿南１丁目１８−１１
雨後晴,1,japanese_restaurant,restaurant|asian_restaurant,恵比寿南1丁目14-2
庵狐恵比寿店,1,japanese_restaurant,restaurant,恵比寿4丁目4-8
Farm to table Y,1,restaurant,french_restaurant|bar,恵比寿南1丁目18-9
Kinoe,1,restaurant,european_restaurant|french_restaurant,"Ebisuminami, 1 Chome−18−9 TimeZoneヒルトップビル 4F"
Yutaka Toyama,1,japanese_restaurant,restaurant|bar,恵比寿ガーデンプレイスタワー21F
上越やすだ 恵比寿店,1,japanese_restaurant,restaurant|diner,恵比寿南1丁目14-10
忍庭 恵比寿,1,japanese_restaurant,,恵比寿南1-14-10
e-blend,1,breakfast_and_brunch_restaurant,restaurant|cafe,渋谷区恵比寿南2-3-10
エビスルンバ,1,bar,restaurant,"Ebisuminami, 2 Chome−3−3 地下一階 いちばん奥"
Neon Ebisu,1,bar,,"Ebisuminami, 2 Chome−3−3 B1F"
福味み,1,restaurant,,東京都渋谷区恵比寿南2-3-15 oak7ビル 2階
恵比寿18番,1,bar,tapas_bar|spanish_restaurant,恵比寿南2丁目3-13
ASAYUFU発酵舎,1,restaurant,diner,"Nakameguro, 1 Chome−1−11 島田ビル １階"
モトヤエクスプレス,1,restaurant,food_delivery_service|post_office,中目黒1丁目1-17
Nakameguro Kunsei Smoked Apartment,1,bar,japanese_restaurant|restaurant,中目黒1丁目1-52
藤八,1,japanese_restaurant,restaurant|bar,上目黒1丁目3-16
ジャスト・アナザ・スペース,1,bar,,上目黒1-3-9
Stove,1,japanese_restaurant,restaurant,110 1 Chome-5-10 Kamimeguro
Na Camo guro,1,restaurant,,上目黒1-20-5
小梅,1,japanese_restaurant,restaurant|bar,1 Chome-20-10 Kamimeguro
Compact Nakameguro,1,bar,,東京都目黒区上目黒１丁目２０−１０
うらうら,1,bar,cafe|cocktail_bar,上目黒1-20-12コミヤビルB1
真田丸,1,japanese_restaurant,restaurant|asian_restaurant,上目黒1丁目20-12
小林精肉店,1,japanese_restaurant,chicken_restaurant|butcher_shop,上目黒1丁目19-8
串若丸,1,japanese_restaurant,restaurant|diner,上目黒1丁目19-2
庵GuRi,1,japanese_restaurant,,上目黒1-6-7
nyuly,1,restaurant,italian_restaurant|tapas_bar,"Kamimeguro, 1 Chome−3−20 Nakameguro.Hillz, 2-A号室"
わかな,1,japanese_restaurant,restaurant|diner,1 Chome-2-9 Kamimeguro
ドンナ,1,bar,dance_club|pub,"Kamimeguro, 1 Chome−3−1 小林ビル"
6月29日,1,bar,gay_bar|pub,上目黒1-2-9 ハイネス
中目黒いぐち,1,japanese_restaurant,restaurant,上目黒1丁目2-9
Kushiwakamaru,1,japanese_restaurant,restaurant,1 Chome-19-2 Kamimeguro
タン,1,bar,nail_salon,東京都目黒区上目黒１丁目１８−１１
mau coba,1,bar,karaoke,"Kamimeguro, 1 Chome−19−2 ４階"
ジラソーレ,1,food_and_drink,grocery_store,東京都目黒区上目黒１丁目１８−４
AOBAYA,1,japanese_restaurant,asian_restaurant|restaurant,"Kamimeguro, 1 Chome−13−11 Riverside Naka-Meguro, 102号"
tractor,1,bar,cafe|petting_zoo,中目黒1丁目3-5
株式会社カルネヴァーレ,1,restaurant,bar_and_grill_restaurant,中目黒1-1-71
ハレノヒ遊戯・倶楽部,1,restaurant,diner|japanese_restaurant,上目黒1丁目14-9
まほうのえのぐ,1,restaurant,sake_bar,青葉台1丁目22-4
Mark Matsuoka Grill,1,japanese_restaurant,italian_restaurant|restaurant,"Kamimeguro, 1 Chome−16−12 鈴房ビル 1F"
紡庵 中目黒本店,1,japanese_restaurant,restaurant|diner,103 1 Chome-30-6 Aobadai
Kollabo Nakameguro,1,restaurant,american_restaurant|asian_restaurant,青葉台1-30-11
喜口商店,1,japanese_restaurant,professional_services|sushi_restaurant,東京都目黒区東山１丁目１８−２
驀仙坊,1,japanese_restaurant,restaurant,青葉台1丁目22-5
廣野,1,japanese_restaurant,sushi_restaurant|restaurant,"Higashiyama, 1 Chome−6−7 Forum Nakameguro, 1F"
尋,1,japanese_restaurant,bar|restaurant,上目黒3丁目14-5
Shelter Nakameguro,1,bar,,上目黒3-14-5
天雅,1,japanese_restaurant,restaurant,上目黒3丁目16-13
にもの中目黒店,1,restaurant,,東京都目黒区東山1-6-16
尾崎,1,japanese_restaurant,restaurant,上目黒3丁目16-5
のひのひ,1,japanese_restaurant,bar|restaurant,"Kamimeguro, 3 Chome−16−4 長岡ビル 3F"
Mills,1,restaurant,bar_and_grill_restaurant,東京都目黒区東山１丁目６−１３
東山 元旦,1,japanese_restaurant,sushi_restaurant,東山１－８－６
buddy_pork,1,hot_dog_restaurant,,東京都目黒区東山1-6-13MILUS UDON&ODEN
Noah7,1,bar,restaurant,3 Chome-1-2 Kamimeguro
塩梅中目黒店,1,japanese_restaurant,restaurant,上目黒3丁目1-14
マルゲン商店,1,restaurant,japanese_restaurant|diner,上目黒3丁目1-14
中目黒 たつみ,1,japanese_restaurant,asian_restaurant|restaurant,上目黒1丁目17-6
久慈清商店,1,japanese_restaurant,restaurant|bar,上目黒1丁目19-10
恋のぼり,1,bar,restaurant|japanese_restaurant,上目黒1丁目19-10
ジョイ,1,bar,restaurant|pub,上目黒3丁目1-4
やっぱり潮,1,pub,bar|japanese_restaurant,上目黒3丁目1-5
つなぎや 中目黒,1,restaurant,japanese_restaurant|bar,東京都目黒区上目黒３丁目１−８
雅参上,1,japanese_restaurant,,上目黒3-8-15
アルズ,1,bar,pub|shopping,3 Chome-8-15 Kamimeguro
MASA3,1,japanese_restaurant,sushi_restaurant|restaurant,上目黒3丁目8-15
グランドファイン,1,bar,pub|cocktail_bar,"Kamimeguro, 3 Chome−8−3 千陽中目黒ビル 3F"
Kirara,1,japanese_restaurant,restaurant,上目黒3丁目8-3
焼ジビエ罠 炭打 中目黒,1,japanese_restaurant,barbecue_restaurant|restaurant,東京都目黒区上目黒３丁目８−３
にじどん 中目黒店,1,japanese_restaurant,,"Kamimeguro, 3 Chome−8−5 １Ｆ"
ももたろう 中目黒店,1,japanese_restaurant,restaurant|diner,上目黒3丁目3-12
兜 中目黒,1,japanese_restaurant,,上目黒3-3-13
小野田商店,1,japanese_restaurant,barbecue_restaurant|restaurant,上目黒3丁目7-3
歩路庵中目黒,1,japanese_restaurant,seafood_restaurant|italian_restaurant,上目黒3丁目7-8
StayGold 中目黒,1,bar,restaurant|pub,上目黒3丁目7-8
なかめマンチカン,1,bar,restaurant,"上目黒3丁目7-8, 世拡ビル 2F"
SCALES,1,japanese_restaurant,bar|restaurant,"Kamimeguro, 3 Chome−7−8 1F"
料理や,1,japanese_restaurant,restaurant|diner,5 Chome-4-8 Kamimeguro
走攻酒,1,bar,sports_and_recreation_venue|active_life,東京都目黒区上目黒５丁目６−２７
藤巻激城,1,japanese_restaurant,asian_restaurant|restaurant,上目黒3丁目36-28
さつき亭,1,japanese_restaurant,restaurant,"6, 上目黒３丁目６−１ 神谷ビル2F"
パームルーム扇,1,bar,lounge,上目黒3丁目6-2
イエローカンパニー 恵比寿本店,1,japanese_restaurant,,上目黒3丁目6-4 ティグリス中目黒_3F
仮の宿,1,restaurant,hotel|bar,上目黒
トマトキッチン ヤネウラ,1,bar_and_grill_restaurant,restaurant|japanese_restaurant,上目黒3丁目6-5
Fuego Tokyo,1,restaurant,bar,上目黒3-5-29
アポロニア,1,bar,,上目黒2丁目6-3
芙蓉庵,1,asian_restaurant,restaurant|japanese_restaurant,上目黒2丁目1-3
salon de huit,1,restaurant,coffee_shop|european_restaurant,中目黒1丁目10-21
マルコビッチ,1,bar,restaurant|diner,上目黒1丁目26-1
Lagoon,1,bar,sake_bar|restaurant,上目黒1丁目4-3
Totorou,1,japanese_restaurant,seafood_restaurant|bar,"Kamimeguro, 1 Chome−4−3 エクセル中目黒 1F103"
こち,1,restaurant,,上目黒1-4-3
空庵,1,japanese_restaurant,,上目黒3-7-3
Altamura,1,restaurant,italian_restaurant|cafe,
Gen Nakameguro,1,japanese_restaurant,restaurant|diner,108 1 Chome-5-10 Kamimeguro
ネムス,1,bar,bar_and_grill_restaurant,上目黒1丁目5-10
アグリグッドムーン,1,japanese_restaurant,sushi_restaurant|restaurant,上目黒1丁目5-10
フォレスター,1,restaurant,japanese_restaurant,中目黒1丁目4-21
Calma,1,restaurant,,上目黒1-26-1 アトラスタワーアネックス棟116
炎水,1,japanese_restaurant,restaurant,東京都目黒区中目黒１丁目５−１２
まえだや,1,japanese_restaurant,asian_restaurant|restaurant,中目黒1丁目5-8
Nepenjiはなれ,1,bar,,
喜福世,1,japanese_restaurant,barbecue_restaurant|restaurant,恵比寿南1丁目16-11
まとや恵比寿南店,1,japanese_restaurant,asian_restaurant|restaurant,恵比寿南2丁目8-5
primo 恵比寿店,1,bar,,東京都渋谷区恵比寿南１丁目１７−２
H1 エイチワン,1,restaurant,,恵比寿南1-18-9タイムゾーンヒルトップビル4F-A
Aila,1,restaurant,diner,恵比寿南1丁目16-3
Poderhysh Kitchen (ポデリッシュキッチン),1,japanese_restaurant,,"Ebisuminami, 1 Chome−20−2 シェモア恵比寿 B1"
N.park,1,japanese_restaurant,restaurant|bar,恵比寿南1丁目21-20
喜鈴別邸,1,restaurant,japanese_restaurant,南2丁目25-3
Kirin Annex,1,japanese_restaurant,asian_restaurant|restaurant,"Ebisuminami, 2 Chome−25−3 Ebisu Hana Bldg., ４階"
New Village,1,diner,japanese_restaurant|restaurant,"Ebisuminami, 2 Chome−13−14 茶屋坂T&Kビル 5F"
センロギワ.,1,restaurant,bar,東京都渋谷区恵比寿南１丁目２３−１
55tokyo EBISU,1,japanese_restaurant,restaurant,東京都渋谷区恵比寿南1-23-8　アメリカンブリッジビルB1
SPARKLING GARDEN,1,bar,,恵比寿南1-23-8
食遊膳遊々,1,japanese_restaurant,restaurant|sushi_restaurant,恵比寿南2丁目21-8
中目黒イグアナ,1,bar,pub,東京都目黒区上目黒 2-25-13 エムス東 2F
まっか 中目黒店,1,japanese_restaurant,eat_and_drink,上目黒2丁目7-10
中目黒 ゆる木,1,japanese_restaurant,health_and_medical|prenatal_perinatal_care,上目黒2-44-9クレストモア403
おたる,1,bar,restaurant|japanese_restaurant,上目黒2丁目12-13
いふう,1,japanese_restaurant,sushi_restaurant|asian_restaurant,上目黒2丁目7-11
なかめくん,1,japanese_restaurant,bar|restaurant,上目黒2丁目7-9
喜口屋,1,japanese_restaurant,bar|restaurant,東京都目黒区上目黒２丁目７−１１
Shinka,1,japanese_restaurant,restaurant,"Kamimeguro, 2 Chome−7−10 北上ビル 1F-3F"
アンジ,1,bar,restaurant|bar_and_grill_restaurant,2 Chome-12-2 Kamimeguro
Maru,1,japanese_restaurant,restaurant,"Kamimeguro, 2 Chome−12−2 W.nakameguro 1F"
A-Base,1,bar,restaurant|pub,上目黒2丁目8-7
アカベコ,1,japanese_restaurant,restaurant|bar,上目黒2丁目12-3
しらふじ,1,japanese_restaurant,,東京都目黒区中目黒１丁目８−１２
一饗,1,japanese_restaurant,asian_restaurant|restaurant,上目黒2丁目10-7
はな豆,1,japanese_restaurant,asian_restaurant|restaurant,上目黒2丁目10-8
だいごろう,1,japanese_restaurant,sushi_restaurant,上目黒2丁目10-7
Ballon,1,food_truck_stand,vegetarian_restaurant|middle_eastern_restaurant,"Nakameguro, 3 Chome−2−19 ラミアール中目黒"
なかもぐろ,1,japanese_restaurant,restaurant|french_restaurant,上目黒1-20-5
亭屋,1,japanese_restaurant,bar,三田2丁目2-13
目黒のさんま 菜の花茶屋坂店,1,japanese_restaurant,restaurant|diner,三田2丁目4-3
NOMUNEN,1,japanese_restaurant,restaurant|bar,中目黒3丁目5-11
芝松中目黒店,1,japanese_restaurant,restaurant|sushi_restaurant,中目黒3丁目12-19
わ蔵中目黒店,1,japanese_restaurant,asian_restaurant|noodles_restaurant,中目黒3丁目5-3
RODEO,1,bar_and_grill_restaurant,steakhouse|restaurant,3 Chome-5-1 Nakameguro
Nove,1,japanese_restaurant,bar|barbecue_restaurant,中目黒3丁目5-1
楽食ふじた,1,japanese_restaurant,asian_restaurant|restaurant,中目黒2丁目10-16
いなか,1,japanese_restaurant,restaurant|asian_restaurant,中目黒3丁目11-26
ViV,1,bar,bar_and_grill_restaurant|beer_garden,中目黒3丁目11-25
香食楽,1,japanese_restaurant,restaurant|diner,上目黒2丁目42-13
Just Right,1,hot_dog_restaurant,shopping,"Kamimeguro, 2 Chome−44−11 奥"
tope,1,restaurant,,上目黒2-44-2
よだきんぼ,1,japanese_restaurant,bar|restaurant,上目黒4丁目10-2
裏目黒,1,bar,cafe|coffee_shop,4 Chome-10-2 Kamimeguro
ぺぴーの,1,restaurant,diner|bar,祐天寺1丁目1-1
銀座 竹の庵,1,bar,,東京都中央区銀座5-6-13 西五番街ビル 4階
食スタイルLabo,1,restaurant,diner|theme_restaurant,5 Chome-32-4 Kamimeguro
スロウジャム,1,bar,pub,上目黒4丁目10-1
昆布とり,1,japanese_restaurant,asian_restaurant|restaurant,上目黒4丁目10-1
Tanasuke,1,restaurant,japanese_restaurant|asian_restaurant,2 Chome-43-2 Kamimeguro
New Newyork Club Nakameguro,1,halal_restaurant,,44-11 上目黒2丁目
中目黒麦,1,japanese_restaurant,bar|restaurant,2 Chome-18-9 Kamimeguro
松 まつもと,1,japanese_restaurant,restaurant|diner,上目黒2丁目24-14
れきお,1,japanese_restaurant,restaurant|asian_restaurant,2 Chome-24-14 Kamimeguro
ハル,1,japanese_restaurant,,上目黒2丁目24-14
夕月,1,bar,restaurant|japanese_restaurant,上目黒2丁目44-3
おらい,1,bar,japanese_restaurant|asian_restaurant,上目黒2丁目15-12
quca,1,restaurant,cafe|coffee_shop,"Kamimeguro, 2 Chome−17−16 ながたビル 2階"
さかとこ,1,bar,sushi_restaurant|pub,上目黒2丁目15-12
あぶり 清水中目黒店,1,bar,restaurant|pub,上目黒3丁目5-20
Rokusho,1,bar,restaurant,2 Chome-48-10 Kamimeguro
中目黒 ないとう,1,bar,restaurant|japanese_restaurant,上目黒3丁目5-20
八じゅう,1,japanese_restaurant,,上目黒2丁目16-14
ジャム,1,lounge,bar,東京都目黒区上目黒２丁目４４−２４
スパイシーフライヤーズ 中目黒高架下店,1,japanese_restaurant,restaurant,上目黒3丁目5-20
Swan & Lion,1,british_restaurant,bakery|delicatessen,"Meguroku, 2 Chome-16-14 Kamimeguro"
中目黒 弥之助,1,restaurant,,上目黒3-32-5 2F
併呑中目黒店,1,restaurant,,東京都目黒区上目黒3-32-5 カーサデラソル2A
いっ哲,1,japanese_restaurant,bar|sake_bar,上目黒2丁目13-6
楽膳,1,japanese_restaurant,restaurant,上目黒3丁目6-11
Grand Mari,1,japanese_restaurant,sushi_restaurant|restaurant,上目黒5丁目19-38
かくれ家三宿店,1,japanese_restaurant,barbecue_restaurant|restaurant,池尻1丁目7-14
TAVERNe,1,restaurant,french_restaurant|italian_restaurant,2 Chome-28-8 Shimouma
Kasugai Mishuku,1,japanese_restaurant,,"Ikejiri, 1 Chome−7−9 佐野ビル"
キーヤコッタ Setagaya Park,1,japanese_restaurant,park|breakfast_and_brunch_restaurant,東京都世田谷区下馬１丁目５２−１４
Fungo,1,restaurant,cafe|burger_restaurant,下馬 1丁目40-10
harebare,1,bar,diner|restaurant,太子堂1丁目15-13 ソフィアビル2F
スマイリングベートーベン,1,restaurant,bar|arts_and_entertainment,東京都世田谷区三軒茶屋1丁目34-13
香や,1,japanese_restaurant,noodles_restaurant,太子堂1丁目15-15
.B.B.B.,1,bar,,1 Chome-15-15 Taishido
まよるか,1,bar,spanish_restaurant|japanese_restaurant,東京都世田谷区太子堂１丁目１５−１５
sirusi,1,japanese_restaurant,soup_restaurant,三軒茶屋1丁目35-1
臥龍,1,japanese_restaurant,,三軒茶屋1丁目35-3
このみせ,1,restaurant,barbecue_restaurant|eat_and_drink,三軒茶屋1丁目35-3
ドイーニョケンタローネ,1,restaurant,european_restaurant,三軒茶屋1丁目35-4
NampuSancha,1,restaurant,,三軒茶屋1-35-23
鉄板焼ひむか,1,japanese_restaurant,restaurant|diner,太子堂1丁目14-14
鶏太,1,japanese_restaurant,restaurant,東京都世田谷区太子堂１丁目１４−１４
緒駕多,1,restaurant,japanese_restaurant,三軒茶屋1丁目35-21
Zange de Night,1,bar,karaoke|arts_and_entertainment,2 Chome-13-4 Sangenjaya
SULA,1,restaurant,pub|bar,三軒茶屋2丁目13-7
Greengreen(仮),1,restaurant,bar|eat_and_drink,三軒茶屋2-13-7
五臓六腑,1,restaurant,diner,三軒茶屋2丁目13-7
オオモリヤ,1,japanese_restaurant,restaurant,三軒茶屋2丁目13-4
ニエバナ はなれ,1,japanese_restaurant,bar|restaurant,三軒茶屋2丁目14-19
あじと 三軒茶屋店,1,japanese_restaurant,,三軒茶屋2-14-5
ニューマリーナ,1,bar,restaurant|cafe,三軒茶屋2丁目14-21
AL SUNDI屋,1,bar,,2 Chome-14-21 Sangenjaya
Ing Sangenjaya,1,restaurant,japanese_restaurant|fast_food_restaurant,"Sangenjaya, 2 Chome−14−21 1F"
三角醉,1,bar,sake_bar,
三茶氣,1,bar,japanese_restaurant|restaurant,三軒茶屋2丁目14-21
Sanchaki,1,bar,texmex_restaurant,2丁目14-21
ルースター,1,japanese_restaurant,asian_restaurant|restaurant,三軒茶屋2丁目15-14
久寿屋,1,japanese_restaurant,restaurant,三軒茶屋2丁目15-14
つぼ倉,1,bar,restaurant|asian_restaurant,三軒茶屋2丁目15-14
名西ちっか場,1,japanese_restaurant,restaurant|bar,三軒茶屋2丁目15-3
冨多羽 (ふたば),1,japanese_restaurant,restaurant|asian_restaurant,三軒茶屋2-9-13
イコイコ,1,bar,restaurant,2 Chome-15-15 Sangenjaya
優駿,1,japanese_restaurant,restaurant,2 Chome-15-14 Sangenjaya
仙太,1,japanese_restaurant,restaurant|tea_room,2 Chome-15-15 Sangenjaya
Draスタンド 三軒茶屋店,1,bar_and_grill_restaurant,bar,三軒茶屋1丁目37-4
藤しろ 三軒茶屋店,1,japanese_restaurant,restaurant,三軒茶屋1丁目37-1
威風 三軒茶屋店,1,restaurant,,三軒茶屋1丁目32-12
華音,1,restaurant,bar|japanese_restaurant,東京都世田谷区三軒茶屋２丁目１２−１０
三軒茶屋 ゆきはなび,1,japanese_restaurant,restaurant|diner,"Sangenjaya, 1 Chome−32−17 FACE三軒茶屋 １Ｆ"
たつのおとしご,1,bar,restaurant|arts_and_entertainment,三軒茶屋1丁目32-9
月山,1,japanese_restaurant,restaurant|asian_restaurant,三軒茶屋2丁目10-16
黒ノ坊,1,japanese_restaurant,restaurant,三軒茶屋2丁目9-16
トレッテ,1,japanese_restaurant,restaurant|cafe,三軒茶屋2丁目9-15
バナナシェイク,1,bar,diner,三軒茶屋2丁目10-13
Salon de Sangenjaya,1,bar,,"Sangenjaya, 2 Chome−10−13 4F"
Batboy,1,bar,eat_and_drink|restaurant,三軒茶屋2丁目10-12
さすらい,1,japanese_restaurant,restaurant|diner,三軒茶屋2丁目10-12
三軒茶屋きーち,1,restaurant,japanese_restaurant|cafe,2 Chome-15-15 Sangenjaya
ROOSTER,1,restaurant,,三軒茶屋2-15-14
永秀 三軒茶屋,1,japanese_restaurant,restaurant,2 Chome-9-15 Sangenjaya
Taberoya,1,restaurant,french_restaurant|european_restaurant,2 Chome-8-9 Sangenjaya
Chicken George,1,japanese_restaurant,chicken_restaurant|restaurant,"Sangenjaya, 2 Chome−16−5 古本ビル"
緖はな,1,japanese_restaurant,sushi_restaurant|bar,2 Chome-6-9 Sangenjaya
関根精肉店三軒茶屋,1,bar,,三軒茶屋1丁目33-20 今泉ビル1F
ラヂモリヤ,1,bar,japanese_restaurant|fishmonger,三軒茶屋1丁目32-6
Men GARAGE NIKU WO MIRU,1,asian_restaurant,restaurant|japanese_restaurant,三軒茶屋1-32-6
燻製,1,japanese_restaurant,sake_bar|restaurant,"Sangenjaya, 1 Chome−32−6 ＭＩＣＨＩ－ＣＯビル ２階-３階"
阿川,1,japanese_restaurant,bar|restaurant,三軒茶屋1丁目30-14
Shirokumaya,1,japanese_restaurant,,1 Chome-30-8 Sangenjaya
MyShin-まい芯-,1,restaurant,cafe|fast_food_restaurant,三軒茶屋2-11-24 サンタワーズA 2階
兼六,1,restaurant,sushi_restaurant|japanese_restaurant,上馬5丁目34-2
ぶんた,1,bar,pub|japanese_restaurant,東京都世田谷区上馬２丁目２６−２０
とこしえ,1,japanese_restaurant,,三軒茶屋1-5-16
Nupuri,1,japanese_restaurant,restaurant|bar,1 Chome-9-9 Sangenjaya
なおっち Baby,1,bar,,下馬2丁目34-12
三軒茶屋 ファニフードストア,1,bar,,下馬2丁目20-5
Furni Food Store,1,japanese_restaurant,restaurant|asian_restaurant,2 Chome-20-5 1F~3F Shimouma
ごちそう生活,1,japanese_restaurant,bar|restaurant,1 Chome-17-3 Shimouma
Hagakure,1,japanese_restaurant,bar|restaurant,1 Chome-17-8 Shimouma
ニューさがみや,1,japanese_restaurant,restaurant|asian_restaurant,下馬1丁目18-9
Kakurega Hanare,1,japanese_restaurant,asian_restaurant|restaurant,"Shimouma, 1 Chome−19−5 原島「かくれ家はなれ」"
しとらす,1,japanese_restaurant,restaurant,下馬1丁目5-3
梅佶,1,japanese_restaurant,asian_restaurant|restaurant,三軒茶屋1丁目1-1
さくら茶屋,1,japanese_restaurant,restaurant|asian_restaurant,1 Chome-35-8 Nozawa
OTTO,1,japanese_restaurant,restaurant|diner,三軒茶屋1丁目2-12
からきや,1,japanese_restaurant,park|liquor_store,世田谷区若林1-4-18
みつる堂,1,restaurant,organic_grocery_store,東京都世田谷区上馬1-31-14
NOMURA,1,japanese_restaurant,restaurant|diner,上馬4丁目35-12
2940.3cha,1,bar,,上馬2-25-7-102
京鴨,1,bar,restaurant|asian_restaurant,上馬4丁目17-11
純家,1,bar,,下馬3丁目15-5
てっぱんや燎,1,japanese_restaurant,restaurant|steakhouse,下馬3丁目39-5
ニシヤン,1,restaurant,bar|french_restaurant,下馬3丁目39-5
Yoka Yoka,1,japanese_restaurant,bar|restaurant,五本木1丁目42-4
初場所 祐天寺,1,japanese_restaurant,restaurant,2 Chome-14-7 Yutenji
ユースタンド,1,bar,,"Yutenji, 2 Chome−15−5 浅海ビル 103"
いぶし銀,1,japanese_restaurant,restaurant|barbecue_restaurant,祐天寺2丁目8-13
Cotori,1,japanese_restaurant,chicken_restaurant|bar_and_grill_restaurant,"Yutenji, 2 Chome−10−3 カーサグリジオ 101"
yutenji_trickys,1,bar,,東京都目黒区祐天寺2-3-14 2F
蜂の家 祐天寺店,1,japanese_restaurant,,祐天寺2-14-1
みうら家,1,japanese_restaurant,restaurant|bar,東京都目黒区祐天寺２丁目３−１４
あずまや 祐天寺店,1,restaurant,,祐天寺2丁目3-10
Loop,1,pub,bar|lounge,東京都目黒区祐天寺２丁目３−１４
祐天寺Bob,1,restaurant,grocery_store|sake_bar,東京都目黒区祐天寺２丁目１２−２１
壱花,1,japanese_restaurant,restaurant|sake_bar,祐天寺2丁目3-15
ナイアガラ,1,japanese_restaurant,restaurant|diner,祐天寺1丁目21-2
Rica's Kitchen,1,restaurant,diner,3 Chome-22-11 Nakameguro
稲毛屋天野屋,1,japanese_restaurant,,1 Chome-22-4 Yutenji
hadaka kitchen,1,japanese_restaurant,bar|restaurant,"Yutenji, 1 Chome−22−6 3F"
プリモU,1,pub,bar|restaurant,1 Chome-22-10 Yutenji
やまだや酒店,1,bar,pub,"Yutenji, 2 Chome−3−6 守山ビル 2F"
Yasaka,1,japanese_restaurant,restaurant,"Nakameguro, 2 Chome−8−2 メイプル中目黒 1Ｆ"
グロッタ,1,bar,,中目黒2丁目9-8
Club Grotta,1,bar,restaurant|driving_range,2丁目9-8
仁目黒別邸,1,japanese_restaurant,restaurant,三田2丁目13-20
椀々 中目黒店,1,japanese_restaurant,restaurant|sake_bar,東京都目黒区目黒２丁目１５−３
花家,1,japanese_restaurant,restaurant|sushi_restaurant,1 Chome-16-7 Meguro
Kanon,1,japanese_restaurant,restaurant|diner,3 Chome-9-1 Sanno
由丸製麺所平和島店,1,japanese_restaurant,,大森北3丁目39-5
あずまし,1,bar,pub,中央1丁目1-11
さくらなみき,1,japanese_restaurant,sushi_restaurant|restaurant,
The Aoca Tokyo Sanno,1,japanese_restaurant,,3-chōme-3 Sannō
千隆,1,japanese_restaurant,restaurant|asian_restaurant,大森北4丁目12-23
ルマン&ペルシャ,1,bar,pub|arts_and_entertainment,１－１１－５　登丸ビル１F
RooMeat(ルーミート),1,food_and_drink,delicatessen|restaurant,大森北１－３－７　サファイア北ビル
天仲本店,1,japanese_restaurant,restaurant,大森本町1丁目8-15
大田市場浅野屋,1,japanese_restaurant,noodles_restaurant|restaurant,3 Chome-2-7 Tokai
壱号艇,1,japanese_restaurant,,平和島1-1-1
ベイサイド,1,japanese_restaurant,,平和島1-1-1
幸福麺処 もっちりや,1,japanese_restaurant,eat_and_drink,"Heiwajima, 1 Chome−1−1 ビッグファン平和島 B棟 1F フードコート"
シービー オルフェ,1,restaurant,european_restaurant|bar,東京都大田区大森北１丁目２９−９
花さやか,1,japanese_restaurant,asian_restaurant|smoothie_juice_bar,大森北1丁目29-12
いろはや,1,restaurant,japanese_restaurant|asian_restaurant,東京都大田区大森北１丁目３０−８
彩,1,bar,restaurant|pub,大森北1丁目15-10
大鳳,1,japanese_restaurant,restaurant|asian_restaurant,大森北1丁目23-12
八席,1,bar,chinese_restaurant|asian_restaurant,大森北2丁目4-8
青昔,1,japanese_restaurant,,
義経,1,bar,restaurant|asian_restaurant,大森北3丁目4-18
Kokoro,1,restaurant,korean_restaurant|filipino_restaurant,山王3丁目28-2
マサムネ,1,japanese_restaurant,restaurant,東京都大田区大森北１丁目２９−１５
楠,1,japanese_restaurant,bar|restaurant,大森北1丁目29-16
Ain't NO:#,1,bar,pub,"Omorikita, 1 Chome−34−14 ツインビル 1F"
美よし,1,bar,japanese_restaurant|barbecue_restaurant,東京都大田区山王2-2-15
Kagetsudo,1,restaurant,landmark_and_historical_building|monument,大森北2丁目2-10
London Bus Kitchen,1,restaurant,diner,1 Chome-16-8 Omorikita
柏庵,1,japanese_restaurant,restaurant|asian_restaurant,大森北1丁目29-1
武庫川,1,japanese_restaurant,restaurant,"Omorikita, 1 Chome−34−16 大光ビル 1階"
ヤグマ,1,japanese_restaurant,sushi_restaurant,
マントルピース,1,food_and_drink,restaurant,大森北１－１１－５　５Ｆ
大森ヤ満,1,bar,jet_skis_rental|gastropub,東京都大田区大森北１丁目３８−１
ありがとうございました,1,japanese_restaurant,bar|restaurant,
肉のいちのへ,1,restaurant,japanese_restaurant,大森北1丁目9-4
わび助,1,japanese_restaurant,restaurant|asian_restaurant,大森北1丁目35-3
大森 千愛里,1,japanese_restaurant,event_planning|arts_and_entertainment,"Omorikita, 1 Chome−12−9 第６下川ビル 1階"
醍醐大森店,1,japanese_restaurant,barbecue_restaurant|restaurant,大森北1丁目10-14
ウッフ大森店,1,fast_food_restaurant,pancake_house|cafe,2 Chome-13-1 Omorikita
Lucky 12 TD,1,bar,restaurant,大森北1丁目12-5
Orange Beard,1,bar,japanese_restaurant|restaurant,大森北1丁目12-5
串道場 大森店,1,japanese_restaurant,,1 Chome-38-2 Omorikita
食遊憩椿,1,bar,restaurant|cafe,大森北1丁目8-6
音もだち倶楽部,1,bar,music_venue,"Omorikita, 1 Chome−8−11 紅屋ビル ４F"
冨士家,1,japanese_restaurant,,山王2-3-19
Swank,1,restaurant,bar|pub,山王2丁目2-3
ハチロー,1,restaurant,japanese_restaurant|european_restaurant,1 Chome-3-1 Omorikita
大森CHUBO,1,japanese_restaurant,restaurant|bar,大森北1丁目2-4
萬作,1,japanese_restaurant,bar,大森北1丁目3-12
ZINO,1,bar,pub,"Omorikita, 1 Chome−2−1 The Central Omori, OMORI5階"
蘭免ん,1,restaurant,japanese_restaurant|cafe,南大井6丁目26-2
しょうさく亭,1,restaurant,bar|pub,"Omorikita, 1 Chome−4−10 大森駅前共同ビル"
白胡麻屋,1,japanese_restaurant,chinese_restaurant,南大井6丁目27-25
66Kitchen,1,japanese_restaurant,restaurant|diner,南大井6丁目26-2
広作- ひろさく,1,japanese_restaurant,shopping|restaurant,南大井3-31-14
すぎ本,1,japanese_restaurant,asian_restaurant|restaurant,3 Chome-35-2 Minamioi
うまもん,1,restaurant,japanese_restaurant,南大井3丁目33-7
Hakataya,1,japanese_restaurant,chinese_restaurant|asian_restaurant,"Minamioi, 3 Chome−34−6 福山ビル"
ゆう月大森海岸店,1,japanese_restaurant,sushi_restaurant,東京都品川区南大井３丁目３５−７
ら京,1,japanese_restaurant,seafood_restaurant|restaurant,南大井3丁目35-10
園の子,1,japanese_restaurant,sake_bar|cafe,南大井3丁目35-10
オールディーズ,1,japanese_restaurant,american_restaurant|bar,大森北1丁目3-12
あだち屋,1,japanese_restaurant,,山王2-3-8
四季の味丹,1,japanese_restaurant,asian_restaurant|restaurant,大森北1丁目11-5
いかり亭大森店,1,japanese_restaurant,restaurant|bar,大森北1丁目11-4
AtoD Stand,1,bar,restaurant|japanese_restaurant,大森北1丁目7-2
春日野,1,asian_restaurant,japanese_restaurant|restaurant,東京都大田区大森北１丁目１１−３
松登久本店,1,japanese_restaurant,restaurant|asian_restaurant,東京都大田区大森北２丁目１４−１
DARUMA,1,japanese_restaurant,asian_restaurant|restaurant,大森北2丁目14-1
たか濱,1,bar,restaurant|japanese_restaurant,大森北1丁目1-2
吟吟,1,japanese_restaurant,sake_bar|restaurant,南大井6丁目25-3
酒田,1,asian_restaurant,restaurant|japanese_restaurant,南大井3丁目24-10
味道,1,restaurant,,南大井3丁目26-6
たくみや,1,japanese_restaurant,bar|sake_bar,"Minamioi, 3 Chome−26−4 大森ロイヤルハイツ"
加那,1,food_and_drink,restaurant,3 Chome-26-4 Minamioi
TONTON,1,bar,restaurant|asian_restaurant,南大井3丁目27-2
桜みち,1,restaurant,,大森北1-6-16 アトレ大森1F
だら毛,1,japanese_restaurant,bar|restaurant,南大井6丁目28-2
めん亭,1,japanese_restaurant,sushi_restaurant,東京都大田区山王２丁目２−１１
三代目むら上大森山王店,1,japanese_restaurant,restaurant,山王2丁目4-4
麦の城,1,restaurant,japanese_restaurant,山王2丁目2-11
藤つぼ,1,japanese_restaurant,chicken_restaurant|bar,東京都大田区山王２丁目２−１５
三三七,1,japanese_restaurant,restaurant|asian_restaurant,山王2丁目2-13
大森地獄谷 まねき家,1,japanese_restaurant,restaurant,2 Chome-2 Sanno
笑庵,1,japanese_restaurant,restaurant,山王2丁目1-3
JACK 大森,1,bar,,南大井6-17-15
じんぺい,1,japanese_restaurant,restaurant|diner,南大井3丁目19-2
司庵,1,japanese_restaurant,,南大井2丁目11-4 ライオンズマンション大森第3 1F
まぐま,1,japanese_restaurant,restaurant|asian_restaurant,南大井2丁目11-9
Bora Bora,1,bar,,南大井3丁目16-5
いさ美庵,1,japanese_restaurant,asian_restaurant|restaurant,南大井6丁目20-18
みこころや,1,japanese_restaurant,asian_restaurant|restaurant,南大井6丁目17-19
Royal Kitchen,1,restaurant,european_restaurant|diner,山王2丁目5-5
Las Manos,1,bar,pub|lounge,"Minamioi, 6 Chome−11−2 日興パレス大森パート２ ＰＡＲＴⅡ １０1"
まき村,1,japanese_restaurant,restaurant|asian_restaurant,南大井3丁目11-5
SOH,1,japanese_restaurant,restaurant,山王2丁目36-9
チャーミング,1,japanese_restaurant,,東馬込2-12-4
味の山王,1,japanese_restaurant,restaurant,山王1丁目31-15
アンファン,1,bar_and_grill_restaurant,restaurant|bar,中央2丁目14-6
誠屋大森山王店,1,japanese_restaurant,asian_restaurant|restaurant,山王2丁目17-3
TCK バーベキューガーデン by デジキュー,1,restaurant,,勝島2丁目1-2 大井競馬場
TCK Barbecue Garden,1,restaurant,barbecue_restaurant|cafe,勝島2丁目1-2
東京ロティサリー,1,restaurant,cafe|japanese_restaurant,勝島2丁目1-2
ぴえー留,1,restaurant,,1 Chome-25-14 Sanno
Restaurant Forest Coast,1,restaurant,,19-3 南大井6丁目
みのりや,1,japanese_restaurant,bar,南馬込1丁目15-2
とん馬,1,japanese_restaurant,asian_restaurant|restaurant,南大井5丁目13-11
リーベス,1,restaurant,italian_restaurant|british_restaurant,南大井4丁目11-5
Inanaki,1,restaurant,japanese_restaurant|diner,"Katsushima, 2 Chome−2−35 大井競馬場前駅 駅上"
お山の大将,1,japanese_restaurant,asian_restaurant,南大井1丁目6-8
Gods,1,bar,pizza_restaurant|beer_bar,202 2 Chome-28-5 Higashioi
既朔,1,japanese_restaurant,seafood_restaurant|restaurant,東大井2丁目28-5
BASE,1,bar,,東大井2丁目28-5 立会川セントラルファイブ 2F
味利,1,japanese_restaurant,restaurant,東大井3丁目28-8
いずみ家,1,japanese_restaurant,bar,東馬込1丁目12-2
御待堂,1,japanese_restaurant,,西大井2-16-3
伊豆家,1,japanese_restaurant,,南品川2-17-21
ラジオデイズ,1,food_and_drink,restaurant,中延２－６－２
吉田家立会川,1,japanese_restaurant,restaurant|diner,東大井2丁目15-13
音市,1,japanese_restaurant,bar|restaurant,東大井3丁目27-5
Gotta.official,1,restaurant,,東五反田1-11-15  電波ビル1F
Sharaku,1,japanese_restaurant,restaurant|diner,2 Chome-23-1 Higashioi
いっぱちや,1,bar,restaurant|japanese_restaurant,2 Chome-23-1 Higashioi
牛匠乙ちゃん,1,japanese_restaurant,shopping|butcher_shop,2 Chome-4-9 Higashioi
あかさ,1,restaurant,japanese_restaurant|bar,東京都品川区東大井
炙MARU,1,japanese_restaurant,bar|barbecue_restaurant,6 Chome-9-7 Nishioi
西大井駅前店,1,fast_food_restaurant,,東京都品川区西大井１－１－２－１０１
DECORA del mar,1,bar,restaurant,4 Chome-2-16 Futaba
タルマッシュ,1,restaurant,japanese_restaurant|bar,"Futaba, 4 Chome−15−7 ユーフォリア１"
田じまや,1,japanese_restaurant,sushi_restaurant,二葉3丁目2-8
美味工房くぼい,1,restaurant,japanese_restaurant|asian_restaurant,大井3丁目17-8
Four-leaf Clover,1,bar,pub,大井4丁目13-14
萄八,1,japanese_restaurant,sushi_restaurant,4 Chome-13-14 Ōi
吉田家大井三ツ又店,1,japanese_restaurant,,大井3丁目6-7
トラストサルーン,1,bar,burger_restaurant|fast_food_restaurant,大井4丁目10-7
イーヴレース,1,bar,restaurant|pub,"Ōi, 3 Chome−5−9 氏原ビル １Ｆ"
ウッフ,1,restaurant,bar|french_restaurant,東京都品川区中延６丁目３−１４
Baratie,1,restaurant,pizza_restaurant|diner,"Futaba, 2 Chome−7−17 サンパレス西大井"
西大井精肉店,1,japanese_restaurant,,東京都品川区二葉２丁目８−５
escapedog,1,bar,eat_and_drink|restaurant,東京都品川区大井1-37-8
Ooimachi Terrace,1,restaurant,diner|eat_and_drink,大井4-3-1
わたる商店,1,bar,japanese_restaurant|restaurant,大井1丁目53-8
食彩市,1,japanese_restaurant,restaurant|asian_restaurant,東大井6丁目1-5
ゑっとや,1,restaurant,sushi_restaurant|japanese_restaurant,1 Chome-55-11 Ōi
八幸,1,japanese_restaurant,restaurant,4 Chome-1-5 Ōi
かくれ家秀,1,japanese_restaurant,restaurant|diner,東大井6丁目1-7
かえで庵,1,japanese_restaurant,,東大井3-3-14
楓庵,1,japanese_restaurant,restaurant|asian_restaurant,東京都品川区東大井３丁目３−１４
CHA 大井町,1,bar,japanese_restaurant,"Ōi, 4 Chome−1−1 増田ビル 1F"
しげ,1,restaurant,japanese_restaurant|asian_restaurant,東京都品川区大井1丁目43-7
たもん,1,japanese_restaurant,bar|restaurant,大井1丁目42-8
もっこく屋,1,japanese_restaurant,asian_restaurant|restaurant,2 Chome-27-19 Ōi
Kunsei Kitchen Oimachi,1,japanese_restaurant,restaurant|diner,3 Chome-4-８ Ōi
大王鮫洲店,1,japanese_restaurant,asian_restaurant|restaurant,東大井1丁目13-12
すぴりたす,1,bar,restaurant,東大井1丁目2-12
第一京浜鮫洲店,1,fast_food_restaurant,,東京都品川区東大井１－２－２０
Curia Lente,1,restaurant,indian_restaurant|cafe,5 Chome-18-1 Higashioi
chawan,1,japanese_restaurant,restaurant|diner,"Ōi, 1 Chome−2−1 アトレ大井町 ６Ｆ"
あじわいまどる,1,japanese_restaurant,restaurant|asian_restaurant,1 Chome-24-5 Ōi
愉々家,1,japanese_restaurant,,大井1-50-5
登利源,1,japanese_restaurant,asian_restaurant,大井2丁目10-6
むろと,1,japanese_restaurant,restaurant|asian_restaurant,"Ōi, 1 Chome−25−3 1F"
瀧,1,japanese_restaurant,,大井1-34-3
メロウ,1,bar,restaurant|pub,東大井5丁目19-9
あげあげ,1,bar,japanese_restaurant|restaurant,東大井6丁目2-24
Victory,1,japanese_restaurant,barbecue_restaurant|korean_restaurant,1 Chome-50-15 Ōi
かずさや大井町店,1,japanese_restaurant,restaurant|diner,"Ōi, 1 Chome−54−2 長谷川ビル 1階"
Mamy's Kitchen 代田橋店,1,restaurant,asian_restaurant|cafe,和泉1-19-14　ハイツサンタクビル１F
Oredana,1,bar,eyewear_and_optician|real_estate_investment,"Yutakacho, 6 Chome−11−12 フシミビル"
秋茄子,1,restaurant,japanese_restaurant,2 Chome-10-17 Higashinakanobu
びっくりや 大井町店,1,japanese_restaurant,restaurant,大井1丁目27-6
黒ぶたや アトレ大井町店,1,japanese_restaurant,restaurant,大井1丁目2-1
木もれび,1,japanese_restaurant,cafe|restaurant,東大井5丁目14-16
らくらくや,1,japanese_restaurant,sushi_restaurant,東大井5丁目14-16
晴坊,1,japanese_restaurant,eat_and_drink,
Intellctuary.official,1,restaurant,,品川区大崎1-11-1　ゲートシティ大崎ウエストタワーB1
藤半,1,japanese_restaurant,asian_restaurant|restaurant,東大井5丁目14-19
寿得広,1,japanese_restaurant,restaurant|asian_restaurant,東大井5丁目14-17
とと丸,1,food_and_drink,bar|japanese_restaurant,大井1丁目20-28
ブラザーズ,1,bar,pub|lounge,"Higashioi, 5 Chome−17−2 野村ビル 4F"
ひなの家本店,1,japanese_restaurant,bar|restaurant,"Higashioi, 5 Chome−17−2 野村ビル B1"
壷屋,1,japanese_restaurant,restaurant,東大井5丁目12-5
じょう大井町店,1,japanese_restaurant,restaurant|sushi_restaurant,東大井5丁目17-2
Sun Fish Kitchen,1,bar,asian_restaurant|restaurant,東大井5丁目17-2
電雷大井町店,1,bar,lounge|japanese_restaurant,東大井5丁目17-1
なごし,1,japanese_restaurant,restaurant,大井1丁目21-18
Noyaki,1,japanese_restaurant,restaurant|bar,1 Chome-8-4 Ōi
大井町 BULLS,1,japanese_restaurant,restaurant,
牛八,1,japanese_restaurant,restaurant|diner,大井1丁目2-20
力亭,1,japanese_restaurant,restaurant,東大井5丁目7-14
リモ,1,restaurant,bar|diner,東大井5丁目5-7
Chap,1,japanese_restaurant,restaurant|bar_and_grill_restaurant,東大井5丁目4-9
Potenga,1,japanese_restaurant,restaurant|bar,"Higashioi, 5 Chome−4−8 栄興前川ソシアルビル"
喜良久,1,japanese_restaurant,restaurant|asian_restaurant,大井1丁目1-7
SAKU,1,japanese_restaurant,,豊町4-1-14
おかかキッチン,1,restaurant,,6 Chome-20-6 Togoshi
こま井,1,japanese_restaurant,restaurant|asian_restaurant,戸越6丁目6-8
黒兎,1,japanese_restaurant,cafe,戸越5丁目19-2
シードリングス,1,bar_and_grill_restaurant,,二葉1-8-11
かる,1,japanese_restaurant,asian_restaurant|restaurant,東京都品川区二葉１丁目１０−７
新潟,1,japanese_restaurant,restaurant|bar,南品川6丁目18-15
Arun's,1,japanese_restaurant,restaurant|diner,5 Chome-11-43 Minamishinagawa
かわち屋,1,japanese_restaurant,chicken_restaurant,東京都品川区南品川６丁目１８−１９
真琴,1,japanese_restaurant,restaurant|bar,"Minamishinagawa, 6 Chome−18−21 フラワーＭＴ"
八天,1,japanese_restaurant,restaurant,南品川6丁目19-2
楽土,1,japanese_restaurant,sake_bar|bar,"Ōi, 1 Chome−15−5 ＧＳビル ３F"
名物家,1,japanese_restaurant,asian_restaurant|restaurant,大井1丁目11-3
晴天の月,1,japanese_restaurant,restaurant|diner,大井1丁目11-3
Chamble De Y,1,pub,bar|dance_club,大井1丁目1-12
Cft 北一倶楽部 大井町店,1,japanese_restaurant,barbecue_restaurant|restaurant,大井1丁目1-10
彩彩,1,bar,japanese_restaurant|noodles_restaurant,東大井5丁目2-12
スタンドキヨスグ,1,bar,,東京都品川区東大井５丁目２−１３
信州屋,1,bar,restaurant|japanese_restaurant,東大井5丁目4-7
姫,1,bar,restaurant,5 Chome-4-14 Higashioi
豚のいろ葉,1,bar_and_grill_restaurant,japanese_restaurant|restaurant,東大井5丁目4-14
Bradipo,1,bar,,東大井5丁目2-12
美寿々,1,bar,japanese_restaurant|asian_restaurant,東大井5丁目3-13
永楽,1,japanese_restaurant,restaurant,東大井5丁目3-2
御室,1,pub,bar|restaurant,5 Chome-4-8 Higashioi
多幸屋,1,japanese_restaurant,,東大井5丁目26-25
ティンカーベル,1,japanese_restaurant,restaurant|diner,南品川2丁目17-27
味の妖精の館,1,restaurant,fast_food_restaurant|japanese_restaurant,南品川2丁目17-27
いとうや,1,japanese_restaurant,restaurant,南品川5丁目9-26
高喜屋,1,japanese_restaurant,noodles_restaurant,5 Chome-3-26 Minamishinagawa
葉月,1,japanese_restaurant,restaurant|restaurant_wholesale,東品川3丁目23-18
丸富,1,japanese_restaurant,restaurant,南品川3丁目6-2
気まぐれ厨房 ごっつ 青物横丁店,1,japanese_restaurant,asian_restaurant|noodles_restaurant,南品川3丁目6-3
長崎横丁,1,japanese_restaurant,asian_restaurant|restaurant,"Minamishinagawa, 3 Chome−6−3 佐瀬ビル"
王様のポケット,1,bar,restaurant|cafe,東京都品川区南品川２丁目５−３
RISING,1,pub,,南品川3-5-8
ふうこうめいび,1,restaurant,bar|japanese_restaurant,南品川2丁目5-1
ライジング,1,bar,japanese_restaurant|restaurant,南品川3丁目5-8
浜やしき,1,japanese_restaurant,bar|restaurant,南品川2丁目5-4
大空,1,japanese_restaurant,restaurant,南品川2丁目5-9
まかないや青物横丁店,1,japanese_restaurant,restaurant|diner,"古屋ビル 1F, 2 Chome-5-6 Minamishinagawa"
鶴川,1,bar,japanese_restaurant|pub,南品川3丁目5-6
すみれ 青物横丁店,1,japanese_restaurant,,南品川3-5-3
ぽっぽ堂,1,comfort_food_restaurant,,
グリーングラス,1,restaurant,bar|coffee_shop,"Minamishinagawa, 2 Chome−4−4 グリーングラスビル"
おきみくら,1,bar,restaurant|japanese_restaurant,南品川3丁目5-3
Ojiya,1,restaurant,bar|pub,南品川3丁目5-36
ハマショウ,1,japanese_restaurant,sushi_restaurant,東京都品川区南品川６丁目１１−２６
婦尾口-ふぉーく,1,bar,chicken_restaurant|wine_bar,
富来房,1,food_and_drink,hotel|restaurant,5-20-18
花一,1,restaurant,asian_restaurant|japanese_restaurant,東京都品川区東中延２丁目１−１９
ぶぅさん,1,japanese_restaurant,restaurant|asian_restaurant,東京都品川区戸越５丁目１５−１
兎庵,1,restaurant,japanese_restaurant|eat_and_drink,戸越5丁目7-17
The Delishop by OpenYard,1,restaurant,,東京都
仲居,1,japanese_restaurant,restaurant|bar_and_grill_restaurant,中延2丁目8-14
Gelco,1,bar,dance_club|karaoke,中延2丁目8-14
ほんま,1,bar,restaurant|japanese_restaurant,南品川6丁目8-26
いっぽ,1,japanese_restaurant,,南品川4丁目4-1
とらいあんぐる,1,japanese_restaurant,bar|restaurant,2-chōme-6 Nishishinagawa
洋子ちゃん,1,japanese_restaurant,bar|diner,"Nishishinagawa, 2 Chome−6−8 第二前田ビル"
岩水,1,japanese_restaurant,sushi_restaurant|bar,高砂8-1
Kagosima 隼人,1,japanese_restaurant,sushi_restaurant,戸越2丁目7-6 T.S.Iビル1F
とごしぎんざの橋蔵,1,japanese_restaurant,bar|sushi_restaurant,戸越2丁目7-5
和いそべ,1,restaurant,japanese_restaurant|bar,戸越3丁目2-6
ゴーワ,1,japanese_restaurant,barbecue_restaurant,戸越1丁目19-13
旬味 結,1,japanese_restaurant,bar|restaurant,1 Chome-19-10 Togoshi
戸越屋,1,japanese_restaurant,sushi_restaurant,戸越2-5-3
とんたん,1,japanese_restaurant,restaurant|diner,戸越2丁目5-1
猿や,1,bar,,東京都品川区戸越１丁目１７−１０
やきだい えん,1,japanese_restaurant,,戸越1-17-9
敷島屋,1,japanese_restaurant,sushi_restaurant|noodles_restaurant,戸越2丁目6-4
慶戸越銀座店,1,restaurant,diner|japanese_restaurant,戸越1丁目20-12
はる,1,japanese_restaurant,restaurant,戸越1丁目16-11
やまなみ,1,japanese_restaurant,restaurant|sushi_restaurant,平塚1丁目8-3
正乃家 まさのや,1,restaurant,japanese_restaurant|fast_food_restaurant,平塚2丁目14-7
Nami,1,japanese_restaurant,asian_restaurant|restaurant,"Hiratsuka, 2 Chome−13−7 石垣ビル １F"
Bonjourmi,1,mediterranean_restaurant,restaurant|european_restaurant,3 Chome-7-4 Nishishinagawa
さんご,1,japanese_restaurant,restaurant|diner,西品川3丁目6-3
池上線ガード下物語,1,japanese_restaurant,barbecue_restaurant|restaurant,西品川3丁目20-9
天志乃,1,japanese_restaurant,restaurant,西品川3丁目20-6
Coral,1,bar,,1 Chome-1-3 Minamishinagawa
丸直,1,japanese_restaurant,restaurant,"Minamishinagawa, 4 Chome−2−10 迦葉南品川マンション 101"
天室,1,japanese_restaurant,restaurant,南品川2丁目13-10
六右衛門 - ろくうえもん,1,japanese_restaurant,sushi_restaurant,青海2-5-10
シーガル,1,restaurant,,青海2丁目4-32
グリーンズシェフ,1,japanese_restaurant,restaurant|diner,青海2丁目4-24
ミライカン キッチン,1,food_and_drink,,青海2-3-6 日本科学未来館 ﻿7F 展望ラウンジ
Gontaro,1,japanese_restaurant,restaurant,"Kitashinagawa, 2 Chome−3−4 小野ビル"
権太郎,1,japanese_restaurant,asian_restaurant|restaurant,北品川2丁目3-4
Narumichi,1,restaurant,japanese_restaurant|asian_restaurant,1 Chome-30-19 Kitashinagawa
裏馬場,1,bar,japanese_restaurant,北品川2丁目4-17
エビス 新馬場店,1,bar,restaurant,北品川2丁目8-11
あおた,1,japanese_restaurant,restaurant|asian_restaurant,東品川1丁目35-3
鈴や,1,restaurant,,北品川2丁目2-9
ことぶき家,1,japanese_restaurant,restaurant|asian_restaurant,北品川2丁目25-8
品川宿参道,1,bar,restaurant|japanese_restaurant,北品川2丁目11-11
参道,1,bar,candy_store,北品川2丁目11-11
がむしゃら,1,japanese_restaurant,eat_and_drink|bar,北品川2丁目9-27
ぶらぶら,1,japanese_restaurant,,東京都品川区北品川２丁目２６−２１
和八,1,japanese_restaurant,restaurant|diner,3 Chome-4-2 Nishishinagawa
天丸,1,japanese_restaurant,restaurant|diner,戸越1丁目1-10
ストン,1,japanese_restaurant,restaurant|diner,戸越1丁目1-10
ゴロ八,1,japanese_restaurant,asian_restaurant|restaurant,荏原1丁目23-14
Kitchen Taiyo,1,restaurant,japanese_restaurant,荏原1丁目17-4
結月庵,1,japanese_restaurant,,大崎2-1-1
萬寿野,1,japanese_restaurant,restaurant,大崎3丁目7-14
Rouji,1,restaurant,diner,大崎1丁目11-1
華らんたん 大崎店,1,japanese_restaurant,restaurant|asian_restaurant,大崎1丁目21-4
ダイナミックシェフ粋,1,japanese_restaurant,asian_restaurant|restaurant,大崎3丁目6-17
にくまる大崎店,1,japanese_restaurant,restaurant,大崎3丁目6-17
Yū,1,japanese_restaurant,asian_restaurant|restaurant,3 Chome-6-17 Osaki
sasaya BYO,1,lounge,bar|restaurant,大崎3丁目6-17
Comidas TKD,1,food_and_drink,,"Osaki, 3 Chome−10−16 Mi Casa 1階"
黒将Tokyo(くろまさとうきょう),1,japanese_restaurant,restaurant|diner,"Osaki, 3 Chome−5−2 エステージ大崎 1F"
舟茶屋,1,bar,restaurant|japanese_restaurant,大崎1丁目6-2
おおさき季膳房,1,cafeteria,,大崎1-11-1
成ミチ,1,restaurant,barbecue_restaurant|japanese_restaurant,北品川1丁目30-19
あきおか,1,restaurant,japanese_restaurant|asian_restaurant,東京都品川区北品川２丁目２−８
神崎,1,japanese_restaurant,sushi_restaurant|bar,東品川1丁目22-5
Captain's Wharf,1,mediterranean_restaurant,restaurant|bar_and_grill_restaurant,"Higashishinagawa, 1 Chome−39−21 第三齋藤ビル 101"
ジール,1,restaurant,event_planning,東品川1丁目39-21
こみや,1,restaurant,bar|taiwanese_restaurant,北品川1丁目30−7
十三屋,1,japanese_restaurant,restaurant|asian_restaurant,1 Chome-25-9 Kitashinagawa
古登代,1,japanese_restaurant,,北品川1-25-9
りえ,1,bar,restaurant|barbecue_restaurant,北品川1丁目24-7
太鼓,1,japanese_restaurant,restaurant|sake_bar,東京都品川区北品川１丁目２４−７
わいわい亭,1,japanese_restaurant,,北品川1丁目24-8
三叶家(みきょうや),1,japanese_restaurant,asian_restaurant|restaurant,"Kitashinagawa, 22−1 地下一階"
KITEN TOKYO,1,restaurant,,東品川1-3-15
Honsen,1,restaurant,diner,"Kitashinagawa, 1 Chome−22−15 1F"
うえじま,1,japanese_restaurant,restaurant,北品川1丁目22-7
彩大崎店,1,japanese_restaurant,bar|restaurant,大崎1丁目2-2
West Tokyo,1,food_and_drink,bar,
大崎キッチン,1,restaurant,bar|european_restaurant,東京都品川区大崎１丁目５−１
華心苑 大崎店,1,restaurant,bar,東京都品川区大崎１丁目５−１
粋貫庵 彰利,1,japanese_restaurant,,北品川6-7-35
Takasagomaru,1,japanese_restaurant,restaurant,"Kitashinagawa, 5 Chome−6−1 2F"
和饗,1,japanese_restaurant,restaurant,西五反田8丁目8-14
蔵出,1,japanese_restaurant,bar|restaurant,西五反田7丁目22-17
志野,1,japanese_restaurant,asian_restaurant|restaurant,西五反田7丁目22-17
小椅子,1,japanese_restaurant,coffee_shop|restaurant,"Nishigotanda, 8 Chome−3−13 フルオカビル"
たっくたっく 五反田店,1,restaurant,delicatessen|japanese_restaurant,東京都品川区大崎４丁目２−２
ここにもとだか,1,japanese_restaurant,,五反田8-4-13
スイセン,1,restaurant,,西五反田5丁目30-20
和み処卯月,1,japanese_restaurant,restaurant|seafood_restaurant,西五反田8丁目2-12
アマミ,1,bar,cocktail_bar|pub,西五反田8丁目2-5
くし倶楽部,1,japanese_restaurant,bar,西五反田7丁目12-6
シェーンザール,1,restaurant,,西五反田8-4-13
うたかた,1,bar,restaurant|wine_bar,大崎4丁目1-2
松風,1,japanese_restaurant,restaurant|noodles_restaurant,4 Chome-1-1 Kitashinagawa
ミスター チキン チックス,1,bar,asian_restaurant|chicken_restaurant,品川区北品川5丁目12-6
やまもと,1,japanese_restaurant,asian_restaurant,東五反田2丁目22-12
花の家,1,japanese_restaurant,,東五反田2-22-10
ペーリ ペーリ,1,restaurant,diner,西五反田1丁目15-10
GU3F,1,restaurant,japanese_restaurant,"Nishigotanda, 1 Chome−25−7 3F"
オントレ・ドゥ・シャトウ,1,japanese_restaurant,restaurant,1 Chome-24-4 Nishigotanda
たこ安,1,japanese_restaurant,sake_bar|fast_food_restaurant,"Nishigotanda, 1 Chome−24−4 タキゲンビル 2F"
WARAYAKI funsista,1,japanese_restaurant,restaurant|diner,"Nishigotanda, 1 Chome−24−4 タキゲンビル 107"
銀座 いし井五反田店,1,japanese_restaurant,chinese_restaurant|restaurant,1 Chome-24-4 Nishigotanda
ロイズ五反田店,1,bar,arts_and_entertainment|restaurant,西五反田1-17-1第二東栄ビル3F
五反田ゆらり,1,japanese_restaurant,restaurant|asian_restaurant,西五反田1-26-10
若ちゃん,1,japanese_restaurant,restaurant|asian_restaurant,西五反田1丁目25-5
横手屋,1,japanese_restaurant,restaurant|asian_restaurant,1 Chome-14-1 Nishigotanda
二十三夜 ごちそう,1,restaurant,bar|diner,東京都品川区西五反田１丁目１６−１
美巻,1,japanese_restaurant,restaurant,東京都品川区西五反田１丁目２６−９
ThinkfoodLOTUS,1,restaurant,cafe|coffee_shop,西五反田7丁目3-7
ささ,1,bar,restaurant|japanese_restaurant,西五反田1丁目12-1
五反田 ふじ屋,1,bar,barbecue_restaurant|restaurant,東京都品川区西五反田１丁目２６−２
スワチカ,1,restaurant,diner|japanese_restaurant,西五反田1丁目27-6
あんこと / Ankoto,1,japanese_restaurant,,西五反田1-27-7
COVA,1,bar,gastropub|restaurant,"Nishigotanda, 5 Chome−4−6 セブンスターマンション 106"
Yo.I,1,brasserie,,
菜々笑,1,restaurant,sake_bar|asian_restaurant,東京都品川区西五反田５丁目１２−６
にしぽるこ,1,bar,restaurant|italian_restaurant,西五反田2丁目26-4
しゃぽう,1,japanese_restaurant,restaurant|bar,西五反田2丁目32-6
時歩庵,1,japanese_restaurant,restaurant,西五反田2丁目26-7
わったりぼうず,1,bar,japanese_restaurant|restaurant,西五反田1丁目7-1
話食よし,1,japanese_restaurant,,西五反田1-7-1
朱屋,1,japanese_restaurant,restaurant,西五反田1丁目7-1
三弘亭,1,bar,japanese_restaurant|barbecue_restaurant,西五反田1丁目7-1
ガボ,1,bar,restaurant|dance_club,"Win Gotanda Building, 1 Chome-30-2 Nishigotanda"
ちょいと ぷらっと,1,bar,lounge|pub,1 Chome-9-3 Nishigotanda
志みづ,1,japanese_restaurant,bar|sake_bar,"Nishigotanda, 1 Chome−9−3 2F"
きになる嫁Budokan,1,japanese_restaurant,,"Nishigotanda, 1 Chome−9−3 リバーライトビルディング 2F"
GOTANDA 浪漫巣,1,japanese_restaurant,,西五反田1-9-3
坊乃,1,japanese_restaurant,bar|restaurant,西五反田1丁目30-6
Toriguchi,1,japanese_restaurant,restaurant,"Nishigotanda, 2 Chome−28−10 1F"
エイペックス,1,bar,,西五反田2丁目28-10 FP五反田ビル4F
桜田みそら,1,japanese_restaurant,,東京都品川区西五反田２丁目３０−１０
五反田二本松,1,bar,,
エアネ屋 品川店,1,restaurant,cafe,北品川１丁目１０−４ Y.B.ビル 4F
器楽,1,bar,sake_bar|seafood_restaurant,北品川1丁目10-10
味喜庵天王洲店,1,japanese_restaurant,asian_restaurant|restaurant,東品川2丁目2-4
Fnhal-02,1,bar_and_grill_restaurant,restaurant|japanese_restaurant,東品川2-2-4 天王洲ファーストタワー1F
もんもんさもん,1,japanese_restaurant,barbecue_restaurant,北品川１丁目２４−８
居残り 連,1,japanese_restaurant,restaurant|diner,北品川1丁目22-4
Soholm,1,restaurant,asian_restaurant,2 Chome-1-3 Higashishinagawa
鶏味座,1,japanese_restaurant,restaurant|chicken_restaurant,青海1丁目1-10
THE BUFFET LaLa Dream,1,restaurant,buffet_restaurant|theme_restaurant,青海1丁目1-10
てっぱん屋台,1,japanese_restaurant,,青海1-1-10
だてなり屋,1,japanese_restaurant,sushi_restaurant|restaurant,青海1丁目3-15
空海 ヴィーナスフォート店,1,japanese_restaurant,restaurant,青海1パレットタウン ヴィーナスフォートファミリー内
ぶるんちょ,1,japanese_restaurant,,5 Chome-2-12 Nishigotanda
太陽堂,1,japanese_restaurant,,西五反田5-9-5
僕,1,restaurant,bar,東京都品川区西五反田５丁目１１−１３
パルティーレ,1,bar,,西五反田5-9-5
AGUNITE,1,japanese_restaurant,restaurant,5 Chome-11-14 Nishigotanda
ぬの川,1,japanese_restaurant,restaurant|asian_restaurant,西五反田5丁目11-1
cado,1,restaurant,,東京都品川区西五反田2-24-7
てっぱん200,1,bar_and_grill_restaurant,,
美亭,1,japanese_restaurant,restaurant|asian_restaurant,西五反田1丁目4-8
らがん,1,japanese_restaurant,asian_restaurant|restaurant,西五反田1丁目4-8
ヤオロズクラフト,1,restaurant,japanese_restaurant|diner,西五反田1丁目4-8
桜花,1,bar,pub|japanese_restaurant,東京都品川区西五反田１丁目４−４
あさり,1,bar,japanese_restaurant|eat_and_drink,東五反田2丁目4-5
塩梅五反田店,1,japanese_restaurant,asian_restaurant|restaurant,東五反田2丁目3-4
威風 五反田店,1,restaurant,,東五反田2丁目3-2
RYU ASTER,1,restaurant,japanese_restaurant,"Higashigotanda, 1 Chome−25−13 セブンスターマンション島津山 403"
嵐丸,1,japanese_restaurant,restaurant,東五反田2丁目3-2
キミタンハウス (Kimitan House),1,vegan_restaurant,,高輪4-18-12
錦わらい 五反田店,1,japanese_restaurant,asian_restaurant|restaurant,1丁目2-8
ねこまま屋,1,bar,japanese_restaurant|sake_bar,西五反田2丁目24-7
けんみん,1,japanese_restaurant,noodles_restaurant,西五反田5丁目12-3
Amitie,1,restaurant,asian_restaurant|bar,5 Chome-10-6 Nishigotanda
雷不動前,1,restaurant,japanese_restaurant|eat_and_drink,西五反田5丁目1-13
福しま,1,japanese_restaurant,restaurant|asian_restaurant,西五反田5丁目1-16
海房主,1,japanese_restaurant,asian_restaurant|restaurant,西五反田5丁目1-14
悟空不動前店,1,bar,chinese_restaurant,西五反田5-1-20-205
おいどん不動前店,1,japanese_restaurant,restaurant|bar,西五反田4丁目30-9
あげ福,1,japanese_restaurant,restaurant,西五反田2丁目15-13
チェローナ,1,japanese_restaurant,steakhouse|bar_and_grill_restaurant,西五反田2丁目17-8
和美屋 あじ,1,japanese_restaurant,,東五反田1-15-7
あのじ風,1,japanese_restaurant,restaurant|bar,東五反田1丁目15-1
サッカール 五反田店,1,restaurant,diner,西五反田3丁目9-12
ちりふ,1,restaurant,japanese_restaurant,西五反田4-8-4
U.Tokyo,1,bar,japanese_restaurant|sushi_restaurant,西五反田4丁目8-4
ながみね,1,japanese_restaurant,restaurant|asian_restaurant,西五反田5丁目1-26
TOKYO CASU,1,japanese_restaurant,,4 Chome-6-11 Nishigotanda
かざん,1,japanese_restaurant,restaurant|diner,西五反田2丁目13-8
なお樹,1,japanese_restaurant,restaurant|asian_restaurant,"Nishigotanda, 2 Chome−13−8 五反田山﨑ビル"
吉福,1,japanese_restaurant,restaurant|diner,"Nishigotanda, 2 Chome−6−3 東洋ビル"
まるき,1,japanese_restaurant,restaurant|diner,西五反田2丁目6-3
Restaurant Yoshi's High,1,restaurant,diner|japanese_restaurant,"Higashigotanda, 1 Chome−12−9 ６階"
しょうちゃん 五反田店,1,japanese_restaurant,restaurant|diner,東五反田1丁目16-9
炭火焼まるは,1,japanese_restaurant,barbecue_restaurant|asian_restaurant,東五反田1丁目16-4
ごじゃはげや,1,japanese_restaurant,,"Nishigotanda, 2 Chome−6−3 東洋ビル １F"
龍宮城~Ryugujo~,1,bar,,"Higashigotanda, 1 Chome−17−11 五反田佐久間ビル 地下1階 A号室"
かとう,1,bar,japanese_restaurant,東京都品川区東五反田１丁目１３−３
日南,1,japanese_restaurant,asian_restaurant|restaurant,東五反田1丁目13-6
Kamodiner 炭次郎,1,japanese_restaurant,restaurant,"Nishigotanda, 2 Chome−18−3 B1F"
越路家,1,japanese_restaurant,noodles_restaurant|restaurant,2 Chome-17-3 Nishigotanda
ラミュゼ,1,bar,pub,東五反田1-18-6-第2ベネテックビル2F
泡ニスタ,1,bar,bar_and_grill_restaurant|restaurant,東京都品川区東五反田１丁目２３−９
高玉屋,1,bar,japanese_restaurant|restaurant,1 Chome-18-6 Higashigotanda
小林屋,1,bar,restaurant|japanese_restaurant,東京都品川区東五反田１丁目２３−１
いもたろう,1,japanese_restaurant,restaurant|asian_restaurant,東五反田1丁目18-5
まにゅ,1,bar,arts_and_entertainment,"Higashigotanda, 1 Chome−17−10 プランドール壱番街 ３M（３階真ん中"
談,1,bar,cinema|theme_restaurant,東五反田1丁目17-10
わに家,1,japanese_restaurant,bar|restaurant,"Higashigotanda, 1 Chome−18−3 竹田ビル"
JUNCTION,1,bar,,高輪4-20-3
Pio,1,bar,spanish_restaurant|restaurant,高輪4丁目23-4
アルコ イリス 五反田店,1,restaurant,italian_restaurant|peruvian_restaurant,東五反田1丁目15-5
Alice Aqua Garden Shinagawa,1,restaurant,japanese_restaurant|event_planning,港南2丁目16-5
品川 今井屋本店,1,restaurant,japanese_restaurant,東京都港区港南２丁目１６−５
梨の家,1,japanese_restaurant,barbecue_restaurant|restaurant,港南2丁目15-2-D-306
二尺五寸品川グランパサージュ店,1,restaurant,,港南2丁目16-3 グランドセントラルタワー グランパサージュ1F
Hamayu,1,restaurant,asian_restaurant|japanese_restaurant,台場2-6-1
フロンティア,1,restaurant,,青海1
ママトコ,1,restaurant,cafe|coffee_shop,台場1丁目7-1
ろく,1,japanese_restaurant,,台場1-7-1
はいばな,1,japanese_restaurant,restaurant,台場1丁目7-1
King of the Pirates,1,theme_restaurant,bar|restaurant,"Daiba, 1 Chome−7−1 アクアシティお台場 5F"
南風花,1,japanese_restaurant,,台場1-7-1
響 お台場店,1,restaurant,diner,台場1丁目7-1
OSMIC DISH お台場店,1,japanese_restaurant,,台場1丁目7-1 アクアシティお台場5F
H.B.GRILL,1,bar_and_grill_restaurant,barbecue_restaurant|american_restaurant,台場1丁目7-1
米門,1,japanese_restaurant,asian_restaurant|restaurant,港南2丁目16-1
旬香庭麟,1,japanese_restaurant,restaurant,港南2丁目16-1
麦まる,1,japanese_restaurant,,港南2丁目15-2-D-104品川インターシティS&R棟
6TH SENSE,1,pie_shop,,港南4-6-8
呑喜,1,japanese_restaurant,bar|restaurant,1 Chome-6-6 Higashigotanda
高輪和彊館,1,japanese_restaurant,restaurant,高輪4丁目10-56
Tensui,1,japanese_restaurant,restaurant|diner,高輪4丁目11-16
高輪46番地 General Store,1,bar,,高輪4-13-7
黒鶏ファニー,1,japanese_restaurant,chicken_restaurant|restaurant,東五反田1丁目4-10
JACK Gotanda,1,bar,pub|pool_cleaning,"Higashigotanda, 1 Chome−17−1 global cabin五反田 B1"
花善,1,japanese_restaurant,sushi_restaurant|restaurant,西五反田2丁目5-14
トゥジュール デビュテ,1,restaurant,cafe|coffee_shop,扇寿ビル 東京都品川区東五反田5
和ぐや,1,japanese_restaurant,bar,"Nishigotanda, 2 Chome−10−8 ドルミ五反田ドゥメゾン"
はっぴい亭,1,japanese_restaurant,restaurant|asian_restaurant,西五反田2丁目10-8
エース,1,bar,restaurant|pub,東京都品川区東五反田１丁目１６−１
あか豆,1,japanese_restaurant,restaurant,東五反田1丁目16-1
Naia (ナイア),1,bar,sake_bar,"Nishigotanda, 2 Chome−5−8 野津ビル 3F"
清竹,1,japanese_restaurant,asian_restaurant|restaurant,"Nishigotanda, 2 Chome−6−3 東洋ビル"
ごっつい五反田,1,japanese_restaurant,,西五反田2丁目5-8
五反田馬ブル,1,japanese_restaurant,restaurant|tapas_bar,西五反田2丁目5-8
Kitchenさざん,1,restaurant,,東京都品川区西五反田2-6-15栄華ビル2階
アイアンホース,1,japanese_restaurant,steakhouse|bar_and_grill_restaurant,西五反田2丁目13-1
かね将,1,japanese_restaurant,asian_restaurant|restaurant,西五反田2丁目6-1
Repas de Naoshima,1,japanese_restaurant,restaurant,東五反田5丁目27-2
バクリコ,1,restaurant,bar|eat_and_drink,"Higashigotanda, 1 Chome−11−9 五洋ビル 1F 五"
神泉 のりこのごはん,1,japanese_restaurant,,神泉町10-10
元,1,japanese_restaurant,,2 Chome-10-8 Nishigotanda
六本木ジュマンジ55,1,restaurant,bar|pub,
Permian,1,restaurant,diner,"Nishigotanda, 3 Chome−14−4 KakutaniレイヴァリーB1"
だいぜん五反田店,1,japanese_restaurant,,東五反田1丁目10-7
ザ・スタジアム内売店,1,fast_food_restaurant,,高輪4-10-30
銀座keiji,1,restaurant,,東京都中央区銀座8-7-7 JUNO銀座誠和ビル8階
小田原,1,japanese_restaurant,restaurant|diner,高輪4丁目10-30
Table 9 Tokyo,1,restaurant,bar|japanese_restaurant,"Takanawa, 4 Chome−10−30 品川プリンスホテルメインタワ ３９階"
水山,1,japanese_restaurant,,高輪3-26-27
いちょう坂,1,japanese_restaurant,bar_and_grill_restaurant|restaurant,"""港区高輪4-10-30, アネックスタワー"""
品川地雞料理店,1,comfort_food_restaurant,restaurant,
TaYoRi,1,japanese_restaurant,bar|restaurant,5 Chome-22-25 Higashigotanda
Hanafarm Kitchen 目黒店,1,restaurant,,西五反田3-15-10
みやこ品川店,1,japanese_restaurant,restaurant|asian_restaurant,高輪3丁目26-14
えんウィング高輪店,1,japanese_restaurant,restaurant|bar,高輪4丁目10-18
響品川店,1,japanese_restaurant,restaurant|bar,高輪4丁目10-18
みそちゃんぺ,1,japanese_restaurant,restaurant|asian_restaurant,2 Chome-4 Konan
Amataro Shinagawa,1,japanese_restaurant,restaurant,"Konan, 2 Chome−5−11 大三洋行品川ビル 3F"
鶏と玉子 太郎,1,japanese_restaurant,,高輪3-26-27
やまや品川店,1,japanese_restaurant,,港南2丁目14-10 品川駅前港南ビル 3F
青田,1,japanese_restaurant,restaurant|eat_and_drink,東京都港区港南４丁目５−１
あわよくばあー,1,restaurant,japanese_restaurant|bar,東京都港区港南２丁目５−４
桜 はなれ 品川港南口店,1,restaurant,comfort_food_restaurant,品川駅前港南ビル 港区港南2-14-10
勝泉,1,japanese_restaurant,restaurant,港南2丁目6-10
絵芙,1,asian_restaurant,restaurant,港南2丁目6-10
ルーヴェン,1,restaurant,beer_bar|cafe,港南2丁目18-1
ザ ゼン,1,japanese_restaurant,restaurant|diner,港南2丁目18-1
Han,1,japanese_restaurant,bar,"Konan, 2 Chome−2−10 鳳和ビル 3F"
夢や,1,japanese_restaurant,asian_restaurant|restaurant,港南2丁目2-9
品川 ろくよん,1,japanese_restaurant,restaurant|indian_restaurant,"Konan, 2 Chome−2−9 朝日ビル ３F"
握や,1,japanese_restaurant,restaurant|eat_and_drink,港南2丁目2-4
路地裏,1,japanese_restaurant,asian_restaurant|restaurant,港南2丁目2-4
味どころ遊,1,japanese_restaurant,sushi_restaurant|restaurant,港南2丁目2-16
マーちゃん,1,japanese_restaurant,restaurant|diner,港南2丁目2-2
いぶりや,1,japanese_restaurant,barbecue_restaurant|restaurant,港南2丁目2-4
梅もと品川店,1,japanese_restaurant,restaurant,港南2丁目2-5
田町   芝倶楽部,1,bar,railroad_freight|travel,芝5-21-7
品川商店,1,restaurant,japanese_restaurant|sushi_restaurant,東京都港区港南２丁目２−１
ちからや 品川店,1,restaurant,asian_restaurant|japanese_restaurant,東京都港区港南２丁目２−２
マリーナ,1,bar,restaurant|japanese_restaurant,港南4丁目2-36
品川六献,1,japanese_restaurant,bar|sushi_restaurant,港南1丁目8-27
Niku Kitchen BOICHI,1,japanese_restaurant,restaurant,港南1丁目9-36
香取,1,japanese_restaurant,asian_restaurant|restaurant,高輪3丁目26-33
浜路,1,japanese_restaurant,asian_restaurant|restaurant,高輪3丁目26-33
Slope Side Diner Zakuro,1,buffet_restaurant,restaurant|diner,高輪3丁目13-1
留居,1,lounge,,高輪3-26-33
鱲子工房,1,japanese_restaurant,restaurant|gastropub,高輪3丁目26-33
LiLy,1,japanese_restaurant,asian_restaurant|restaurant,"1F, 4 Chome-9-6 Higashigotanda"
Ikedayama,1,japanese_restaurant,restaurant|steakhouse,东京都品川区东五反田 5丁目21-13
五反田駅東口 駅前庭園,1,japanese_restaurant,bar|sushi_restaurant,
Cocon,1,restaurant,french_restaurant|australian_restaurant,東京都目黒区上目黒３丁目８−３
肉の藤屋,1,restaurant,grocery_store,目黒2丁目9-7 
和ちゃん,1,bar,sake_bar|restaurant,高輪3丁目26-33
ぺんじゃっく,1,bar,bar_and_grill_restaurant|music_venue,高輪3丁目26-33
アドバンテージ,1,japanese_restaurant,wine_bar|restaurant,高輪3丁目25-29
とまとの部屋,1,bar,restaurant|fast_food_restaurant,高輪3丁目25-18
ほん多,1,japanese_restaurant,restaurant|bar,東五反田3丁目6-19
よりどころ八八,1,bar,,東京都目黒区下目黒6-15-18
由膳,1,japanese_restaurant,restaurant|bar,東五反田3丁目1-6
飛天テラスガーデン,1,restaurant,barbecue_restaurant|roofing,高輪3丁目13-1
品川ファイブ,1,bar_and_grill_restaurant,bar|restaurant,東京都港区高輪３丁目２５−２３
松鶴品川店,1,japanese_restaurant,restaurant|asian_restaurant,東京都港区港南１丁目７−１
あちここ,1,bar,,旗の台2-13-14
三間堂品川店,1,japanese_restaurant,restaurant,港南1丁目8-15
Shinkasen From Tokyo,1,bar,,
Something Delicious,1,restaurant,fast_food_restaurant|french_restaurant,港南1丁目9-36
京都木村屋本店 港南一丁目,1,restaurant,japanese_restaurant|sushi_restaurant,港南1－8－27　日新ビルB1F
Blue Table,1,restaurant,japanese_restaurant|asian_restaurant,"Daiba, 1 Chome−4−4 マリンハウス 2F"
加賀屋東京有明店,1,japanese_restaurant,restaurant,有明3丁目6-11
ほおずきや,1,japanese_restaurant,restaurant,有明3丁目6-11
日比谷マツモトロー,1,japanese_restaurant,,有明3-11-1
ジューシーパパ,1,japanese_restaurant,,有明3丁目11-1
潤や,1,japanese_restaurant,asian_restaurant|restaurant,有明3丁目11-1
ニユー・トーキヨー ビックサイト店,1,japanese_restaurant,,有明3-21-1 東京ビックサイト1F
那の福国際展示場店,1,japanese_restaurant,sushi_restaurant,有明3丁目10-1
Ocean Club Buffet,1,buffet_restaurant,restaurant,"Daiba, 1 Chome−6−1 デックス東京ビーチ 5F"
煉 お台場,1,japanese_restaurant,sushi_restaurant,台場1丁目6-1
Tokyo skewer house,1,japanese_restaurant,restaurant|asian_restaurant,台場2-3-2
UMIKAZE KITCHEN,1,restaurant,,
タールムビアンコ,1,japanese_restaurant,,台場1丁目4-1 マリンハウス2F
江戸屋,1,restaurant,sushi_restaurant|japanese_restaurant,台場1丁目6-1 デックス東京ビーチ シーサイドモール 4階 台場1丁目商店街
BuonO,1,bar,cafe|restaurant,台場1丁目6-1
Yottekoya,1,restaurant,noodles_restaurant|japanese_restaurant,
お台場デックス店,1,fast_food_restaurant,,東京都港区台場１－６－１
CRAFT,1,japanese_restaurant,,有明3-7-2
田久井,1,japanese_restaurant,asian_restaurant|restaurant,3 Chome-7-11 Ariake
たけぞー,1,japanese_restaurant,restaurant,有明3丁目7-18
あのり,1,japanese_restaurant,bar|restaurant,台場1-3-3-101
創菜Patio,1,restaurant,buffet_restaurant|cafe,有明3丁目6-6
創菜 Patio,1,breakfast_and_brunch_restaurant,,有明3-6-6
ジョージタウン,1,restaurant,lounge|japanese_restaurant,有明3丁目1-28
がぜん 有明店,1,japanese_restaurant,,有明3丁目7-11
Oriental倶楽部,1,asian_restaurant,restaurant,有明3丁目7-11
チャールストン 品川店,1,japanese_restaurant,,港南1-2-70
10ZEN,1,japanese_restaurant,health_food_restaurant|restaurant,高輪3丁目25-29
まえだ,1,japanese_restaurant,restaurant|asian_restaurant,高輪3丁目25-27
結庵,1,japanese_restaurant,restaurant,上大崎4丁目5-10
壇太,1,japanese_restaurant,restaurant|diner,高輪3丁目7-14
高輪台いま井,1,japanese_restaurant,restaurant|asian_restaurant,高輪3丁目9-20
エノフィリア,1,japanese_restaurant,,下目黒1-4-7
よし祥,1,japanese_restaurant,restaurant|asian_restaurant,東京都目黒区下目黒１丁目４−７
sibafu,1,japanese_restaurant,bar|restaurant,"Shimomeguro, 1 Chome−7−5 １０２"
せんなりや,1,restaurant,japanese_restaurant,東京都港区高輪3丁目8 6
銀座 福祿壽,1,japanese_restaurant,,港南1-2-70
そあらま,1,japanese_restaurant,sushi_restaurant|bar,高輪3丁目6-2
One The Diner,1,diner,steakhouse|burger_restaurant,"Kamiosaki, 1 Chome−1−14 トーカン白金キャステール 1階"
こんぴら茶屋,1,japanese_restaurant,restaurant|asian_restaurant,上大崎3丁目3-1
ケラク,1,japanese_restaurant,sushi_restaurant,東京都品川区上大崎３丁目３−１
セラフェ,1,restaurant,french_restaurant|wine_bar,東京都目黒区下目黒１丁目３−４
たけ美,1,japanese_restaurant,restaurant|diner,下目黒1丁目3-4
なかよし 目黒店,1,restaurant,eat_and_drink|japanese_restaurant,東京都目黒区目黒１丁目６−１３
光ちゃん,1,japanese_restaurant,restaurant,2 Chome-27-1 Kamiosaki
喜楽庵,1,japanese_restaurant,asian_restaurant,上大崎3丁目3-5
こめの家 目黒本店,1,bar,,上大崎2-15-14　B1F
Toku-chan,1,restaurant,japanese_restaurant|bar,2 Chome-26-5 Kamiosaki
ごちとん 目黒店,1,japanese_restaurant,,上大崎2-25-12
栄坊,1,japanese_restaurant,restaurant|asian_restaurant,2 Chome-27-1 Kamiosaki
なっぱ ごちそう,1,japanese_restaurant,restaurant|diner,上大崎2丁目26-5
いいかげん,1,japanese_restaurant,bar,上大崎2丁目27-1
炎屋,1,hong_kong_style_cafe,chinese_restaurant|restaurant,上大崎2丁目27-1
銀角,1,bar,restaurant|japanese_restaurant,上大崎2丁目27-1
和創作太,1,japanese_restaurant,asian_restaurant|restaurant,上大崎2丁目26-5
福の花目黒店,1,japanese_restaurant,asian_restaurant|restaurant,目黒1丁目4-6
吹上浜,1,japanese_restaurant,beach|bar,2 Chome-26-5 Kamiosaki
BOX目黒,1,bar,sake_bar,東京都品川区上大崎2-26-5  メグロードビル2F
me96neko,1,bar,cafe,目黒1-4-9
F.PARADE Life,1,restaurant,bar|gastropub,目黒1丁目4-8
そま莉,1,japanese_restaurant,asian_restaurant|restaurant,目黒1丁目4-8
Lower East,1,bar,tapas_bar|italian_restaurant,上大崎2丁目26-5
あんながきっちん,1,bar,japanese_restaurant|restaurant,上大崎2丁目26-5
パー プレイ,1,bar,restaurant|pub,"Meguro, 1 Chome−4−8 東レクビル"
東京、目黒,1,restaurant,,上大崎2-26-5
ごんわーるど,1,japanese_restaurant,beauty_salon,上大崎2丁目13-33
仲垣,1,japanese_restaurant,,上大崎2-14-3
こめ笑,1,japanese_restaurant,bar|asian_restaurant,"Kamiosaki, 2 Chome−15−19 目黒ビル 2階"
Nakagaki,1,japanese_restaurant,restaurant|asian_restaurant,"Kamiosaki, 2 Chome−14−3 三笠ビ 2F"
懐炉,1,japanese_restaurant,restaurant|diner,上大崎2丁目14-3
ささの,1,bar_and_grill_restaurant,asian_restaurant,上大崎2丁目14-3
囮,1,japanese_restaurant,sushi_restaurant|restaurant,"Kamiosaki, 2 Chome−14−3 三笠ビル B棟-2F"
目黒ひとひら,1,japanese_restaurant,bar|sushi_restaurant,上大崎2丁目14-3
ロイズ 目黒店,1,bar,adult_entertainment,上大崎2丁目15-18
TheRaum,1,bar,cafe|pub,東京都品川区上大崎２丁目２６−５
田丸,1,japanese_restaurant,asian_restaurant|restaurant,下目黒1丁目5-20
Vivid Sunday,1,bar,cafe|restaurant,東京都目黒区下目黒１丁目５−２０
ヴァンソーブル,1,restaurant,cafe,下目黒1丁目3-28
いしん,1,japanese_restaurant,,下目黒1-3-28
きいと,1,bar,restaurant,東京都品川区上大崎２丁目１４−３
赤まんま,1,japanese_restaurant,sushi_restaurant|eat_and_drink,上大崎2丁目25-5
FIESTA,1,bar,pub|arts_and_entertainment,目黒1丁目4-15
プレイガール,1,japanese_restaurant,bar|restaurant,"Meguro, 1 Chome−5−19 目黒第一ビル"
和神,1,japanese_restaurant,,目黒1-5-18
IRON HOUSE,1,restaurant,japanese_restaurant,"Meguro, 1 Chome−5−19 目黒第一ビル"
Wazin,1,japanese_restaurant,asian_restaurant|restaurant,目黒1丁目5-18
カラビンカ,1,restaurant,diner,目黒1丁目5-15
We Are The Farm 目黒,1,vegetarian_restaurant,health_food_restaurant|restaurant,目黒1丁目5-16
椿華亭目黒権之助坂店,1,japanese_restaurant,,目黒1丁目5-19
月美草,1,restaurant,,下目黒1-5-20コムトーヨービル4F
裏照ラス 目黒店,1,japanese_restaurant,,目黒1-5-18
食楽 太太太,1,japanese_restaurant,restaurant|asian_restaurant,上大崎2丁目15-2
上小沢邸,1,japanese_restaurant,restaurant,上大崎1丁目12-7
Salon de Hit Tama Good,1,japanese_restaurant,asian_restaurant|restaurant,上大崎1丁目8-2
可らし,1,japanese_restaurant,restaurant,白金台3丁目19-5
ゆう月,1,japanese_restaurant,restaurant,上大崎2丁目12-1
だんだん 目黒,1,japanese_restaurant,,上大崎2丁目17-4
week shop 今日は,1,bar,restaurant,"Shirokanedai, 3 Chome−18−14 week shop 「今日は、」"
ルーツ,1,bar,restaurant|french_restaurant,上大崎2丁目11-2
LOOPS,1,lounge,coffee_shop|cafe,"Takanawa, 2 Chome−21−21 ニュウマン高輪 LUFTBAUM 28階"
アダン,1,restaurant,japanese_restaurant,東京都港区高輪２丁目１２−５４
江とう,1,restaurant,,白金台3丁目3-5
和の香,1,bar,japanese_restaurant|restaurant,上大崎2丁目18-20
舫吉,1,bar,japanese_restaurant|burger_restaurant,高輪2丁目15-11
三和,1,restaurant,italian_restaurant,東京都港区白金台５丁目１３−１４
左近,1,bar,lounge|cafe,東京都港区白金台４丁目７−４
白金高輪 ぶち,1,restaurant,japanese_restaurant,東京都港区高輪2-16-34オリンピア高輪1F
瀧口,1,japanese_restaurant,restaurant,高輪2丁目16-35
泉岳寺門前紋屋,1,japanese_restaurant,restaurant,高輪2丁目11-6
Monya,1,japanese_restaurant,restaurant|asian_restaurant,2 Chome-11-6 Takanawa
小杉の巣,1,bar,landmark_and_historical_building|professional_services,
壺中庵,1,japanese_restaurant,restaurant,白金台1丁目1-1
馳走麹屋,1,japanese_restaurant,asian_restaurant|restaurant,白金台5丁目14-8
ザ テンダーハウス,1,restaurant,,白金台4-19-16
エムズキッチン,1,japanese_restaurant,caterer|food_delivery_service,1 Chome-20-14 Takanawa
TACUBO白金台,1,restaurant,diner,"Shirokanedai, 4 Chome−19−21 白金GAXbldg B1F"
炭焼工房 朱雀門,1,japanese_restaurant,,東京都港区白金台５丁目６−９
裏恵比寿 まました,1,japanese_restaurant,restaurant|asian_restaurant,三田1丁目11-19
恵比壽 盃,1,restaurant,japanese_restaurant,東京都目黒区三田１丁目１１−２６
&fum,1,restaurant,,三田4-19-27　高輪パームビルB1
楽市泉岳寺駅前店,1,japanese_restaurant,restaurant,高輪2丁目18-6
デイ・ナイト三田店,1,bar,restaurant|diner,三田3丁目10-1
もんきち 高輪店,1,japanese_restaurant,restaurant,高輪2丁目17-3
ブルーマリン,1,restaurant,japanese_restaurant|eat_and_drink,臨海町6丁目2-1
U,1,japanese_restaurant,bar|diner,"Shinonome, 2 Chome−4−2 東雲都橋住宅2号棟 102"
いしざわ食品 東京豊洲,1,restaurant,,
卓庵,1,bar,gastropub|restaurant,芝浦4丁目
伊皿子莢,1,japanese_restaurant,eat_and_drink|restaurant,高輪1丁目5-20
千年,1,restaurant,,白金1丁目17-2
Na-Na,1,bar,french_restaurant|clothing_store,"Mita, 2 Chome−4−6 B1F"
DOLL,1,bar,restaurant|diner,白金台5丁目5-2
Yebisu,1,asian_restaurant,restaurant|japanese_restaurant,
BRICK END,1,restaurant,,三田1-13-3
The Terrace,1,buffet_restaurant,,"Mita, 1 Chome−4−1 1F"
堀兼,1,japanese_restaurant,restaurant|asian_restaurant,白金台5丁目10-13
Like,1,restaurant,asian_restaurant|diner,白金台4丁目6-44
白金台 こばやし,1,japanese_restaurant,restaurant,白金台5丁目11-3
かし道,1,japanese_restaurant,restaurant|asian_restaurant,高輪1丁目8-8
東郷 元麻布ヒルズ,1,japanese_restaurant,restaurant,元麻布1−3−2
京しずく,1,japanese_restaurant,restaurant|asian_restaurant,三田1丁目12-25
ラナイマーケット,1,restaurant,diner,三田1丁目12-26
Toliuo 恵比寿,1,restaurant,,恵比寿4-10-8 エビスビル1F
Maison Du CREER,1,restaurant,,東京都港区白金台5-3-8 ルクレール白金台1階
こんぶや,1,japanese_restaurant,restaurant|diner,恵比寿4丁目20-3
まさか家,1,japanese_restaurant,asian_restaurant|restaurant,恵比寿4丁目20-4
Atelier LaLa,1,restaurant,japanese_restaurant|diner,"Ebisu, 4 Chome−20−7 ガーデンプレイス センタープラザ B1F"
恵比寿山半,1,japanese_restaurant,restaurant|diner,恵比寿4丁目20-4
The Test Kitchen,1,restaurant,cafe,"Ebisu, 4 Chome−20−4 ガーデンプレイス グラススクエア B1F"
Agee Garden,1,japanese_restaurant,home_and_garden|nursery_and_gardening,"Ebisuminami, 1 Chome−25−1 恵比寿プラックスビル 2F"
エッグ,1,restaurant,european_restaurant|bar,白金台5丁目3-2
mi to tane,1,bar,pub|dive_bar,"2f, 5 Chome-3-1 Shirokanedai"
パサージュ,1,japanese_restaurant,,芝浦3-15-2
葡萄亭,1,japanese_restaurant,restaurant|asian_restaurant,海岸3丁目19-2
大平屋,1,bar,eat_and_drink|japanese_restaurant,芝浦3丁目13-11
たまち畑,1,japanese_restaurant,restaurant,芝浦3丁目12-1
ルコルボー,1,bar,,
芝の浦,1,japanese_restaurant,sake_bar|bar,"Sakura Bldg., 3 Chome-14-4 Shibaura"
Daynite三田店,1,restaurant,japanese_restaurant|asian_restaurant,三田3-10-1アーバンネット三田ビル1F
芝浦寿庵,1,japanese_restaurant,sushi_restaurant|diner,3 Chome-6-8 Shibaura
肉リーマン,1,bar,diner|pub,東京都港区芝浦３丁目６−８
ゆすら堂ランチ,1,restaurant,,芝浦3-7-15　ﾁﾄｾﾋﾞﾙ8階
せいりゅう,1,japanese_restaurant,restaurant,芝浦3丁目6-8
虎てつ 田町・三田店,1,restaurant,,芝浦3丁目6-8
ささの屋田町芝浦店,1,japanese_restaurant,restaurant|diner,芝浦3丁目11-10
田町 つか本,1,restaurant,diner,芝浦3丁目11-10
Tori,1,japanese_restaurant,bar,"Shibaura, 3 Chome−7−15 チトセビル 5F"
季,1,restaurant,eat_and_drink,芝浦2丁目12-6
shisui_takanawa,1,restaurant,,高輪2-14-17
鬼わそと,1,japanese_restaurant,asian_restaurant|restaurant,白金2丁目2-4
このむ 三光坂下,1,japanese_restaurant,,白金2-1-5
このむ白金,1,japanese_restaurant,restaurant|bar,白金2丁目1-5
まぐれ,1,japanese_restaurant,restaurant|asian_restaurant,白金1丁目29-9
白金屋,1,bar,,白金1-29-13
336 Ebisu,1,restaurant,french_restaurant|bar,"Ebisu, 3 Chome−36−1 クーカイテラス 1階"
未来酒店 futakotamagawa,1,bar,sake_bar|liquor_store,玉川2-21-1 ライズSC地下1階 東急フードショー内
BLUE NOTE PLACE,1,restaurant,,恵比寿4丁目20-4 恵比寿ガ-デンプレイス
Balloom 東京店,1,theme_restaurant,,恵比寿3-29-16
和牛創作四一一,1,japanese_restaurant,eat_and_drink|bar,
喜久蔵,1,restaurant,chinese_restaurant,
Buono,1,japanese_restaurant,restaurant,"Shirokane, 6 Chome−19−10 ザ・シティ白金 1F,2F"
小花,1,restaurant,barbecue_restaurant,東京都渋谷区恵比寿３丁目２８−２
Gaminデリバリー&テイクアウト,1,restaurant,food_delivery_service|delicatessen,東京都渋谷区恵比寿3丁目28番3号
隠れ家 儘(かくれが まま),1,bar,restaurant|health_food_restaurant,恵比寿1-21-7
福わうち fukuwauchi,1,japanese_restaurant,restaurant|asian_restaurant,白金1-28-2 サーラ白金　１Ｆ
博多,1,bar,pub|cocktail_bar,白金1丁目28-2
二丘,1,japanese_restaurant,mountain,
白金松月,1,restaurant,japanese_restaurant,白金5丁目7-12
アルシミスト - Permanently Closed,1,restaurant,,白金 1丁目25-26 フィラージュ白金 1F
恵比寿七福神,1,japanese_restaurant,bar_and_grill_restaurant|restaurant,"Shirokane, 6 Chome−5−5 芝白金ビル 2F"
嵯峨,1,bar,sushi_restaurant,白金6丁目5-4
JUGOYA,1,bar,restaurant,白金6丁目1-4
Franz,1,restaurant,french_restaurant|diner,6 Chome-2-17 Shirokane
さとう、,1,japanese_restaurant,restaurant|asian_restaurant,東京都港区白金６丁目３−１４
Jinroku,1,japanese_restaurant,asian_restaurant|restaurant,"Shirokane, 6 Chome−23−3 WATOREI白金 1F"
Kurodenwa,1,japanese_restaurant,restaurant|cafe,"Ebisu, 4 Chome−23−12 茗荷原ビル 2F"
エム ハウス,1,restaurant,european_restaurant|cafe,Mercer 渋谷区恵比寿4-23-13
勝又,1,japanese_restaurant,barbecue_restaurant|restaurant,4 Chome-23-9 Ebisu
ソーセージスタイル流行,1,diner,restaurant,恵比寿3丁目48-5
古川おもてなし,1,japanese_restaurant,restaurant|sushi_restaurant,白金6丁目2-1
梅菜亭 K's,1,bar,sake_bar|bar_and_grill_restaurant,5 Chome-10-12 Shirokane
佶更,1,japanese_restaurant,restaurant,白金5丁目10-12
Takarabune,1,restaurant,japanese_restaurant|french_restaurant,5 Chome-10-10 Shirokane
麻布亭Lino,1,japanese_restaurant,,白金5-10-10
Saru,1,restaurant,cafe|theme_restaurant,恵比寿 3丁目49-1
炭火焼 寅,1,japanese_restaurant,,恵比寿3-49-1
てっぱんやき むー,1,japanese_restaurant,restaurant|steakhouse,"Shirokane, 5 Chome−13−8 第一桜荘"
串や 馬加羅亭,1,japanese_restaurant,restaurant|asian_restaurant,3 Chome-4-3 Ebisu
鉄板焼 FLOUR,1,japanese_restaurant,steakhouse|restaurant,東京都渋谷区恵比寿４丁目２３−８
恵比寿くろいわ,1,japanese_restaurant,restaurant|diner,東京都渋谷区恵比寿４丁目１１−１２
きちのざ,1,japanese_restaurant,restaurant,恵比寿4丁目24-4
ガルニチュール,1,restaurant,food_stand|cafe,恵比寿2丁目37-5
白金のたつこ嘉陣,1,japanese_restaurant,bar|comfort_food_restaurant,5 Chome-12-12 Shirokane
馳走 とりの巢,1,japanese_restaurant,sushi_restaurant,
きえんきえら,1,bar,japanese_restaurant|restaurant,白金5丁目14-8
きえん (Quien),1,bar,,恵比寿2-39-4
めうが,1,japanese_restaurant,restaurant|seafood_restaurant,白金1丁目13-5
日の家,1,japanese_restaurant,restaurant|asian_restaurant,三田5丁目20-6
籃らん(らんらん)煮込みとお惣菜スタンド,1,bar,,高輪1-1-3
夢呆,1,japanese_restaurant,restaurant|diner,高輪1丁目1-12
どんどん本館,1,japanese_restaurant,barbecue_restaurant|restaurant,1 Chome-1-3 Takanawa
ひとやすみ かわばた,1,japanese_restaurant,bar|pub,1 Chome-25-32 Shirokane
Kyorin,1,restaurant,japanese_restaurant,3 Chome-21-11 Shirokane
大船,1,japanese_restaurant,restaurant|diner,三田5丁目20-7
Craft Meat,1,japanese_restaurant,gastropub|beer_bar,芝浦2丁目16-8
高山庭,1,restaurant,chinese_restaurant,東京都港区芝浦２丁目１６−８
食いしんぼままや,1,japanese_restaurant,steakhouse|bar_and_grill_restaurant,芝浦3丁目2-27
ゼニバキッチン,1,restaurant,,芝浦3-1-1
Stunts,1,restaurant,french_restaurant,"Shibaura, 3 Chome−2−29 神田ビル 1F"
六本木P.T.T,1,restaurant,,六本木4-8-4 ARUGA ROPPONGI 2F
晴山@三田,1,japanese_restaurant,mountain|asian_restaurant,
百代茶屋,1,restaurant,japanese_restaurant|diner,芝浦3丁目4-1
博多満月田町店,1,japanese_restaurant,restaurant,芝浦3丁目7-15
らくだのこぶ,1,bar,sake_bar|restaurant,芝浦3丁目7-15
福せん,1,japanese_restaurant,restaurant,東京都江東区豊洲６丁目５−１
Neptune,1,japanese_restaurant,restaurant|seafood_restaurant,2 Chome-1-17 Shinonome
味八宝,1,japanese_restaurant,,辰巳3丁目15-3
豊洲奈良屋,1,restaurant,,豊洲6-5-1　豊洲千客万来102
ねいろ屋 豊洲店,1,japanese_restaurant,restaurant|bar,東京都江東区豊洲６丁目３−１２
肉好き大黒天,1,japanese_restaurant,barbecue_restaurant|restaurant,6 Chome-5-1 Toyosu
味な店なかちゃん,1,japanese_restaurant,restaurant,東雲1丁目6-27
米三角(豊洲千客万来),1,restaurant,bar,東京都江東区豊洲6丁目5番1号
田町銭場精肉店,1,japanese_restaurant,,芝5-33-11 田町タワー1階1-C
Onique Tokyo,1,japanese_restaurant,steakhouse|restaurant,"Shiba, 5 Chome−31−24 勝文館共同ビル ８F"
なおとん69,1,japanese_restaurant,sake_bar|bar,芝5丁目30-4
三味,1,japanese_restaurant,,三田3-4-6
Torikoma,1,restaurant,italian_restaurant|pub,赤坂4-3-11
謙徳エンゼル店,1,japanese_restaurant,asian_restaurant,芝5丁目33-1
ふくべ,1,japanese_restaurant,gastropub,芝5丁目33-1
Musashino Mori Diner Musubu Tamachi Store,1,diner,cafe|coffee_shop,"Shibaura, 3 Chome−1−1 Msb Tamachi Tamachi Station Tower N, １階 Ｎ１１４室"
こびんちょ,1,japanese_restaurant,restaurant,"Shibaura, 3 Chome−1−1 msb Tamachi1F"
Mi tiempo,1,restaurant,cafe|bar,2 Chome-2-18 Shibaura
たいこうぼう,1,restaurant,seafood_restaurant|japanese_restaurant,芝浦2丁目1-11
オーシャンディッシュ Q'on,1,restaurant,french_restaurant|cafe,海岸3-26-1 バーク芝浦14F 
かどやムスブ 田町店,1,japanese_restaurant,,
KASA,1,japanese_restaurant,restaurant|asian_restaurant,3 Chome-1-21 Shibaura
玉田町店,1,japanese_restaurant,,
Shirokane Tios,1,restaurant,diner,"Shirokane, 1 Chome−8−9 1F"
芝松,1,bar,japanese_restaurant,白金3丁目5-13
可呂久,1,japanese_restaurant,,白金1-15-13
OVENS,1,bar_and_grill_restaurant,restaurant|diner,三田5丁目16-14
Imafuku,1,japanese_restaurant,asian_restaurant|restaurant,1 Chome-12-19 Shirokane
今福,1,japanese_restaurant,restaurant,東京都港区白金１丁目１２−１９
小滝野 白金店 ~Kotakino~,1,japanese_restaurant,restaurant|diner,1 Chome-14-10 Shirokane
CAVE DE GAMIN et HANARE,1,japanese_restaurant,restaurant,白金5丁目5-10
吉乃坐,1,japanese_restaurant,restaurant,恵比寿4丁目24-4
Subrideo Restaurare,1,restaurant,italian_restaurant|asian_restaurant,恵比寿4丁目11-9
ポッケ恵比寿,1,japanese_restaurant,asian_restaurant,"Ebisu, 4 Chome−10−8 Ebisu Bldg., 2F"
そのやま,1,restaurant,japanese_restaurant|asian_restaurant,恵比寿4丁目24-3
Mieux,1,restaurant,,恵比寿2-8-13 accessBLD恵比寿1F
Les Amis d'Ami,1,bar,french_restaurant|restaurant,恵比寿2丁目8-7
トリウオ 恵比寿店,1,restaurant,eat_and_drink,東京都渋谷区恵比寿４丁目１０−８
Ebisu Kura,1,japanese_restaurant,restaurant|asian_restaurant,恵比寿4丁目10-3
Igarashi,1,japanese_restaurant,asian_restaurant|restaurant,"Ebisu, 4 Chome−9−15 萩原ビル５ ２Ｆ"
ととら,1,japanese_restaurant,restaurant,東京都渋谷区恵比寿４丁目１０−１８
Com For Table Ebisu,1,japanese_restaurant,restaurant,4丁目8-10
鍈輝,1,japanese_restaurant,restaurant|chicken_restaurant,東京都渋谷区恵比寿２丁目１０−５
恵比寿 まんまる,1,bar,japanese_restaurant,恵比寿2丁目11-7
Soten,1,japanese_restaurant,restaurant|diner,4 Chome-27-4 Ebisu
恵比寿ちょこっと,1,restaurant,japanese_restaurant|bar,東京都渋谷区恵比寿４丁目２７−７
マネカツ,1,restaurant,japanese_restaurant|financial_service,恵比寿4-3-8KDX恵比寿ビル5F
喜久や,1,japanese_restaurant,,恵比寿4-6-1
善菜,1,japanese_restaurant,bar|restaurant,恵比寿1丁目23-16
カーザ デ ケージョ,1,bar_and_grill_restaurant,cheese_shop,恵比寿2-8-7
恵比寿 seven,1,breakfast_and_brunch_restaurant,,恵比寿1-22-20
顕 - Alawa -,1,bar,,"Ebisu, 4 Chome−9−1 武川ビル 2階"
魁人,1,bar,japanese_restaurant|restaurant,恵比寿1丁目22-23
恵比寿みそ汁(仮),1,japanese_restaurant,,
壱や,1,restaurant,japanese_restaurant,恵比寿1丁目22-10
ベルポット 白金店,1,japanese_restaurant,mexican_restaurant|delicatessen,白金3丁目4-16
Vesta,1,restaurant,diner|italian_restaurant,"Shirokane, 1 Chome−2−2 THE Sky 1F"
白金ひと花,1,japanese_restaurant,asian_restaurant|smoothie_juice_bar,白金1丁目4-11
プラチナキッチン,1,restaurant,asian_restaurant|japanese_restaurant,3 Chome-3-7 Shirokane
Tokage,1,bar,,南麻布4丁目15-8
Sumi Bio,1,vegetarian_restaurant,health_food_restaurant|japanese_restaurant,恵比寿1丁目22-8
エポック,1,bar,toy_store,1 Chome-12-7 Ebisu
HI Pitchi,1,pub,bar|fast_food_restaurant,恵比寿1‐12‐7　三恵31ビル　３階
バンブルビー,1,bar,eat_and_drink|restaurant,恵比寿1丁目12-5
Lib,1,bar,restaurant|party_and_event_planning,1 Chome-25-11 Ebisu
ハラペコ78,1,japanese_restaurant,restaurant|diner,恵比寿1丁目33-8
慈玄,1,japanese_restaurant,restaurant|diner,恵比寿1丁目24-9
WM 有無,1,restaurant,bar_and_grill_restaurant|american_restaurant,"Ebisu, 1 Chome−24−12 クエンテ恵比寿 101"
レッドペッパー,1,japanese_restaurant,restaurant|diner,恵比寿1丁目12-5
haconiwa,1,japanese_restaurant,cafe|bar,"Ebisu, 1 Chome−20−1 恵比寿コンフォート3F"
えびす あふそや,1,japanese_restaurant,restaurant,恵比寿1丁目24-7
刻々,1,restaurant,,
笹岡,1,asian_restaurant,restaurant|japanese_restaurant,東京都渋谷区恵比寿２丁目１７−１８
Pacific Standard,1,restaurant,,４丁目１２−20
ぼった屋さん,1,japanese_restaurant,,恵比寿1丁目25-5
パナセ,1,bar,restaurant|park,恵比寿1丁目25-3
ギャツビー,1,restaurant,steakhouse|diner,恵比寿1丁目25-11
恵比寿ときどき,1,japanese_restaurant,bar|eat_and_drink,恵比寿1丁目25-4
せんりょう,1,japanese_restaurant,restaurant|asian_restaurant,東京都渋谷区恵比寿２丁目６−３１
紀風,1,japanese_restaurant,restaurant,恵比寿1丁目31-10
肉者,1,japanese_restaurant,sushi_restaurant,25-3 Ebisu 1-Chōme
越後屋喜八郎,1,japanese_restaurant,asian_restaurant|restaurant,恵比寿1丁目20-1
なかよし はなれ,1,japanese_restaurant,restaurant,恵比寿1丁目21-5
Kitchen Surfer,1,restaurant,,恵比寿2丁目17-23
Cheese Shop Camembert Ebisu Store,1,restaurant,fast_food_restaurant,恵比寿1丁目26-18
バロマサ,1,bar,barbecue_restaurant|diner,恵比寿1丁目26-19
ほねラボラトリー,1,japanese_restaurant,restaurant,恵比寿1丁目26-12
音鳥,1,japanese_restaurant,,恵比寿2-5-6
歩路庵,1,restaurant,japanese_restaurant,東京都渋谷区恵比寿２丁目５−７
reverence,1,restaurant,theme_restaurant|diner,南麻布4丁目12-4
日日の料理 びおら,1,japanese_restaurant,restaurant,"Minamiazabu, 4 Chome−12−4 1階"
QH,1,japanese_restaurant,restaurant|diner,"Minamiazabu, 4 Chome−13−1 サウス麻布 S.A/A アネックス 1階"
Wellington's,1,restaurant,steakhouse|french_restaurant,南麻布4丁目12-20
うずら,1,japanese_restaurant,restaurant|chinese_restaurant,白金3丁目1-4
Masahiro Tokyo,1,japanese_restaurant,restaurant,白金3丁目1-2
熊ちゃん,1,japanese_restaurant,restaurant|asian_restaurant,東京都港区白金１丁目５−２
はじめ製麺,1,japanese_restaurant,,東京都港区芝５丁目３１−２４
三田駅前店,1,fast_food_restaurant,,東京都港区芝５－３１－２４勝文館１Ｆ
昼どき亭,1,japanese_restaurant,asian_restaurant|restaurant,三田4丁目1-31
さがたに 田町店,1,japanese_restaurant,,芝5-27-12
はな遊,1,japanese_restaurant,,芝5丁目27-13
い奈本,1,japanese_restaurant,,芝浦1丁目11-11
八-Hachi-東京 田町店,1,asian_restaurant,restaurant|bar,東京都港区芝４丁目１３−１２
三田菊次郎,1,japanese_restaurant,,芝5-32-11
ゑびす 田町店,1,japanese_restaurant,,"Mita, 3 Chome−3−2 Tanaka Building, 1Ｆ"
三田 山田屋,1,japanese_restaurant,,三田3-1-19
晴山,1,japanese_restaurant,restaurant|asian_restaurant,三田2丁目17-29
三田京金,1,bar,japanese_restaurant,芝5丁目26-30
ゑび伴,1,japanese_restaurant,restaurant,三田3丁目1-11
Ito,1,japanese_restaurant,restaurant|diner,"Mita, 3 Chome−1−3 M,K Building, 1階"
Komahachi Honten,1,restaurant,japanese_restaurant|american_restaurant,5 Chome-26-1 Shiba
山清,1,japanese_restaurant,asian_restaurant|restaurant,5 Chome-26-5 Shiba
威風 三田店,1,restaurant,,芝5丁目26-10
しだ風,1,japanese_restaurant,restaurant|asian_restaurant,芝5丁目20-20
湯浅,1,japanese_restaurant,bar_and_grill_restaurant|restaurant,芝5丁目20-20
Ala 麓屋,1,japanese_restaurant,asian_restaurant,芝5丁目26-10
だん本店,1,japanese_restaurant,,芝5-20-17
Fukazawa 田町店,1,japanese_restaurant,bar|steakhouse,5 Chome-21-15 Shiba
ねこやなぎ,1,pub,bar|restaurant,東京都港区芝５丁目２３−７
火鼓壱,1,restaurant,,"東京都, 港区芝5丁目24-7 1F"
はまだ,1,japanese_restaurant,restaurant|sushi_restaurant,芝5丁目24-13
ちからや田町店,1,japanese_restaurant,restaurant|diner,芝5丁目24-12
コロンブス,1,japanese_restaurant,restaurant|diner,芝5丁目24-12
大尚山,1,japanese_restaurant,,5 Chome-24-6 Shiba
くろきん 田町本店,1,bar,eat_and_drink|restaurant,芝5丁目24-5
Le Yoshi,1,japanese_restaurant,restaurant|diner,"Shiba, 5 Chome−24−5 下澤ビル 1F"
EIGHT 南麻布,1,bar,,MITA5-2-32
盛運亭,1,japanese_restaurant,asian_restaurant,南麻布2丁目7-26
天現寺亭,1,japanese_restaurant,asian_restaurant|restaurant,広尾5丁目25-6
サニーデイズキッチン,1,restaurant,cafe|delicatessen,恵比寿1丁目16-19
EBISUBASHI Sango,1,bar,restaurant,1 Chome-16-18 Ebisu
言の葉,1,japanese_restaurant,restaurant,恵比寿1丁目16-31
デッコーロ,1,japanese_restaurant,,恵比寿1丁目16-31
EBISU蓮,1,japanese_restaurant,bar|restaurant,恵比寿1丁目16-31
Sowado,1,japanese_restaurant,restaurant|diner,"Hiroo, 1 Chome−12−15 リバーサイドビル 1階"
恵比寿ばし 武生,1,japanese_restaurant,,広尾1-12-15
Tsubaki,1,restaurant,,"Ebisu, 2 Chome−1−4 １Ｆ"
ざんぐり (恵比寿),1,japanese_restaurant,,恵比寿2-5-1
居間,1,japanese_restaurant,restaurant,広尾5丁目25-4
Genei Wagan,1,japanese_restaurant,restaurant|asian_restaurant,"Hiroo, 1 Chome−10−10 B1"
Stars,1,bar,cafe|diner,広尾1丁目15-6
りときや 恵比寿店,1,japanese_restaurant,asian_restaurant|restaurant,広尾1丁目15-6
イワカムツカリ,1,japanese_restaurant,,広尾1丁目4-10
せきね亭,1,japanese_restaurant,asian_restaurant|restaurant,
花の華三の橋店,1,japanese_restaurant,restaurant,南麻布2丁目4-7
キッチン屯,1,japanese_restaurant,comfort_food_restaurant|sushi_restaurant,東京都渋谷区広尾５丁目１９−３
株式会社リリ・ラ・ユリ,1,bar,restaurant|barbecue_restaurant,"Hiroo, 5 Chome−19−18 広尾259ビル"
ムク,1,restaurant,asian_restaurant|japanese_restaurant,東京都渋谷区広尾１丁目９−１８
コニシ,1,restaurant,japanese_restaurant|bar,広尾1丁目9-20
SAKU助,1,japanese_restaurant,barbecue_restaurant|restaurant,"Hiroo, 5 Chome−1−40 プラスリノ広尾 1F"
épices de tomorêve,1,restaurant,cafe|coffee_shop,"Hiroo, 5 Chome−1−40 プラスリノ 2階"
Romango,1,japanese_restaurant,lounge|bar,広尾5丁目1-39
anu Shohei Shimono,1,restaurant,fast_food_restaurant,"Hiroo, 5 Chome−19−4 ＳＲ広尾ビル 1F"
Sage and Fennel,1,vegetarian_restaurant,italian_restaurant|health_food_restaurant,広尾5丁目19-6
ロトンド広尾本店,1,restaurant,laundromat|bar,広尾5-19-6
味福あさの,1,japanese_restaurant,restaurant|asian_restaurant,広尾5丁目18-2
My Room 雲母,1,japanese_restaurant,restaurant|diner,広尾5丁目17-4
華屋,1,japanese_restaurant,,広尾5-10-3
Jade5,1,breakfast_and_brunch_restaurant,cafe|restaurant,広尾5丁目17-6
凛と,1,japanese_restaurant,restaurant|bar,東京都渋谷区広尾５丁目１０−３
CASE,1,restaurant,cafe,5 Chome-18-2 Hiroo
TRANSIT,1,bar,,"Hiroo, 5 Chome−17−8 2F"
百川,1,bar,restaurant|asian_restaurant,広尾5丁目10-1
きえんきえら 南麻布店,1,bar,pub|cafe,南麻布4丁目5-54
アバンティ,1,restaurant,diner,芝4丁目7-6
慶應義塾大学 ファカルティクラブ,1,cafeteria,,三田2-15-45
平さんのお店,1,japanese_restaurant,restaurant|bar,芝5丁目11-2
芝浦シーバンス店,1,fast_food_restaurant,,東京都港区芝浦１－２－２
PLATFORM 9,1,bar,restaurant,"3 1 21 Shibaura, Minato"
tpb,1,lounge,bar|japanese_restaurant,"Shiba, 4 Chome−7−8 芝ワカマツビル １０階"
炭焼き やながわ,1,japanese_restaurant,,芝5丁目9-8
世良田,1,japanese_restaurant,chicken_restaurant|restaurant,芝5丁目12-7
いとはん慶応店,1,japanese_restaurant,bar|restaurant,芝5丁目14-2
むねひろ,1,japanese_restaurant,restaurant,芝4丁目5-15
みやじ,1,japanese_restaurant,restaurant|barbecue_restaurant,芝4丁目3-8
キッチンむう,1,restaurant,diner|japanese_restaurant,芝4丁目9-4
1chi,1,bar,pool_billiards|restaurant,東京都港区芝５丁目３１−２４
町田や,1,japanese_restaurant,sake_bar,芝5丁目14-17
ベンダーキッチン 三田店,1,restaurant,eat_and_drink|coffee_shop,芝5丁目14-16
こぼうず,1,japanese_restaurant,restaurant,芝5丁目24-16
津国屋,1,japanese_restaurant,restaurant|asian_restaurant,2 Chome-16-8 Mita
米農園,1,japanese_restaurant,,
串一徹,1,japanese_restaurant,asian_restaurant|restaurant,芝5丁目21-15
和子,1,japanese_restaurant,restaurant|comfort_food_restaurant,5 Chome-21-1 Shiba
梅家,1,japanese_restaurant,restaurant|asian_restaurant,芝浦1丁目7-1
菊水,1,japanese_restaurant,restaurant|bar,東京都江東区東雲１丁目６−５
てっちゃん,1,japanese_restaurant,restaurant|noodles_restaurant,東雲1丁目6-6
増美家,1,japanese_restaurant,restaurant,南葛西4丁目17-14
丸惣1号店,1,japanese_restaurant,,新木場1-6-1
鬼平,1,bar,japanese_restaurant|restaurant,新木場1丁目18-6
屋形船金屋,1,bar,,南葛西7丁目1-3 メゾンクレールA105
あべちゃん,1,japanese_restaurant,restaurant,北烏山8丁目31-15
楠知,1,asian_restaurant,japanese_restaurant|restaurant,東京都世田谷区北烏山４丁目９−１０
食彩鉄板厨房くらうど,1,restaurant,bar_and_grill_restaurant|diner,高井戸東2丁目3-16
三錦,1,japanese_restaurant,restaurant|asian_restaurant,東京都杉並区高井戸東２丁目２９−１５
East Village Takaido,1,restaurant,european_restaurant,2 Chome-29-23ｰ108 Takaidohigashi
HACHI,1,bar,japanese_restaurant,西荻南3-22-8
つきみばし 田じ,1,japanese_restaurant,bar,東京都杉並区久我山２丁目２４−６
ちゃんとどんたな,1,japanese_restaurant,restaurant|diner,3 Chome-7-2 Takaidohigashi
丸信,1,japanese_restaurant,,上荻1-24-22
まるひで,1,bar,,西荻南3-12-1 日伸西荻プラザ1F
やすらぎ亭さつき,1,japanese_restaurant,sushi_restaurant|bar,桃井4-1-4
和田屋 西荻窪,1,bar,japanese_restaurant|sushi_restaurant,西荻南
食庵とんとん,1,japanese_restaurant,sushi_restaurant|diner,東京都杉並区高井戸東３丁目２８−１
赤富士,1,japanese_restaurant,sake_bar|barbecue_restaurant,2 Chome-18-25 Takaidonishi
矢吹,1,japanese_restaurant,restaurant,高井戸東3丁目28-24
歌垣,1,japanese_restaurant,sushi_restaurant,東京都杉並区久我山５丁目５−１５
OC,1,japanese_restaurant,bar_and_grill_restaurant,4 Chome-2-24B1F Kugayama
kugayamaBITO,1,bar,japanese_restaurant|restaurant,久我山4丁目2-25
ハナイグチ,1,restaurant,cafe|bar,久我山4-2-5
笑和,1,japanese_restaurant,bar|sake_bar,久我山2丁目16-23
ジャイジャイカー,1,restaurant,,東京都杉並区久我山２丁目１２−７
舷燈,1,bar,sake_bar|pub,久我山4丁目30-13
しおとと,1,japanese_restaurant,sushi_restaurant,3 Chome-38-20 Shoan
りげんどう,1,japanese_restaurant,restaurant|diner,松庵3丁目38-20
あの名店 西荻窪店,1,japanese_restaurant,bar|restaurant,"Shoan, 3 Chome−38−13 永和ビル西荻 1階"
しんぽ,1,japanese_restaurant,bar,松庵3丁目38-14
Ronnies,1,bar,coffee_shop|cafe,"Nishiogiminami, 3 Chome−11−12 熊谷ビル"
みちのくらさん,1,japanese_restaurant,restaurant|bar,"Shoan, 3 Chome−38−15 ニューダイヤハイム 201"
だいどこや,1,japanese_restaurant,bar|restaurant,松庵3丁目38-15
味家,1,restaurant,korean_restaurant|bar_and_grill_restaurant,3 Chome-8-7 Nishiogiminami
那須風神工房の四季,1,japanese_restaurant,bar|restaurant,善福寺2-14-8
豆,1,japanese_restaurant,restaurant,3 Chome-8-19 Nishiogiminami
iitoco,1,japanese_restaurant,restaurant,2 Chome-27-8 Nishiogiminami
チクロ,1,restaurant,italian_restaurant|indian_restaurant,東京都杉並区西荻南２丁目２２−６
Hi-SCORE,1,bar,burger_restaurant,
海猫家,1,japanese_restaurant,restaurant|bar,西荻南2丁目22-5
金菜亭,1,japanese_restaurant,,"Nishiogiminami, 2 Chome−25−13 キョーリンビル 101"
Amoako Diner,1,diner,,
にしおぎおぶち,1,japanese_restaurant,restaurant|bar,西荻南2丁目18-7
カンラン,1,japanese_restaurant,restaurant|diner,西荻南2丁目6-23
安田屋,1,japanese_restaurant,restaurant,松庵2丁目6-18
別亭,1,japanese_restaurant,restaurant,"Nishiogiminami, 2 Chome−6−15 サンパレス土方 1F"
鈴亭,1,japanese_restaurant,asian_restaurant|restaurant,宮前3丁目35-14
ippo,1,live_and_raw_food_restaurant,japanese_restaurant|restaurant,西荻南1-18-11 「暮らしのいろいろ　ていねいに、」にて
SETO,1,japanese_restaurant,restaurant,1 Chome-18-11 Nishiogiminami
天火屋まきび,1,japanese_restaurant,restaurant,3 Chome-4-2 Nishiogiminami
べたなぎ,1,japanese_restaurant,bar|restaurant,"Nishiogiminami, 1 Chome−23−11 日興パレス西荻窪ＰＡＲＴ２"
おみの,1,japanese_restaurant,restaurant|asian_restaurant,西荻南3丁目7-6
ドラマティコ,1,japanese_restaurant,restaurant|diner,荻窪5丁目12-16
きざん,1,japanese_restaurant,restaurant|asian_restaurant,東京都杉並区南荻窪１丁目３８−６
百汁番,1,japanese_restaurant,eat_and_drink,荻窪2丁目31-10
奥の松,1,restaurant,bar|pub,東京都杉並区宮前4丁目5
いおり庵,1,japanese_restaurant,asian_restaurant|restaurant,宮前1丁目15-5
安斎,1,japanese_restaurant,restaurant,荻窪4丁目12-16
さかもと,1,japanese_restaurant,asian_restaurant|restaurant,荻窪5丁目7-11
トマト,1,japanese_restaurant,asian_restaurant|restaurant,荻窪5丁目20-7
りゅうりゅう,1,japanese_restaurant,restaurant,"Ogikubo, 4 Chome−21−11 三吉ビル"
大阪直伝荻窪匠,1,japanese_restaurant,buffet_restaurant|sushi_restaurant,上荻１－８－８－Ｂ１
時ト紡,1,japanese_restaurant,restaurant,3 Chome-8-1 Asagayaminami
吾ガ輩ハネコ,1,japanese_restaurant,,5 Chome-19-5 Naritahigashi
コタンの笛,1,asian_restaurant,japanese_restaurant|restaurant,東京都杉並区阿佐谷南３丁目１２−１
ぱすてる屋,1,bar,restaurant|pub,阿佐谷南3丁目22-2
ひっぽ,1,restaurant,caterer|bar,3 Chome-22-2 Asagayaminami
東京スズメ,1,bar,japanese_restaurant,阿佐谷南1丁目35-2
錦天,1,japanese_restaurant,restaurant,3 Chome-2-22 Asagayaminami
ととまめ    阿佐ヶ谷,1,japanese_restaurant,restaurant|sushi_restaurant,阿佐ヶ谷南1-35-2 2F
田舎亭 はなれ,1,japanese_restaurant,comfort_food_restaurant,1 Chome-16-12 Asagayaminami
火曜舎,1,restaurant,eat_and_drink,"Naritahigashi, 5 Chome−35−7 東店舗"
萬福本舗,1,japanese_restaurant,asian_restaurant|restaurant,阿佐谷南3丁目2-3
箕輪家鶏,1,japanese_restaurant,restaurant,東京都
西荻窪101,1,japanese_restaurant,restaurant,杉並区西荻北3-22-22-101
こたろう,1,restaurant,japanese_restaurant|bar,東京都杉並区成田東５丁目４２−１０
食楽 原・弘,1,japanese_restaurant,restaurant|diner,4 Chome-35-21 Naritahigashi
東奔西走/トーホーセーソー,1,bar,japanese_restaurant,東京都杉並区阿佐谷南1-11−2
カドヤ 南阿佐ヶ谷店,1,bar,restaurant,阿佐谷南1丁目14-20
Beniya Asagayaten,1,japanese_restaurant,restaurant|diner,"Asagayaminami, 1 Chome−12−5 レミントンハウス阿佐ヶ谷 2F"
昌楽,1,bar,restaurant|sake_bar,阿佐ヶ谷南1丁目15-18
風人庵,1,restaurant,diner|eat_and_drink,阿佐谷南1丁目14-12
らんふぁ,1,japanese_restaurant,fast_food_restaurant,阿佐谷南1丁目13-14
福吉,1,japanese_restaurant,,阿佐谷南1-13-17
えいかつ,1,bar,pub,"Asagayaminami, 1 Chome−17−25 ニュー阿佐谷マンション 102"
あかいとまと,1,restaurant,bar,阿佐谷南1丁目18-6
味彩坊 阿佐谷店,1,japanese_restaurant,restaurant,"Asagayaminami, 1 Chome−34−13 魚清ビル 2F"
スマイルアース,1,fast_food_restaurant,,高円寺南2-21-6
iiiio koenji,1,restaurant,french_restaurant,3 Chome-21-14 Koenjiminami
GANKO 昭和時代,1,bar,restaurant|asian_restaurant,高円寺南2丁目20-19
Cloud 9,1,restaurant,food_stand|pizza_restaurant,2 Chome-24-23 Koenjiminami
Daddy's Socks,1,restaurant,coffee_shop|cafe,高円寺南2丁目21-10
大ちゃん,1,japanese_restaurant,asian_restaurant|restaurant,高円寺南2丁目21-8
つるまめ,1,japanese_restaurant,restaurant|bar,高円寺南3丁目24-4
タラ レバ,1,restaurant,bar|indian_restaurant,高円寺4-49-1
いがぐり,1,japanese_restaurant,restaurant|asian_restaurant,4 Chome-6-8 Koenjiminami
ピピネラ,1,japanese_restaurant,restaurant|diner,高円寺南4丁目11-1
ことどん,1,japanese_restaurant,bar|restaurant,高円寺南4丁目11-1
Happy,1,fast_food_restaurant,restaurant|burger_restaurant,高円寺南2丁目53-1
アイノワール,1,vegetarian_restaurant,restaurant|japanese_restaurant,東京都杉並区高円寺南２丁目３７−１３
伊藤松吉商店高円寺店,1,japanese_restaurant,restaurant|diner,高円寺南2丁目14-2
きゃべつのせんぎり,1,japanese_restaurant,,高円寺南2-15-18
ぐらんま,1,bar,japanese_restaurant|restaurant,高円寺南2丁目20-15
タロー軒,1,japanese_restaurant,,高円寺南2丁目16-13
えん屋新高円寺店,1,japanese_restaurant,,梅里1-6-9
高南の風,1,bar,restaurant|japanese_restaurant,梅里1丁目6-8
ますだや,1,japanese_restaurant,restaurant|asian_restaurant,高円寺南2丁目20-3
万喜,1,japanese_restaurant,restaurant,高円寺南3丁目1-3
北羊堂新高円寺店,1,japanese_restaurant,restaurant,高円寺南3丁目1-4
Anocado,1,japanese_restaurant,restaurant|diner,成田東1丁目50-7
宴遇,1,bar,chinese_restaurant|asian_restaurant,松ノ木3丁目23-11
スイートムーン,1,food_and_drink,cafe|restaurant,
こころ屋,1,bar,restaurant|japanese_restaurant,堀ノ内3丁目5-20
テラスりばあさいど,1,restaurant,cafe|bar,2 Chome-23-5 Omiya
ぶどうヶ丘,1,restaurant,cafe|french_restaurant,東京都杉並区松ノ木１丁目７−１５
小さな鉄板焼屋 いず川,1,japanese_restaurant,restaurant|diner,4 Chome-10-33 Takaidohigashi
井の頭通り高井戸店,1,fast_food_restaurant,,東京都杉並区高井戸東４－２－４
みやび,1,japanese_restaurant,sushi_restaurant|asian_restaurant,高井戸東3丁目35-23
とらさんのみせ,1,bar,japanese_restaurant|restaurant,浜田山4丁目27-5
Happy-Go-Lucky,1,restaurant,bar|mexican_restaurant,浜田山4丁目13-11
La table Etsuko,1,comfort_food_restaurant,bar,
どろまみれ倉庫,1,japanese_restaurant,sushi_restaurant|mountain,浜田山2-19-3
ファンキーチキン,1,japanese_restaurant,restaurant|barbecue_restaurant,浜田山2丁目22-1
泥まみれ倉庫,1,bar,,浜田山２丁目１９−３\n\n
華月,1,japanese_restaurant,restaurant|diner,浜田山3丁目26-27
じゆう軒,1,japanese_restaurant,restaurant|bar,浜田山3丁目27-3
光林,1,japanese_restaurant,restaurant,浜田山3丁目27-3
桃串,1,japanese_restaurant,,浜田山3丁目32-6
米日和,1,japanese_restaurant,bar,3 Chome-32-6 Hamadayama
福のや,1,japanese_restaurant,restaurant|asian_restaurant,"Hamadayama, 3 Chome−30−5 越路ビル 地下1階"
ワードオブマウス,1,japanese_restaurant,restaurant|asian_restaurant,浜田山3丁目30-7
ふみきり,1,japanese_restaurant,seafood_restaurant,浜田山2丁目19-9
休日や,1,japanese_restaurant,cafe|noodles_restaurant,2 Chome-22-28 Takaidohigashi
大橋家,1,japanese_restaurant,restaurant,浜田山1丁目22-7
天ほう,1,japanese_restaurant,,永福3丁目55-3
LIN 鱗,1,japanese_restaurant,,永福3-55-3
はな籠屋,1,japanese_restaurant,,永福3-55-3
スペキエ,1,restaurant,japanese_restaurant,永福3丁目55-3
波田野西永福店,1,japanese_restaurant,chicken_restaurant,永福3丁目34-9
麓屋,1,restaurant,japanese_restaurant|bar,東京都杉並区永福３丁目３７−５
房(ばん),1,restaurant,,永福4-5-19
永福青柳 本店,1,japanese_restaurant,,永福4-4-2
まるさんかじつ,1,japanese_restaurant,,永福4-1-10
グランパ つくし,1,restaurant,italian_restaurant|cafe,和泉3丁目13-21
串善,1,japanese_restaurant,,"Eifuku, 4 Chome−1−9 エイジアームズ"
味大将,1,japanese_restaurant,restaurant|chinese_restaurant,和泉3丁目13-9
いち彌,1,restaurant,sushi_restaurant|japanese_restaurant,和泉3丁目13-16
きんぎょじるし,1,japanese_restaurant,bar|restaurant,4 Chome-5-3 Eifuku
食楽空間菜,1,japanese_restaurant,asian_restaurant|restaurant,永福4丁目5-3
Bota Alta,1,restaurant,cafe|japanese_restaurant,"Eifuku, 4 Chome−6−2"
炙り焼きここから西永福店,1,japanese_restaurant,restaurant,永福4丁目19-12
東京のへそ,1,japanese_restaurant,sushi_restaurant|bar,
ヤタイキ永福町,1,japanese_restaurant,bar|restaurant,東京都杉並区和泉３丁目４５−１９
草むら,1,japanese_restaurant,restaurant,大宮1丁目1-1
bob_kitchen_inokashira,1,restaurant,,東京都世田谷区北沢2-16-2 Green Road Kitazawa 1F
ichi,1,japanese_restaurant,bar|restaurant,永福1丁目44-8
西永福 キッチン W (ダブリュー),1,restaurant,bar,永福3-37-6岸岡
はなの台所,1,japanese_restaurant,asian_restaurant,阿佐ヶ谷南1-14-17
ミキハウス,1,bar,cafe,"Eifuku, 1 Chome−1−1 シャトレ明大前 1F"
はちいち,1,japanese_restaurant,restaurant,松原1丁目41-6
ぎょっくん,1,japanese_restaurant,restaurant|diner,松原1丁目38-12
dodd,1,bar,,"Matsubara, 2 Chome−43−7 ハイネス明大前"
Zohm Dream Diner,1,bar_and_grill_restaurant,diner|bar,2 Chome-43-11 Matsubara
Kigaru,1,japanese_restaurant,restaurant,松原2丁目39-15
屋島,1,restaurant,sushi_restaurant|eat_and_drink,松原2丁目42-15
宮古2号店,1,japanese_restaurant,restaurant|bakery,松原2丁目41-5
にじゅうまる明大前店,1,japanese_restaurant,bar|restaurant,松原2丁目45-2
5×8,1,bar,pub|japanese_restaurant,松原2-28-18  ｶｰﾑﾏﾂﾊﾞﾗ  １Ｆ
身ノ程知ラズ,1,restaurant,japanese_restaurant|bar,松原2丁目29-17
美津乃,1,bar,sake_bar|cafe,松原2丁目29-19
傾奇者,1,japanese_restaurant,bar|restaurant,松原2丁目13-10
ごっつい 下高井戸,1,japanese_restaurant,,松原3-30-10
ばんや,1,japanese_restaurant,asian_restaurant|noodles_restaurant,松原3丁目29-22
GENKI屋,1,japanese_restaurant,restaurant,赤堤4丁目41-10
くい亭,1,restaurant,barbecue_restaurant|japanese_restaurant,赤堤4丁目36-19
あずまや 下高井戸本店,1,japanese_restaurant,eat_and_drink,赤堤5丁目32-4
まきたや,1,japanese_restaurant,bar|asian_restaurant,赤堤5丁目31-2
たら福,1,japanese_restaurant,bar|restaurant,赤堤4丁目42-20
Garret,1,bar,arcade|amusement_park,赤堤4丁目41-10
Hatos Outside,1,japanese_restaurant,cafe|bar,4 Chome-46-1 Akatsutsumi
シーマシーマ,1,restaurant,cafe|tea_room,
ガレージ ゼロニーロク,1,japanese_restaurant,,東京都世田谷区赤堤４丁目４８−７
Beniya,1,restaurant,steakhouse,
向日葵,1,bar,japanese_restaurant|restaurant,赤堤4丁目48-7
どどん,1,japanese_restaurant,asian_restaurant,赤堤4丁目45-12
こいのぼり,1,japanese_restaurant,restaurant|barbecue_restaurant,下高井戸1丁目3-11
恋々風塵,1,bar,,1 Chome-6-3 Shimotakaido
みつ乃家,1,japanese_restaurant,asian_restaurant|restaurant,下高井戸1丁目2-1
NiEW,1,japanese_restaurant,restaurant|diner,3 Chome-30-11 Matsubara
Zipangu,1,japanese_restaurant,restaurant,1 Chome-1-14 Shimotakaido
海晴亭,1,bar,restaurant|japanese_restaurant,下高井戸1丁目1-13
高井戸倶楽部,1,restaurant,bar|dance_club,下高井戸2丁目5-1
20号桜上水店,1,fast_food_restaurant,,東京都杉並区下高井戸２－９－５
桜上水 船越,1,japanese_restaurant,,東京都杉並区下高井戸１丁目２１−１０
Totoyamichi,1,restaurant,asian_restaurant|japanese_restaurant,下高井戸3丁目4-6
櫻井謹製,1,restaurant,japanese_restaurant,桜上水5丁目22-7
サクラチカ,1,japanese_restaurant,restaurant|asian_restaurant,下高井戸1丁目22-2
木々,1,japanese_restaurant,restaurant|asian_restaurant,4 Chome-20-19 Sakurajosui
ゆとり 上北沢店,1,japanese_restaurant,,"Kamikitazawa, 4 Chome−11−6 上北沢駅前ビル ２F"
宮川家,1,restaurant,bar|japanese_restaurant,东京都世田谷区上北泽4丁目15-7
縁どり,1,bar,eat_and_drink|pub,上北沢4丁目12-3
狸穴上北沢店,1,bar,sports_bar,上北沢4丁目12-6
静花,1,japanese_restaurant,restaurant|eat_and_drink,東京都世田谷区上北沢４丁目１３−８
花火亭,1,japanese_restaurant,chicken_restaurant|restaurant,東京都世田谷区上北沢４丁目２９−１９
88SQUARE,1,bar,karaoke|restaurant,上北沢３－３４－２１
アンダンテ,1,japanese_restaurant,diner|french_restaurant,上高井戸1丁目6-15
ほうの木,1,japanese_restaurant,seafood_restaurant|sake_bar,上高井戸1丁目8-3
日本橋山喜多八幡山総本店,1,bar,restaurant|japanese_restaurant,上高井戸1丁目8-28
エビス 八幡山店,1,restaurant,diner|bar,上高井戸1丁目8-28
彦や,1,japanese_restaurant,bar|restaurant,上高井戸1丁目5-3
恵比須屋,1,japanese_restaurant,restaurant|asian_restaurant,上高井戸1丁目5-17
金衛門,1,japanese_restaurant,bar|restaurant,3 Chome-4-1 Minamikarasuyama
我ー喰う,1,japanese_restaurant,bar|restaurant,世田谷区南烏山4丁目14-11
Liberty - Karasuyama,1,bar,restaurant|lounge,南烏山6丁目27-3
我舎我舎,1,japanese_restaurant,restaurant,南烏山6丁目29-13
Birth,1,bar,karaoke|pub,南烏山6丁目33-34
おきゃく家,1,japanese_restaurant,restaurant|diner,南烏山6丁目7-16
ちとせ家,1,japanese_restaurant,restaurant,南烏山6丁目28-4
Binky Frog,1,theme_restaurant,bar,"Minamikarasuyama, 6 Chome−4−18 B1F"
めんこい,1,pub,japanese_restaurant,東京都世田谷区南烏山６丁目２９−２
らくだ,1,japanese_restaurant,,南烏山6丁目8-7
膳菜や,1,japanese_restaurant,restaurant|bar,南烏山6丁目6-24
サカサ,1,bar,,東京都世田谷区南烏山６丁目６−２４
Vanilla ice,1,restaurant,bar|karaoke,南烏山6丁目5-7
みの吉,1,japanese_restaurant,bar|sake_bar,南烏山6丁目4-12
麦香,1,japanese_restaurant,cafe,南烏山6丁目7-19
SANTACROSS,1,bar,dance_club|restaurant,南烏山6丁目4-32
1番線ホーム 待合室,1,lounge,airport_lounge|bar,東京都世田谷区南烏山６丁目１−１
ハナタレ,1,japanese_restaurant,asian_restaurant|restaurant,南烏山5丁目32-14
二合半,1,japanese_restaurant,eat_and_drink|sushi_restaurant,南烏山5丁目32-14
烏山みくりや,1,restaurant,japanese_restaurant|bar,南烏山５丁目１８−１９ 多胡ビル 1F
Segataya,1,bar,,
烏山かもくら,1,japanese_restaurant,restaurant,南烏山5-25-12
エノテカ・クラフト,1,restaurant,,東京都世田谷区南烏山５丁目２５−４
Yonayona.47,1,restaurant,,東京都世田谷区南烏山5-18-15 3階
武膳千歳烏山店,1,japanese_restaurant,asian_restaurant|restaurant,南烏山5丁目18-17
せい家千歳烏山店,1,japanese_restaurant,asian_restaurant|restaurant,南烏山5丁目12-3
千歳烏山 ROOT,1,bar,lounge,南烏山6-4-12
株式会社マツザワ 十勝たちばな,1,japanese_restaurant,retail|bakery,南烏山5丁目17番地8号
ひろ家,1,japanese_restaurant,restaurant|sushi_restaurant,"Minamikarasuyama, 4 Chome−10−5 ソリッドビル南烏山"
和市,1,japanese_restaurant,eat_and_drink|bar,"Minamikarasuyama, 4 Chome−12−8 シティプラザソフエ 1―D"
すみれ家,1,japanese_restaurant,barbecue_restaurant|restaurant,南烏山4丁目10-14
Peco Peco,1,japanese_restaurant,restaurant|bar,4 Chome-9-13 Minamikarasuyama
タワツイヤン,1,restaurant,,2 Chome-24-13 Minamikarasuyama
サン マロー,1,restaurant,coffee_shop|asian_restaurant,南烏山1丁目12-18
蘆花庵,1,japanese_restaurant,restaurant|diner,南烏山1丁目11-12
Kitchen Umasan,1,japanese_restaurant,restaurant|diner,1 Chome-1 Kamitakaido
ろくどり,1,restaurant,diner|chicken_restaurant,上高井戸1丁目1-7
モモヤ,1,japanese_restaurant,,東京都杉並区上高井戸１丁目１−１２
アミレバ東京,1,japanese_restaurant,,上高井戸1-1-17
かわしまや,1,japanese_restaurant,asian_restaurant|restaurant,上高井戸1丁目1-15
リトナード八幡山店,1,fast_food_restaurant,,東京都世田谷区上北沢４－３６－２３
Nival,1,japanese_restaurant,asian_restaurant|restaurant,上北沢4丁目36-23
アンフィニ,1,food_and_drink,automotive|bar,上高井戸1‐3‐7
アペルト,1,restaurant,italian_restaurant|coffee_shop,上祖師谷1丁目11-15
Maison Kina,1,health_food_restaurant,restaurant|japanese_restaurant,9 Chome-26-6 Seijo
祖師谷店,1,fast_food_restaurant,,東京都世田谷区千歳台２－１４－１０
橙屋,1,japanese_restaurant,chinese_restaurant,東京都世田谷区千歳台５丁目５−７
仙味洞,1,restaurant,japanese_restaurant,千歳台3丁目9-5
早雲,1,japanese_restaurant,restaurant|asian_restaurant,経堂1丁目22-17
逸福,1,japanese_restaurant,sushi_restaurant,2 Chome-14-13 Kyodo
しずる 経堂店,1,japanese_restaurant,restaurant|diner,経堂1丁目22-18
おぐら庵,1,japanese_restaurant,sushi_restaurant|restaurant,桜新町
デリス,1,restaurant,japanese_restaurant|coffee_shop,経堂2丁目15-15
はるばるてい,1,japanese_restaurant,restaurant,東京都世田谷区経堂２丁目１５−１５
月の花,1,bar,pub,"Kyodo, 2 Chome−16−3 Plumbox III, B1"
楽コーポレーション,1,japanese_restaurant,asian_restaurant|restaurant,2 Chome-19-10 Kyodo
天ん洋,1,japanese_restaurant,asian_restaurant|restaurant,3 Chome-2-11 Kyodo
きはち,1,japanese_restaurant,restaurant|cafe,
Mitsu-Getsu,1,japanese_restaurant,wine_bar|restaurant,経堂2丁目13-1
さばのゆ,1,japanese_restaurant,restaurant,2 Chome-6-6 Kyodo
まめちよ,1,japanese_restaurant,restaurant|cafe,"Kyodo, 2 Chome−6−6 地下1階"
Rudder,1,restaurant,,経堂2丁目6-1
ウチデノコヅチ,1,japanese_restaurant,bar,東京都世田谷区経堂２丁目３−８
樹里庵,1,bar,restaurant|japanese_restaurant,3 Chome-18-14 Miyasaka
El Sol Diner,1,restaurant,diner|bar_and_grill_restaurant,2 Chome-10-10 Kyodo
Hachi Villa,1,japanese_restaurant,asian_restaurant|restaurant,3 Chome-27-3 Miyasaka
のびしろ,1,japanese_restaurant,cafe|eat_and_drink,東京都世田谷区経堂２丁目１１−１０
大人隠家鉄板やま長,1,japanese_restaurant,sake_bar|bar,経堂2丁目25-13
太田尻家,1,bar,japanese_restaurant|restaurant,東京都世田谷区宮坂３丁目５１−１
増屋,1,japanese_restaurant,restaurant,船橋5丁目34-7
さめかわ,1,comfort_food_restaurant,japanese_restaurant,東京都世田谷区桜上水２丁目１−２
重助,1,japanese_restaurant,restaurant,"Miyasaka, 3 Chome−38−10 ＫＴ宮坂"
昌久,1,japanese_restaurant,noodles_restaurant|restaurant,4 Chome-30-6 Akatsutsumi
勝一,1,japanese_restaurant,sushi_restaurant,赤堤4丁目1-1
Matoi,1,japanese_restaurant,sake_bar|sushi_restaurant,5 Chome-22-10 Matsubara
円喜家,1,asian_restaurant,restaurant|diner,松原5丁目3-11
ルー飯,1,japanese_restaurant,restaurant,6 Chome-2-9 Matsubara
スタンドかげん,1,japanese_restaurant,restaurant,"Umegaoka, 1 Chome−21−7 梅丘駅前ビル"
Tanaka,1,japanese_restaurant,restaurant|diner,"Umegaoka, 1 Chome−24−13 サンライズ小池 2F"
ふかや,1,bar,sake_bar|restaurant,東京都世田谷区梅丘１丁目２２−１１
大和田梅丘店,1,japanese_restaurant,sushi_restaurant,梅丘1丁目22-10
洒落亭,1,japanese_restaurant,restaurant|bar,1 Chome-21-11 Umegaoka
へちもんや,1,japanese_restaurant,restaurant|sake_bar,梅丘1丁目21-2
十月十日,1,japanese_restaurant,restaurant|diner,"Umegaoka, 1 Chome−15−13 キクコーポ 101"
珍品堂,1,bar,pub,梅丘1丁目15-13
黒板キッチン cui dou laku,1,diner,tapas_bar|restaurant,梅丘1丁目9-11
まつり邑,1,japanese_restaurant,restaurant|bar,"Gotokuji, 1 Chome−43−2 千代田ビル"
風林,1,bar,pub|beer_bar,豪徳寺1丁目43-6
国一,1,japanese_restaurant,restaurant,1 Chome-43-1 Gotokuji
Sakataya1793,1,japanese_restaurant,bar,豪徳寺1-43-7
太勇,1,japanese_restaurant,bar|restaurant,"Gotokuji, 1 Chome−45−10 富士ビル"
Amecoya,1,japanese_restaurant,restaurant,豪徳寺1丁目46-14
しおて,1,japanese_restaurant,restaurant|bar,豪徳寺1丁目46-14
ダイヤモンド,1,bar,restaurant|eat_and_drink,豪徳寺1丁目36-3
ユヌクレ,1,restaurant,bakery|cafe,松原6丁目43-6
栃の実,1,restaurant,health_food_restaurant|japanese_restaurant,東京都世田谷区宮坂３丁目５−４
みんなのテーブル,1,restaurant,bar|comfort_food_restaurant,"Miyasaka, 3 Chome−12−4 DOM経堂 2F"
Ripple,1,bar,japanese_restaurant|restaurant,"Miyasaka, 3 Chome−12−2 2F"
昇輝丸,1,japanese_restaurant,noodles_restaurant,宮坂2丁目19-1
せぴあ亭経堂駅前店,1,japanese_restaurant,restaurant,経堂1丁目19-7
凧,1,japanese_restaurant,restaurant|diner,経堂1丁目19-12
経堂駅前店,1,fast_food_restaurant,,東京都世田谷区経堂１－２０－１
ひじり家,1,japanese_restaurant,asian_restaurant,経堂1丁目19-5
LUGE,1,diner,restaurant|eastern_european_restaurant,経堂1丁目12-14
八昌,1,japanese_restaurant,restaurant|diner,経堂1丁目21-18
サカヰ精肉店 経堂店,1,japanese_restaurant,,経堂1-21-18
花坊,1,japanese_restaurant,noodles_restaurant|restaurant,経堂1丁目12-14
ぶっ豚 経堂店,1,japanese_restaurant,,1 Chome-12-9 Kyodo
キットワー,1,restaurant,cafe|wine_bar,東京都世田谷区宮坂１丁目４２−１５
龍宮亭,1,bar,japanese_restaurant|restaurant,豪徳寺2丁目31-11
りらくしん,1,japanese_restaurant,asian_restaurant,豪徳寺1丁目5-1
Buddha,1,asian_restaurant,indian_restaurant|thai_restaurant,豪徳寺1丁目22-5
tokyoomostyle,1,bar,restaurant|lounge,豪徳寺1丁目23-12
tosaka,1,bar,japanese_restaurant|park,関町北5丁目2-23
八丈黄八,1,bar,pub|diner,石神井台8丁目15-8
たいほう,1,japanese_restaurant,restaurant|asian_restaurant,関町北4丁目32-31
ちんたをさんち,1,bar,music_venue,7 Chome-14-2 Shakujiidai
はなしのぶ,1,bar,sake_bar|restaurant,関町東2丁目14-8
The Oasis,1,bar,,関町北4丁目2-15 五十鈴ビル1F
丸梅,1,japanese_restaurant,restaurant|diner,関町北4丁目2-11
にしだ家武蔵関店,1,japanese_restaurant,restaurant|bar,東京都練馬区関町北４丁目２−１３
味よし,1,japanese_restaurant,restaurant|asian_restaurant,関町北2丁目29-16
Shippo,1,bar,japanese_restaurant|restaurant,2 Chome-28-18 Sekimachikita
屯縁房,1,restaurant,bar|barbecue_restaurant,関町北2丁目28-20
貝津,1,bar,japanese_restaurant|restaurant,関町北1丁目23-7
甚作,1,restaurant,japanese_restaurant|eat_and_drink,関町北2丁目28-14
Iyashiya,1,japanese_restaurant,restaurant|bar,2 Chome-28-6 Sekimachikita
翔太朗,1,bar,chicken_restaurant|japanese_restaurant,関町北2丁目24-7
おお春,1,restaurant,japanese_restaurant|bar,関町北2丁目33-8
青梅街道関町店,1,fast_food_restaurant,,東京都練馬区関町北２－３－２０
かみしゃく村,1,restaurant,bar|japanese_restaurant,上石神井1丁目7-16
ひろ,1,restaurant,barbecue_restaurant|japanese_restaurant,上石神井1丁目11-23
月のヒナタ,1,japanese_restaurant,bar,"Kamishakujii, 1 Chome−11−8 Ｋ・Ｉ・カステロ上石神井"
DC Kamiishigay,1,restaurant,bar|wine_bar,"Kamishakujii, 1 Chome−10−2 ハイネスすみ 1F"
げんぷくん,1,asian_restaurant,restaurant|japanese_restaurant,下石神井4-27-18
きまんまテーブル,1,restaurant,diner|bar,高円寺北2丁目34-2
一達,1,japanese_restaurant,,下井草5丁目19-13
寿々木屋,1,japanese_restaurant,restaurant,下井草5丁目11-14
スリー・エル,1,bar,beer_garden|pub,東京都杉並区下井草５丁目１８−１７
あんくるてい,1,japanese_restaurant,restaurant,下井草5丁目22-17
ボンズ,1,bar,fashion_accessories_store|italian_restaurant,東京都杉並区井草３丁目８−３
にしだ屋,1,japanese_restaurant,,上井草1丁目30-17
Takaki,1,japanese_restaurant,,"Kamiigusa, 1 Chome−24−13 1階"
アストラーザ,1,restaurant,japanese_restaurant|italian_restaurant,2 Chome-35-2 Kamiigusa
美味しんぼ,1,japanese_restaurant,restaurant|asian_restaurant,2 Chome-35-2 Kamiigusa
上井草すろーぷ,1,restaurant,coffee_shop|cafe,上井草2-35-2
アオヤギ,1,restaurant,coffee_shop|tapas_bar,上井草2丁目35-7
やしん坊,1,japanese_restaurant,bar|restaurant,上井草2丁目36-9
いきや,1,japanese_restaurant,bar|restaurant,上井草2丁目45-6
串まいど,1,food_truck_stand,japanese_restaurant|restaurant,
ぼっちり,1,japanese_restaurant,restaurant|asian_restaurant,上井草3丁目32-8
Ganta Kamiigusa Branch,1,bar,barbecue_restaurant|japanese_restaurant,上井草3丁目33-22
七あじ,1,restaurant,diner|eat_and_drink,下石神井4丁目22-16
幸来,1,japanese_restaurant,restaurant,東京都練馬区下石神井4丁目19-8
なすの,1,japanese_restaurant,restaurant|bar,1 Chome-5-18 Kamishakujii
AC上石神井,1,restaurant,bar|wine_bar,東京都練馬区上石神井２丁目２３−８
蔵屋上石神井店,1,japanese_restaurant,asian_restaurant|bar,上石神井2丁目23-16
こんがり亭,1,bar,restaurant|asian_restaurant,上石神井4丁目10-39
中吉,1,bar,japanese_restaurant|restaurant,1 Chome-14-9 Kamishakujii
つ木の,1,japanese_restaurant,restaurant|chicken_restaurant,"Kamishakujii, 1 Chome−13−11 クリーニングの和光上石神井店"
ととこや,1,japanese_restaurant,chicken_restaurant,上石神井1丁目13-3
二人三脚,1,japanese_restaurant,restaurant|asian_restaurant,1 Chome-13-3 Kamishakujii
すずろ,1,restaurant,japanese_restaurant|asian_restaurant,東京都練馬区上石神井１丁目１２−１２
作,1,bar,restaurant|japanese_restaurant,1 Chome-19-9 Kamishakujii
ふんだりけ,1,restaurant,indian_restaurant|asian_restaurant,上石神井4丁目10-19
あずみ,1,japanese_restaurant,asian_restaurant,上石神井4丁目4-22
海のしずく,1,japanese_restaurant,,上石神井4-5-1
ブレーメン,1,bar,,上石神井4丁目6-2
こねり庵,1,japanese_restaurant,restaurant,下石神井6丁目41-30
どん亭石神井台店,1,japanese_restaurant,restaurant,石神井台4丁目9-7
エン座,1,japanese_restaurant,asian_restaurant|restaurant,石神井町5丁目12-16
ちょこ助,1,japanese_restaurant,restaurant,南田中4丁目16-16
松葉家,1,japanese_restaurant,food_truck|diner,下石神井1丁目1-33
桂や,1,japanese_restaurant,restaurant|diner,下石神井5丁目1-39
新額堂,1,restaurant,diner,1 Chome-12-22 Fujimidai
宵待月,1,restaurant,bar|diner,富士見台1-8-11 (Fujimidai)
宮ちゃん,1,bar,japanese_restaurant|restaurant,富士見台2丁目18-9
松野屋,1,japanese_restaurant,eat_and_drink|asian_restaurant,貫井3丁目14-5
下赤塚 源希,1,comfort_food_restaurant,,北町８丁目３６－２
ちょいちょい桜台店,1,bar,,桜台1-4-2
月の風,1,restaurant,fishmonger|diner,貫井1丁目36-18
味三昧 中村橋本店,1,japanese_restaurant,restaurant|asian_restaurant,"Nakamurakita, 4 Chome−12−13 リヴェール中村橋"
牛蔵売店,1,japanese_restaurant,restaurant|diner,貫井3丁目10-2
Gojigoji,1,bar,restaurant|pub,貫井3-2-7 石田ビルB1
青角,1,japanese_restaurant,barbecue_restaurant,4 Chome-16-19 Kamisaginomiya
気楽な器,1,japanese_restaurant,restaurant,2 Chome-14-12 Nakamura
たま吉,1,bar,restaurant|fast_food_restaurant,中村北3丁目22-8
勇の里,1,japanese_restaurant,restaurant,中村北4丁目2-5
tako_maru_nakabasi,1,japanese_restaurant,,中村北3-15-13
大天,1,japanese_restaurant,restaurant|asian_restaurant,貫井1丁目2-10
菜香村箸,1,japanese_restaurant,asian_restaurant|restaurant,"Nukui, 1 Chome−7−28 髙山ビル B1F"
Cheeky Chicks,1,bar,pub|eat_and_drink,貫井５-１-７
和優,1,japanese_restaurant,restaurant,"Koyama, 1 Chome−14−17 1階"
練馬 ごった,1,comfort_food_restaurant,,
ウイング練馬店,1,restaurant,coffee_shop|japanese_restaurant,練馬1丁目5-6
西武練馬駅前店,1,fast_food_restaurant,,東京都練馬区豊玉北５－１８－９
Drillman練馬,1,japanese_restaurant,breakfast_and_brunch_restaurant,豊玉北5-18-6
Shimonya,1,japanese_restaurant,asian_restaurant|restaurant,5 Chome-20-9 Toyotamakita
豚HOLIC,1,restaurant,bar|diner,豊玉北5丁目32-12
Fukuchan Nerima,1,japanese_restaurant,restaurant|diner,6 Chome-1-8 Toyotamakita
きらり,1,bar,japanese_restaurant|restaurant,豊玉北6丁目13-18
バックファット,1,japanese_restaurant,cafe,豊玉北6-13-18
だるまん家,1,restaurant,italian_restaurant|japanese_restaurant,豊玉北5丁目31-7
小楽園,1,pub,bar,豊玉北5丁目32-1
仲井戸,1,japanese_restaurant,restaurant|eat_and_drink,5 Chome-32-3 Toyotamakita
OOOOArrow,1,bar,karaoke,東京都練馬区豊玉北５丁目３１−８
ヘブン,1,restaurant,dance_club|tapas_bar,豊玉北5丁目30-9
七武会,1,japanese_restaurant,chicken_restaurant|barbecue_restaurant,豊玉北5丁目21-2
ぐっさん,1,bar,sake_bar|restaurant,豊玉北5丁目20-2
海人,1,japanese_restaurant,asian_restaurant|sake_bar,豊玉北5丁目21-1
Sugar,1,bar,,"Toyotamakita, 5 Chome−30−10 永康ビル3F"
Hazz,1,bar,cocktail_bar|lounge,"Toyotamakita, 5 Chome−30−10 加賀見ビル ２階"
樓蘭,1,asian_restaurant,restaurant|diner,豊玉北5丁目23-3
泉屋商店,1,japanese_restaurant,bar,大泉町2-62-22
フェニックス,1,japanese_restaurant,sushi_restaurant,豊玉中3丁目15-7
小春日和,1,japanese_restaurant,sushi_restaurant,
れいんぼー,1,restaurant,bar,豊玉北
たか瀬,1,japanese_restaurant,,山田508-6
せきみ,1,japanese_restaurant,restaurant|sushi_restaurant,中村3丁目17-4
大國堂本舗,1,japanese_restaurant,,豊玉南3-28-3
環七豊玉店,1,fast_food_restaurant,,東京都練馬区豊玉南３－６－１
Zheer House,1,restaurant,,Shirasagi 3–1-1
新青梅井草店,1,fast_food_restaurant,,東京都杉並区井草２－１９－１４
淡菜房,1,japanese_restaurant,restaurant|bar,下井草3丁目41-5
らせん屋,1,japanese_restaurant,restaurant|diner,下井草3丁目39-16
田介,1,restaurant,bar|japanese_restaurant,東京都杉並区下井草３丁目３８−１３
くしとも,1,japanese_restaurant,restaurant|asian_restaurant,東京都中野区白鷺２丁目４８−７
剣,1,bar,japanese_restaurant,東京都中野区若宮３丁目２０−２
アイキッチン 都立家政店,1,restaurant,,東京都中野区若宮３丁目１７−６
ちび太ン家,1,bar,restaurant|japanese_restaurant,若宮3丁目22-1
平目板,1,japanese_restaurant,restaurant|bar,3 Chome-15-11 Saginomiya
博多屋鷺宮店,1,restaurant,japanese_restaurant,鷺宮3丁目15-13
こうざん,1,japanese_restaurant,restaurant|barbecue_restaurant,白鷺3丁目1-4
鷺ノ宮swing,1,bar,karaoke|arts_and_entertainment,Tokyo
三咲,1,japanese_restaurant,asian_restaurant|restaurant,鷺宮4丁目2-18
銚子家,1,japanese_restaurant,cafe|barbecue_restaurant,4 Chome-3-20 Saginomiya
満月松田,1,japanese_restaurant,restaurant|asian_restaurant,4 Chome-1-11 Saginomiya
揚派,1,japanese_restaurant,,鷺宮3丁目21-6-3
もんもん,1,bar,lounge|sake_bar,鷺宮1丁目30-13
山田調味料研究所 「タレ×ラボ」,1,restaurant,fast_food_restaurant,鷺宮1-30-13
江戸甘,1,japanese_restaurant,sushi_restaurant|bar,鷺宮3-1-12
ボンニュイ,1,bar,pub,鷺宮3丁目6-6
hajime,1,japanese_restaurant,restaurant|bar,鷺宮3丁目6-6
chamame,1,japanese_restaurant,indian_restaurant,3 Chome-2-14 Saginomiya
たん純,1,japanese_restaurant,sake_bar|bar,野方6丁目24-10
ハルミチル,1,restaurant,delicatessen,野方6丁目23-13
まんてんどう,1,bar,wine_bar|japanese_restaurant,東京都中野区野方６丁目
NEIGHBOR,1,restaurant,,"Nogata, 6 Chome−30−26 J-ARK 1F"
さぶちゃん,1,japanese_restaurant,desserts,野方5丁目32-4
乃がた,1,bar,japanese_restaurant|asian_restaurant,野方5丁目28-5
活,1,bar,restaurant|japanese_restaurant,野方5丁目28-7
野方店,1,fast_food_restaurant,,東京都中野区野方５－３１－１２
深,1,japanese_restaurant,eat_and_drink,"Nogata, 5 Chome−25−1 ツインビル矢島伊倉"
Nogata SAND,1,restaurant,diner|japanese_restaurant,"Nogata, 5 Chome−25−1 ツインビル 1F SAND"
オネスティー,1,restaurant,eat_and_drink|bar,"""東京都中野区野方5丁目25-1, ツインビル伊倉"""
清瀧,1,japanese_restaurant,restaurant|asian_restaurant,野方5丁目23-7
スワハウス,1,bar,restaurant|arts_and_entertainment,野方5丁目22-6
まきまき,1,bar,,
けいわろう,1,restaurant,eat_and_drink|japanese_restaurant,野方
Ohira,1,japanese_restaurant,restaurant|noodles_restaurant,5 Chome-19-11 Nogata
Teppan 523,1,restaurant,bar|japanese_restaurant,"Nogata, 5 Chome−16−7 昌和ビル 1階"
るりあん,1,restaurant,grocery_store|eat_and_drink,東京都中野区野方５丁目１８−７
囲み屋,1,japanese_restaurant,restaurant|bar,野方5丁目30-5
Pink Tiger,1,bar,japanese_restaurant|restaurant,野方5丁目30-6
とっとっと,1,japanese_restaurant,asian_restaurant|restaurant,"Nogata, 5 Chome−18−13 小野ビル"
上州屋,1,japanese_restaurant,restaurant,野方5丁目18-3
はとまめ,1,japanese_restaurant,sake_bar|bar,野方5丁目30-9
さ和乃,1,japanese_restaurant,sushi_restaurant,若宮1丁目22-10
フルーツアカデミー(fruit Academy),1,food_and_drink,,鷺宮3-1-16 第5ヒラノビル1F
九十九里,1,japanese_restaurant,asian_restaurant,若宮3丁目3-13
かしわや,1,japanese_restaurant,asian_restaurant|restaurant,若宮2丁目4-19
永咲,1,japanese_restaurant,,野方5丁目3-1
かど屋,1,japanese_restaurant,asian_restaurant|restaurant,大和町1丁目17-7
中野ほこらしゃ,1,restaurant,japanese_restaurant,
恵比寿 クラブ子羊,1,food_and_drink,,
ヤミーヤミーズ,1,restaurant,,東京都杉並区下井草1-13-14
大慶,1,japanese_restaurant,clothing_store,下井草1丁目23-8
薫屋,1,japanese_restaurant,asian_restaurant|sushi_restaurant,阿佐谷北3丁目37-13
エレファントキッチン,1,food_and_drink,,阿佐谷北3丁目43-15
パラダイスパラダイス,1,bar,pub|restaurant,関町南２丁目２０－３関町南店舗１階
西荻 裕庵,1,restaurant,bar|fast_food_restaurant,上荻４−３０−８−１０３
十味や,1,japanese_restaurant,,桃井4丁目4-19
荻窪 よしだ亭,1,restaurant,,
ビンギリ,1,japanese_restaurant,asian_restaurant|noodles_restaurant,桃井1丁目12-16
Petit Grace,1,food_and_drink,coffee_shop|cafe,荻窪2-21-13
阿部吉次郎,1,food_and_drink,delicatessen,東京都杉並区西荻北１丁目１８−１２
太文,1,japanese_restaurant,restaurant|noodles_restaurant,"Kamiogi, 4 Chome−28−6 コーポ上荻"
豚や,1,japanese_restaurant,restaurant|diner,上荻4丁目19-23
Norbu,1,japanese_restaurant,,"Kamiogi, 4 Chome−25−12 エイタイマンション 1階"
山ちゃん,1,japanese_restaurant,restaurant|diner,上荻4丁目21-9
しめんどう,1,restaurant,,
喜味家,1,japanese_restaurant,asian_restaurant,5 Chome-22-8 Nishiogikita
大和田 西荻窪店,1,japanese_restaurant,sushi_restaurant|bar,西荻北5-21-17
夢想庵 武蔵野ふくろう,1,restaurant,,"西荻北4丁目24-10, 東都ビル 1F"
葉地,1,japanese_restaurant,bar|restaurant,西荻北4丁目34-12
善知鳥,1,bar,sake_bar|police_department,西荻北3丁目31-10
Pic Nic Tokyo,1,bar_and_grill_restaurant,restaurant,東京都杉並区西荻北３丁目３１−７
喜田屋,1,japanese_restaurant,candy_store,3 Chome-31-15 Nishiogikita
笹串,1,japanese_restaurant,asian_restaurant|restaurant,"Nishiogikita, 3 Chome−30−1 グランリード"
さい炉,1,japanese_restaurant,asian_restaurant|restaurant,3 Chome-22-11 Nishiogikita
ゆきとら 西荻,1,bar,japanese_restaurant|restaurant,西荻北3丁目25-1
mood plus,1,bar,restaurant|diner,西荻北4丁目3-4
珍竹林,1,restaurant,japanese_restaurant,西荻北4丁目3-16
じんから2号店,1,japanese_restaurant,restaurant|sake_bar,"Nishiogikita, 4 Chome−4−4 コーポ三益"
Hinodeya.,1,restaurant,thai_restaurant,"Nishiogikita, 4 Chome−5−24 白亜ハイム 1F"
勝手口 ひまり屋,1,japanese_restaurant,restaurant|bar,"Nishiogikita, 3 Chome−13−4 メゾンドール西荻窪 B1F"
ごちそう史庵,1,japanese_restaurant,,西荻北3丁目3-6
FRIDA,1,bar,restaurant|sake_bar,"Nishiogikita, 3 Chome−3−6 センチュリー西荻窪ビル B1"
雨ねこ,1,japanese_restaurant,restaurant|asian_restaurant,西荻北3丁目4-8
一瓢家,1,asian_restaurant,restaurant|korean_restaurant,西荻北3丁目4-10
志そ鳥,1,japanese_restaurant,restaurant,"Nishiogikita, 3 Chome−14−4 本橋ビル"
aoni,1,restaurant,european_restaurant|french_restaurant,"Nishiogikita, 3 Chome−13−14 エスカイア西荻窪 エスカイア西荻窪210"
べに家,1,japanese_restaurant,bar,"Nishiogikita, 3 Chome−22−19 富士見ハイツ 1F"
おじゃりやれ,1,bar,japanese_restaurant|restaurant,西荻北3丁目22-19
コタン,1,japanese_restaurant,asian_restaurant,西荻北3丁目22-20
海のぼん,1,bar,japanese_restaurant|restaurant,西荻北3丁目21-3
さとちゃん,1,bar,sake_bar|bar_and_grill_restaurant,西荻北3丁目22-22
野方屋,1,bar,restaurant|eat_and_drink,西荻北3丁目19-12
MEGUSTA西荻,1,bar,japanese_restaurant|restaurant,"Nishiogikita, 3 Chome−18−16 フリーダム ビル"
テンセイ,1,bar,restaurant,西荻北3丁目2-11
ほうぼう屋,1,japanese_restaurant,bar|restaurant,西荻北3丁目2-11
げんかや 西荻窪店,1,japanese_restaurant,restaurant|diner,西荻北3丁目1-8
おりも,1,japanese_restaurant,sake_bar|bar,3 Chome-1-9 Nishiogikita
粉屋時次郎,1,restaurant,japanese_restaurant|bar,西荻北3丁目1-6
ザリガニ基地,1,japanese_restaurant,,松庵3丁目40-12
THUle,1,restaurant,european_restaurant|italian_restaurant,西荻南3丁目11-11
赤い鼻,1,japanese_restaurant,restaurant|diner,西荻南3丁目11-5
李里子,1,bar,pub|cocktail_bar,西荻南3丁目12-1
スタンドキッチンルポン,1,restaurant,bar,3 Chome-12-1 Nishiogiminami
石川屋,1,japanese_restaurant,pub,東京都杉並区西荻南３丁目１２−１
おちゃる,1,bar,pub,西荻南3-25-7　B1
最後に笑え,1,bar,restaurant|tapas_bar,3 Chome-11-5 Nishiogiminami
戎,1,bar,restaurant|asian_restaurant,西荻南3丁目11-6
西荻ヒュッテ,1,bar,restaurant|japanese_restaurant,3 Chome-11-7 Nishiogiminami
西荻家,1,japanese_restaurant,health_and_medical,西荻南3丁目9-6
木の器,1,asian_restaurant,restaurant|japanese_restaurant,西荻南2丁目247
カントニクス,1,japanese_restaurant,restaurant,"Nishiogiminami, 3 Chome−17−1 リン西荻窪 2F"
Sake-ya 西荻,1,restaurant,retail|beer_bar,西荻マイロード マップ16 杉並区西荻南3-24-1
西荻ポルカ,1,bar,bar_and_grill_restaurant,3 Chome-18-13 Nishiogiminami
綱べこ,1,japanese_restaurant,asian_restaurant|restaurant,西荻南3丁目14-10
だ,1,bar,restaurant|karaoke,西荻南3丁目15-9
唄と酒 箱,1,bar,karaoke|liquor_store,東京都杉並区西荻南３丁目１５−９
西荻窪はや人,1,japanese_restaurant,restaurant|diner,西荻南3丁目15-9
力車,1,japanese_restaurant,restaurant|barbecue_restaurant,3 Chome-14-9 Nishiogiminami
青天上,1,restaurant,chicken_restaurant|japanese_restaurant,"Nishiogiminami, 3 Chome−24−24-1 西荻マイロード"
西荻窪 サイコロ,1,bar,japanese_restaurant|restaurant,3 Chome-24-1 Nishiogiminami
寅圭,1,japanese_restaurant,bar,3 Chome-15-12 Nishiogiminami
武蔵乃 西荻窪,1,japanese_restaurant,bar,西荻南3-24-1
亜瑠馬,1,restaurant,japanese_restaurant,東京都杉並区西荻南３丁目１７−４
出島,1,japanese_restaurant,asian_restaurant|restaurant,西荻北2丁目1-7
見晴料理店,1,japanese_restaurant,restaurant|bar,4 Chome-31-11 Nishiogiminami
おもちくらぶクリエイト,1,japanese_restaurant,,西荻南4-31-9
こんね,1,bar,japanese_restaurant|restaurant,1 Chome-2-10 Nishiogikita
Bunny Beach,1,restaurant,diner|cafe,2 Chome-9-9 Nishiogikita
一期ひとしな もとやま,1,japanese_restaurant,restaurant|asian_restaurant,西荻北2丁目12-2
リンダガレージ,1,bar,music_venue|event_planning,2 Chome-12-5 Nishiogikita
コノコネコノコ,1,japanese_restaurant,restaurant|diner,"Nishiogikita, 3 Chome−32−10 豊和ビル 1F"
エル・ボン・ビーノ,1,bar,cafe|restaurant,3 Chome-42-19 Nishiogikita
西荻窪汐彩,1,japanese_restaurant,asian_restaurant,西荻北3丁目42-17
よばなし,1,japanese_restaurant,restaurant,"Nishiogikita, 3 Chome−42−13 西荻窪永谷マンション 102"
四つ葉,1,japanese_restaurant,restaurant|asian_restaurant,2 Chome-20-7 Kamiogi
ゆき椿,1,japanese_restaurant,restaurant|sake_bar,天沼3丁目12-1
赤津庄兵衛,1,japanese_restaurant,sake_bar|bar,"Amanuma, 3 Chome−11−3 モアビル 102"
半吉,1,japanese_restaurant,bar|eat_and_drink,天沼3丁目11-3
The Day-Restaurant,1,restaurant,,"Amanuma, 3 Chome−10−16 プラザ荻窪 101号"
迂直,1,japanese_restaurant,restaurant,天沼3-10-16-102
ジュノン,1,japanese_restaurant,restaurant|diner,上荻1丁目23-1
TOKIORI,1,restaurant,,"Kamiogi, 1 Chome−18−3 Kameya-2, 101A"
どんく,1,japanese_restaurant,restaurant,"Kamiogi, 1 Chome−17−7 第五田丸ビル"
馬来,1,asian_restaurant,japanese_restaurant|restaurant,上荻1丁目17-7
やましだ,1,japanese_restaurant,sushi_restaurant|bar,上荻1丁目17-7
フェルール,1,bar,,上荻1-15-8 栄ビル B1F
ぽんぽこ,1,japanese_restaurant,restaurant|diner,上荻1丁目15-9
ばぁど家,1,japanese_restaurant,restaurant|chicken_restaurant,上荻1丁目15-9
遊佐,1,japanese_restaurant,restaurant|asian_restaurant,1 Chome-15-8 Kamiogi
とんぐるめ,1,japanese_restaurant,asian_restaurant,東京都杉並区上荻１丁目１６−８
加賀藤,1,japanese_restaurant,bar|eat_and_drink,1 Chome-15-13 Kamiogi
なら家,1,japanese_restaurant,asian_restaurant|restaurant,1 Chome-16 Kamiogi
荻窪いちべえ,1,japanese_restaurant,restaurant|sake_bar,1 Chome-13-3 Kamiogi
坂ぐち,1,japanese_restaurant,restaurant|diner,上荻1丁目13-7
旬彩庵 しおん,1,food_court,,上荻1-10-10
ROKUJIGEN,1,japanese_restaurant,restaurant|diner,上荻1丁目10-3
銭花,1,japanese_restaurant,soup_restaurant|eat_and_drink,1 Chome-10-3 Kamiogi
BlueBell,1,restaurant,bar|japanese_restaurant,南荻窪4丁目43-8
荻窪ブルーベル,1,japanese_restaurant,restaurant|diner,南荻窪4丁目43-8
京音 荻窪,1,japanese_restaurant,bar,荻窪5-17-7
マツマル,1,japanese_restaurant,restaurant,荻窪5丁目22-11
HOAN,1,pub,bar|restaurant,荻窪5丁目29-3
季っ句,1,bar,restaurant|fast_food_restaurant,荻窪5丁目29-11
荻窪のけむり,1,restaurant,bar|japanese_restaurant,荻窪5丁目29-5
やきや 荻窪店,1,japanese_restaurant,restaurant|diner,荻窪5丁目29-3
旅人の木,1,japanese_restaurant,cafe,東京都杉並区荻窪５丁目２９−６
orq.,1,restaurant,bar,荻窪5丁目29-10
AJISAI,1,japanese_restaurant,asian_restaurant|restaurant,5 Chome-29-11 Ogikubo
瓜坊,1,bar,restaurant|cafe,5 Chome-23-6 Ogikubo
la gallina,1,japanese_restaurant,restaurant|diner,荻窪5丁目24-7
楽べゑず,1,bar,japanese_restaurant|restaurant,荻窪5丁目26-9
京•嵐山 錦 とうきょう店,1,japanese_restaurant,,上荻1-7-1
荻窪西口店,1,fast_food_restaurant,,東京都杉並区上荻１－１０－１２
祭り太鼓 高円寺店,1,bar,himalayan_nepalese_restaurant,高円寺南3-68-1
頻伽  ビンガ,1,bar,,阿佐ヶ谷南2-20-5
Hitotsuya Phase2,1,restaurant,japanese_restaurant,錦町1-11-1
そら〜空〜,1,japanese_restaurant,,上荻1-8-8
荻窪匠,1,japanese_restaurant,asian_restaurant,上荻1丁目6-2
ある日 荻窪店,1,restaurant,food_stand|bar,"""東京都杉並区上荻1-5-9, 丸よしビル"""
amika,1,restaurant,coffee_shop,上荻1丁目5-8
丸よし,1,japanese_restaurant,restaurant|sushi_restaurant,上荻1丁目5-9
よるべ,1,bar,arts_and_entertainment|lounge,東京都杉並区上荻１丁目６−１１
有いち,1,japanese_restaurant,restaurant|asian_restaurant,上荻1丁目6-10
enfants terribles あんふぁんてりぶる荻窪,1,bar,,上荻1-4-4 2階
船山,1,pub,bar|restaurant,上荻1丁目4-9
寄港地,1,japanese_restaurant,bar|restaurant,1 Chome-4-10 Kamiogi
平日昼だけ,1,japanese_restaurant,fast_food_restaurant|cafe,"Kamiogi, 1 Chome−4−3 『Bar Flourish』様方"
ダイシン,1,diner,bar|restaurant,東京都杉並区上荻１丁目４−３
とうりゃんせ,1,japanese_restaurant,restaurant,上荻1丁目5-3
播州,1,japanese_restaurant,restaurant|bar,4 Chome-31-12 Ogikubo
夜桜ロケット,1,japanese_restaurant,bar|eat_and_drink,"Ogikubo, 4 Chome−33−16 1階"
やの志ん,1,japanese_restaurant,restaurant,阿佐谷南3丁目33-11
夢のまた夢,1,japanese_restaurant,asian_restaurant|restaurant,阿佐谷南3丁目37-5
アサガヤアンナイジョ,1,bar,gastropub,3 Chome-37-6 Asagayaminami
旬彩 はな日,1,japanese_restaurant,restaurant|asian_restaurant,"Asagayaminami, 3 Chome−34−17 2F"
瀬戸海人,1,japanese_restaurant,restaurant|asian_restaurant,東京都杉並区阿佐谷南３丁目３４−１５
かきんちゅ,1,japanese_restaurant,sake_bar|restaurant,阿佐谷南3丁目34-15
SATOブリアン,1,japanese_restaurant,restaurant|diner,阿佐谷南3丁目34-14
鶴ふく 阿佐ヶ谷店,1,japanese_restaurant,restaurant|diner,"Asagayaminami, 3 Chome−34−15 第一横川地所ビル 1F"
えんがわ 阿佐ヶ谷店,1,japanese_restaurant,restaurant|diner,阿佐谷南3丁目34-15
hama_0714,1,restaurant,,東京都杉並区阿佐谷南３丁目３７−５
おいでYasu,1,restaurant,bar,阿佐谷南3丁目44-9
なんちち,1,japanese_restaurant,restaurant|diner,阿佐谷南3丁目44-22
うねり亭,1,japanese_restaurant,restaurant|bar,阿佐谷南3丁目44-2
百味家,1,japanese_restaurant,restaurant|bar,阿佐谷南3丁目38-27
旬香 みつや,1,japanese_restaurant,restaurant|sushi_restaurant,東京都杉並区阿佐谷南３丁目４４−９
シンぼうや,1,bar,restaurant|cafe,阿佐谷南3丁目38-30
イザラ,1,japanese_restaurant,bar,阿佐谷南3丁目37-5
チャウチャウ お箸鉄板,1,japanese_restaurant,restaurant|diner,阿佐谷南3丁目37-5
がいや,1,japanese_restaurant,bar|restaurant,阿佐谷南3丁目37-5
サンダルキッチン,1,bar,,阿佐谷南3-37-3
鈍我楽,1,bar,,阿佐谷南3-37-1
木菟,1,japanese_restaurant,barbecue_restaurant|bar,3 Chome-57-1 Asagayaminami
天竜,1,japanese_restaurant,eat_and_drink|restaurant,2 Chome-2-6 Asagayakita
元茶屋,1,japanese_restaurant,asian_restaurant|restaurant,2 Chome-11-1 Asagayakita
アンダーザツリー,1,bar,,阿佐谷北2丁目2-7 喜楽ビル 1F
暖流,1,japanese_restaurant,restaurant|sake_bar,2 Chome-2-7 Asagayakita
GoENya,1,japanese_restaurant,bar|lounge,2 Chome-2-8 Asagayakita
恵菜,1,bar,restaurant|pub,阿佐谷北2丁目1-7
レインボー阿佐ヶ谷,1,restaurant,bar|tapas_bar,東京都杉並区阿佐谷北２丁目１−２
旅サロン 海っ子八戸,1,japanese_restaurant,restaurant,"Asagayakita, 2 Chome−13−4 ハイツセブン 2F"
スキマほーる,1,asian_restaurant,restaurant,2 Chome-1-8 Asagayakita
キッチン男の晩ごはん,1,japanese_restaurant,diner,阿佐谷北2丁目12-22
うまいもん本舗,1,bar,japanese_restaurant|restaurant,阿佐谷北2丁目12-22
やんたけ,1,bar,japanese_restaurant|restaurant,阿佐谷北2丁目12-4
葉山房,1,japanese_restaurant,restaurant|bar,"Asagayakita, 2 Chome−12−4 トーア阿佐谷マンション 阿佐谷北2-12-4 トーア阿佐ヶ谷マンション B102"
ろまんしゃ,1,bar,japanese_restaurant,阿佐谷北2-12-5-2F
木の蔵,1,bar,wine_bar|restaurant,阿佐谷北2丁目5-11
しんの輔,1,japanese_restaurant,,阿佐谷北2丁目11-2
風流・かざる,1,japanese_restaurant,restaurant|asian_restaurant,2 Chome-11-1 Asagayakita
ヴォルベール,1,bar,pub,阿佐ヶ谷北2丁目11-2
阿佐ケ谷 鉄板焼き 天晴れ,1,restaurant,japanese_restaurant,2 Chome-11-3 Asagayakita
ノーチラス,1,bar,coffee_shop|arts_and_entertainment,阿佐谷北2-11-4
大七星,1,japanese_restaurant,bar,2 Chome-4-2 Asagayakita
JAMBJAMB,1,bar,music_venue|restaurant,2 Chome-4-8 Asagayakita
東京ぐれっち,1,bar,japanese_restaurant|restaurant,阿佐谷北2丁目3-3
J.Tagamin Tagamin,1,restaurant,bar|sake_bar,阿佐谷北2丁目5-11
阿佐ヶ谷じゅうぞう,1,japanese_restaurant,restaurant|diner,阿佐谷北2丁目4-2
かわ清,1,japanese_restaurant,sake_bar|restaurant,2 Chome-4-1 Asagayakita
ありん堂,1,japanese_restaurant,desserts|grocery_store,2 Chome-5-6 Asagayakita
Chiaki,1,japanese_restaurant,sushi_restaurant|restaurant,2 Chome-13-20 Asagayakita
手しおごはん 玄阿佐ヶ谷店,1,japanese_restaurant,sushi_restaurant,阿佐谷北1丁目26-6
Olla,1,bar,taco_restaurant,"Asagayakita, 2 Chome−36−1 第二横川ハイツ 105号室"
ふみ屋,1,japanese_restaurant,restaurant,阿佐谷北1丁目27-5
東家北口店,1,japanese_restaurant,restaurant|sushi_restaurant,天沼2丁目3-13
の巣,1,bar,arts_and_entertainment|restaurant,東京都杉並区天沼２丁目９−８
あさ水,1,bar,restaurant|japanese_restaurant,天沼3丁目30-2
和遊食久,1,japanese_restaurant,restaurant|diner,天沼3丁目30-44
世界のこにし,1,dive_bar,,天沼3-3-11
四季の家荻窪店,1,japanese_restaurant,restaurant|barbecue_restaurant,天沼3丁目3-9
炎のらいおん,1,japanese_restaurant,,天沼3-3-7
Chamber of Raven,1,theme_restaurant,restaurant,3 Chome-29-10 Amanuma
荻窪 いその家,1,japanese_restaurant,,天沼 3-29-11 ハヤシビル1F
せきば,1,japanese_restaurant,eat_and_drink,天沼3丁目31-34
恵,1,restaurant,japanese_restaurant,天沼3丁目6-21
人と羊,1,japanese_restaurant,,東京都杉並区天沼３丁目２６−２４
ライスハウス里,1,diner,bar|cafe,東京都杉並区本天沼２丁目９−３
ありがた屋とりい  arigatayatorii,1,bar,pub|restaurant,東京都 杉並区 阿佐ヶ谷南 3ー34ー17
おーきに,1,japanese_restaurant,restaurant,阿佐谷北4丁目9-21
わかごう,1,japanese_restaurant,bar,阿佐谷北3丁目12-9
ラマナピリカ,1,bar,cafe|coffee_shop,1 Chome-46-4 Asagayakita
ごりごり,1,bar,pub|lounge,東京都杉並区阿佐谷北１丁目４５−１０
23N,1,bar,,"Asagayakita, 1 Chome−42−6 ベルメゾン阿佐谷"
亀七,1,japanese_restaurant,restaurant,阿佐谷北1丁目37-6
かぱてろ,1,bar,restaurant|japanese_restaurant,阿佐ヶ谷北1丁目35-5
川名,1,restaurant,bar|japanese_restaurant,阿佐谷北3丁目11-20
瀬戸内人,1,bar,,東京都杉並区阿佐谷南3-34-15
うちんく,1,bar,sake_bar|restaurant,阿佐谷北3丁目10-1
PUBLIC,1,japanese_restaurant,restaurant|bar,阿佐谷北1丁目27-7
和真屋,1,bar,restaurant|japanese_restaurant,高円寺北3丁目43-9
一慶,1,japanese_restaurant,restaurant,3 Chome-21-1 Yamatocho
&tenna,1,bar,cafe,東京都中野区大和町１丁目６７−８
出陣,1,japanese_restaurant,,大和町1-66-6
Ahola,1,restaurant,irish_pub|japanese_restaurant,2 Chome-39-15 Koenjikita
ツバメおこわ,1,restaurant,vietnamese_restaurant|asian_restaurant,高円寺北2丁目39-15
椿,1,restaurant,japanese_restaurant,東京都中野区大和町１丁目６５−２
赤天,1,japanese_restaurant,asian_restaurant|restaurant,高円寺北2丁目41-16
ボカン亭,1,japanese_restaurant,restaurant|diner,大和町1丁目65-5
寿や高円寺,1,japanese_restaurant,chicken_restaurant|restaurant,高円寺北2丁目41-15
清風,1,fast_food_restaurant,coffee_shop|restaurant,高円寺北2丁目41-15
バクダン,1,bar,japanese_restaurant|sake_bar,高円寺北3丁目44-24
Tege Tege,1,japanese_restaurant,restaurant|diner,3 Chome-44-24 Koenjikita
高円寺駅 テゲテゲ,1,food_and_drink,bar|restaurant,
タンタン,1,japanese_restaurant,,3 Chome-35-24 Koenjikita
高円寺 ばか同士。,1,bar,,高円寺北2-38-16
Masanoba,1,bar,,高円寺北2-38-15 カメタビル1F
Xing fu,1,japanese_restaurant,restaurant,東京都杉並区高円寺北２丁目３８−１５
Hanakonchi,1,speakeasy,fast_food_restaurant,高円寺北３丁目３３ー４
門一,1,japanese_restaurant,restaurant|asian_restaurant,高円寺北3丁目33-3
じゅげむ,1,japanese_restaurant,restaurant,東京都杉並区高円寺北２丁目２２−１１
タンタンパート,1,asian_restaurant,barbecue_restaurant|bar,東京都杉並区高円寺北２丁目３４−８
Gclef,1,restaurant,tea_room|cafe,高円寺北2丁目22-9
心ごはん結卯,1,japanese_restaurant,comfort_food_restaurant|asian_restaurant,"Koenjikita, 2 Chome−20−4 コスモネフビル ２階"
メイド イン ワンダーランド,1,restaurant,bar|eat_and_drink,北2丁目17-4
動悸 (ときめき),1,japanese_restaurant,,高円寺北2-21-1
舌笑 ごち,1,bar,japanese_restaurant|restaurant,"Koenjikita, 2 Chome−7−13 高円寺銀座ビル 3F右"
一徳,1,japanese_restaurant,restaurant,2 Chome-11-1 Koenjikita
樽勝,1,japanese_restaurant,restaurant|asian_restaurant,2 Chome-11-1 Koenjikita
S&G,1,pub,bar|japanese_restaurant,高円寺北2丁目12-3
ポイント 高円寺北口店,1,bar,active_life|sports_club_and_league,高円寺北2丁目3-1
まるじ,1,japanese_restaurant,bar|sushi_restaurant,高円寺北2丁目2-12
p.i stand,1,restaurant,,"Koenjikita, 2 Chome−9−9 ８WILL YOKOTA 1階"
三神森,1,japanese_restaurant,seafood_restaurant,高円寺北2丁目9-8
yummy,1,japanese_restaurant,restaurant|diner,高円寺北2丁目9-8
さんかい,1,bar,restaurant,高円寺北3丁目22-12
てと。,1,japanese_restaurant,restaurant,3 Chome-22-11 Koenjikita
太陽,1,japanese_restaurant,restaurant,高円寺北3丁目22-12
佐津季,1,diner,bar,高円寺北3-24-8
梵々,1,restaurant,japanese_restaurant|asian_restaurant,東京都杉並区高円寺北３丁目２−１４
あづま高円寺,1,japanese_restaurant,cafe,高円寺北3丁目2-14
Maruhi,1,bar,,"Koenjikita, 3 Chome−21−3 BLUE.T Maison 1F"
チョップスティックス,1,restaurant,vietnamese_restaurant|asian_restaurant,高円寺北3丁目22-8
大一市場,1,japanese_restaurant,barbecue_restaurant|restaurant,東京都杉並区高円寺北３丁目２２−８
一刻屋,1,japanese_restaurant,bar|restaurant,高円寺北3丁目22-8
ぼちぼち高円寺北口店,1,japanese_restaurant,restaurant,高円寺北3丁目22-16
鉄板焼きアイアンマン,1,japanese_restaurant,restaurant,高円寺北3丁目22-7
きよ香,1,japanese_restaurant,restaurant|asian_restaurant,高円寺北3丁目22-2
なかどおりサンライズ,1,bar,sake_bar,3 Chome-1-17 Koenjikita
White Tiger,1,bar,,"Koenjikita, 3 Chome−1−16 B1"
私,1,bar,pub|cocktail_bar,高円寺北3丁目2-1
蘭丸亭,1,restaurant,european_restaurant|japanese_restaurant,高円寺南3丁目70-1
トリツカレ男,1,bar,tapas_bar|pub,3 Chome-2-19 Koenjikita
Muddy,1,bar,,"Koenjikita, 3 Chome−22−7 2F"
白と黒,1,bar,cocktail_bar|lounge,杉並区高円寺北3丁目22-7
伏龍石沢亭,1,japanese_restaurant,bar|restaurant,3 Chome-22-7 Koenjikita
鉄板焼 こりんや,1,restaurant,barbecue_restaurant,"Koenjikita, 3 Chome−22−7 プラザ高円寺 １階-G"
唐変木,1,restaurant,japanese_restaurant|asian_restaurant,3 Chome-4-11 Koenjikita
えんじ屋,1,japanese_restaurant,bar|restaurant,高円寺北3丁目4-10
ずどーん,1,bar,restaurant|liquor_store,高円寺北3丁目16-2
ディズプラス,1,japanese_restaurant,,高円寺北3丁目16-14 エリア: 高円寺
たらいま,1,japanese_restaurant,restaurant|diner,3 Chome-21-10 Koenjikita
Bu-an,1,japanese_restaurant,wine_bar|restaurant,"Koenjikita, 3 Chome−23−5 和光ビル 1F"
The Day Food Lab,1,restaurant,bar|cocktail_bar,高円寺北3丁目23-11
やど,1,bar_and_grill_restaurant,eat_and_drink|restaurant,高円寺北3丁目20-21
蝦夷雷鳥,1,japanese_restaurant,sake_bar|diner,3 Chome-24-8 Koenjikita
あじや,1,restaurant,diner,高円寺北4丁目17-12
阿佐ヶ谷つむぎや,1,japanese_restaurant,sushi_restaurant|restaurant,1 Chome-13-10 Asagayakita
みねらる屋,1,restaurant,delicatessen|asian_restaurant,阿佐谷北1丁目4-12
chez moi,1,bar,restaurant|cafe,2 Chome-21-16 Asagayaminami
Wakan Tanka,1,bar,pub,2-chōme-20 Asagayaminami
Boolaka,1,bar,pub,"Asagayaminami, 2 Chome−20−5 大黒ビル 2F"
だいこん屋,1,bar,japanese_restaurant|restaurant,阿佐谷北1丁目9-2
うさぎや 阿佐ヶ谷店,1,restaurant,japanese_restaurant|asian_restaurant,東京都杉並区阿佐谷北1-3-7
串しん坊,1,japanese_restaurant,restaurant,東京都杉並区阿佐谷南２丁目２０−９
マスウェル,1,bar,restaurant|insurance_agency,杉並区阿佐ヶ谷北1-3-8
のみや 8039 (Pao Thank You),1,bar,,阿佐谷南2-21-11
なると,1,bar,pub|restaurant,2 Chome-20-6 Asagayaminami
Ma blue dome,1,bar,,2 Chome-21-12 Asagayaminami
ユープケッチャ,1,bar,italian_restaurant|arts_and_entertainment,2 Chome-21-9 Asagayaminami
Route 45,1,pub,bar,2 Chome-21-9 Asagayaminami
おいでんせ,1,japanese_restaurant,sake_bar|restaurant,東京都杉並区阿佐谷南２丁目１８−９
Rock Kitchen 1984,1,theme_restaurant,japanese_restaurant|restaurant,2 Chome-18-9 Asagayaminami
ゆとり裕,1,japanese_restaurant,restaurant,2 Chome-17-6 Asagayaminami
アサガヤバンク,1,bar,dance_club,"Asagayaminami, 2 Chome−17−8 ランドエイトビル 3F"
Misty Opars,1,bar,cafe|restaurant,東京都杉並区阿佐谷南２丁目１６−８
味丸,1,japanese_restaurant,restaurant,阿佐谷南2丁目16-6
和メリカン,1,restaurant,japanese_restaurant|bar,東京都杉並区阿佐谷南２丁目１６−４
べろんぶる,1,bar,cafe|coffee_shop,東京都杉並区阿佐谷南２丁目２１−１４
TachiMachi,1,japanese_restaurant,restaurant|asian_restaurant,2 Chome-21-15 Asagayaminami
きょうのみせ,1,japanese_restaurant,comfort_food_restaurant|diner,東京都杉並区阿佐谷南２丁目２１−１７
ベルファーム,1,bar,restaurant|dance_club,"Asagayaminami, 2 Chome−21−18 シャトー阿佐谷"
鳳や,1,japanese_restaurant,restaurant|diner,"Asagayaminami, 1 Chome−47−16 2F"
まにわ,1,restaurant,japanese_restaurant|bar,1 Chome-46-9 Asagayaminami
味楽 おお田,1,japanese_restaurant,asian_restaurant|restaurant,1 Chome-46-8 Asagayaminami
Atari,1,bar,cafe|restaurant,高円寺南3丁目44-12
ウサギ番長,1,bar,pub|arts_and_entertainment,高円寺南3-45-11  高円寺南ビル2階
Meu Nota,1,vegetarian_restaurant,cafe|japanese_restaurant,高円寺南3丁目45-11
三六九,1,japanese_restaurant,seafood_restaurant|restaurant,3 Chome-45-11 Koenjiminami
とこ井,1,restaurant,japanese_restaurant|asian_restaurant,高円寺南4丁目7-5
K plus,1,bar,pub,"Koenjiminami, 4 Chome−7−4 日東商事第七東ビル 2階"
一挑,1,japanese_restaurant,bar_and_grill_restaurant,高円寺南4丁目7-1
一蔵,1,japanese_restaurant,noodles_restaurant,高円寺南4丁目23-1
じもん,1,japanese_restaurant,restaurant,高円寺南4丁目7-13
ラ コシーナ デル クアトロ,1,bar,,高円寺南4丁目23-2
お米の高南,1,japanese_restaurant,sushi_restaurant|delicatessen,東京都杉並区高円寺南３丁目４８−１
レインボー,1,bar_and_grill_restaurant,cafe|restaurant,高円寺南3丁目47-8
株式会社 どりーむずかむとぅるー,1,bar,,高円寺南3-57-7 高島店舗2F
音飯,1,japanese_restaurant,restaurant,高円寺南4-30-8サウスコア1階
ちんとんしゃん,1,japanese_restaurant,restaurant|asian_restaurant,4 Chome-24-11 Koenjiminami
TEN CLUB,1,bar,,"Koenjiminami, 4 Chome−27−17 恒陽サンクレスト高円寺 1階"
Nga-Til,1,bar,restaurant|arts_and_entertainment,高円寺南4丁目25-2
タイフーン,1,japanese_restaurant,sake_bar,3 Chome-57-7 Koenjiminami
福は家,1,japanese_restaurant,restaurant,高円寺南3丁目58-3
Nakaya,1,japanese_restaurant,,3 Chome-59-2 Koenjiminami
まま菜,1,japanese_restaurant,asian_restaurant|restaurant,高円寺南3丁目62-9
高円寺ヤングマスター,1,bar,,
まるこセンター,1,japanese_restaurant,comfort_food_restaurant|bar,3 Chome-67 Koenjiminami
晴れる屋,1,bar,eat_and_drink|restaurant,高円寺南3丁目67-1
ペリカン時代,1,bar,restaurant|sake_bar,高円寺南3丁目59-9
ALBA 圓,1,bar,dance_club|restaurant,高円寺南3丁目59-9
MT基地,1,bar,,高円寺南3-59-9
HookyWooky,1,bar,japanese_restaurant,3 Chome-61-11 Koenjiminami
Bambino,1,bar,dance_club,3 Chome-58-17 Koenjiminami
嵐坊 高円寺店,1,japanese_restaurant,restaurant|bar,高円寺南3丁目58-17
松永,1,japanese_restaurant,asian_restaurant|restaurant,高円寺南3丁目58-13
くらら,1,bar,asian_restaurant|japanese_restaurant,高円寺南3丁目68-1
Loca Kitchen,1,vegetarian_restaurant,health_food_restaurant|restaurant,東京都杉並区高円寺南３丁目６８−１
しんのす家,1,japanese_restaurant,bar|asian_restaurant,3 Chome-59-11 Koenjiminami
シャンテ,1,bar,pub|cocktail_bar,高円寺南3丁目68-1
koenji HACO,1,bar,,高円寺南3-69-1
牛八高円寺店,1,bar,barbecue_restaurant|japanese_restaurant,高円寺南3丁目69-1
鉄板焼・沢,1,restaurant,japanese_restaurant|asian_restaurant,3 Chome-69-1 Koenjiminami
ブルー オン ベルベット,1,bar,pub|bakery,
ノラや,1,bar,japanese_restaurant|restaurant,高円寺南3丁目69-1
馬力,1,bar,restaurant|bar_and_grill_restaurant,高円寺南3丁目69-1
バリトラ高円寺,1,japanese_restaurant,restaurant|diner,"Koenjiminami, 3 69-1 1Ｆ"
cheek_kouenji,1,restaurant,,
ミスチョイスQ,1,food_and_drink,bar|fast_food_restaurant,
AG22,1,bar,japanese_restaurant|arts_and_entertainment,"Koenjiminami, 4 Chome−26−15 しんぼり薬局 5階"
アルカナクラン,1,bar,,高円寺南4丁目25-7 五明堂駅前ビル 2F
うつつ -葉- 高円寺,1,bar_and_grill_restaurant,,東京都 杉並区 高円寺南 3-59-14 藤野ヒルズ102
ダングット,1,pub,bar|restaurant,"Koenjiminami, 4 Chome−26−17 アイカ高円寺ビル"
だるま 高円寺,1,japanese_restaurant,sushi_restaurant,高円寺南4丁目28-7
きびや,1,bar,restaurant|japanese_restaurant,高円寺南4丁目44-6
一夜,1,japanese_restaurant,specialty_grocery_store|bakery,4 Chome-28-11 Koenjiminami
バンブーハウス,1,bar,restaurant|landmark_and_historical_building,高円寺南4丁目43-6
いろは亭高円寺店,1,japanese_restaurant,eat_and_drink,高円寺南4丁目49-1
エンジン,1,bar,italian_restaurant|wine_bar,高円寺南4丁目42-2
まんまじぃま,1,bar,restaurant|professional_services,高円寺南4丁目27-18
三陸SUN,1,japanese_restaurant,,高円寺南4-32-5
その角曲がる,1,restaurant,korean_restaurant|tapas_bar,高円寺北3-16-14
木の実,1,japanese_restaurant,asian_restaurant|restaurant,高島平7丁目35-3
味膳みちこ,1,japanese_restaurant,asian_restaurant|restaurant,"Takashimadaira, 7 Chome−14−5 須田ビル"
竹,1,japanese_restaurant,restaurant|sushi_restaurant,高島平7丁目14-3
神むら,1,japanese_restaurant,restaurant,7 Chome-14-4 Takashimadaira
サンキッチン 西高島平店,1,japanese_restaurant,restaurant|diner,"Misono, 2 Chome−5−24 グランドホール 西高島平店 2F"
かめんち,1,japanese_restaurant,,
邑武,1,bar,sake_bar|restaurant,成増3丁目43-12
瓦焼き ひとたらし,1,japanese_restaurant,restaurant|diner,成増3丁目41-17
Cookee Narimasu,1,japanese_restaurant,restaurant|diner,"Narimasu, 3 Chome−26−10 ガーデンブリック 1F"
澤や,1,japanese_restaurant,asian_restaurant|restaurant,3 Chome-31-6 Narimasu
鉄板空間歩来,1,japanese_restaurant,restaurant|asian_restaurant,5 Chome-2-14 Narimasu
オムニバスキッチン,1,restaurant,indian_restaurant|hot_dog_restaurant,東京都板橋区成増5-17-15
味工房,1,japanese_restaurant,restaurant|asian_restaurant,"Narimasu, 5 Chome−17−10 ヴィラ成増"
もとはし,1,japanese_restaurant,restaurant,東京都板橋区高島平４丁目３０−１３
孝松,1,japanese_restaurant,restaurant|asian_restaurant,赤塚7丁目8-11
三養軒,1,japanese_restaurant,chinese_restaurant|sushi_restaurant,赤塚6丁目21-10
肉の宝屋,1,japanese_restaurant,eat_and_drink,赤塚3丁目38-8
キッチンフェスタ成増店,1,japanese_restaurant,,成増3丁目11-3 成増アクト1
たこ膳成増店,1,japanese_restaurant,asian_restaurant|restaurant,成増2丁目16-8
らくだの台所,1,japanese_restaurant,,成増2-10-11
匠えん 成増駅前店,1,japanese_restaurant,restaurant,成増2丁目11-5
竹心,1,bar,seafood_restaurant|japanese_restaurant,成増2丁目11-11
きころく 成増店,1,japanese_restaurant,restaurant,東京都板橋区成増２丁目１０−７
シャイ,1,pub,bar|restaurant,1 Chome-14-16 Narimasu
Y趣(アッシュ),1,japanese_restaurant,restaurant|sushi_restaurant,"Narimasu, 2 Chome−1−1 アルカディア安井 1F"
Tomy's,1,japanese_restaurant,bar,2 Chome-5-1 Narimasu
へのへのもへじ,1,bar,,赤塚新町3-18-10
あわわ屋,1,japanese_restaurant,bar_and_grill_restaurant|restaurant,東京都板橋区赤塚新町１丁目２４−１０
アーシェ,1,bar,cafe,赤塚新町1丁目23-7
Fort Akatsuka,1,bar,fish_and_chips_restaurant,1 Chome-24-7 Akatsukashinmachi
めとき,1,japanese_restaurant,bar,赤塚新町1丁目24-10
時空かん ハローハッピー,1,bar,sake_bar|music_venue,東京都板橋区赤塚新町１丁目２２−９
赤塚田中屋,1,restaurant,bar|japanese_restaurant,赤塚新町1丁目22-1
みりおんばんぶー,1,japanese_restaurant,restaurant|diner,赤塚2丁目2-8
雅〜miyabi〜,1,bar,,2-11-19
さどや,1,japanese_restaurant,,9番2号 赤塚2丁目
ペンギンの屋台,1,japanese_restaurant,,赤塚2丁目10-19
No.1000 -sen-,1,restaurant,,東京都板橋区赤塚2-9-11ドミールケイ102
にちょうめ赤塚,1,bar,japanese_restaurant|pub,2 Chome-9-8 Akatsuka
天晴,1,japanese_restaurant,bar|pub,2 Chome-10-14 Akatsuka
嘉津味屋,1,japanese_restaurant,restaurant|noodles_restaurant,徳丸4丁目6-8
肉の斉藤,1,restaurant,japanese_restaurant|steakhouse,赤塚2丁目15-1
フルスイング,1,japanese_restaurant,bar|restaurant,田柄2丁目53-4
源希,1,bar,restaurant|cafe,北町8-36-2
くにや,1,bar,,田柄2丁目28-22
どれみ,1,bar,restaurant|himalayan_nepalese_restaurant,田柄2丁目1-23
うまいもんや恵み,1,restaurant,,
寿ぎ乃家,1,japanese_restaurant,restaurant|asian_restaurant,田柄1丁目2-19
ビーンズ・ビーンズ,1,restaurant,italian_restaurant|bar,田柄1-3-19
柳川家,1,japanese_restaurant,asian_restaurant,旭町1丁目38-13
お食事文,1,japanese_restaurant,,旭町1丁目18-1
Waremoko,1,restaurant,cafe|coffee_shop,"Hikarigaoka, 4 Chome−1−4 練馬区立光が丘体育館内"
前田屋商店,1,restaurant,bar|german_restaurant,田柄5丁目27-13
めんくい,1,japanese_restaurant,restaurant|diner,高松5丁目14-9
雅香岡田,1,japanese_restaurant,eat_and_drink,"Takamatsu, 5 Chome−17−9 雅香岡田本社ビル"
三越屋,1,japanese_restaurant,department_store|restaurant,土支田4丁目12-7
吟彩,1,japanese_restaurant,bar|sushi_restaurant,4 Chome-7-2 Doshida
寄来処,1,restaurant,diner,4 Chome-22-2 Doshida
千然家蔦兵ヱ BIRDoP,1,japanese_restaurant,,旭町3-9-13
アシ アンタ イニンク フ ルースカイ,1,restaurant,asian_restaurant|japanese_restaurant,旭町3丁目23-23
道頓堀,1,japanese_restaurant,restaurant|diner,成増2丁目17-2
アンバサダーほしの,1,bar,pub|bar_and_grill_restaurant,"Narimasu, 1 Chome−31−12 ほしのビル １F"
ちょんこ,1,restaurant,bar|japanese_restaurant,"Asahicho, 3 Chome−26−8 シバビル"
テンカトール,1,restaurant,food_beverage_service_distribution|bar,"Asahicho, 3 Chome−28−13 テンカソシアルビル"
Verry,1,pub,beauty_salon|tanning_salon,東京都練馬区旭町3-28-12
たけいち,1,bar,sake_bar,旭町3丁目25-14
鈴木,1,japanese_restaurant,sushi_restaurant|bar,旭町3丁目25-21
まさたか 成増店,1,japanese_restaurant,restaurant|barbecue_restaurant,成増1丁目32-20
やなせ庭,1,japanese_restaurant,sushi_restaurant|cafe,成増2丁目21-5
心々家,1,japanese_restaurant,restaurant,成増2丁目17-11
海人成増店,1,japanese_restaurant,,成増2-17-22
升吉,1,japanese_restaurant,restaurant,2 Chome-21-19 Narimasu
黄金のてっぽう2,1,japanese_restaurant,bar|pub,成増2丁目25-2
創作厨房旬彩,1,restaurant,japanese_restaurant|bar,大泉学園町7丁目19-1
福寿苑,1,japanese_restaurant,restaurant|asian_restaurant,6 Chome-11-38 Ōizumigakuenchō
うまかもん,1,japanese_restaurant,restaurant,大泉学園町7丁目2-20
楽処天,1,japanese_restaurant,restaurant,4 Chome-23-23 Ōizumigakuenchō
亀我楽,1,japanese_restaurant,restaurant,東京都練馬区大泉学園町４丁目２３−２２
浜の母や,1,japanese_restaurant,sushi_restaurant|beach,
丸茂家,1,restaurant,japanese_restaurant,三原台2丁目20-11
力酔,1,japanese_restaurant,bar_and_grill_restaurant|restaurant,"Higashioizumi, 2 Chome−9−21 宮田ビル"
Cave 8,1,japanese_restaurant,theme_restaurant|diner,東大泉1丁目20-39
まる竹「膳」,1,japanese_restaurant,,東大泉1-28-1
しみず,1,japanese_restaurant,restaurant|asian_restaurant,1 Chome-27-24 Higashioizumi
はなれ,1,bar,,
さいらく,1,bar,sake_bar|restaurant,東大泉3丁目7-8
べるはうす,1,restaurant,,東大泉3丁目66-16 大泉ガーデン1F
ラ ピエス,1,bar,,東大泉3-66-16
The Club House,1,bar,active_life,"Higashioizumi, 3 Chome−66−16 総建大泉ガーデン"
泡ぐら,1,japanese_restaurant,restaurant|diner,大泉学園町2丁目20-38
東京ワイナリー,1,winery,bar,大泉学園町2丁目8-7
KOUJINA,1,japanese_restaurant,sushi_restaurant,"Higashioizumi, 1 Chome−35−14 貫井ビル 1階"
酒馬 うめざわ厩舎,1,bar,,東大泉1丁目32-8
Jizo,1,japanese_restaurant,restaurant,1 Chome-30-9 Higashioizumi
ごち魂,1,japanese_restaurant,restaurant,"Higashioizumi, 1 Chome−30−9 ＴＫビル ２階"
癒空間,1,japanese_restaurant,,東大泉4丁目1-6
桜庭,1,japanese_restaurant,,東大泉4丁目1-7 フクビルB1F
18Chicken,1,restaurant,asian_restaurant|japanese_restaurant,東大泉4-3-18
長谷川,1,japanese_restaurant,restaurant|bar,東大泉4丁目3-18
メガトン・パニック,1,bar,comic_books_store,4 Chome-3-18 Higashioizumi
アンジェターブル大泉学園店,1,restaurant,diner|japanese_restaurant,5 Chome-43-1 Higashioizumi
ファーマーズガーデングランエミオ,1,buffet_restaurant,restaurant,東大泉1丁目28-1
新鮮組,1,bar,japanese_restaurant|sushi_restaurant,東大泉5丁目41-17
Blue Star Kitchen,1,restaurant,cafe|coffee_shop,東大泉5丁目41-13
マスターズ,1,japanese_restaurant,bar,東大泉6丁目34-28
イワンヤ,1,japanese_restaurant,eat_and_drink,7 Chome-31-33 Higashioizumi
むら季,1,japanese_restaurant,asian_restaurant|restaurant,東大泉7丁目37-11
佐久,1,japanese_restaurant,asian_restaurant|restaurant,東大泉6丁目47-7
どん太,1,japanese_restaurant,restaurant|asian_restaurant,南大泉4丁目52-15
火照る,1,restaurant,japanese_restaurant,南大泉3丁目29-10
楓天,1,bar,japanese_restaurant|sake_bar,3 Chome-29-10 Minamioizumi
友喜,1,japanese_restaurant,restaurant,7 Chome-7-11 Higashioizumi
もと橋,1,japanese_restaurant,restaurant|asian_restaurant,石神井台6丁目1-14
石泉愛らんど,1,food_and_drink,asian_restaurant,
Hill and on,1,japanese_restaurant,restaurant|bar,石神井町7丁目13-5
ススマ,1,restaurant,indian_restaurant|thai_restaurant,石神井町7丁目14-3
十兵衛,1,japanese_restaurant,restaurant,石神井台3丁目24-39
Kado 36,1,japanese_restaurant,restaurant,"Higashioizumi, 5 Chome−40−36 練馬区勤労福祉会館 １F 勤労福祉会館"
睡大虎,1,japanese_restaurant,noodles_restaurant,石神井町8丁目16-2
海音,1,japanese_restaurant,restaurant|asian_restaurant,石神井町7丁目1-3
ロマン座,1,pub,bar|restaurant,石神井町7丁目1-1
ミートテーラー東京,1,restaurant,,石神井町7丁目1-14 石神井スカイビル 1階
天盃,1,japanese_restaurant,bar|restaurant,石神井町2丁目15-8
BAQET,1,japanese_restaurant,restaurant|cafe,東京都練馬区石神井町３丁目２３−５
GROW THICK,1,restaurant,bar|pub,石神井町2丁目14-1
雅遊舎,1,bar,restaurant|cafe,石神井町2丁目6-6
須みず,1,japanese_restaurant,restaurant,"Shakujiimachi, 3 Chome−18−16 ラベンダーハウス"
みさき,1,japanese_restaurant,bar|restaurant,石神井町3丁目17-15
加賀山,1,japanese_restaurant,restaurant|bar,石神井町3丁目28-4
とき,1,bar,pub|sake_bar,石神井町7丁目6-11
きまぐれダイナー まっちゃん,1,diner,restaurant|japanese_restaurant,石神井町6丁目16-11
Welders Diner,1,diner,gastropub|bar,6 Chome-16-11 Shakujiimachi
夕凪。,1,bar,diner|sake_bar,東京都練馬区石神井町３丁目１４−９
パークス 石神井店,1,japanese_restaurant,,石神井町5-21 石神井公園内
まかないや龍,1,japanese_restaurant,restaurant|diner,"Shakujiimachi, 3 Chome−9−8 ガーデンプラザ B-1"
紅一点,1,comfort_food_restaurant,,
宴,1,japanese_restaurant,restaurant|asian_restaurant,高野台1丁目9-16
若杉,1,japanese_restaurant,restaurant|asian_restaurant,"Shakujiimachi, 2 Chome−9−13 グランドール榎本 102"
Gatsu,1,japanese_restaurant,restaurant,"Shakujiimachi, 2 Chome−9−13 グランドール榎本 102"
ドリルマンnerima,1,japanese_restaurant,,
玉や,1,restaurant,japanese_restaurant|asian_restaurant,高松6丁目26-1
J.VIGO,1,bar,restaurant|japanese_restaurant,高松5-8
けや木,1,restaurant,cafe|coffee_shop,1 Chome-37-18 Takamatsu
まいこや,1,diner,japanese_restaurant|restaurant,春日町3丁目11-11
蜻蛉,1,japanese_restaurant,pub|asian_restaurant,田柄5丁目14-12
なる味 光ケ丘店,1,restaurant,barbecue_restaurant|sushi_restaurant,東京都練馬区田柄５丁目１４−１１
みやじま,1,japanese_restaurant,sushi_restaurant,北町6丁目32-37
市,1,bar,restaurant|wine_bar,早宮2丁目18-40
ネリマル,1,restaurant,bar|wine_bar,春日町4丁目1-1
多喜,1,japanese_restaurant,restaurant|asian_restaurant,練馬4丁目18-14
いちだい,1,japanese_restaurant,,春日町1-3-22
花誰,1,japanese_restaurant,restaurant,春日町1丁目13-1
ANCORA,1,bar,restaurant,"Nukui, 5 Chome−3−2 ＥＦビル 1Ｆ"
メトロダイナー,1,diner,bar,東京都練馬区貫井５丁目１−７
中港,1,japanese_restaurant,bar|sushi_restaurant,東京都練馬区貫井２丁目２７−２５
春花秋灯,1,bar,japanese_restaurant|pub,"Nukui, 2 Chome−21−2 第五コーポ"
茶々田,1,japanese_restaurant,restaurant|asian_restaurant,東京都練馬区貫井２丁目１２−４
緑水亭,1,japanese_restaurant,,向山3丁目25-1
Piccolo  Merca(ピッコロメルカ),1,food_and_drink,,練馬４－１８－１－２０３
とねっこ,1,bar,sake_bar|restaurant,練馬4丁目10-14
南天,1,japanese_restaurant,restaurant,練馬4丁目5-7
喰わせ屋おんど,1,japanese_restaurant,asian_restaurant,三軒茶屋1-20-6
Ok × うんこ,1,bar,bar_and_grill_restaurant|pub,北沢1丁目46番1号
西佳苑,1,japanese_restaurant,restaurant|korean_restaurant,1 Chome-30-12 Daita
花満開,1,japanese_restaurant,restaurant|french_restaurant,"Daita, 1 Chome−31−10 ＭＩＫビル"
TIME,1,bar,coffee_shop|cafe,443 4 Chome-4-3 Daizawa
OKAVILLAGE,1,bar,furniture_store|lounge,"Taishido, 5 Chome−30−6 伊藤ビル 2F"
五臓六腑七八,1,japanese_restaurant,bar|restaurant,東京都世田谷区太子堂３丁目２５−６
三朝,1,japanese_restaurant,sushi_restaurant,
三宿 たちばな屋,1,japanese_restaurant,,東京都世田谷区三宿１丁目１９−１３
吟家,1,japanese_restaurant,eat_and_drink|sushi_restaurant,"Ikejiri, 3 Chome−13−2 秀和ハウス 1F"
Buzz Off,1,restaurant,bar|bar_and_grill_restaurant,三宿1丁目6-2
回天,1,bar,japanese_restaurant|sushi_restaurant,池尻3丁目16-24
三宿マリーズダイナーagehas【LIVE Restaurant】,1,bar,pub|cocktail_bar,東京都世田谷区池尻３丁目１７−１２
池坊,1,bar,bar_and_grill_restaurant|japanese_restaurant,池尻3丁目18-1
ホーチャン,1,food_and_drink,restaurant|noodles_restaurant,東京都世田谷区池尻３丁目１８−２
Legare+茂,1,british_restaurant,restaurant|cafe,
花しずく,1,japanese_restaurant,restaurant|diner,3 Chome-3-3 Ikejiri
池尻ぶらいあん,1,restaurant,seafood_restaurant|bar,東京都世田谷区池尻３丁目２−５
池尻 居髪店,1,restaurant,bar,東京都世田谷区池尻３丁目２−５
三丁目クラブ,1,bar,pub|cocktail_bar,池尻3丁目20-2
成味屋,1,japanese_restaurant,restaurant,池尻3丁目18-16
Sha Re,1,japanese_restaurant,restaurant,"Ikejiri, 3 Chome−18−16 1F"
カミノ,1,japanese_restaurant,restaurant|asian_restaurant,三宿2丁目11-33
宵の椿,1,japanese_restaurant,bar|restaurant,東京都世田谷区池尻４丁目３６−８
B&CO.,1,bar,pub|bar_and_grill_restaurant,3 Chome-14-4 Daizawa
鳥山居,1,japanese_restaurant,asian_restaurant|restaurant,"Daizawa, 3 Chome−14−4 COMS DAIZAWA E-2F"
Kantera,1,japanese_restaurant,korean_restaurant|asian_restaurant,3 Chome-12-26 Daizawa
炭焼noteri,1,japanese_restaurant,restaurant,池尻4丁目36-9
侍,1,japanese_restaurant,sushi_restaurant,池尻4丁目12-14
嚆矢,1,japanese_restaurant,sushi_restaurant,駒場2丁目4-6
Lucy,1,restaurant,cafe|tea_room,駒場1丁目32-15
雅にぃ,1,japanese_restaurant,cafe|food_beverage_service_distribution,"Komaba, 2 Chome−1−3 苗場ビル １階"
Otto,1,restaurant,cafe,"Daizawa, 2 Chome−7−13 フォーライフ下北沢 1階"
キッチン たくあん,1,diner,japanese_restaurant|eat_and_drink,代沢5丁目30-3
サザンウィンドウ,1,japanese_restaurant,restaurant|specialty_grocery_store,代沢5丁目29-16
都夏,1,asian_restaurant,restaurant|diner,代沢5丁目29-16
海,1,restaurant,seafood_restaurant,東京都世田谷区代沢２丁目２８−４
kokochi,1,japanese_restaurant,sake_bar|restaurant,"Daizawa, 5 Chome−29−8 浅野ビル"
啼寅東京,1,japanese_restaurant,restaurant,"Daizawa, 5 Chome−29−9 ナイスビル 1階南側"
ごっつい 下北沢,1,japanese_restaurant,restaurant|diner,代沢5丁目29-9
Borders,1,restaurant,bar|asian_restaurant,5 Chome-8-12 Daizawa
Velvet,1,bar,lounge,"Daizawa, 5 Chome−19−14 メゾン渡辺"
メンフィス兄弟,1,bar,restaurant|music_venue,代沢5丁目6-14
tent,1,japanese_restaurant,restaurant|bar,"Daizawa, 5 Chome−6−14 1F"
七つ海堂,1,restaurant,japanese_restaurant|asian_restaurant,東京都世田谷区代沢４丁目４２−８
テオ,1,restaurant,italian_restaurant,東京都世田谷区梅丘１丁目２６−６
Paper Moon,1,japanese_restaurant,restaurant,1 Chome-28-5 Umegaoka
鉄のタナ,1,restaurant,barbecue_restaurant|bar_and_grill_restaurant,代田2丁目18-10
四國路,1,restaurant,,松原5丁目57-7 
ケムリ,1,japanese_restaurant,asian_restaurant|restaurant,東京都世田谷区代田４丁目７−１６
songbook,1,restaurant,european_restaurant|diner,"Daita, 5 Chome−10−7 101 nakahara-sou"
second-drip corporation.,1,restaurant,record_label|cafe,代田4-10-23 B1F-C
合心酉庵,1,japanese_restaurant,,代田５丁目6
Adda,1,japanese_restaurant,sake_bar|bar,"Daita, 2 Chome−1−36番14号 BONUS TRACK SOHO 4"
OSCAR,1,vegan_restaurant,,2 Chome-36-15 Daita
ゲンキクラブ,1,bar,restaurant|pub,代沢5丁目32-3
俊,1,japanese_restaurant,bar|grocery_store,代沢5丁目32-13
りゅう,1,japanese_restaurant,sake_bar|restaurant,北沢2-1-1
ゆくてぃ家,1,japanese_restaurant,restaurant|bar,東京都世田谷区北沢２丁目１４−１
せい家下北沢店,1,japanese_restaurant,restaurant,北沢2丁目1-8
つ串亭,1,japanese_restaurant,restaurant,北沢2丁目1-9
二軒茶屋,1,japanese_restaurant,restaurant|asian_restaurant,代沢2丁目29-3
下北沢たまごけん,1,japanese_restaurant,,北沢2-14-2
Daikonman,1,japanese_restaurant,restaurant|asian_restaurant,"Kitazawa, 2 Chome−14−3 ＫＤビル １Ｆ"
キンペイ,1,japanese_restaurant,restaurant|eat_and_drink,代沢5丁目36-12
げによい,1,bar,beer_garden|pub,"Daizawa, 5 Chome−36−8 2F"
茄子おやじ,1,japanese_restaurant,restaurant|diner,代沢5丁目36-8
BOB KITCHEN,1,japanese_restaurant,,16-2 北沢2丁目
笑円,1,japanese_restaurant,restaurant|bar,2 Chome-15-１１ 地下 Kitazawa
松 下北沢,1,japanese_restaurant,restaurant|asian_restaurant,"Kitazawa, 2 Chome−15−11 センヤビル 2階"
路地うぶ,1,japanese_restaurant,bar|restaurant,"Kitazawa, 2 Chome−15−5 アヴニールビル １F"
銀座 いし井下北沢店,1,japanese_restaurant,restaurant,北沢2丁目14-3
下北商店,1,japanese_restaurant,,"Kitazawa, 2 Chome−14−4 下北沢ビル B1F"
ごえん,1,japanese_restaurant,bar|restaurant,北沢2丁目14-16
いちねん,1,japanese_restaurant,restaurant|bar,北沢2丁目14-15
ニックンロール,1,japanese_restaurant,restaurant|grocery_store,北沢2丁目14-15
Moldive Shimokitazawa,1,japanese_restaurant,restaurant|diner,2 Chome-14-7 Kitazawa
BREATH,1,restaurant,bar|coffee_shop,北沢2丁目14-7
胡粋,1,japanese_restaurant,,東京都世田谷区北沢２丁目１４−７
ににんがよん,1,bar,restaurant|asian_restaurant,北沢2丁目14-14
前菜坊 風神,1,japanese_restaurant,restaurant|bar,"Kitazawa, 2 Chome−14−10 こだまビル 2F"
Future Land Tokyo,1,bar,,東京都世田谷区北沢２丁目４−５ 4F
ぞっこん,1,bar,restaurant,北沢2丁目4-10
バナナムーン,1,bar,lounge,北沢2丁目4-8
圧延ジャパン・ミー,1,japanese_restaurant,restaurant|asian_restaurant,東京都世田谷区北沢２丁目１２−２
altoto,1,bar,restaurant|indian_restaurant,北沢2丁目19-15
Tdm 1874 下北沢,1,restaurant,liquor_store,東京都世田谷区北沢2-21-22 NANSEIPLUS 2F
空飛ぶこぶたや,1,restaurant,japanese_restaurant,北沢2丁目19-17
Ludens,1,bar,cafe,東京都世田谷区北沢２丁目２１−２６
料理と暮らし 適温,1,restaurant,cafe,東京都世田谷区北沢２丁目２１−２２
YOUNG,1,japanese_restaurant,restaurant|asian_restaurant,5 Chome-1-16 Daita
くらうま しもきた,1,japanese_restaurant,cafe|tea_room,東京都世田谷区代田５丁目３５−２６
uchi,1,restaurant,japanese_restaurant|sushi_restaurant,北沢2丁目22-13
さいとう明日香,1,japanese_restaurant,,北沢2-20-2
雷や,1,bar,japanese_restaurant|restaurant,北沢2丁目19-13
喜家,1,bar,cafe|pub,2 Chome-19-12 Kitazawa
串房酔 ゙,1,japanese_restaurant,restaurant,2 Chome-12-7 Kitazawa
なんばん亭,1,japanese_restaurant,restaurant|asian_restaurant,北沢2丁目12-3
かくれ家下北沢,1,restaurant,speakeasy|sake_bar,北沢2丁目12-2
之ノ日,1,japanese_restaurant,bar|sake_bar,"Kitazawa, 2 Chome−12−2 2D"
味処福丸,1,japanese_restaurant,,北沢2丁目12-2
and Room,1,bar,restaurant|diner,"Kitazawa, 2 Chome−12−12 4階"
KUON,1,bar,,北沢2丁目10-20 ミカン下北内101
うまいもの楽味,1,japanese_restaurant,asian_restaurant|restaurant,北沢2丁目12-11
Hitohito,1,japanese_restaurant,grocery_store|health_food_store,"Kitazawa, 2 Chome−19−12 シラカワビル 3F"
「こいぬの木」リリー・フランキー,1,japanese_restaurant,,2 Chome-19-10 Kitazawa
下北 しずる,1,japanese_restaurant,restaurant|diner,北沢2丁目6-6
和楽互尊,1,japanese_restaurant,restaurant|diner,北沢2丁目9-1
下北沢Meat brothers,1,taco_restaurant,restaurant,東京都世田谷区北沢2-10-20 ミカン下北 D1F
Aasu,1,restaurant,asian_restaurant|cafe,北沢2丁目23-12
熊本牧場直営原田商店,1,japanese_restaurant,restaurant|asian_restaurant,北沢2丁目23-6
夢月,1,japanese_restaurant,noodles_restaurant|restaurant,"Daita, 5 Chome−31−1 ダノイ下北沢２ 1F"
晴,1,japanese_restaurant,restaurant|bar,"Kitazawa, 2 Chome−9−24 博雅ビル ２F"
くちばし,1,japanese_restaurant,restaurant|diner,北沢2丁目9-2
和みや 晃月,1,japanese_restaurant,restaurant,北沢2丁目9-2
ニユーすずらん,1,bar,,北沢2丁目9-3
うしとら下北沢,1,restaurant,japanese_restaurant|eat_and_drink,
こゆる茶屋,1,food_truck_stand,sake_bar,東京都世田谷区北沢２丁目３２−５
シモキタ荘,1,restaurant,seafood_restaurant|bar,2 Chome-33-2 Kitazawa
こうぜん,1,japanese_restaurant,restaurant|sake_bar,東京都世田谷区北沢２丁目３３−２
tomboy...,1,bar,arts_and_entertainment,"Kitazawa, 2 Chome−32−7 青柳ビル ３F"
天安,1,japanese_restaurant,,北沢2丁目30-2
1966 Domani,1,japanese_restaurant,restaurant,北沢2丁目26-14
Garden Kitchen Shonan Club,1,restaurant,japanese_restaurant|diner,6 Chome-1-17 Daita
湘南倶楽部 下北沢店,1,restaurant,,代田6-1-17
くし蔵新代田店,1,bar,restaurant|barbecue_restaurant,代田5丁目28-4
三木松,1,bar,japanese_restaurant|chinese_restaurant,松原5丁目3-13
Bassanova,1,japanese_restaurant,restaurant|asian_restaurant,1 Chome-4-18 Hanegi
てげてげ,1,bar,,羽根木1-4-18
CHILL,1,bar,cafe,4 Chome-15-29 Kitazawa
Klasina,1,vegetarian_restaurant,caterer|cafe,"Kitazawa, 3 Chome−26−6 本堂1 1F左"
abill,1,bar,japanese_restaurant|asian_restaurant,北沢3丁目30-3
ダディーズ,1,restaurant,bar|asian_restaurant,北沢3丁目31-15
島路,1,japanese_restaurant,bar|sake_bar,2 Chome-39-16 Kitazawa
下北沢第二休憩所,1,bar,cafe|coffee_shop,北沢2丁目38-10
ローデッド,1,bar,restaurant|advertising_agency,北沢2丁目40-15
timbre,1,bar,arts_and_entertainment|pub,北沢2丁目39-13
下北沢みるく,1,restaurant,sake_bar,東京都世田谷区北沢３丁目３１−３
悪童処,1,restaurant,grocery_store|shopping,北沢3丁目34-4
駒やじゃい庵,1,japanese_restaurant,chicken_restaurant|soul_food,東京都世田谷区代田６丁目７−２４
"やみぃよろず 下北沢, yummy-yorozu.com",1,asian_restaurant,,北沢2-28-5
正音,1,japanese_restaurant,asian_restaurant|restaurant,北沢2丁目28-1
Sama,1,japanese_restaurant,asian_restaurant|restaurant,"Kitazawa, 2 Chome−29−16 マガザン下北沢 B1F"
Suzuro,1,japanese_restaurant,,"Kitazawa, 2 Chome−29−16 マガザン下北沢 1F"
namida-ナミダ,1,japanese_restaurant,restaurant|bar,池尻2-4-5 HOME/WORK VILLAGE 108
アンドレア,1,restaurant,desserts|pancake_house,東京都世田谷区代田６丁目５−２５
Shimokita Farm,1,restaurant,cafe|coffee_shop,北沢2丁目38-4
Atelier?下北沢,1,bar,italian_restaurant|pub,北沢2-37-3 振効舎 2F
ホーキ星,1,bar,wine_bar|restaurant,北沢3丁目26-3
りょく,1,japanese_restaurant,sake_bar,"Kitazawa, 2 Chome−35−9 大竹ビル 1階"
Yuukoku,1,bar,cafe|tea_room,北沢3-26-1-102
広栄屋,1,japanese_restaurant,asian_restaurant|noodles_restaurant,北沢3丁目21-1
Arkbox,1,bar,japanese_restaurant|music_venue,3 Chome-25-25-13F Kitazawa
Kitchen Clown,1,bar,wine_bar|sake_bar,北沢2丁目33-6
下北すぅーさん,1,bar,restaurant|karaoke,北沢2丁目33-8
MEIMEI,1,bar,dj_service|dance_club,"Kitazawa, 2 Chome−33−8 3階"
Shimokitazawa UP,1,bar,dance_club|arts_and_entertainment,"Kitazawa, 2 Chome−34−5 プリマヴェール下北沢 ５F"
一龍,1,japanese_restaurant,restaurant|asian_restaurant,北沢2丁目30-11
キッチン ウェスト,1,japanese_restaurant,burger_restaurant,北沢2丁目30-11
RAINBOW kitchen,1,restaurant,bar|cafe,北沢2丁目31-9
みずたに,1,japanese_restaurant,restaurant|diner,"奥田ビル, 1F, 2 Chome-33-6 Kitazawa"
Yuzuki Shimokitazawa,1,japanese_restaurant,sushi_restaurant|restaurant,"Kitazawa, 2 Chome−33−6 グリーンテラス 2F"
レオトトラ,1,bar,restaurant|japanese_restaurant,北沢2丁目33-12
Pannya,1,restaurant,japanese_restaurant|diner,"Kitazawa, 2 Chome−33−6 スズキビル １F"
風流四季,1,japanese_restaurant,bar|hotel,北沢2丁目33-6
ZAJI,1,bar,restaurant|fast_food_restaurant,北沢2丁目33-2
CAC,1,pub,bar|restaurant,北沢2丁目33-2
ハリハラ,1,bar,dive_bar,"Kitazawa, 2 Chome−33−6 第二ミチルビル"
般°若,1,japanese_restaurant,,北沢2-33-6
Petit Garden,1,bar,pub|restaurant,北沢2丁目33-1
どんたく,1,japanese_restaurant,restaurant|bar,2 Chome-33-12 Kitazawa
FOKITCHEN,1,japanese_restaurant,bar|soul_food,"Kitazawa, 2 Chome−33−11 アリゾナビル 3F"
まぼねん(Maboneng),1,bar,japanese_restaurant,"Kitazawa, 3 Chome−19−3 岩野ハイツ"
SANZOU TOKYO,1,japanese_restaurant,,北沢3−19-20
あおもり,1,bar,sake_bar|restaurant,北沢3丁目20-4
今成,1,japanese_restaurant,restaurant|bar,北沢3丁目20-1
胃袋にズキュン,1,restaurant,japanese_restaurant|diner,北沢2丁目33-11
六古窯,1,japanese_restaurant,bar|asian_restaurant,北沢2-28-6
Ming Teng HAO HAO,1,vegan_restaurant,,
スナガ,1,restaurant,italian_restaurant|beauty_salon,東京都世田谷区北沢３丁目１９−８
現代Heights,1,bar,art_gallery|coffee_shop,北沢1丁目45-36
lumielune,1,restaurant,,"Kitazawa, 3 Chome−18−5 伊東ビル １F"
まゝ,1,japanese_restaurant,restaurant|sushi_restaurant,北沢3丁目23-23
コクボのまゝ,1,japanese_restaurant,,23-23 北沢3丁目
てっちょこ,1,restaurant,barbecue_restaurant|bar,北沢3丁目2-10
東北沢ロマンティーク,1,bar,,東京都
O'clock,1,restaurant,,北沢3-1-10
Sewyoyogiuehara,1,restaurant,,上原2-38-9
Scarlet Food,1,restaurant,beauty_salon|comfort_food_restaurant,2 Chome-42-17 Uehara
汁べえ,1,japanese_restaurant,soup_restaurant|bar,
ごらく,1,japanese_restaurant,bar,東京都渋谷区上原３丁目２５−９
俊樹,1,japanese_restaurant,bar|asian_restaurant,上原2丁目33-2
Senrigan,1,japanese_restaurant,restaurant|diner,4 Chome-6-8 Komaba
Kappaism,1,japanese_restaurant,bar|restaurant,北沢1丁目46-3
The Third House,1,bar,taiwanese_restaurant|beer_garden,2 Chome-9-17 Kitazawa
ストーリーズ,1,japanese_restaurant,bar|restaurant,2 Chome-9-13 Kitazawa
東京DOME,1,bar,,北沢1-46-1
Gijido,1,bar,,1 Chome-45-15 Kitazawa
八代,1,japanese_restaurant,asian_restaurant,東京都世田谷区北沢１丁目４５−１５
Dolce,1,bar,lounge|pub,1 Chome-45-15 Kitazawa
十七番地下北沢店,1,japanese_restaurant,restaurant|asian_restaurant,北沢1丁目45-15
水蓮,1,japanese_restaurant,bar|restaurant,北沢2丁目8-12
月灯,1,bar,,北沢1-45-16
BUDOKAN,1,bar,sake_bar,"Kitazawa, 1 Chome−46−1 すみれ"
ハーフムーンOK,1,bar,,"Kitazawa, 1 Chome−46−1 すみれ"
電気クラゲ,1,bar,dance_club|pub,1 Chome-45-16 Kitazawa
Tsukitou Ghetto,1,bar,dance_club|arts_and_entertainment,1 Chome-45-16 Kitazawa
Lee & CoCo,1,bar,restaurant|karaoke,北沢1-45-15
にしんば,1,bar,restaurant|japanese_restaurant,北沢2丁目9-20
キネマ倶楽部,1,bar,cafe,北沢2丁目9-21
ざこや,1,japanese_restaurant,restaurant|diner,北沢2丁目9-21
禪べぇ,1,japanese_restaurant,sushi_restaurant|bar,北沢2丁目7-8
ありしあ,1,vegetarian_restaurant,health_food_restaurant|restaurant,"Kitazawa, 2 Chome−2−9-23 第2鈴木ビル"
陣太鼓,1,japanese_restaurant,restaurant,北沢2丁目7-6
Séguret,1,bar,,東京都世田谷区北沢２丁目９−２
熊八,1,restaurant,sake_bar|bar,1 Chome-25-3 Kitazawa
46ma,1,bar,restaurant|japanese_restaurant,北沢2丁目7-2
ぐらばー亭,1,bar,cafe|restaurant,"Kitazawa, 2 Chome−7−3 ハイツ北沢"
mspin,1,japanese_restaurant,bar|restaurant,"Kitazawa, 2 Chome−7−3 ハイツ北沢 ハイツ北沢 1-B"
Duke Capo,1,bar,restaurant|pub,北沢2丁目5-10
下北沢ぴあ,1,japanese_restaurant,restaurant|bar,2 Chome-5-10 Kitazawa
Spuntino,1,japanese_restaurant,,北沢1丁目33-18
かる小屋 池ノ上店,1,japanese_restaurant,,"Daizawa, 2 Chome−45−5 1F"
鱒夫亭,1,japanese_restaurant,restaurant|bar,北沢1丁目32-3
wacca,1,japanese_restaurant,sushi_restaurant,"Kitazawa, 1 Chome−32−18 アドバンスTビル 2F"
KOTOBUKI,1,bar,pub,都世田谷区北沢1丁目32-18
銀次郎,1,restaurant,diner,代沢2丁目36-20
壺庵,1,japanese_restaurant,diner|restaurant,代沢2丁目44-15
狸蔵,1,bar,,代沢2-44-12
和物日和~wamonobiyori~,1,bar,,代沢2-44-2
えにし 下北沢,1,japanese_restaurant,restaurant,"Daizawa, 2 Chome−29−14 宮川ビル １階"
Number Three,1,bar,community_center|social_service_organizations,"Daizawa, 2 Chome−31−17 1F"
かきのき,1,japanese_restaurant,,北沢1-34
ペキーノ・イ・アミーゴ,1,restaurant,cafe|bar,"Daizawa, 2 Chome−36−23 パルティール楠本"
ブルーターブル,1,restaurant,art_gallery|graphic_designer,東京都目黒区駒場3-11-9
link,1,bar,restaurant,駒場3丁目11-9
知花,1,japanese_restaurant,,松濤2-14-5
松濤爛缶,1,restaurant,bar|sake_bar,東京都渋谷区松濤２丁目１４−５
ジャンカデリック ジャロピー,1,restaurant,cafe|coffee_shop,松涛2丁目14-5
うつらうつら,1,bar,japanese_restaurant|restaurant,松濤2丁目14-5
啓蟄,1,restaurant,asian_fusion_restaurant|diner,2 Chome-13-12 Shoto
Elezo House,1,restaurant,european_restaurant|hotel,松濤
We Are the Farm,1,vegetarian_restaurant,,"Shoto, 1 Chome−28−11 Pigeon 髙田ビル 1F"
ゴッチャ,1,restaurant,,渋谷区松濤1-28-7 シャトレー松濤
トムボーイ,1,restaurant,diner|bar,円山町10-13
四葉渋谷道玄坂店,1,bar,restaurant|lounge,道玄坂2丁目18-6
Reality,1,restaurant,japanese_restaurant|bar,"Dogenzaka, 2 Chome−18−7 ヴィラ・フルーデリー ２階"
グッドウッドテラス,1,restaurant,caribbean_restaurant,道玄坂2丁目19-32
串徳,1,japanese_restaurant,restaurant,道玄坂2丁目19-3
郷の厨素花,1,japanese_restaurant,asian_restaurant,道玄坂2丁目18-11
もりげん,1,japanese_restaurant,restaurant|asian_restaurant,道玄坂2丁目18-11
とき仲,1,restaurant,,道玄坂2丁目18-5
ジャガジャガ,1,bar,japanese_restaurant,道玄坂2丁目18-2
肉屋HOT48,1,bar,japanese_restaurant|restaurant,"Dogenzaka, 2 Chome−18−5 田中ビル 1F"
Cross Point Todome,1,bar,restaurant|pub,道玄坂2丁目18-5
新福来,1,gluten_free_restaurant,,道玄坂2-16-5
道玄坂教会,1,bar,,道玄坂2-16-5
エムノアーク,1,bar,karaoke,道玄坂2丁目16-3
鷄豚きっちん 渋谷道玄坂店,1,bar,indian_restaurant|fast_food_restaurant,
シェフコレ,1,restaurant,caterer|food_beverage_service_distribution,道玄坂2丁目23-12フォンティスビル7F
渋谷ガーデンスペース 道玄坂店,1,japanese_restaurant,bar_and_grill_restaurant|restaurant,道玄坂2丁目9-10
MARUHACHI,1,japanese_restaurant,restaurant|bar,道玄坂2丁目10-12
NATURALIA 渋谷店,1,bar,,道玄坂2-10-12
米心,1,bar,japanese_restaurant|sushi_restaurant,道玄坂2丁目10-12
Nanashi Shibuya Dogenzaka,1,japanese_restaurant,asian_restaurant,"Japan, 松本ビル 2 Chome-9-10 Dogenzaka"
ピカリエ 本店,1,restaurant,,道玄坂2丁目9-10
Chibuya Baraku,1,bar,eat_and_drink|cafe,2 Chome-28-5 Dogenzaka
元祖どないや,1,japanese_restaurant,restaurant,道玄坂2丁目28-6
こしの,1,japanese_restaurant,restaurant|asian_restaurant,道玄坂2丁目16-19
フラヌール,1,japanese_restaurant,steakhouse,道玄坂2丁目17-5
ありんす,1,japanese_restaurant,sushi_restaurant|bar,東京都渋谷区道玄坂２丁目１７−５
Kamera,1,japanese_restaurant,sake_bar|food_stand,2 Chome-20-5 Dogenzaka
Shamanight,1,restaurant,cafe|bar,道玄坂2丁目20-26
Garden shibuya,1,bar,cafe|japanese_restaurant,東京都渋谷区道玄坂２丁目２０−２６
ダウンタウン,1,bar,restaurant|pub,東京都渋谷区道玄坂２丁目２６−５
Wokini,1,bar,restaurant|pub,道玄坂2丁目26-5
楽楽 渋谷,1,japanese_restaurant,restaurant,道玄坂2丁目28-2
HOUSEじゃぽん,1,bar,sake_bar|restaurant,道玄坂2丁目28-2
庵 GuRi,1,bar,arts_and_entertainment|eat_and_drink,道玄坂2丁目29-8
Han No Daidokoro Dogenzaka,1,japanese_restaurant,restaurant|asian_restaurant,道玄坂2丁目29-8
佐五右衛門,1,japanese_restaurant,bar|restaurant,道玄坂2丁目29-8
道玄坂クリスタル,1,bar,dance_club|adult_entertainment,"Dogenzaka, 2 Chome−27−2 Towa Dogenzaka Bldg., 3F"
あなぐま,1,japanese_restaurant,restaurant|bar,道玄坂2丁目27-5
KO-KO・FROM・SONOKA,1,bar,,道玄坂2丁目26-5 ひまわりビル2階
アシタマ 渋谷店,1,japanese_restaurant,,"Dogenzaka, 2 Chome−22−2 1956ビル 1階"
Tora,1,japanese_restaurant,asian_restaurant|restaurant,2 Chome-19-10 Dogenzaka
ミライヤ本店,1,bar,pub,円山町1-3
いち座,1,restaurant,comfort_food_restaurant|japanese_restaurant,東京都渋谷区円山町１−１６
花魁,1,bar,dive_bar,道玄坂2丁目22-6
イタチ,1,bar,bar_and_grill_restaurant|japanese_restaurant,東京都渋谷区円山町１−３
Goldenbowl,1,bar,restaurant|asian_restaurant,道玄坂2丁目22-6
LAG,1,bar,restaurant,"Dogenzaka, 2 Chome−22−6 渋谷道玄坂ビル ３階 クレア"
LX,1,lounge,bar|restaurant,円山町7-1
あんかけ庵,1,japanese_restaurant,noodles_restaurant|restaurant,円山町1-18
そのとうり,1,japanese_restaurant,sushi_restaurant|bar,東京都渋谷区円山町１−１９
Kantan na Yume,1,japanese_restaurant,bar|cafe,神山町41-3
Shibuya CoCo,1,bar,pub,円山町1-2
SHIGIRA,1,bar,cafe|breakfast_and_brunch_restaurant,円山町1-2
清武,1,japanese_restaurant,restaurant|diner,松濤1丁目29-2
urura,1,restaurant,diner,"Shoto, 1 Chome−29−2 スクエアビル 2F"
Kushine,1,restaurant,,道玄坂2丁目23-13 5F
もつもつ渋谷店,1,japanese_restaurant,asian_restaurant|restaurant,道玄坂2丁目23-13
KANADE,1,japanese_restaurant,restaurant,"Dogenzaka, 2 Chome−23−13 渋谷デリタワー3階"
Adonis,1,bar,lounge|cocktail_bar,道玄坂2丁目23-13
九四六屋,1,bar,japanese_restaurant|restaurant,道玄坂2丁目23-1
青春の館,1,restaurant,bar|asian_restaurant,道玄坂2丁目23-1
Takenotsuka,1,bar,music_venue,"Dogenzaka, 2 Chome−23−1 小池ビル 4F"
巌,1,japanese_restaurant,restaurant,道玄坂2丁目23-2
渋谷 巖 iwao,1,japanese_restaurant,,道玄坂2-23-2
十三-とをみつ-,1,restaurant,bar,東京都渋谷区道玄坂２丁目２３−１０
オクユカシ ハナレ,1,japanese_restaurant,restaurant,東京都渋谷区道玄坂２丁目２５−１５阿久津ビル 3F
ごまや 渋谷店,1,japanese_restaurant,european_restaurant|sushi_restaurant,道玄坂2丁目25-13
ジャックポット アトワ,1,restaurant,italian_restaurant|bar,道玄坂2丁目25-13
Ojori,1,restaurant,korean_restaurant|bar,
Loft101 渋谷店,1,bar,pub|dance_club,道玄坂2丁目29-18
国境の南,1,bar,pub|restaurant,"Dogenzaka, 2 Chome−25−5-3F スターバックスコーヒー渋谷文化村通り店"
水の音 渋谷駅前店,1,japanese_restaurant,restaurant|diner,宇田川町28-2
神山,1,japanese_restaurant,,神山町10-8
Mon,1,bar,fast_food_restaurant|restaurant,宇田川町28-13
VIVO_shibuya,1,restaurant,lounge,東京都渋谷区宇田川町３３−１
むら,1,japanese_restaurant,restaurant,宇田川町33-1
グリーンガーデン,1,japanese_restaurant,restaurant|diner,道玄坂2丁目24-1
EN-SOF TOKYO,1,bar,,道玄坂2-23-13
きえん,1,bar,,東京都渋谷区恵比寿2丁目
Coo,1,bar,japanese_restaurant|restaurant,宇田川町34-6
鉄板 かわなか,1,japanese_restaurant,,宇田川町34-6
SHIBUYA101,1,lounge,bar|cafe,宇田川町34-6
#ヒロキヤ渋谷,1,japanese_restaurant,restaurant,宇田川町34-6 M＆Iビル 1F
Backer's Table,1,restaurant,american_restaurant|butcher_shop,宇田川町33-10　J＋Rビル　2階
BASE3 渋谷店,1,bar,karaoke|restaurant,東京都渋谷区宇田川町33-12 J+RサイドRビル7F
シロクマ,1,japanese_restaurant,,宇田川町33-13
Jaken Nou,1,japanese_restaurant,restaurant|asian_restaurant,"N.Bldg, 32-6 Udagawacho"
タスイチ 渋谷店,1,bar,pub|beer_bar,宇田川町33-14
みんなのシェフ,1,restaurant,cafe,宇田川町33-7アイアンドイー渋谷ビル5階
たすいち渋谷,1,japanese_restaurant,asian_restaurant|restaurant,東京都渋谷区宇田川町12-12 ｼｸﾞﾏ第5ﾋﾞﾙ1F
せかんど,1,japanese_restaurant,restaurant|asian_restaurant,"Udagawacho, 30−5 4F"
Haruka,1,japanese_restaurant,sushi_restaurant|restaurant,"Udagawacho, 30−5 6F"
渋谷角海老,1,bar,lounge|cocktail_bar,31-5 Udagawacho
Kanata 渋谷センター街店,1,bar,japanese_restaurant|eat_and_drink,宇田川町31-9ハナテイビル
渋谷たまや,1,japanese_restaurant,,宇田川町33-12
B.M.L shibuya,1,bar,lounge|cocktail_bar,"YY UDAGAWA BLD 11F, 32-7 Udagawacho"
澀谷,1,buffet_restaurant,hotel|eat_and_drink,"Assorti Shibuya, 32-7 Udagawacho"
HERO,1,restaurant,bar|sports_bar,東京都渋谷区宇田川町３２−６
真,1,japanese_restaurant,sushi_restaurant|seafood_restaurant,33-12 Udagawacho
奈加野,1,restaurant,japanese_restaurant|sake_bar,東京都渋谷区宇田川町３１−３
新,1,japanese_restaurant,,渋谷2-19-20
渋谷 かいり はなれ,1,japanese_restaurant,restaurant|asian_restaurant,宇田川町36-6
Cgb 渋谷センター街,1,japanese_restaurant,restaurant|diner,宇田川町12-7
鬼ビーフ 渋谷店,1,japanese_restaurant,restaurant,宇田川町12-7
ABURI,1,japanese_restaurant,barbecue_restaurant|asian_restaurant,"Udagawacho, 12−12 Sigma Bldg. 5, 4F"
じゃぶかま 渋谷店,1,japanese_restaurant,,宇田川町36-19名畑ビル
module,1,bar,lounge|event_planning,宇田川町34-6
松濤倶楽部,1,bar,,宇田川町37-12
やむなし松濤,1,restaurant,bar|japanese_restaurant,東京都渋谷区宇田川町３７−１２
ミチナキミチ,1,restaurant,,松濤1-4-8 松濤EAST B1
N9Y,1,japanese_restaurant,restaurant|diner,"Udagawacho, 37−11 大久保ビル 1階"
ゆきだるま,1,japanese_restaurant,restaurant|diner,宇田川町38-1
Kushizaru,1,bar,japanese_restaurant|restaurant,宇田川町37-10
The Closet,1,bar,restaurant|pub,"Udagawacho, 36−3 渋谷 栄和 ビル 7 階"
Another Dimension,1,bar,dance_club,"Udagawacho, 11−6 渋谷宇田川ＫＫビル 8F"
スパイスマジック 渋谷店,1,japanese_restaurant,,宇田川町11-5
Lil’matic,1,restaurant,,東京都渋谷区宇田川町11-2
FLAMINGO,1,bar,,宇田川町10-2
鶏なか,1,japanese_restaurant,restaurant,宇田川町11-11
Coney,1,restaurant,italian_restaurant|bar,宇田川町11-11
ノースマリンドライブ,1,bar,music_venue,宇田川町11-2
宇田川給水所 ebian,1,bar,pub|restaurant,太子堂２－２９－５
Shibuya BALL,1,bar,dance_club,宇田川町4-9
幻幻庵,1,restaurant,tea_room|cafe,東京都渋谷区宇田川町４−８
たろ,1,bar,restaurant|pub,宇田川町4-10
みちのり,1,bar,restaurant|cafe,宇田川町10-2 新東京ビル 3F4F
andpeople,1,restaurant,,宇田川町10-2 新東京ビル 4F
虎視眈々,1,japanese_restaurant,chicken_restaurant|restaurant,宇田川町10-2
Moon Palace,1,bar,pub,宇田川町41-23
ココロータス,1,food_truck_stand,food_delivery_service|asian_restaurant,41-41 Udagawacho
瑞兆,1,japanese_restaurant,restaurant,宇田川町41-26
East Blue Gouwan,1,japanese_restaurant,restaurant|bar,"Udagawacho, 37−14 1F"
KOiBUMi,1,japanese_restaurant,restaurant|diner,"Shoto, 1 Chome−1−3 ジョワレ松涛 B1F"
かっぱ 松濤,1,restaurant,cafe|coffee_shop,松濤1丁目1-3
Oyahinaya,1,bar,restaurant|italian_restaurant,宇田川町37-16
神子元,1,japanese_restaurant,restaurant,宇田川町41-26
華暦,1,japanese_restaurant,restaurant|asian_restaurant,宇田川町41-26
ちぐはぐ,1,japanese_restaurant,restaurant,"Udagawacho, 41−26 パピエビル 201"
ひみつキッチン,1,bar,,
一人静,1,japanese_restaurant,flowers_and_gifts_shop|cafe,41-27 Udagawacho
ナイトフライ,1,bar,bakery|eat_and_drink,宇田川町37-18
ZINO 恵比寿店,1,bar,,渋谷区恵比寿西1-7-4　エビスファーストビル8階
七草,1,japanese_restaurant,asian_restaurant|restaurant,富ヶ谷2丁目22-5
Hitotema,1,theme_restaurant,bar,東京都渋谷区富ヶ谷２丁目１４−６
Saxe bleu Diner,1,diner,restaurant|american_restaurant,富ヶ谷2丁目9-13
Tudore Tranquility,1,vegetarian_restaurant,restaurant|health_food_restaurant,上原2丁目6-16
璃珠,1,japanese_restaurant,restaurant|barbecue_restaurant,元代々木町23-11　パーク代々木上原102号
山手茶屋,1,restaurant,coffee_shop|cafe,富ヶ谷2丁目6-14
Arbre,1,restaurant,japanese_restaurant|diner,"Kamiyamacho, 41−1 1階"
ケラケラ,1,restaurant,bar|dance_club, 神山町 41-1
VINDUSTRY,1,restaurant,european_restaurant,"Kamiyamacho, 4−18 フィルトップ神山 ２階"
おくむら,1,japanese_restaurant,restaurant|asian_restaurant,神山町5-7
ハチ公ソース,1,japanese_restaurant,eat_and_drink,神山町5-19
まるた maruta,1,japanese_restaurant,,神山町17- 1
biu,1,bar,,"Tomigaya, 1 Chome−17−3 3A TERRASE 5F"
料理店吉田,1,japanese_restaurant,restaurant|french_restaurant,富ヶ谷1-14-12YTビル代々木公園
Manatee,1,bar,restaurant|cafe,富ヶ谷1丁目14-16
FOND Ishihara,1,restaurant,comfort_food_restaurant|middle_eastern_restaurant,"Tomigaya, 1 Chome−14 代々木公園セレナビル"
ドレミ,1,pub,bar|restaurant,富ヶ谷1丁目14-20
ふぅ,1,japanese_restaurant,bar|sushi_restaurant,"Kamiyamacho, 40−1 スカイコート渋谷 3F"
ITEMAE,1,japanese_restaurant,bar|restaurant,神山町10-14
Studio Ambitious,1,restaurant,asian_restaurant|japanese_restaurant,東京都渋谷区神山町１７−１
猫八,1,bar,coffee_shop|restaurant,神山町17-1
はぎ乃,1,japanese_restaurant,restaurant|asian_restaurant,神山町7-15
とんとん拍子,1,bar,restaurant|lounge,神山町7-8
Sajiya,1,restaurant,french_restaurant,9-17 Kamiyamacho
志ぐれ,1,restaurant,cafe|fashion,東京都渋谷区神山町１０−８
神山町かねなり,1,bar,,神山町11-17 日興パレス渋谷 1F
聞弦坊,1,japanese_restaurant,restaurant,神山町11-17
もんげん坊,1,japanese_restaurant,restaurant,神山町11丁目17-108
心和心,1,restaurant,,神山町16-4 ヴィラメトロポリス3C
No.B,1,bar,,"Kamiyamacho, 16−4 ヴィラメトロポリス 3D"
秘密の台所,1,bar,restaurant|wine_bar,16-4 Kamiyamacho
Shibuya SWING,1,restaurant,bar|cafe,東京都渋谷区神山町１６−４
BW CAVE,1,japanese_restaurant,restaurant,"Udagawacho, 41−29 石井ビル 2F"
む鉄砲,1,japanese_restaurant,restaurant|diner,宇田川町41-28
れすとらん牛舎,1,japanese_restaurant,restaurant|diner,宇田川町41-1
Kamiyama,1,japanese_restaurant,asian_restaurant|restaurant,10-8 Kamiyamacho
恵比寿 玉焼屋,1,fast_food_restaurant,grocery_store|restaurant,東3-24-2　恵比寿ＳＴビル1階
よのもり,1,japanese_restaurant,bar|asian_restaurant,東1-27-5 シンエイ東ビル1階
Departure,1,bar,professional_services|travel,四谷4-8
Ebisubashi 珊瑚 恵比寿,1,japanese_restaurant,,恵比寿１丁目１６－１８
渋谷セルリアン クーカーニョ,1,restaurant,french_restaurant|bar,
Rakeru Shibuya,1,japanese_restaurant,sushi_restaurant,"東豊エステートビル, 1 Chome-12-9 Shibuya, 渋谷区 Shibuya-ku, Tōkyō-to, Japan"
ウダガワ 成ル,1,japanese_restaurant,restaurant|diner,宇田川町6-20
おんろっく,1,restaurant,japanese_restaurant|asian_restaurant,渋谷区宇田川町2-1渋谷ホームズ713
COCCHIshinsen,1,restaurant,,神泉町12-4 アーガス神泉3階
キッチン ハセガワ,1,restaurant,,円山町22-16
KOARA,1,bar,lounge|music_venue,1 Chome-13-15 Jinnan
Wonder Bowl,1,japanese_restaurant,restaurant,"Jinnan, 1 Chome−9−4 2階"
ドット・ファイブ,1,restaurant,cafe|tapas_bar,神南1丁目9-4
近畿食市2 RAYARD MIYASHITA PARK,1,bar,,神宮前6丁目20-10
ヒュッゲ,1,bar,french_restaurant|arts_and_entertainment,"Jinnan, 1 Chome−17−2 ＤＩＸ神南ビル"
オールネクスト,1,coffee_roastery,,神宮前6丁目19-14
きゃりー,1,japanese_restaurant,bar|sushi_restaurant,神宮前5-35
ポテチャオバンブー,1,japanese_restaurant,,神宮前5丁目28-7
玉笑,1,japanese_restaurant,restaurant,神宮前5丁目23-3
アテリア光,1,restaurant,diner,神宮前5丁目23-5-A
good juice,1,food_truck_stand,,神南1-4-10
Sankeys PENTHOUSE,1,lounge,,神宮前6-28-6
こころ,1,japanese_restaurant,restaurant|asian_restaurant,神宮前6丁目10-4
まるせい,1,restaurant,delicatessen,神宮前6丁目9-13
野田,1,restaurant,,神宮前６丁目９−９ アヴニール表参道 1F
YOSHI,1,restaurant,japanese_restaurant|diner,"Jingumae, 6 Chome−12−6 J-Cube B, B 1F"
Halser Tokyo,1,japanese_restaurant,cafe,神宮前5丁目6-14
アワタマスタンド,1,japanese_restaurant,,神宮前5丁目17-5 エリア: 表参道 青山
Tokyo Burnside,1,restaurant,,"Jingumae, 5 Chome−12−14 2F"
穏田一甫,1,japanese_restaurant,,神宮前6-8-7
やさい家めい,1,vegan_restaurant,,神宮前4-12-10
TOKYO BOX 表参道ヒルズ店,1,restaurant,,神宮前4丁目12-10 表参道ヒルズ本館B3
静香庵,1,japanese_restaurant,,神宮前4-11-7
豊和,1,japanese_restaurant,restaurant|bar,北青山3丁目5-44
グランブルー表参道,1,restaurant,shopping|cafe,神宮前4丁目4-8
haruno,1,asian_restaurant,,神宮前5-1-17
Brown Rice,1,vegetarian_restaurant,health_food_restaurant|restaurant,5 Chome-1-8 Jingumae
ブラウンライス・デリ おもて,1,japanese_restaurant,restaurant|cafe,神宮前5丁目1-8
トンパイキッチン,1,restaurant,japanese_restaurant|beer_garden,東京都港区南青山3-13
Red Pepper,1,japanese_restaurant,restaurant|diner,北青山3丁目5-25
でんのしおり,1,japanese_restaurant,asian_restaurant|restaurant,南青山5丁目1-25
Harold & Co,1,restaurant,european_restaurant|italian_restaurant,北青山3丁目6-23
SPALTI Lunch,1,texmex_restaurant,bar|bar_and_grill_restaurant,"Kita-Aoyama, 3 Chome−6−20 Kfi Building, B1"
花ごころ,1,japanese_restaurant,restaurant|comfort_food_restaurant,北青山3丁目6-26
OldSpice,1,bar,restaurant|clothing_store,北青山3丁目6-26
Trueberry VEGANIE トゥルーヘ リー フ ラス ウ ィーカ ニー,1,vegetarian_restaurant,restaurant|smoothie_juice_bar,北青山3-10-25
ドゥーアール,1,japanese_restaurant,restaurant|diner,北青山3丁目14-4
青山ゑびす堂,1,japanese_restaurant,bar|restaurant,北青山3丁目9-12
Juan Bowl & Tea Tokyo,1,japanese_restaurant,restaurant|diner,"Kita-Aoyama, 3 Chome−7−1 カオスビル1F"
Suginoko Aoyama,1,japanese_restaurant,restaurant|asian_restaurant,"Kita-Aoyama, 3 Chome−8−12 表参道ＢＡＣＣＨＵＳ 3F"
Real Bbq Park 表参道,1,restaurant,park|fast_food_restaurant,神宮前5-14
hanami,1,restaurant,cafe|asian_restaurant,神宮前5丁目3-8
Den Kushi Flori,1,asian_fusion_restaurant,,"Jingumae, 5 Chome−46−7 GEMS青山CROSS B1A"
Shangri-la,1,restaurant,beauty_and_spa|japanese_restaurant,神宮前４－３１－１１原宿TKビル４階
博多 なぎの木青山,1,japanese_restaurant,restaurant|diner,神宮前5丁目50-3
fruta&,1,restaurant,,神宮前5-50-3
MATOI-YA 表参道店,1,bar,barbecue_restaurant|restaurant,神宮前 5丁目50-6 中島ビルB1F
ひごの屋青山本店,1,japanese_restaurant,chicken_restaurant,北青山3丁目12-7
もくち,1,japanese_restaurant,restaurant,北青山3丁目12-7
ほの字,1,japanese_restaurant,,神宮前5-50-2
MIRO,1,japanese_restaurant,,神宮前5-49-2
ミスタージェントルマン,1,bar,,
にくといろ,1,japanese_restaurant,,北青山3丁目13-3R'sAOYAMA B1
アンクルハット,1,lounge,bar|french_restaurant,南青山5丁目6-23
茶茶 南青山,1,japanese_restaurant,,南青山5-9-1
The Bowl,1,restaurant,vegetarian_restaurant|cafe,南青山5丁目6-16
Chacha Ryu-rey,1,japanese_restaurant,restaurant|tea_room,南青山5丁目8-3
傳八青山,1,japanese_restaurant,restaurant|diner,南青山5丁目9-9
yellow 表参道,1,japanese_restaurant,,南青山5-10-1
青山一真,1,japanese_restaurant,asian_restaurant,南青山5丁目10-19
雅灯,1,japanese_restaurant,asian_restaurant|restaurant,"Jingumae, 5 Chome−51−6 テラアシオス青山 2F"
青山スタンド,1,japanese_restaurant,bar|restaurant,神宮前5丁目51-8
青山星のなる木,1,japanese_restaurant,restaurant|diner,神宮前5丁目51-8
restaurant RK,1,restaurant,vegetarian_restaurant|italian_restaurant,東京都港区北青山３丁目１２−１３
野趣家,1,japanese_restaurant,,神宮前5-51-8
ブリッサ・リブレリア,1,restaurant,coffee_shop|beauty_salon,南青山5丁目10-17
あおなみ,1,breakfast_and_brunch_restaurant,restaurant,東京都渋谷区渋谷４-4-25アイビーホール
Restaurant Filia,1,restaurant,japanese_restaurant|diner,"Shibuya, 4 Chome−4−25 ＩＶＹ ＨＡＬＬ 1階"
NUMM,1,bar,dance_club,"Shibuya, 2 Chome−9−13 Aiia Annex Building, B1F"
ウサギ,1,restaurant,cafe|japanese_restaurant,渋谷1丁目7-2
吉成,1,japanese_restaurant,,渋谷1-7-1
めがみや 表参道本店,1,restaurant,bar_and_grill_restaurant,
南青山店,1,fast_food_restaurant,,東京都渋谷区神宮前５－５２－２青山オーバルビルＢ１Ｆ
Elur,1,japanese_restaurant,bar,"Shibuya, 1 Chome−19−2 naluビル 1階"
DRAエイトマン,1,restaurant,bar|italian_restaurant,東京都渋谷区神宮前６丁目２０−１０
関東食市 RAYARD MIYASHITA PARK,1,restaurant,,
ミヤシタ成ル,1,restaurant,bar|sake_bar,東京都渋谷区神宮前６丁目２０−１０
T4 Kitchen,1,restaurant,japanese_restaurant|diner,"Jinnan, 1 Chome−12−16 ASIA BUILDING 1F.B1F"
UNTITLED,1,bar,lounge|restaurant,宇田川町3-12
To The Herbs 渋谷店,1,restaurant,diner,4-3 Udagawacho
Tokio Tokyo,1,bar,music_venue|event_planning,"Udagawacho, 3−7 B1F"
Fishing,1,japanese_restaurant,restaurant|hunting_and_fishing_supplies,"Jinnan, 1 Chome−20−16 Takayama Land B.L.D, B1F"
蒸し屋清郎 渋谷,1,japanese_restaurant,restaurant|bar,神南1丁目20-16
Yellow Marks,1,japanese_restaurant,european_restaurant|bar,
ふんわり卵 渋谷公園通り店,1,japanese_restaurant,,宇田川町14-1
クアトロラボ,1,bar,cafe|music_venue,"Udagawacho, 15−1 渋谷パルコ B1F"
Bit Valley Table Daichi,1,japanese_restaurant,barbecue_restaurant|restaurant,神南1丁目20-8
Shirubee Shibuya,1,japanese_restaurant,restaurant|asian_restaurant,"Jinnan, 1 Chome−11−5 ダイネス壱番館渋谷 別館 ２階"
New Light,1,japanese_restaurant,bar_and_grill_restaurant|restaurant,"Jingumae, 6 Chome−20−10 MIYASHITA PARK North, 3F 301"
渋谷MIYASHITAPARK店,1,fast_food_restaurant,,東京都渋谷区神宮前６－２０－１０ＭＩＹＡＳＨＩＴＡＰＡＲＫＳＯＵＴＨ地区３Ｆ
Who's Food's,1,restaurant,diner|cafe,神南1丁目22-9
フーズフーズ渋谷店,1,restaurant,desserts|asian_restaurant,神南1丁目22-9
Perrys 渋谷店,1,bar,,神南1丁目22-10
南葉菜渋谷店,1,restaurant,japanese_restaurant|delicatessen,神南1丁目22-10
ESOLA Shibuya,1,bar,restaurant|diner,
Yakimochi,1,japanese_restaurant,restaurant|asian_restaurant,神南1丁目20-7
宇田川紫扇,1,japanese_restaurant,restaurant,宇田川町13-16
近江や,1,japanese_restaurant,bar,宇田川町13-9
だいぶつころころ,1,japanese_restaurant,,宇田川町13-8
肉天国,1,japanese_restaurant,sushi_restaurant|restaurant,宇田川町13-8
肉の楽園,1,japanese_restaurant,restaurant,"Udagawacho, 13−8 ちとせ会館2F"
SHIBU8,1,japanese_restaurant,restaurant,"Udagawacho, 13−8 3F"
ag SHIBUYA,1,japanese_restaurant,restaurant,"Udagawacho, 13−8 ４階"
極肉亭,1,japanese_restaurant,eat_and_drink|restaurant,"Udagawacho, 13−8 3F"
GABURI 渋谷駅前店,1,restaurant,,宇田川町13-7
渋谷ガーデンファーム,1,vegan_restaurant,,宇田川町24-4
Pomme's,1,restaurant,japanese_restaurant|asian_restaurant,"Udagawacho, 13−7 Koyas One, 2F"
もやし,1,japanese_restaurant,restaurant|diner,宇田川町16-8
SUBA VS,1,japanese_restaurant,,渋谷1-15-8
もんごろーや,1,japanese_restaurant,restaurant|diner,"Shibuya, 1 Chome−24−2 朱ビル 4F"
ばりばり亭,1,japanese_restaurant,restaurant,渋谷1丁目24-2
笹陣,1,japanese_restaurant,restaurant,渋谷1丁目16-14
kinnikuya_shibuya,1,japanese_restaurant,,
オンザコーナー,1,restaurant,soul_food|diner,渋谷1丁目17-1
雷庵,1,japanese_restaurant,restaurant,渋谷1丁目4-13
Moja in the House,1,diner,restaurant|american_restaurant,"Shibuya, 1 Chome−11−1 ヒューリック渋谷美竹通りビル 2F"
ほの字渋谷店,1,japanese_restaurant,restaurant|diner,渋谷1丁目11-3
Derori,1,bar,asian_restaurant|pub,渋谷1丁目10-1
おまかせ亭,1,japanese_restaurant,,渋谷1-9-5
鬼亭,1,japanese_restaurant,restaurant|asian_restaurant,渋谷1丁目9-4
Kurosaki,1,japanese_restaurant,sushi_restaurant|restaurant,渋谷1-5-9
時流家,1,japanese_restaurant,,渋谷1-10-7
レシェリマ,1,bar,,東京都渋谷区渋谷１丁目８−６
just like IT,1,restaurant,wine_bar|coffee_shop,渋谷1丁目8-10
新寮,1,japanese_restaurant,asian_restaurant|chinese_restaurant,"Shibuya, 2 Chome−19−20 宮益坂岡ビル 3F"
青柿,1,japanese_restaurant,asian_restaurant|restaurant,渋谷2丁目19-19
Grove Shibuyaten,1,bar,restaurant,"Shibuya, 2 Chome−19−17 第106東京ビル 4F"
Hemelミヤマス,1,restaurant,european_restaurant|gastropub,渋谷1丁目12-7
Sankai,1,japanese_restaurant,asian_restaurant|restaurant,"Shibuya, 1 Chome−12−24 707 Shibuya, 3F"
煌煌庵,1,japanese_restaurant,,渋谷1-13-5
たつろー 宮益坂本店,1,japanese_restaurant,restaurant|diner,"Shibuya, 1 Chome−13−5 1F"
真希渋谷店,1,japanese_restaurant,asian_restaurant|restaurant,渋谷1丁目14-9
Katsura Shibuya,1,bar,japanese_restaurant|restaurant,渋谷1-14-13
桂渋谷,1,bar,japanese_restaurant|restaurant,渋谷1丁目14-13
渋谷東映プラザ店,1,fast_food_restaurant,,東京都渋谷区渋谷１－２４－１２渋谷東映プラザ２Ｆ
ハシュハシュ,1,restaurant,,渋谷1-24-10
Hanabusa Shibuya,1,restaurant,japanese_restaurant|asian_restaurant,渋谷1-15-20
彩宮益坂店,1,bar,,渋谷1丁目12-1 カレイド渋谷宮益坂2F
人と人,1,bar,pub,渋谷1丁目15-16
リトルビーナス,1,pub,bar|restaurant,渋谷1丁目15-16
はなぶさ 渋谷本店,1,japanese_restaurant,,渋谷1-5-20
勧進帳,1,japanese_restaurant,restaurant|barbecue_restaurant,東京都渋谷区渋谷１丁目２４−７
伊呂波,1,restaurant,sushi_restaurant|eat_and_drink,渋谷区宇田川町25-3
四季渋谷駅前店,1,bar,,宇田川町26-11 4F
アモーレ 渋谷店,1,restaurant,japanese_restaurant|wine_bar,"Udagawacho, 28−1 Takayama Land 15 Bldg., 8F"
燈花,1,bar,restaurant|bakery,宇田川町28-1
EAT for E,1,restaurant,korean_restaurant,"26-26-9 Udagawachō, 26 都"
ワゴン・リ,1,bar,restaurant|asian_restaurant,"Udagawacho, 25−3 2階"
Japanese Restaurant,1,restaurant,cafe|italian_restaurant,24 Udagawacho
Ventuno Tokyo,1,japanese_restaurant,restaurant|diner,宇田川町24-1
Yaneura by Tiered,1,japanese_restaurant,restaurant,宇田川町26-11
響庭,1,restaurant,bar|japanese_restaurant,宇田川町26-2サンルイビル
渋谷チョップス,1,japanese_restaurant,,東京都渋谷区宇田川町２６−３
さんるーむ渋谷店,1,live_and_raw_food_restaurant,health_food_restaurant|restaurant,宇田川町23-3
松川本店,1,japanese_restaurant,restaurant|asian_restaurant,宇田川町22-1
Shibuya Matsukawa,1,japanese_restaurant,restaurant|asian_restaurant,22-1 Udagawacho
なだ一,1,japanese_restaurant,asian_restaurant|restaurant,渋谷1丁目25-10
ちょっと よってって,1,bar,sushi_restaurant|japanese_restaurant,渋谷1丁目25-10
莢,1,bar,,渋谷1丁目25-10
トランド,1,japanese_restaurant,bar|restaurant,"Shibuya, 1 Chome−25−10 んべい横町内"
ふじまさんち,1,bar,japanese_restaurant|sushi_restaurant,渋谷1丁目25-10
よしのや,1,bar,sake_bar|restaurant,渋谷1丁目25-10
松菊,1,japanese_restaurant,asian_restaurant|sushi_restaurant,渋谷1丁目25-9
緋芽,1,japanese_restaurant,sake_bar|restaurant,1 Chome-25-9 Shibuya
たぬ公,1,japanese_restaurant,restaurant|asian_restaurant,1 Chome-25-9 Shibuya
べっぴんしゃん,1,bar,restaurant,宇田川町3-10
玉久,1,japanese_restaurant,restaurant|asian_restaurant,道玄坂2丁目30-4
Cheese and Honey,1,restaurant,japanese_restaurant,2 Chome-29-1 Dogenzaka
然,1,bar,pub|restaurant,東京都渋谷区宇田川町１１−１１
末代渋谷店,1,bar,japanese_restaurant|sake_bar,道玄坂2丁目6-12
だるま屋,1,japanese_restaurant,asian_restaurant,道玄坂2丁目6-6
Jutei,1,japanese_restaurant,bar|restaurant,2 Chome-6-11 Dogenzaka
Kan's Kitchen,1,asian_restaurant,asian_fusion_restaurant|restaurant,道玄坂2丁目7-5
淫閣,1,bar,dance_club|restaurant,道玄坂2丁目7-4
よかとこ,1,japanese_restaurant,restaurant|bar,道玄坂2丁目7-3
アビエント,1,restaurant,diner|japanese_restaurant,道玄坂1丁目12-2
半笑,1,japanese_restaurant,noodles_restaurant|restaurant,2 Chome-24-12 Shibuya
シズルガズル,1,restaurant,,渋谷2丁目21-1 渋谷ヒカリエ 7F
やわかたこい。,1,japanese_restaurant,grocery_store|flowers_and_gifts_shop,渋谷2-21-1 渋谷ヒカリエ ShinQs 東横のれん街　地下2階
利休,1,japanese_restaurant,sushi_restaurant,
テーブル7,1,restaurant,bar|tapas_bar,"Shibuya, 2 Chome−21−1 7F"
渋谷アチェーゾ,1,japanese_restaurant,restaurant|diner,渋谷2丁目22-3
Therese,1,restaurant,italian_restaurant|asian_restaurant,渋谷2丁目12-15
VIVE LAVIE,1,bar,restaurant|bar_and_grill_restaurant,"Shibuya, 2 Chome−4−6 サンゼンビル B1"
黒瀬,1,japanese_restaurant,bar|diner,渋谷2丁目14-4
Kitchen 263,1,japanese_restaurant,restaurant|diner,2 Chome-11-1 Shibuya
AGA,1,restaurant,french_restaurant|cafe,渋谷2丁目9-10
D 're comme(ディー・レコメ),1,bar,restaurant|pub,渋谷2-9-10 B1F
アシェット,1,restaurant,diner,2 Chome-8-10 Shibuya
えんらい,1,japanese_restaurant,bar|restaurant,"Shibuya, 2 Chome−8−7 1F"
THmC Shibuya,1,bar,,shibuya 2-11-14 stage aoyama b1
特攻チキン野郎,1,japanese_restaurant,restaurant|diner,渋谷2丁目7-13
Toakari,1,japanese_restaurant,asian_restaurant|restaurant,"Shibuya, 2 Chome−7−14 ＶＯＲＴ青山ＢＩ ００１"
はがくれ,1,japanese_restaurant,bar,東京都渋谷区渋谷２丁目８−１１
雨後晴青山,1,japanese_restaurant,asian_restaurant|restaurant,渋谷2丁目2-17
MARZAC,1,japanese_restaurant,restaurant|wine_bar,"Shibuya, 2 Chome−2−3 ルカビルⅡ １F"
せくめとll,1,bar,eat_and_drink,東京都渋谷区渋谷２丁目３−２
mihachi_shibuya,1,restaurant,,東京都渋谷区道玄坂2-8-7　道玄坂ビルB1F
Aoyama Hachi,1,japanese_restaurant,bar,"Shibuya, 4 Chome−5−9 青山ビルディング 2F-4F"
食幹,1,japanese_restaurant,restaurant|asian_restaurant,渋谷3丁目5-5
Miniyon 坂ノ上,1,bar,,渋谷3-2-6
Tsubaki Garden,1,bar,japanese_restaurant|restaurant,東1丁目3-1
Tokyo Family Restaurant,1,diner,restaurant|gastropub,"Higashi, 1 Chome−3−1 カミニート２０ ３F"
Astro Lab,1,bar,,"Higashi, 1 Chome−3−1 カミニートビル １F"
Soft,1,bar,pub|beer_bar,渋谷3丁目1-9
キミドリ,1,restaurant,bar|cafe,東京都渋谷区渋谷３丁目１２−２４
柳樽,1,bar,sake_bar|restaurant,東1丁目25-5
博多スタミナ鉄板焼 豚ときゃべつ亭,1,japanese_restaurant,restaurant|diner,東1-25-6
Niru,1,restaurant,japanese_restaurant|wine_bar,"Higashi, 1 Chome−25−5 1F"
しじゅうから,1,bar,pub|bar_and_grill_restaurant,"Higashi, 1 Chome−27−5 シンエイ東ビル 3階"
夜ノ森,1,restaurant,sake_bar|bar,東1丁目27-5
参ナラビ,1,restaurant,food_truck|eat_and_drink,東京都渋谷区東１丁目２７−８
Son of the Cheese,1,bar,lounge,"マンション並木橋, 303号, ３１, 1 Chome-31-19 Higashi"
はし田屋 本店,1,restaurant,japanese_restaurant|chicken_restaurant,東京都渋谷区渋谷３丁目１５−４
ミニヨン,1,bar,restaurant|japanese_restaurant,渋谷3丁目14-5
Vegeater,1,vegetarian_restaurant,restaurant|health_food_restaurant,"Higashi, 1 Chome−14−12 Tokiwamatsu Mansion, Vegeater"
月乃ひかり亭,1,japanese_restaurant,restaurant|bar,渋谷3丁目13-9
渋谷鉄板焼オルカ,1,restaurant,,渋谷3丁目15-2
わたら瀬,1,japanese_restaurant,sushi_restaurant|sake_bar,渋谷3丁目15-2
オシャレゼロツー,1,bar,restaurant|diner,東京都渋谷区桜丘町4-23
huwadolo フワドロ,1,restaurant,japanese_restaurant|diner,"Shibuya, 3 Chome−29−17 ＪＲ東日本ホテルメッツ 渋谷 3F"
BEAMS,1,bar,,六本木6-10-1
空野渋谷店,1,japanese_restaurant,restaurant,桜丘町4-17
Yodare Original Works,1,restaurant,asian_restaurant|gastropub,桜丘町10-4
4649uchan,1,restaurant,bar,道玄坂１－６－６
やむなし 桜丘,1,bar,restaurant,東京都渋谷区桜丘町１７−９
てやん亭,1,japanese_restaurant,asian_restaurant|restaurant,桜丘町8-19
One Garden,1,japanese_restaurant,asian_restaurant|restaurant,"Sakuragaokacho, 20−12 1F"
渋谷三心,1,bar,japanese_restaurant|restaurant,桜丘町22-22
CUJORL,1,bar,restaurant,"Sakuragaokacho, 22−8 縣ビル 1F"
テンキ,1,restaurant,bar,東京都渋谷区桜丘町２９−２７
Rain Frog,1,bar,bar_and_grill_restaurant|thai_restaurant,29-5 Sakuragaokacho
ヒマヲイキル,1,bar,,桜丘町29-5
渋谷violet,1,bar,pub|barber,
五万米,1,japanese_restaurant,,桜丘町30-18
渋谷南平台のごりょんさん,1,bar,restaurant|japanese_restaurant,桜丘町30-18
Lennon,1,bar,italian_restaurant,"Sakuragaokacho, 27−1 １階"
Kotaro,1,japanese_restaurant,asian_restaurant|restaurant,28-2 Sakuragaokacho
cuma,1,japanese_restaurant,restaurant|diner,"Sakuragaokacho, 28−3 3階"
MeWe,1,bar,pub,桜丘町28-3
ひょっとこや,1,japanese_restaurant,restaurant|asian_restaurant,桜丘町23-21
ハイパー,1,restaurant,japanese_restaurant,
和来場,1,restaurant,barbecue_restaurant|bar_and_grill_restaurant,桜丘町14-10
SHOUTAIAN,1,bar,japanese_restaurant|restaurant,"Sakuragaokacho, 24−8 新南平台マンション 1階"
五十亭,1,japanese_restaurant,restaurant|asian_restaurant,桜丘町15-15
No.11,1,restaurant,,桜丘町17-11千野ビル1FナンバーイレブンNo.11
HUS & WIFE,1,bar,restaurant|diner,桜ヶ丘町17-12
桜ヶ丘 椿堂,1,restaurant,,桜丘町15-3
虎うま,1,japanese_restaurant,restaurant,桜丘町17-10
渋谷桜ヶ丘和楽,1,japanese_restaurant,restaurant|asian_restaurant,桜丘町16-6
蓮華の如く,1,restaurant,japanese_restaurant|chinese_restaurant,桜丘町16-7
ももまる 渋谷店,1,japanese_restaurant,bar,桜丘町16-7
やむなし 桜丘店,1,bar,,桜丘町17-9 第二昭和ビル B1F
Garden Kitchen Karumera,1,restaurant,european_restaurant|diner,"Sakuragaokacho, 26−1 セルリアンタワー東急ホテル LBF"
渋谷 鳥ぶらん,1,restaurant,bar|chicken_restaurant,東京都渋谷区道玄坂１丁目１０−１
多屋,1,japanese_restaurant,restaurant|asian_restaurant,道玄坂1丁目10-2
初つぼみ渋谷店,1,japanese_restaurant,restaurant,道玄坂1丁目9-5
Hatutubomi Shibuya,1,japanese_restaurant,,"Dogenzaka, 1 Chome−9−5 渋谷スクエアビル A棟B1"
Stereo(ステレオ),1,bar_and_grill_restaurant,restaurant|bar,〒150-6238 東京都渋谷区桜丘町1-1 Shibuya Sakura Stage SHIBUYAタワー 38F
富士屋本店,1,bar,wine_bar|bar_and_grill_restaurant,桜丘町1-5
鉄板創作料理花花,1,restaurant,,桜丘町1-5
貸切&テラス付Bbq 渋谷ガーデンスペース,1,restaurant,barbecue_restaurant,桜丘町1-5
采,1,japanese_restaurant,asian_restaurant|restaurant,桜丘町2-9
Shan-Griller Tokyo,1,japanese_restaurant,bar|barbecue_restaurant,桜丘町16-1
小桜桜丘町,1,japanese_restaurant,bar|cafe,桜丘町16-14
ゴッツジェイズ,1,restaurant,bar,桜丘町16-14
しぶやくん,1,japanese_restaurant,restaurant|asian_restaurant,"Sakuragaokacho, 24−18 東松 ビル 2階"
GOTTSU,1,japanese_restaurant,bar_and_grill_restaurant|restaurant,"Sakuragaokacho, 24−18 東松 ビル 1Ｆ"
羅針,1,bar,,桜丘町16-8
渋谷Aurra,1,bar,,桜丘町16-7
Renge no Gotoku,1,japanese_restaurant,asian_restaurant|restaurant,"Sakuragaokacho, 16−7 鈴木ビル 1F"
太一,1,japanese_restaurant,restaurant|diner,桜丘町16-7
たけだ,1,japanese_restaurant,asian_restaurant|restaurant,桜丘町16-6
おうちごはん,1,restaurant,japanese_restaurant|asian_restaurant,桜丘町16-2
花咲かじいさん,1,bar,japanese_restaurant|restaurant,桜丘町3-22
A muse,1,bar,,桜丘町3-22
うみかぜやまうた,1,japanese_restaurant,restaurant,桜丘町15-18
ポケット,1,pub,bar|cocktail_bar,桜丘町3-20
中村麺兵衛渋谷店,1,japanese_restaurant,restaurant,渋谷3丁目11-8
Umebachee,1,japanese_restaurant,sake_bar|restaurant,"Shibuya, 3 Chome−22−11 サンクスプライムビル 3A"
P/man,1,japanese_restaurant,bar|restaurant,"Shibuya, 3 Chome−22−11 サンクスプライムビル 1F/2F"
渋三吉成,1,japanese_restaurant,asian_restaurant|restaurant,渋谷3丁目18-8
座空,1,japanese_restaurant,restaurant,渋谷3丁目10-19
凛花,1,japanese_restaurant,,"Shibuya, 3 Chome−8−7 第二窪島ビル ２Ｆ"
風ぐるま,1,japanese_restaurant,,渋谷3-8-7 B1F
Yasbee shibuya,1,restaurant,japanese_restaurant,3 Chome-18-7 Shibuya
はしばやん ランタン亭,1,japanese_restaurant,noodles_restaurant|restaurant,渋谷3丁目18-7
Ocean Good Table,1,restaurant,diner,"Shibuya, 3 Chome−21−3 ストリーム 1階"
Kitchen Tachikichi,1,japanese_restaurant,restaurant|bar,渋谷3丁目18-8
Teppan Kitchen,1,japanese_restaurant,asian_restaurant|restaurant,"Shibuya, 3 Chome−21−3 渋谷ストリーム 3階"
my restaurant,1,restaurant,vietnamese_restaurant|eat_and_drink,3 Chome-21-3 Shibuya
うまみや,1,japanese_restaurant,sushi_restaurant|bar,
渋谷サクラステージ店,1,fast_food_restaurant,,東京都渋谷区桜丘町１－４渋谷サクラステージシブヤサイドＢ２
圓弁柄,1,japanese_restaurant,restaurant|diner,渋谷3丁目21-3
ちんちん,1,bar,gay_bar|chinese_restaurant,渋谷3丁目7-5
Sakai Shokai,1,japanese_restaurant,restaurant|diner,"Shibuya, 3 Chome−6−18 2階"
SHIZEN,1,restaurant,japanese_restaurant,3 Chome-6-18 Shibuya
渋谷もっくん,1,japanese_restaurant,restaurant|bar,渋谷2丁目22-14
cocochili,1,asian_fusion_restaurant,asian_restaurant|restaurant,2 Chome-24-12 Shibuya
ぱいす!,1,restaurant,,宮田ビル2階 東京都渋谷区宇田川町29-7
グランドエッジ,1,bar,business,東京都渋谷区道玄坂２丁目２９−１
輝 渋谷店,1,restaurant,japanese_restaurant|asian_restaurant,渋谷1丁目25-6
Osaka Kitchintokyu Plaza Shibuya,1,japanese_restaurant,restaurant,"Dogenzaka, 1 Chome−2−3 東急プラザ 6階"
車渋谷南口店,1,japanese_restaurant,restaurant|chicken_restaurant,道玄坂1丁目5-2
くれおーる,1,japanese_restaurant,asian_restaurant|restaurant,道玄坂1丁目6-4
イグアンドピース,1,bar,restaurant|asian_restaurant,東京都渋谷区道玄坂１丁目５−２
藍庵,1,speakeasy,cafe,桜丘町16-1
天風やまがた,1,bar,japanese_restaurant|asian_restaurant,渋谷3丁目29-71
Shibuya No Style,1,lounge,music_venue|arts_and_entertainment,道玄坂1丁目13-2
広瀬,1,bar,japanese_restaurant|restaurant,道玄坂1丁目13-1
ずくなし,1,pub,bar|restaurant,道玄坂1丁目6-8
渋谷苑,1,japanese_restaurant,restaurant,"Dogenzaka, 1 Chome−6−8 塚田ビル"
セプドール,1,bar,restaurant,道玄坂1丁目6-3
オラスエイチ 渋谷道玄坂店,1,bar,,"Dogenzaka, 1 Chome−6−2 渋谷ファイブビル 2階"
多古菊,1,japanese_restaurant,restaurant|asian_restaurant,1 Chome-6-2 Dogenzaka
Nana Shibuya,1,japanese_restaurant,asian_restaurant|restaurant,"Dogenzaka, 1 Chome−12−1 渋谷マークシティ ＲＥＳＴＡＵＲＡＮＴＳ ＡＶＥＮＵＥ ４Ｆ"
菜な 渋谷マークシティー店,1,japanese_restaurant,restaurant,道玄坂1丁目12-5
サムデイ,1,japanese_restaurant,restaurant|asian_restaurant,1 Chome-5-7 Dogenzaka
ナルゲ,1,japanese_restaurant,restaurant|barbecue_restaurant,道玄坂1丁目5-9
小倉山支店,1,restaurant,japanese_restaurant,道玄坂1丁目5-9
磨呑汝,1,restaurant,bar|eat_and_drink,道玄坂1丁目5-9
BEE HOUSE,1,fondue_restaurant,european_restaurant|restaurant,道玄坂1丁目5-2
コーンバレー 渋谷,1,restaurant,bar|pub,東京都渋谷区道玄坂１丁目３−６
裏の山の木の子,1,restaurant,chinese_restaurant|mountain,東京都渋谷区道玄坂１丁目３−１１
黄金屋渋谷店,1,japanese_restaurant,restaurant|diner,道玄坂1丁目3-11
歌楽人,1,pub,bar|restaurant,道玄坂1丁目5-9
Tototoriton,1,japanese_restaurant,restaurant,"Dogenzaka, 2 Chome−7−3 Sanki Bldg., 3F"
細雪,1,japanese_restaurant,restaurant|diner,道玄坂2丁目8-9
アデージョ,1,bar,restaurant|adult_entertainment,道玄坂2丁目8-8
鳴神,1,bar,,2 Chome-8-8 Dogenzaka
コスモ渋谷館,1,japanese_restaurant,,2 Chome-8-8 Dogenzaka
Shibuya Morimoto,1,japanese_restaurant,asian_restaurant|restaurant,"Dogenzaka, 2 Chome−7−4 １階"
Gocchi Batta,1,restaurant,brazilian_restaurant|bar,道玄坂2丁目8-1
くんなまし,1,japanese_restaurant,asian_restaurant|restaurant,道玄坂2丁目8-1
クラウドナイン 渋谷店,1,bar,pub|sake_bar,東京都渋谷区道玄坂２丁目８−１
HUIT-ユイット-,1,restaurant,,"Dogenzaka, 2 Chome−17−1 渋谷野武士ビル 1F"
27 Destiny,1,restaurant,diner,円山町2-4
27 CrazyForce,1,restaurant,bar|cafe,円山町2-6
渋谷ストリート,1,bar,,円山町2
Roccoman 渋谷道玄坂店,1,bar,pub|professional_services,道玄坂2-15-1
円山町わだつみ,1,restaurant,japanese_restaurant|sushi_restaurant,円山町6-1
Legato,1,restaurant,bar|lounge,円山町3-6
TWO FACE,1,bar,,道玄坂2-11-6 TOP HILLS GARDEN道玄坂 1F
道玄坂 マンモス,1,japanese_restaurant,restaurant,道玄坂2丁目10-1
フロマージュ倶楽部,1,restaurant,bar|bar_and_grill_restaurant,道玄坂2丁目10-1
戸越屋 (Togoshiya),1,japanese_restaurant,,道玄坂2-10-4
じゃがじゃが,1,japanese_restaurant,asian_restaurant|restaurant,渋谷3-15-1
はやし,1,japanese_restaurant,restaurant,道玄坂1丁目14-9
Jump,1,japanese_restaurant,,1 Chome-14-9 Dogenzaka
タートル,1,restaurant,sake_bar|bar,東京都渋谷区道玄坂１丁目１５−３
火だるま荘,1,bar_and_grill_restaurant,japanese_restaurant|restaurant,道玄坂1丁目15-10
After You,1,restaurant,,道玄坂1丁目17-12 野々ビル4F
あらかぶ,1,japanese_restaurant,restaurant|asian_restaurant,道玄坂1丁目17-10
らせら,1,japanese_restaurant,asian_restaurant|restaurant,道玄坂1丁目17-9
Yaoya Tokyo,1,restaurant,bar|pub,道玄坂1-15-10万字ビル1F
はーびあんず,1,vegan_restaurant,,道玄坂1-15-7
けいろく庵,1,restaurant,sake_bar|bar,東京都渋谷区道玄坂１丁目１５−７
OKANOUE,1,japanese_restaurant,restaurant|steakhouse,"Dogenzaka, 1 Chome−17−7 いちのビル 4F"
CARBON,1,bar,,道玄坂1-19-10
勝味,1,japanese_restaurant,restaurant|asian_restaurant,道玄坂1丁目19-6
ガッロネロ,1,japanese_restaurant,bar|wine_bar,道玄坂1丁目19-6
カクニマル,1,bar,restaurant|pub,道玄坂1丁目19-6
志ぶや倶楽部,1,bar,pub|topic_concert_venue,道玄坂1-19-6 道玄坂OKビル3F
Six Kitchen,1,japanese_restaurant,restaurant|bar,円山町5-14
松木家,1,japanese_restaurant,restaurant,円山町6-8
天空の月,1,japanese_restaurant,restaurant|diner,円山町5-18
Tenku no Tsuki,1,bar,,円山町5-18
厨七代目松五郎,1,japanese_restaurant,restaurant|diner,円山町5-4
SOBER,1,japanese_restaurant,,道玄坂1-19-10
Canaria,1,bar,lounge,道玄坂1丁目19-12
富士喜渋谷道玄坂,1,japanese_restaurant,restaurant,円山町5-18
Kailas,1,japanese_restaurant,restaurant|asian_restaurant,1 Chome-19-1 Dogenzaka
New Shibuya Paradise,1,pub,bar|arts_and_entertainment,道玄坂2丁目辺り
獣 27,1,bar,,円山町5-18
荒木山,1,japanese_restaurant,restaurant|diner,円山町6-11
奈る実,1,japanese_restaurant,,17-2 Maruyamacho
Hone,1,restaurant,bar,17-2 Maruyamacho
楽家,1,japanese_restaurant,asian_restaurant,円山町17-2
ひしゅうや,1,japanese_restaurant,restaurant|diner,円山町18-2
Menkawakei,1,japanese_restaurant,restaurant,"Maruyamacho, 18−2 Hayashi Bldg., １F"
おかめ茶屋,1,japanese_restaurant,restaurant|bar,円山町19-11
Kitchen Hasegawa,1,japanese_restaurant,restaurant|diner,22-16 Maruyamacho
楽椿,1,japanese_restaurant,restaurant|asian_restaurant,円山町23-10
まるみ商店,1,japanese_restaurant,restaurant|supermarket,"Maruyamacho, 22−14 塙ビル 2階"
神泉いちのや,1,japanese_restaurant,restaurant|asian_restaurant,20-22 Shinsencho
Nagahide,1,japanese_restaurant,asian_restaurant|restaurant,"Shinsencho, 20−25 神泉ＱＳビル １階"
二代目葵,1,japanese_restaurant,restaurant|asian_restaurant,神泉町2-8
まん福亭,1,bar,restaurant|japanese_restaurant,円山町16-8
日和,1,japanese_restaurant,asian_restaurant|bar,神泉町2-9
ばん屋,1,japanese_restaurant,bar,円山町15-5
Pinpon,1,bar,,"Maruyamacho, 7−１１ 梅北ビル 2F"
Tonari,1,japanese_restaurant,restaurant,円山町14-3
あじくら,1,japanese_restaurant,barbecue_restaurant|restaurant,円山町7-12
ゆいま,1,japanese_restaurant,bar|restaurant,円山町13-9
松濤 はろう,1,japanese_restaurant,bar|restaurant,松濤2丁目14-12
Shibuya Santale,1,restaurant,gluten_free_restaurant|cafe,東京都渋谷区神泉町１−２０
英香,1,japanese_restaurant,seafood_restaurant|breakfast_and_brunch_restaurant,駒場1丁目11-12
駒いち,1,japanese_restaurant,asian_restaurant|restaurant,"Komaba, 1 Chome−12−22 マンション伊東 1F"
福島屋,1,japanese_restaurant,bar|restaurant,駒場1丁目21-10
松見坂なかしま,1,japanese_restaurant,restaurant|asian_restaurant,大橋2丁目8-18
matsumizaka 4,1,bar,,大橋2丁目6-18 スターマンション102
神ガル,1,restaurant,,神泉町9-6
たもいやんせ,1,japanese_restaurant,restaurant|asian_restaurant,神泉町10-10
酒匠 旧山手通十之十 Bougnat,1,restaurant,,神泉町10-10
のりこのごはん,1,japanese_restaurant,restaurant|diner,神泉町10-10
小笹,1,japanese_restaurant,restaurant|diner,神泉町10-12
土濱笑店,1,japanese_restaurant,restaurant,"Shinsencho, 12−12−4 アーガス神泉ビル 2F"
The Third Shibuya,1,japanese_restaurant,restaurant,"Shinsencho, 12−4 アーガス神泉ビル 4F"
三百屋 お弐階,1,japanese_restaurant,barbecue_restaurant|restaurant,神泉町12-4
アネモネ,1,japanese_restaurant,restaurant,区神泉町12-7
ATeDo 渋谷,1,japanese_restaurant,bar|restaurant,神泉町12-6
Melrose Ave,1,japanese_restaurant,asian_restaurant|restaurant,円山町25-7
いまここ,1,japanese_restaurant,asian_restaurant|restaurant,東京都渋谷区円山町２５−８
庵狐・円山店,1,japanese_restaurant,sake_bar|asian_restaurant,円山町25-4
ツーピース,1,restaurant,,東京都渋谷区円山町20-5 グランドネス渋谷2F
ぽつらぽつら,1,bar,restaurant|japanese_restaurant,円山町22-11
酒交場 ミルジ,1,bar,,円山町28-4
コインサイド,1,vegan_restaurant,,円山町28-4
カリカリスパイス,1,japanese_restaurant,,神泉町7-8
Rainbow Country,1,bar,arts_and_entertainment|pub,"Shinsencho, 10−17 Hi-City 渋谷 406号室"
神泉たつ,1,japanese_restaurant,,神泉町10-16
のんきや,1,japanese_restaurant,asian_restaurant|bar,神泉町10-2
TurnTable,1,restaurant,italian_restaurant|hostel,神泉町10-3
なかあら井,1,japanese_restaurant,restaurant|asian_restaurant,円山町28-8
Rice Plus,1,bar,coffee_shop|cafe,区円山町28-8
べるまっしゅ,1,japanese_restaurant,bar|sake_bar,南平台町13-1
アートマサシヤ,1,japanese_restaurant,restaurant,南平台2-8
B&LOIN,1,bar_and_grill_restaurant,restaurant|bar,道玄坂1丁目22-7
あそびすと,1,restaurant,eat_and_drink|japanese_restaurant,桜丘町14-10 渋谷コープ301
木村屋本店桜丘町,1,restaurant,bar|japanese_restaurant,桜丘町30-15 
プレジャー,1,restaurant,eat_and_drink|bar,桜ヶ丘町30-10
いのうえんとこ,1,pub,arts_and_entertainment|bar,円山町２８−８
Black Terrace,1,japanese_restaurant,restaurant|american_restaurant,"Aobadai, 3 Chome−1−12 イーストビル ４F"
莫莫居,1,japanese_restaurant,bar|restaurant,南平台町17-13
らんぷ,1,japanese_restaurant,asian_restaurant|restaurant,都目黒区大橋2丁目16-26
Cuisine,1,restaurant,japanese_restaurant|diner,2 Chome-16-27 Ohashi
SWIPE,1,bar,,"Ohashi, 2 Chome−22−2 9F"
Corner,1,bar_and_grill_restaurant,cafe,"Ohashi, 2 Chome−22−2 1F"
ボドルム,1,restaurant,asian_restaurant|thai_restaurant,大橋2丁目22-3
By The Pool,1,bar,lounge,1 Chome-3-8 Ohashi
レンゲツ,1,bar,,"Ohashi, 2 Chome−16−24 新大橋スカイマンション 102"
OMA,1,japanese_restaurant,bar,"Ohashi, 2 Chome−16−25 大橋ＴＫビル 2階"
蓮月,1,bar,bar_and_grill_restaurant|restaurant,東京都目黒区大橋２丁目１６−２４
か兎が,1,bar,sake_bar|japanese_restaurant,大橋1丁目1-2
ひとしずく,1,japanese_restaurant,restaurant|asian_restaurant,大橋1丁目1-8
御飯家,1,japanese_restaurant,asian_restaurant|restaurant,東京都目黒区青葉台３丁目１１−８
高崎のおかん,1,japanese_restaurant,restaurant,"Aobadai, 3 Chome−10−11 青葉台フラッツ 101"
オッティ,1,restaurant,diner,青葉台3丁目10-11
One.,1,bar,cafe|restaurant,"Aobadai, 3 Chome−10−11 青葉台フラッツ １階"
Calme,1,restaurant,japanese_restaurant,"Ohashi, 1 Chome−2−5 新村 ビル ２F"
新風,1,japanese_restaurant,restaurant,東山3丁目5-4
Beyond Veg ビヨンドベジ,1,vegetarian_restaurant,,東山3丁目1-6
irori_101,1,japanese_restaurant,restaurant|diner,"Higashiyama, 3 Chome−1−7 スウィフト東山 1F"
つくしのこ,1,japanese_restaurant,restaurant|bar,東山3丁目1-11
南郷,1,japanese_restaurant,,東山3-1-13
まき野池尻大橋店,1,japanese_restaurant,restaurant,東山3丁目14-2
イザック,1,japanese_restaurant,bar|sake_bar,東山3丁目15-4
Wood Wood,1,restaurant,mediterranean_restaurant|greek_restaurant,東山3丁目15-4
Andy,1,japanese_restaurant,barbecue_restaurant|restaurant,3 Chome-13-16 Higashiyama
CICA,1,japanese_restaurant,bar|landmark_and_historical_building,"Higashiyama, 3 Chome−4−8 東北林業ビル 101"
たぬきや,1,japanese_restaurant,restaurant,東山3丁目13-1
Yakumo,1,japanese_restaurant,asian_restaurant|restaurant,"Higashiyama, 3 Chome−6−15 エビヤビル １Ｆ"
LOBBY,1,bar,lounge,"Higashiyama, 3 Chome−6−15 エビヤビル 1F"
SiCX,1,distillery,bar,3 Chome-6-12 Higashiyama
八雲,1,japanese_restaurant,asian_restaurant|restaurant,大橋1丁目7-2
権四郎,1,asian_restaurant,professional_services|japanese_restaurant,大橋1丁目7-5
のりこや,1,bar,sake_bar|pub,東京都世田谷区池尻２丁目３４−１６
いが嵐倉庫,1,bar,japanese_restaurant|restaurant,青葉台3丁目19-8
Mellow Aobadai,1,bar,restaurant|diner,"Aobadai, 3 Chome−19−10 2F"
菱膳青葉台店,1,restaurant,,青葉台3丁目13-12 フジハイム
庭,1,japanese_restaurant,restaurant|asian_restaurant,鉢山町9-18
ル・ジャポン,1,japanese_restaurant,french_restaurant|restaurant,青葉台2丁目10-11
福招庵,1,japanese_restaurant,asian_restaurant,代官山町15-7
庵狐 代官山店,1,restaurant,,東京都渋谷区代官山町13-6
代官山ジャンプ,1,restaurant,sake_bar,東京都渋谷区代官山町１３−４
SVB Tokyo,1,bar,bar_and_grill_restaurant,
オンザヒル,1,bar_and_grill_restaurant,bar|restaurant,恵比寿西2-15-9 2F
猫も杓子も,1,japanese_restaurant,restaurant,恵比寿西2丁目14-10
代官,1,japanese_restaurant,sake_bar|restaurant,都渋谷区恵比寿西2丁目14-10
Dish&Packers,1,restaurant,delicatessen,代官山町13-8-105 dish&packers
翠煙-suien gallery- 恵比寿代官山店,1,cafeteria,,
Veggie Farm Tokyo,1,vegetarian_restaurant,restaurant|fruits_and_vegetables,代官山町14-9
こけぴよ,1,japanese_restaurant,restaurant,"Daikanyamacho, 12−1 代官山三栄ビル B1F"
代官山 くま田,1,japanese_restaurant,,代官山町12-16
PARADISSO,1,bar,,猿楽町12-10
梁,1,japanese_restaurant,bar|sake_bar,東京都渋谷区猿楽町１２−１０
だいかんやま 吟,1,japanese_restaurant,asian_restaurant|restaurant,代官山町8-16
代官山のんき,1,restaurant,sake_bar|grocery_store,東京都渋谷区代官山町８−１５
間人,1,japanese_restaurant,restaurant,猿楽町9-8
キッチンパール,1,japanese_restaurant,,鉢山町3-27
渋谷茶屋,1,restaurant,cafe,道玄坂1-18-3
ファンクラブ,1,restaurant,,渋谷区道玄坂1-18-3
活惚れ,1,bar,seafood_restaurant|japanese_restaurant,鶯谷町19-19
とり茶太郎,1,japanese_restaurant,asian_restaurant|restaurant,鶯谷町7-12
Arale,1,bar,asian_restaurant|restaurant,"Uguisudanicho, 7−12 Gran Duo渋谷 1階"
27 MCM,1,japanese_restaurant,bar,鶯谷町6-5
ノート,1,japanese_restaurant,restaurant|diner,桜丘町2-9
THE STANDARD KITCHEN,1,restaurant,,"鶯谷町3-4, ピンキ-ハウス1F"
奥三河,1,japanese_restaurant,asian_restaurant,鶯谷町1-3
ドラゴン,1,japanese_restaurant,event_planning,桜丘町2-3
ToriiAt,1,bar,sake_bar|lounge,"Uguisudanicho, 1−2 パル代官山ビル 1F"
walking panda,1,bar,restaurant|lounge,東京都渋谷区鶯谷町２−８
TAKEMOTO,1,japanese_restaurant,,鶯谷町8-10
京橋たけ本,1,japanese_restaurant,restaurant,
Antiquite,1,pub,bar|restaurant,猿楽町2-5
代官山いっさい喝采,1,restaurant,,渋谷区猿楽町2-5 佐藤エステートビル3号館B1
八乃和,1,japanese_restaurant,restaurant,猿楽町5-8
newTRINO,1,japanese_restaurant,restaurant,3-4 Daikanyamacho
REPLAY@Shibuya,1,bar,barber|pub,渋谷3－20－15　4F
なみの上,1,japanese_restaurant,restaurant|asian_restaurant,東2丁目22-16
ダイトカイ,1,bar,cafe|tea_room,東2丁目20-16
久原[くはら],1,japanese_restaurant,restaurant|asian_restaurant,東2丁目25-38
ナーダ,1,japanese_restaurant,asian_restaurant|restaurant,東2丁目23-8
海老山,1,japanese_restaurant,,東2-23-6
イエローカンパニー恵比寿店,1,japanese_restaurant,asian_restaurant|restaurant,東3丁目14-19
ターボー80,1,restaurant,shoe_store|amateur_sports_league,東京都渋谷区東２丁目１４−１５
カスバ,1,bar,restaurant|arts_and_entertainment,東京都渋谷区東２丁目１４−１５
Heartstrings恵比寿,1,restaurant,coffee_shop|arts_and_entertainment,東2-24-25 B1
Casan カサン,1,comfort_food_restaurant,japanese_restaurant,
No. 10,1,bar,specialty_school|pub,
波波~naminami~,1,japanese_restaurant,restaurant|diner,"Daikanyamacho, 7−2 Ever, １F"
Queue,1,bar,clothing_store|french_restaurant,"Sasaki Bldg., 2 Chome-4-6 Ebisunishi"
Tacubo,1,japanese_restaurant,restaurant|diner,恵比寿西2丁目13-16
Le Coq,1,basque_restaurant,european_restaurant|restaurant,"Ebisunishi, 2 Chome−7−2 ウィンズビル １Ｆ"
ALMA,1,japanese_restaurant,restaurant|diner,"Higashi, 3 Chome−15−6 Mmy Momoyo Bldg., 1F"
気まぐれランチの店〜「サブリ」,1,restaurant,,羽根木2-5-16
茶割ダイナー Do the Boogie,1,restaurant,bar|asian_restaurant,東京都杉並区和泉１丁目３−３
こなや,1,japanese_restaurant,restaurant,和泉1丁目11-3
升屋・満,1,japanese_restaurant,pub|bar,和泉1丁目7-1
Becchi,1,japanese_restaurant,restaurant|sake_bar,1 Chome-3-13 Izumi
音楽広場 アポロ,1,bar,music_venue|arts_and_entertainment,1 Chome-3-15 Izumi
酒里城,1,restaurant,bar|pub,和泉1丁目2-7
世界の龍ちゃんよしき坊,1,japanese_restaurant,restaurant,東京都杉並区和泉１丁目３−１５
大橋商店,1,japanese_restaurant,fruits_and_vegetables|bar,1 Chome-8 Izumi
キッチン こあっと,1,restaurant,bar|japanese_restaurant,大原2丁目23-13
On The Second,1,bar,,2 Chome-26-12 Ohara
下北沢 ラ・カーニャ,1,japanese_restaurant,asian_restaurant|music_venue,
C.R.E.A.M,1,bar,italian_restaurant|pizza_restaurant,大原2丁目26-5
きんせい,1,japanese_restaurant,sake_bar|restaurant,東京都世田谷区大原２丁目２６−５
鉄ぺい,1,japanese_restaurant,restaurant|asian_restaurant,東京都世田谷区大原２丁目２７−３
コント代田橋店,1,japanese_restaurant,restaurant|asian_restaurant,東京都世田谷区大原２丁目１７−１１
Sakasa Daitabashi,1,japanese_restaurant,restaurant|bar,2 Chome-17-12 Ohara
やぐら本店,1,restaurant,,大原2-17-12
Chazu,1,restaurant,japanese_restaurant|cafe,1 Chome-44-4 Sasazuka
Toriya Hana,1,japanese_restaurant,restaurant,"Sasazuka, 1 Chome−28−7 第一レアヒビル 101"
ごっつい笹塚,1,japanese_restaurant,restaurant,笹塚1丁目33-15
山横沢,1,japanese_restaurant,,笹塚1丁目58-9
canpai_button,1,restaurant,,Tokyo shibuya
まるま,1,japanese_restaurant,restaurant|diner,笹塚1丁目29-7
Fun Sasazuka Store,1,bar,active_life,"B1, 1 Chome-22-5 Sasazuka"
おかめ亭,1,japanese_restaurant,asian_restaurant|restaurant,笹塚1丁目24-16
三郎,1,bar,barbecue_restaurant|japanese_restaurant,笹塚1丁目16-6
金兎,1,japanese_restaurant,asian_restaurant|restaurant,笹塚1丁目24-1
麟,1,bar,restaurant,東京都渋谷区笹塚１丁目１６−５
炭豚豚,1,japanese_restaurant,restaurant|diner,笹塚1丁目15-5
三貴屋,1,japanese_restaurant,restaurant|bar,北沢5丁目34-11
Flava Joint,1,restaurant,diner|asian_restaurant,大原1丁目15-12
から騒ぎ屋,1,restaurant,japanese_restaurant|asian_restaurant,笹塚1-58-13フィエスタ笹塚4F
やまもと 代々木上原,1,japanese_restaurant,restaurant|diner,大山町46-10
笹吟,1,japanese_restaurant,restaurant|asian_restaurant,上原1丁目32-15
終日ワン,1,bar,gastropub|restaurant,上原3丁目44-11
山都,1,japanese_restaurant,,上原3-1-17
Pigeon,1,restaurant,french_restaurant|steakhouse,"Uehara, 3 Chome−1−3 タカタビル"
あんちゅう 代々木上原,1,japanese_restaurant,italian_restaurant|restaurant,"Uehara, 2 Chome−48−9 松崎ビル"
竹乃,1,japanese_restaurant,restaurant,上原3丁目2-2
Quindi,1,japanese_restaurant,diner|restaurant,"Uehara, 2 Chome−48−12 東洋代々木上原コーポ 101"
Kamusu カームス,1,restaurant,bar|beer_garden,东京都涩谷区上原 1丁目18-7
サウダーヂな東京,1,bar,sake_bar|pub,1 Chome-32-5 Uehara
サンジュウロクドゴブキッチン,1,japanese_restaurant,restaurant|diner,上原1丁目32-18
ごきらく亭,1,restaurant,barbecue_restaurant|japanese_restaurant,上原1丁目32-18
でばやし,1,bar,japanese_restaurant|restaurant,"Uehara, 1 Chome−32−18 小林ビル 2F"
nanca,1,japanese_restaurant,restaurant,"Uehara, 1 Chome−32−32 18YYビル 1F"
collect,1,bar,japanese_restaurant|restaurant,"Uehara, 1 Chome−33−12 ちとせビル １階"
代々木上原 Esola,1,food_and_drink,restaurant,
三貴,1,bar,japanese_restaurant|barbecue_restaurant,上原1丁目33-16
Toripletta,1,bar,sports_and_recreation_venue,上原1丁目33-16
ジャンプ,1,japanese_restaurant,bar|restaurant,上原1丁目33-16
常盤,1,japanese_restaurant,barbecue_restaurant|bar,上原1丁目35-6
虎の子代々木上原店,1,japanese_restaurant,restaurant|bar_and_grill_restaurant,東京都渋谷区上原１丁目３５−６
ふうらい坊,1,restaurant,burger_restaurant|cafe,上原1丁目35-9
きんはる,1,japanese_restaurant,asian_restaurant|restaurant,東京都渋谷区上原１丁目３４−７
Aozora,1,japanese_restaurant,,"Uehara, 1 Chome−34−8 片岡ビル"
Uo-sao,1,japanese_restaurant,restaurant,1 Chome-17-11 Uehara
山せみ,1,japanese_restaurant,restaurant,上原1丁目17-14
喜わ,1,japanese_restaurant,restaurant,東京都渋谷区上原１丁目１７−１４
UEHARA PARLOR ウエハラ パーラー,1,restaurant,,上原1東京都渋谷区上原1丁目36-12 ナイトウビル 2F 3F
潮待ち,1,japanese_restaurant,sushi_restaurant|asian_restaurant,東京都渋谷区上原１丁目３４−１０
アホ・アホ,1,japanese_restaurant,restaurant|diner,上原1丁目34-8
鮒与,1,japanese_restaurant,restaurant|asian_restaurant,上原1丁目34-8
民屋,1,bar,restaurant|japanese_restaurant,上原1丁目35-2
代々木八幡 七福,1,bar,pub,富ヶ谷1-3-13
楽,1,japanese_restaurant,,西原3-2-4
まんぷく 代々木上原,1,japanese_restaurant,restaurant,西原3丁目1-4
鉄板焼 Note,1,japanese_restaurant,,西原3-3-1
鉄板焼 Jib,1,japanese_restaurant,restaurant|steakhouse,西原3丁目3-1
笑助,1,bar,japanese_restaurant|sushi_restaurant,西原3丁目4-4
WATF,1,bar,pub,3 Chome-4-5 Nishihara
くぼぞの,1,japanese_restaurant,asian_restaurant|restaurant,3 Chome-14-1 Nishihara
代々木上原 ゆう,1,japanese_restaurant,bar,西原3丁目22-12
WE ARE THE FARM,1,vegan_restaurant,,西原3-24-10
青,1,japanese_restaurant,asian_restaurant|restaurant,西原3丁目24-12
And piece,1,restaurant,french_restaurant|cafe,東京都渋谷区西原３丁目２５−４
茂幸,1,japanese_restaurant,sushi_restaurant,東京都渋谷区西原２丁目１７−３
おこん,1,japanese_restaurant,restaurant|diner,西原2丁目48-2
幡ヶ谷jica,1,restaurant,halal_restaurant|japanese_restaurant,西原２丁目４９−５
兎屋,1,japanese_restaurant,bar|restaurant,笹塚1丁目10-6
笹よし,1,japanese_restaurant,restaurant|asian_restaurant,幡ヶ谷2丁目30-2
兆治,1,bar,restaurant|pub,幡ヶ谷1丁目6-3
諸菜匠,1,japanese_restaurant,restaurant|asian_restaurant,幡ヶ谷1丁目3-1
ripen,1,restaurant,,"Nishihara, 2 Chome−32−11 パァク・サクラハウス"
美虎,1,japanese_restaurant,restaurant|diner,西原2丁目32-6
祐定,1,japanese_restaurant,restaurant|asian_restaurant,西原2丁目28-3
宮崎商店,1,food_and_drink,restaurant,東京都渋谷区西原2-28-4
jicca,1,restaurant,japanese_restaurant|wine_bar,"Nishihara, 2 Chome−27−4 升本ビル"
ハチドリ,1,restaurant,,西原1丁目40-18
狐狸庵亭,1,japanese_restaurant,restaurant,"Hatagaya, 1 Chome−32−1 村川ビル"
Mog-Wai,1,bar,restaurant,102 1 Chome-33-6 Hatagaya
五鉢,1,japanese_restaurant,restaurant|diner,西原1丁目22-9
幡ヶ谷ゴールデンセンター店,1,fast_food_restaurant,,東京都渋谷区幡ヶ谷１－３－１ゴ－ルデンセンタ－Ｂ１
うね女,1,japanese_restaurant,restaurant|asian_restaurant,2-chōme-13 Hatagaya
pedaruchicken_hatagaya,1,restaurant,,東京都渋谷区幡ヶ谷2-13-4
Alldrop / オールドロップ,1,food_and_drink,,幡ヶ谷2-8-9
しんざ笑もん,1,japanese_restaurant,,幡ヶ谷2丁目8-10
とりあん 幡ヶ谷店,1,japanese_restaurant,chicken_restaurant|restaurant,幡ヶ谷2丁目8-9
Chocoball Family,1,pub,bar|fast_food_restaurant,東京都渋谷区幡ヶ谷２丁目８−５
島物語,1,japanese_restaurant,restaurant,幡ヶ谷2丁目8-5
幡が谷のらんぽう,1,japanese_restaurant,bar|restaurant,"Hatagaya, 2 Chome−12−17 清水荘 1-D"
Vocal,1,japanese_restaurant,restaurant,2 Chome-12-11 Hatagaya
ずるずる処せじけん,1,bar,japanese_restaurant|restaurant,幡ヶ谷2丁目9-19
米子 (こめこ),1,restaurant,,幡ヶ谷2-5-3
ファンカ,1,bar,restaurant|pub,幡ヶ谷2丁目7-6
よこや,1,bar,sake_bar|japanese_restaurant,幡ヶ谷2丁目1-5
炭焼き こむらど,1,restaurant,sake_bar|japanese_restaurant,東京都渋谷区本町１丁目２２−５
我武者羅,1,japanese_restaurant,restaurant,幡ヶ谷2丁目15-5
幡ヶ谷ベース,1,japanese_restaurant,,幡ヶ谷2-6-5
Detox,1,asian_fusion_restaurant,asian_restaurant|restaurant,幡ヶ谷2丁目6-5
幡ヶ谷MiLK,1,diner,,幡ヶ谷2-1-4 ACN渋谷幡ヶ谷ビルB1
スキューバ,1,restaurant,,幡ヶ谷1丁目1-5 第一岩田ビル B1F
もろこし,1,bar,bar_and_grill_restaurant|wine_bar,"Hatagaya, 1 Chome−1−4 アビタビル1F"
ごろっ八,1,bar,restaurant|japanese_restaurant,1 Chome-17-11 Honmachi
いな泉,1,japanese_restaurant,restaurant|bar,本町1丁目12-1
SENNE,1,restaurant,,"Hatagaya, 2 Chome−47−1 ダイショービル 1F"
なおたん,1,japanese_restaurant,restaurant|diner,幡ヶ谷2丁目47-1
くろ黒亭,1,japanese_restaurant,asian_restaurant|bar,幡ケ谷2丁目48-5
カナボウ,1,food_and_drink,,48-2 Hatagaya 2-Chōme
大黒屋幡ケ谷店,1,bar,restaurant|asian_restaurant,本町6丁目35-3
池田屋差入店,1,food_and_drink,bar,
Aloha New York,1,bar,,2 Chome-15-9 Hatagaya
茶びん,1,japanese_restaurant,bar|sake_bar,幡ケ谷2丁目14-7
南(サザン),1,bar,wine_bar|restaurant,南台4-53-9
One Life,1,bar,pub|professional_services,3 Chome-14-1 Sasazuka
喜の字,1,japanese_restaurant,restaurant|cafe,笹塚3丁目19-2
Onze,1,bar,diner|restaurant,笹塚3丁目19-2
竹もと,1,japanese_restaurant,bar|restaurant,笹塚3丁目13-9
ささ家,1,japanese_restaurant,restaurant|delicatessen,東京都渋谷区笹塚３丁目１８−９
Temari Kitchen,1,japanese_restaurant,restaurant|diner,"Sasazuka, 2 Chome−10−6 1階 6号室"
栞,1,bar,bar_and_grill_restaurant|pub,笹塚2丁目11-8
麦の家,1,bar,italian_restaurant|japanese_restaurant,笹塚2丁目11-8
とんくる,1,japanese_restaurant,noodles_restaurant|restaurant,笹塚2丁目11-7
ゆうやけこやけ,1,japanese_restaurant,bar|restaurant,笹塚1丁目57-15
大国家,1,pub,bar|restaurant,笹塚1丁目57-16
MANIMAL,1,japanese_restaurant,restaurant|diner,笹塚1丁目57-10
蒼凛,1,japanese_restaurant,restaurant,笹塚2丁目30-9
Excite Lucky,1,bar,,"Sasazuka, 3 Chome−31−10 笹塚サンハイツ 1F"
Böel,1,bar,,方南1-12-13
ランチョン クラブ 家,1,bar,italian_restaurant,和泉1丁目39-10
なべ鉄,1,japanese_restaurant,restaurant|bar,方南2丁目23-2
とよ福,1,japanese_restaurant,restaurant,方南2丁目12-16
玄六,1,bar,restaurant|japanese_restaurant,和泉4丁目51-17
宇のじ,1,japanese_restaurant,restaurant,2 Chome-11-8 Honan
一心太助,1,japanese_restaurant,bar|restaurant,方南2丁目12-27
やなぎ亭,1,japanese_restaurant,bar|sake_bar,方南2丁目13-11
Tokyo Diner,1,diner,bar|restaurant,"Minamidai, 3 Chome−12−10 扶桑ハイツ中野南台"
三味庵,1,asian_restaurant,restaurant|japanese_restaurant,南台3丁目24-8
れんがはうす,1,japanese_restaurant,barbecue_restaurant|restaurant,方南2丁目15-2
キッチンなべ,1,japanese_restaurant,asian_restaurant|restaurant,方南2丁目15-11
ワイズ 加藤,1,japanese_restaurant,restaurant|bar,方南2丁目15-5
歓喜,1,restaurant,sake_bar|bar,方南2丁目15-6
パトラ,1,pub,bar|clothing_store,八幡町 745
食べごろ野菜キッチンマキング,1,japanese_restaurant,bar|restaurant,"Honan, 2 Chome−23−6 林ビル 101"
わいわい,1,japanese_restaurant,restaurant|diner,杉並区堀ノ内2丁目12-17
福八 阿佐ヶ谷,1,restaurant,bar,東京都杉並区阿佐谷北2-12-23
五六八,1,japanese_restaurant,restaurant,2 Chome-43 Wada
まん月,1,japanese_restaurant,restaurant,和田3丁目10-3
Gabela,1,bar,italian_restaurant|coffee_shop,弥生町5丁目26-9
by the way,1,bar,,和田1-18-4
Kitchen菊村,1,restaurant,buffet_restaurant|salad_bar,弥生町5丁目27-1
京香西新宿店,1,restaurant,,弥生町4丁目34-5
GOODLUCK,1,bar_and_grill_restaurant,sake_bar,"Yayoicho, 3 Chome−5−16 １０１"
Avventura,1,bar,japanese_restaurant|restaurant,"Yayoicho, 3 Chome−33−1 ヤヨイパレス"
うえのまる,1,japanese_restaurant,food_stand,東京都中野区弥生町３丁目２０−１０
おっぽや,1,bar,japanese_restaurant|restaurant,3 Chome-34-7 Yayoicho
寿花,1,japanese_restaurant,restaurant|asian_restaurant,弥生町3丁目34-7
ラフピット,1,bar,,東京都中野区弥生町４丁目３７−５
ひだまりや,1,japanese_restaurant,,弥生町2-40-10
ゆらゆら,1,bar,restaurant,弥生町2丁目21-6
吉富,1,japanese_restaurant,seafood_restaurant|restaurant,本町3丁目2-5
アマンジョウ,1,japanese_restaurant,bar|asian_restaurant,弥生町2丁目15-13
たき川,1,japanese_restaurant,sushi_restaurant|bar,2 Chome-14-4 Yayoicho
キャッツクレイドル,1,bar_and_grill_restaurant,cafe,
meat.meet,1,asian_restaurant,restaurant|steakhouse,弥生町2丁目31-16
丸井商店,1,japanese_restaurant,candy_store,"Yayoicho, 1 Chome−19−9 跡川ビル"
Lab.ludique,1,restaurant,italian_restaurant|diner,1 Chome-54-12 Yayoicho
理せい,1,bar,japanese_restaurant|restaurant,本町3丁目11-3
なかの藤本,1,japanese_restaurant,bar|sushi_restaurant,弥生町1丁目43-11
Re:Boot,1,bar,,2 Chome-39-2 Honmachi
花たろう,1,japanese_restaurant,restaurant|asian_restaurant,弥生町4丁目25-1
moselle,1,bar,,幡ヶ谷3-59-1
バリトラ高円寺本店,1,bar,pub,高円寺南3-69-1
ちゃた,1,bar,pub|cocktail_bar,幡ケ谷3丁目11-9
boat,1,bar,restaurant,"Honmachi, 6 Chome−38−10 大竹ビル"
幸福屋幡ヶ谷,1,japanese_restaurant,sushi_restaurant,幡ヶ谷3丁目8-7
てんてんてん 幡ヶ谷店,1,bar,sushi_restaurant|japanese_restaurant,本町6丁目37-6
サンキャッチャー 幡ヶ谷,1,restaurant,italian_restaurant|cafe,本町6-34-3-101
Add_hatsudai,1,restaurant,, 東京都渋谷区本町２丁目９−１２FARE初台 1F
がっちょん,1,japanese_restaurant,,本町6-15-9
輪ごん,1,japanese_restaurant,sushi_restaurant,本町6丁目15-9
味菜亭 ROCCO,1,restaurant,japanese_restaurant|diner,本町2丁目18-13
福ノ家,1,japanese_restaurant,,本町2-20-5
Hatsune,1,pub,bar|restaurant,本町2丁目7-9
ネギッチン negi negi,1,japanese_restaurant,restaurant|bar,東京都渋谷区本町２丁目１６−７
ニューマタンゴ,1,bar,pub|beer_bar,本町2丁目16-7
ねこまど,1,bar,sake_bar|japanese_restaurant,初台1丁目38-10
加賀,1,japanese_restaurant,noodles_restaurant|restaurant,本町1丁目2-3
りんどう,1,bar,restaurant|pub,"Honmachi, 1 Chome−2−3 2階"
初台店,1,fast_food_restaurant,,東京都渋谷区本町１－４－１２
Port House,1,japanese_restaurant,,1 Chome-4-4 Honmachi
熊本牧場直営寺島商店,1,japanese_restaurant,,本町1-51-10
ツヴァイ ヘルツェン,1,restaurant,european_restaurant|japanese_restaurant,"Honmachi, 1 Chome−54−4 ツバイヘルツェン"
Ryu's,1,bar,karaoke|sports_bar,"Honmachi, 2 Chome−4−3 中尾ビル 3F"
海燕亭,1,japanese_restaurant,restaurant|asian_restaurant,西新宿3丁目20-2
百跳,1,japanese_restaurant,bar|sushi_restaurant,西新宿3丁目20-2
テキサス オペラシティ店,1,restaurant,japanese_restaurant,西新宿3丁目20-2
だん家 東京オペラシティ店,1,japanese_restaurant,restaurant|diner,"Nishishinjuku, 3 Chome−20−2 東京オペラシティ 2F"
ボニュ,1,japanese_restaurant,restaurant,代々木4丁目22-17
よよぎの森,1,restaurant,diner,代々木神園町1-2
Lion Share,1,asian_restaurant,indian_restaurant|pakistani_restaurant,"Yoyogi, 3 Chome−1−7 ライオンズマンション代々木"
Bowery LANE NY Table,1,restaurant,," 1-25-11, Uehara"
カルカ,1,japanese_restaurant,bar|sushi_restaurant,東京都渋谷区代々木３丁目２９−５
ポポラーレネオ,1,mediterranean_restaurant,restaurant,2 Chome-20-12 Yoyogi
シノカツホーム,1,bar,,東京都
宝の蔵新宿ワシントンホテル店,1,restaurant,,西新宿3丁目2-9 新宿ワシントンホテル B1
爽季,1,japanese_restaurant,restaurant|asian_restaurant,西新宿3丁目2-9
Manhattan Table,1,restaurant,american_restaurant|bar_and_grill_restaurant,"Nishishinjuku, 3 Chome−2−9 Shinjuku Washington Hotel, 25F"
ふじた,1,japanese_restaurant,steakhouse|restaurant,西新宿3丁目2-9
釜田西新宿店,1,bar,japanese_restaurant|restaurant,西新宿3丁目8-13
MENZO,1,japanese_restaurant,bar,東京都新宿区西新宿３丁目７−１
Carne Rico Katete新宿,1,japanese_restaurant,barbecue_restaurant|asian_restaurant,西新宿3丁目7-1
ふらんす屋,1,japanese_restaurant,french_restaurant|restaurant,西新宿4-23-6
味咲家,1,japanese_restaurant,sushi_restaurant|restaurant,西新宿3丁目7-26
サントゥール,1,restaurant,french_restaurant|bar,東京都新宿区西新宿4丁目35-17
みょうがや,1,japanese_restaurant,restaurant|asian_restaurant,本町2丁目1-1
味よし中野坂上店,1,restaurant,bar|eat_and_drink,本町2丁目2-9
頓歩,1,bar,restaurant|pub,西新宿4丁目25-10-A
幸花,1,japanese_restaurant,,西新宿4丁目29-6 WisビルB1F
福助,1,japanese_restaurant,noodles_restaurant,西新宿4丁目15-21
Chakey's,1,bar,restaurant|japanese_restaurant,4 Chome-14-7 Nishishinjuku
かくれ家,1,bar,restaurant|japanese_restaurant,西新宿4丁目12-13
あべや,1,japanese_restaurant,sushi_restaurant|sake_bar,
グラナダ,1,restaurant,diner,"Nishishinjuku, 4 Chome−12−15 2F"
愚羅奈陀,1,japanese_restaurant,restaurant|diner,西新宿4丁目12-15
Picasso WEST Laboratory,1,restaurant,bar_and_grill_restaurant,"Nishishinjuku, 4 Chome−16−11 1階"
もーれ・もーれ,1,restaurant,japanese_restaurant|bar,西新宿4-3-10
hanamidori,1,japanese_restaurant,,5 Chome-25-1 Nishishinjuku
フクラ家西新宿店,1,japanese_restaurant,restaurant|asian_restaurant,西新宿4丁目2-19
あいつん家,1,bar,sake_bar|cocktail_bar,"Nishishinjuku, 5 Chome−8−8 メゾン･ド･新宿 B1F"
方屋,1,japanese_restaurant,asian_restaurant|restaurant,西新宿5丁目8-8
ゆでめん,1,japanese_restaurant,,
つちや,1,japanese_restaurant,restaurant,西新宿5丁目5-6
アンドシー,1,restaurant,coffee_shop|cafe,西新宿5丁目12-7
もり平,1,japanese_restaurant,sushi_restaurant|restaurant,西新宿6丁目17-7
十二社巽,1,japanese_restaurant,restaurant|asian_restaurant,西新宿6丁目17-7
林屋 Hayashiya,1,japanese_restaurant,,東京都新宿区西新宿６丁目１２−１６
和田平新宿店,1,japanese_restaurant,,西新宿6-6-2
伊勢 グリーンビル店,1,japanese_restaurant,restaurant|diner,西新宿6丁目14-1
ひじり屋西新宿店,1,japanese_restaurant,restaurant,西新宿6丁目16-12
美食処作治西新宿店,1,japanese_restaurant,restaurant|diner,西新宿6丁目16-10
いちぞう,1,japanese_restaurant,pub,西新宿4丁目14-2
夢の橋,1,restaurant,bar,"""新宿区西新宿4-14-3, ライフコーポ土屋"""
串竹,1,japanese_restaurant,restaurant|asian_restaurant,西新宿4丁目14-4
グラスコート,1,buffet_restaurant,restaurant|cafe,東京都新宿区西新宿２丁目２−１
樹林,1,restaurant,cafe,西新宿2丁目2-1
Mu-Mu 西新宿,1,restaurant,asian_restaurant|japanese_restaurant,西新宿2丁目6-1
Dishers,1,japanese_restaurant,restaurant|diner,"Nishishinjuku, 2 Chome−6−1 Shinjuku Sumitomo bldg., B1F"
デッシャーズ 新宿住友ビル店,1,japanese_restaurant,,西新宿2-6-1
Junisoh,1,japanese_restaurant,restaurant|asian_restaurant,西新宿6丁目6-2
チェッカーズ,1,restaurant,italian_restaurant|fast_food_restaurant,西新宿6丁目6-2
とんちんかん,1,japanese_restaurant,restaurant,
Shinjyuku KIZENBOU,1,japanese_restaurant,,西新宿2-1-1
新宿かなえ,1,restaurant,japanese_restaurant,西新宿2丁目1-1
心灯,1,bar,japanese_restaurant|asian_restaurant,西新宿1丁目26-2
Hagoromo,1,bar,restaurant|italian_restaurant,西新宿1丁目26-2
イエローカンパニー 新宿店,1,japanese_restaurant,asian_restaurant|restaurant,西新宿1丁目26-2
萬屋,1,bar,restaurant|gastropub,江東橋3-8-12 KINSIA ANNEX5F
OmtRak.pit 新宿野村ビル店,1,restaurant,,西新宿1-26-2
卯乃家西新宿野村ビル店,1,japanese_restaurant,restaurant|diner,西新宿1丁目26-2
星空の中へ,1,restaurant,diner|japanese_restaurant,西新宿1丁目26-2
Ferrous,1,japanese_restaurant,steakhouse|restaurant,"Nishishinjuku, 1 Chome−6−1 Shinjuku L Tower, B2"
隠豚,1,japanese_restaurant,restaurant,西新宿1丁目24-1
JIS NISHISHINJUKU,1,bar,,西新宿1-8-5
SOLAMIGO 新宿店,1,bar,,西新宿1‐11‐12
今佐,1,japanese_restaurant,,西新宿1丁目13-1 今佐ビル
渡邊,1,restaurant,japanese_restaurant,西新宿1丁目12-10
Mikore,1,japanese_restaurant,asian_restaurant,"Nishishinjuku, 1 Chome−13−8 朝日新宿ビル B１"
Pandalinda Shinjuku,1,bar,cafe,"Nishishinjuku, 1 Chome−13−3 西新ビル B1"
わ久,1,bar,hotel|sushi_restaurant,西新宿1丁目13-8
伊勢屋 西新宿店,1,restaurant,,東京都新宿区西新宿１丁目１３−５
Ninja Shinjuku,1,japanese_restaurant,theme_restaurant|restaurant,西新宿1丁目11-11
新高揚,1,japanese_restaurant,restaurant,西新宿1丁目16-13
ジーパニック,1,bar,,西新宿1丁目16-11 西新宿泰和ビル 2F
一竜,1,japanese_restaurant,asian_restaurant,東京都新宿区西新宿１丁目１６−１０
シャローム,1,bar,,西新宿1丁目15-13
新宿プリティキャロット,1,bar,,西新宿1-16-8
BARAWA,1,bar,pub|restaurant,西新宿1丁目14-4
和の宴,1,japanese_restaurant,restaurant,西新宿1丁目14-5
Ichikakuya Nishishinjuku,1,japanese_restaurant,restaurant|diner,"Nishishinjuku, 1 Chome−14−5 新和ビル １F"
「ソロ山」,1,lounge,cafe|coffee_shop,"Nishishinjuku, 1 Chome−15−9 VINTAGE1ビル 8階"
寅長,1,japanese_restaurant,restaurant|bar,西新宿1丁目15-10
麓屋 京王プラザホテル,1,japanese_restaurant,restaurant,東京都新宿区西新宿２丁目２−１
Ginza,1,japanese_restaurant,restaurant|asian_restaurant,西新宿 2-7-2
かがり,1,restaurant,japanese_restaurant|hotel,東京都新宿区西新宿２丁目２−１
立川田田,1,japanese_restaurant,restaurant|delicatessen,東京都
ChuChuna シュシュナ,1,restaurant,,丸の内1丸の内2丁目19-12
伊勢NS店,1,japanese_restaurant,restaurant|asian_restaurant,西新宿2丁目4-1
ごだいご新宿住友ビル店,1,japanese_restaurant,restaurant|diner,西新宿2丁目6-1
さ竹新宿店,1,restaurant,japanese_restaurant,西新宿1丁目19-4
わびすけ,1,japanese_restaurant,restaurant,西新宿1丁目19-2
沙羅,1,bar,chinese_restaurant|restaurant,代々木2丁目11-12
Volco,1,restaurant,spanish_restaurant|bar,代々木2丁目14-1
Tokoyo - Japan,1,japanese_restaurant,,
南新宿店,1,fast_food_restaurant,,東京都渋谷区代々木２－６－７
星夜の宴,1,bar,sake_bar|restaurant,代々木2丁目10-1
美禄亭,1,bar,japanese_restaurant|restaurant,代々木2丁目9-2
吉力,1,japanese_restaurant,sushi_restaurant|bar,代々木2丁目9-21
味屋,1,japanese_restaurant,sushi_restaurant|restaurant,代々木2丁目7-6
Tontake,1,japanese_restaurant,asian_restaurant,"Yoyogi, 2 Chome−7−6 2F GSハイム佐藤ビル1F"
BREE,1,restaurant,,千駄ヶ谷5-24-2
オハナ,1,food_and_drink,,千駄ヶ谷 5-24-2 新宿高島屋 B1F
マスマス,1,japanese_restaurant,restaurant,千駄ヶ谷5丁目33-3
はなもんや,1,japanese_restaurant,restaurant|diner,新宿4丁目1-9
Garden House,1,japanese_restaurant,restaurant|asian_restaurant,"Shinjuku, 4 Chome−1−6 ＮＥＷｏＭａｎ 4F"
北丸,1,restaurant,,"新宿4丁目1-13, 田園新宿ビル 10F"
JR新宿南口店,1,fast_food_restaurant,,東京都新宿区新宿４－１－１３
にくたびと,1,japanese_restaurant,,新宿4丁目2-8 るるぶキッチンビルヂング2F
新宿ライム,1,japanese_restaurant,restaurant|diner,西新宿7丁目4-7
こなん,1,restaurant,food_delivery_service|asian_restaurant,左門町3
神田屋,1,restaurant,bar|fishmonger,東京都新宿区新宿３丁目７−３
今澤,1,japanese_restaurant,restaurant|sake_bar,新宿3丁目32-10
Tokyo Kitchen,1,japanese_restaurant,bar_and_grill_restaurant|restaurant,新宿3丁目32-10
#ヒロキヤ新宿,1,restaurant,,新宿3-35-17
新宿ドゥースラー,1,bar,music_venue|event_planning,新宿3丁目35-1
たつ屋新宿店,1,japanese_restaurant,sushi_restaurant|restaurant,新宿3丁目35-2
プチバリエ,1,japanese_restaurant,eat_and_drink|pancake_house,新宿3丁目36-2
浪曼房,1,japanese_restaurant,bar|restaurant,新宿3丁目35-3
Kouya,1,bar,japanese_restaurant|restaurant,新宿3丁目35-13
ろくもんや,1,japanese_restaurant,asian_restaurant|restaurant,新宿3丁目35-13
とさか,1,japanese_restaurant,restaurant|bar,新宿3丁目35-13
串タロー,1,japanese_restaurant,restaurant,新宿3丁目35-10
鶏撰,1,chicken_wings_restaurant,,千駄ヶ谷5-24-55
ローズマリーズ東京,1,bar,restaurant|italian_restaurant,
Coto Coto Saryo,1,japanese_restaurant,restaurant,西新宿1丁目1-3
LAND MEAT CENTER,1,bar,,西新宿1-1-5
たまの里新宿南口店,1,restaurant,bar|japanese_restaurant,東京都新宿区西新宿１丁目１−６
房's 西新宿,1,japanese_restaurant,restaurant,西新宿1丁目18-1
紀州屋,1,japanese_restaurant,asian_restaurant|restaurant,西新宿1丁目18-1
くろがね 玄鉄,1,japanese_restaurant,,"Nishishinjuku, 1 Chome−18−16 Sakae Building, 西口 4階"
rokkasen,1,restaurant,,"西新宿1丁目3-1, 新宿サンフラワ-ビル6階・7階"
さがたに,1,japanese_restaurant,,西新宿1-1
麦星,1,restaurant,japanese_restaurant,西新宿1丁目1-3
本味楽,1,restaurant,japanese_restaurant|asian_restaurant,東京都新宿区西新宿１丁目１−４
Sentaro,1,japanese_restaurant,,西新宿1-1-4
WAGYU MANGO,1,asian_restaurant,,新宿3-37-12
御庭 新宿,1,japanese_restaurant,,新宿3-37-12
歌舞伎町の狩人,1,bar,pub|japanese_restaurant,歌舞伎町2丁目41-3
銀波,1,bar,restaurant|japanese_restaurant,新宿3丁目37-12
マルモキッチン ルミネエスト新宿店,1,japanese_restaurant,restaurant|diner,"Shinjuku, 3 Chome−38−1 ルミネエスト新宿 ８Ｆ"
黒十 ルミネエスト新宿店,1,japanese_restaurant,restaurant,"Shinjuku, 3 Chome−38−1 ルミネエスト新宿店 7F"
福助小田急店,1,japanese_restaurant,restaurant|diner,西新宿1丁目1-3
Shinjuku Kitchen 012,1,restaurant,,西新宿1丁目1-3
Molte Volte モルテ ボルテ 小田急百貨店新宿店,1,restaurant,bar,東京都新宿区西新宿７丁目９−１５
わぉん,1,japanese_restaurant,bar|sake_bar,西新宿1丁目1-3
良彌 新宿店 - よしや,1,restaurant,japanese_restaurant|halal_restaurant,東京都新宿区西新宿1丁目1-2
青葉 小田急新宿店,1,restaurant,japanese_restaurant|barbecue_restaurant,東京都新宿区西新宿1 12f
わらびや,1,japanese_restaurant,restaurant,西新宿1丁目1-1
こけこっこ,1,japanese_restaurant,asian_restaurant|restaurant,西新宿1丁目1-1
ハリーズ ニューヨーク,1,restaurant,bar|pub,西新宿1-4-2 141ビルB1
彩宴西新宿プリンスビル店,1,japanese_restaurant,restaurant|diner,西新宿1丁目4-1
バガボンド,1,japanese_restaurant,bar|restaurant,西新宿1丁目4-20
海幸山幸,1,bar,japanese_restaurant|restaurant,西新宿1丁目4-5
あばらや,1,japanese_restaurant,bar|restaurant,東京都新宿区西新宿１丁目４−２０
大江戸新宿西口店,1,japanese_restaurant,restaurant,西新宿1丁目3-1
朝起,1,japanese_restaurant,,西新宿1丁目2-14
江戸小町 技屋,1,japanese_restaurant,sushi_restaurant|sake_bar,"Nishishinjuku, 1 Chome−2−1 思横ビル 4F"
新宿思い出横丁 きくや,1,japanese_restaurant,restaurant|diner,東京都新宿区西新宿１丁目２−４
もります,1,japanese_restaurant,restaurant,西新宿1丁目2-7
安兵衛別館,1,japanese_restaurant,diner|restaurant,西新宿1丁目2-7
五十鈴,1,japanese_restaurant,restaurant|diner,西新宿1丁目2-7
縄文の豚,1,bar,sake_bar|japanese_restaurant,西新宿1丁目2-10
辰乃屋,1,japanese_restaurant,restaurant,西新宿1丁目2-7
宝来家,1,japanese_restaurant,restaurant|asian_restaurant,西新宿1丁目2-7
丸庄,1,japanese_restaurant,restaurant,東京都新宿区西新宿１丁目２−７
torie,1,japanese_restaurant,asian_restaurant|restaurant,1 Chome-2-7 Nishishinjuku
あぶり 清水思い出横丁店,1,japanese_restaurant,restaurant,1 Chome-2-8 Nishishinjuku
つばめぐみ,1,japanese_restaurant,,西新宿1-2-7
らくがき,1,japanese_restaurant,restaurant,西新宿1丁目2-7
志の笛,1,japanese_restaurant,restaurant|bar,西新宿1丁目2-7
天空の囲,1,bar,sake_bar|japanese_restaurant,新宿3丁目23-2
JIS Shinjuku,1,bar,lounge,"Shinjuku, 3 Chome−23−7 ユニカビル9F"
豊勝,1,japanese_restaurant,restaurant|diner,新宿3丁目23-5
新宿三國一,1,japanese_restaurant,restaurant,新宿3-24-8
銀乃泉,1,restaurant,,新宿3丁目22-4
新宿テラス 新宿東口駅前店,1,restaurant,italian_restaurant|bar,東京都新宿区新宿３丁目２３−１２ パンドラビル 5F
Cheese Table Shinjuku Store,1,restaurant,cafe,"Shinjuku, 3 Chome−23−12 Pandora Building, 7F"
Sumiya Shinjuku,1,restaurant,supermarket|grocery_store,新宿3丁目22-11
色 iro,1,japanese_restaurant,bar_and_grill_restaurant|eat_and_drink,新宿3丁目18-1
るるぶキッチン,1,restaurant,japanese_restaurant|eat_and_drink,"Shinjuku, 3 Chome−17−7 紀伊國屋書店 新宿本店 地下1階"
J-Club,1,bar,restaurant|sake_bar,新宿3丁目17-21
Bus Ainori Sanchome Terrace,1,bar_and_grill_restaurant,beer_bar|restaurant,3 Chome-16-4 Shinjuku
珈穂音,1,japanese_restaurant,restaurant|sake_bar,新宿3丁目17-7
水山新宿店,1,japanese_restaurant,restaurant|diner,新宿3丁目17-7
街場,1,bar,,3 Chome-17-3 Shinjuku
あじわい,1,bar,sake_bar|restaurant,新宿3丁目25-9
虎丸,1,japanese_restaurant,restaurant|fast_food_restaurant,歌舞伎町1丁目6-3
卯作,1,japanese_restaurant,restaurant|asian_restaurant,新宿3丁目21-1
花の宴,1,japanese_restaurant,asian_restaurant|restaurant,新宿3丁目21-4
MOUTON,1,restaurant,gastropub|pub,新宿3丁目21-7
Halal Restaurant,1,restaurant,asian_restaurant|coffee_shop,"Shinjuku, 3 Chome−21−1 日銀物産ビル 1.2.3.4階"
甲斐路のだぴん,1,bar,,新宿3丁目21-3 東和ビル B1F
Attic Room Shinjuku,1,bar,cafe|diner,"全日第3新宿東口ビル ４－５Ｆ, 3 Chome-21-2 Shinjuku"
きゃばちん,1,japanese_restaurant,real_estate,歌舞伎町1-5-9　新宿ノアビル10階
新宿 秀山,1,restaurant,,"歌舞伎町1丁目2-2, サブナ-ド地下街 1丁目"
Chicken Wings,1,restaurant,chicken_restaurant|italian_restaurant,1 Chome-2-1 Kabukicho
まき串串タロー,1,japanese_restaurant,restaurant|diner,新宿3丁目20-2
Bsm,1,bar,cafe|restaurant,新宿3-20-1
RAUM新宿,1,bar,lounge|cocktail_bar,新宿5丁目17-13
十九家 新宿3丁目駅前店,1,bar,,新宿5-17-13
Mingle Tangle,1,japanese_restaurant,,新宿3-15-17
大盤振舞新宿歌舞伎町,1,restaurant,japanese_restaurant,歌舞伎町1丁目21-1
Kitchen Stage,1,restaurant,french_restaurant,"Shinjuku, 3 Chome−14−1 地下1F 伊勢丹新宿本店 明治通り側エレベーター前"
野生の風,1,restaurant,japanese_restaurant,新宿3-6-11
やまと 楽,1,japanese_restaurant,asian_restaurant|restaurant,新宿3丁目5-4
農家の台所新宿三丁目店,1,restaurant,diner,新宿3丁目5-3
Happy Home Kitchen,1,restaurant,bakery|smoothie_juice_bar,新宿3-14-1 　伊勢丹新宿本店　本館6F
かんら,1,japanese_restaurant,,新宿3-14-1
四陸,1,restaurant,,新宿3-14-1 伊勢丹新宿店 B1F
THE STAND,1,lounge,bar|cafe,新宿3丁目14-1
縁新宿東口店,1,japanese_restaurant,wine_bar|bar,新宿3丁目26-18
くるり 新宿店,1,japanese_restaurant,restaurant|diner,歌舞伎町1丁目25-3
ル ブラン 新宿店,1,restaurant,cafe|japanese_restaurant,東京都新宿区新宿３丁目３８−１
kokeMoMo,1,restaurant,japanese_restaurant|asian_restaurant,東京都新宿区新宿３丁目３１−５
彩心,1,japanese_restaurant,restaurant|diner,新宿3丁目31-5
ひかりこ,1,bar,restaurant|diner,3 Chome-31-5 Shinjuku
マローネ,1,bar,music_venue|restaurant,新宿3丁目28-2
Private Kitchen ヒソカ,1,restaurant,beauty_and_spa|french_restaurant,新宿3丁目28-1
ユメノキュウサク,1,japanese_restaurant,,新宿3丁目28-15
新宿得,1,bar,,新宿3丁目28-15 008BLDG7階
Lambne,1,japanese_restaurant,barbecue_restaurant|restaurant,新宿3丁目28-15
黄金屋 新宿店,1,japanese_restaurant,restaurant,新宿3丁目28-15
房's,1,bar,japanese_restaurant|pub,新宿3丁目36-12
錦亭新宿店,1,japanese_restaurant,asian_restaurant|restaurant,新宿3丁目34-11
米助 新宿総本店,1,restaurant,professional_services|japanese_restaurant,東京都新宿区新宿３丁目３６−１３
卯乃家新宿東口店,1,restaurant,japanese_restaurant|diner,新宿3丁目36-14
ザ・クレッセント,1,restaurant,cafe|bar,新宿3丁目34-7
Mamba-ken,1,japanese_restaurant,,"Shinjuku, 3 Chome−34−４第84 東京ビル 1F"
汎新宿南店,1,restaurant,japanese_restaurant|sushi_restaurant,新宿3丁目34-1
れんが亭,1,japanese_restaurant,restaurant|asian_restaurant,新宿3丁目34-16
新宿立吉,1,japanese_restaurant,restaurant,新宿3丁目34-16
ほんのり,1,bar,japanese_restaurant|restaurant,新宿3丁目34-15
Kingdom of Teppan Shinjuku,1,japanese_restaurant,steakhouse|restaurant,"Shinjuku, 3 Chome−34−14 玉マーチャントビル２F"
Ichikakuya Shinjuku Chuohigashiguchi,1,japanese_restaurant,asian_restaurant|restaurant,"Shinjuku, 3 Chome−34−14 玉マーチャントビル １F"
陶玄房,1,pub,,新宿3-31-5
馬鹿とけむり,1,japanese_restaurant,sake_bar|restaurant,"Shinjuku, 3 Chome−32−10 T&Tビル 7"
イーストエンドカウンティ,1,restaurant,,新宿区新宿
Caravan Hotel,1,bar,cafe|restaurant,東京都新宿区新宿３丁目３１−１
Craft Grill,1,restaurant,bar_and_grill_restaurant|american_restaurant,"Shinjuku, 3 Chome−31−2 NS中央プラザビル 2F"
三太,1,japanese_restaurant,restaurant|asian_restaurant,新宿3丁目33-10
Vege Stand,1,vegetarian_restaurant,salad_bar|health_food_restaurant,新宿3丁目30-13
グラッチェ,1,bar,italian_restaurant|pub,歌舞伎町1丁目23-13
咲くら,1,bar,japanese_restaurant|restaurant,新宿3丁目4-8
百日紅,1,japanese_restaurant,asian_restaurant|restaurant,新宿3丁目4-8
ごま屋 新宿3丁目,1,bar,restaurant,新宿3丁目4-1
どうらく・き,1,asian_restaurant,restaurant|japanese_restaurant,新宿3丁目2-2
銀彗富運,1,japanese_restaurant,european_restaurant,新宿3丁目2-7
無頓着,1,bar,japanese_restaurant|restaurant,新宿3丁目3-7
Far East Bazzar 新宿ルミネ,1,arabian_restaurant,cafe,新宿ルミネ1
ぶたや 一歩一歩,1,bar,,四谷1-20 小泉ビル B1F
き鉄板二百度 西新宿店,1,japanese_restaurant,,西新宿7丁目１０－１８
ゆうげんてい,1,japanese_restaurant,,京都新宿区歌舞伎町1-10-7 叙々苑ビル
NEO新宿アツシ,1,restaurant,italian_restaurant|tapas_bar,東京都新宿区新宿３丁目３−７
かり屋,1,japanese_restaurant,restaurant|asian_restaurant,新宿3丁目3-7
セットオフ・ミュウ,1,bar,lounge,3 Chome-3-7 Shinjuku
やさいや,1,bar_and_grill_restaurant,japanese_restaurant|grocery_store,歌舞伎町1-15-13　建成ビルB1
風鈴乃音色,1,japanese_restaurant,barbecue_restaurant,新宿3丁目4-1
Kibou-ken Shinjuku Sanchome,1,restaurant,japanese_restaurant|asian_restaurant,新宿3-7-3
く ーは ーく,1,restaurant,organic_grocery_store|steakhouse,新宿区四谷3-7
珍獣広場,1,bar,bar_and_grill_restaurant|pub,新宿3丁目7-9
Shinjuku Ease,1,bar,bar_and_grill_restaurant|steakhouse,新宿3丁目7-7
リトリート倶楽部,1,bar,restaurant|pub,新宿3丁目7-9
神場,1,japanese_restaurant,restaurant|bar,新宿3丁目8-5
アラベスク,1,bar,,新宿3-8-2
はまぐり,1,japanese_restaurant,sushi_restaurant|restaurant,新宿3丁目8-4
ちょちょぎれ,1,japanese_restaurant,restaurant,新宿3丁目8-2
新宿ニューれば屋,1,japanese_restaurant,restaurant,新宿3丁目8-9
BONE 新宿店,1,restaurant,bar|japanese_restaurant,新宿3丁目8-9
ありがとう,1,bar,restaurant|japanese_restaurant,新宿3丁目8-8
てあとろん 新宿88,1,dive_bar,,新宿3-8-7
Tenchan,1,restaurant,asian_restaurant|bar,新宿3-8-2
まつん処,1,restaurant,bar|japanese_restaurant,新宿3丁目8-5
海森,1,japanese_restaurant,asian_restaurant,東京都新宿区新宿３丁目８−５
ナドニエ,1,japanese_restaurant,bar|restaurant,"Shinjuku, 3 Chome−8−7 吉川ビル 3階"
牛時,1,japanese_restaurant,restaurant|diner,東京都新宿区新宿２丁目１１−７
Di Punto 新宿三丁目店,1,bar,japanese_restaurant|restaurant,新宿3丁目2-7
LOGOS,1,bar,pub|cafe,205 2 Chome-11-7 Shinjuku
あ,1,bar,pub,2 Chome-12-1 Shinjuku
ぱろろ,1,bar,lounge|pub,新宿2丁目11-10
ナジャ,1,restaurant,eat_and_drink,2 Chome-11-11 Shinjuku
King Tokyo,1,japanese_restaurant,restaurant|pub,"1F, 2 Chome-11-10 Shinjuku"
GB,1,bar,pub,新宿2丁目12-16
たかぐら,1,japanese_restaurant,restaurant|asian_restaurant,東京都新宿区新宿２丁目１２−１１
チョコボールファミリー,1,bar,pub|lounge,東京都新宿区新宿２丁目１２−１
茂利家,1,japanese_restaurant,restaurant|accommodation,2 Chome-12-16 Shinjuku
cocoさくら,1,bar,karaoke|lounge,"Shinjuku, 2 Chome−12−16 セントフォービルB1F"
マニマニ,1,bar,pub|arts_and_entertainment,新宿区新宿2-12-15M&Tビル４Ｆ
たこりん,1,japanese_restaurant,,新宿2-12-15
よしだ海岸,1,bar,japanese_restaurant|seafood_restaurant,東京都新宿区新宿２丁目１３−６
女の子クラブ,1,bar,dance_club|adult_entertainment,新宿2丁目13-16
昆,1,bar,restaurant|japanese_restaurant,新宿2丁目13-11
Goal,1,bar,dance_club|lounge,2 Chome-14-3 Shinjuku
楽庵,1,japanese_restaurant,restaurant,新宿2丁目13-10
MondLoop,1,bar,restaurant|pub,新宿2丁目14-8
ふぁびゅらす,1,speakeasy,karaoke,"Shinjuku, 2 Chome−14−11 フタミビル ２Ｆ"
Anyoung,1,bar,korean_restaurant|pub,"2F, 2 Chome-14-11 Shinjuku"
awato 新宿弐丁目横丁,1,restaurant,gastropub,東京都新宿区新宿２丁目１４−１１
Velvet Overhighm,1,pub,bar|restaurant,新宿2丁目14-13
アルバキアラ,1,bar,restaurant|comic_books_store,"Shinjuku, 2 Chome−14−13 ユニビル"
シムシティ,1,bar,restaurant|pub,2 Chome-14-13 Shinjuku
コンドルモモエ,1,bar,sake_bar|coffee_shop,"Shinjuku, 2 Chome−15−10 㐧一天香ビル"
Ailara,1,bar,music_venue,2 Chome-15-11 Shinjuku
Mark Land,1,bar,cafe|cocktail_bar,新宿2丁目14-9
つばめや,1,restaurant,bar,東京都新宿区新宿2-18-10 新千鳥街ビル1階
新宿 ふくろう,1,bar,restaurant|karaoke,新宿2丁目18-10
香まり,1,bar,,東京都新宿区新宿２丁目１８−１０
アマルコルド,1,bar,lounge,新宿2丁目18-7
ドンぱん,1,bar,restaurant|pub,2 Chome-18-10 Shinjuku
Friendly,1,bar,pub|lounge,"Shinjuku, 2 Chome−18−5 㐧二天香ビル"
New Sazae,1,bar,dance_club|pub,"Shinjuku, 2 Chome−18−5 新宿石川ビル ２階"
ボンレスガール,1,bar,sake_bar,"Shinjuku, 2 Chome−18−5 㐧二天香ビル 地下1階B号"
あ いの部屋,1,bar,cafe|karaoke,"Shinjuku, 2 Chome−18−10 新千鳥街２ 階２０２"
Great,1,bar,pub,2 Chome-18-1 Shinjuku
あんふぃにー,1,restaurant,japanese_restaurant,新宿2丁目12-15
Bura,1,bar,pub,"Shinjuku, 2 Chome−12−12 ホテル ロンスター"
ペンペン草,1,bar,restaurant|pub,東京都新宿区新宿２丁目１８−７
Diamond Holic,1,bar,,"Shinjuku, 2 Chome−18−8 2F"
晴亮,1,japanese_restaurant,bar|restaurant,2 Chome-18-8 Shinjuku
com,1,bar,,新宿2丁目15-13
新宿二丁目 GBB,1,bar,restaurant|japanese_restaurant,"Shinjuku, 2 Chome−15−13 第2 中江ビル 103-B GBB"
LadyDynamite,1,bar_and_grill_restaurant,restaurant|bar,新宿二丁目16-12 佐竹ビル2階
Go Round,1,bar,,新宿2-16-12
クイン,1,japanese_restaurant,sushi_restaurant|restaurant,新宿2丁目16-9
rumblefish,1,bar,lounge|sake_bar,"Shinjuku, 2 Chome−16−11 サンフタミビル"
BamboO,1,bar,,"Shinjuku, 2 Chome−16−11 202号"
酔族館,1,pub,bar|dance_club,2 Chome-19-9 Shinjuku
ちんちら,1,bar,pub|cocktail_bar,"Shinjuku, 2 Chome−19−9 新宿カドビル"
Zino 新宿歌舞伎町一番街店,1,bar,,新宿区歌舞伎町1-17-5　第二安田ビル ５Ｆ
Haagenti,1,bar,music_venue,"Shinjuku, 3 Chome−11−12 B1"
燻製工房 8F,1,japanese_restaurant,restaurant|eat_and_drink,新宿 3丁目 11-11
ノストス・ザ・サード,1,bar,cafe|sake_bar,新宿3-11-12永谷テイクエイト203
粧,1,bar,japanese_restaurant|bar_and_grill_restaurant,208 3 Chome-11-12 Shinjuku
Tac's Knot,1,bar,pub,202 3 Chome-11-12 Shinjuku
無敵マリオ,1,bar,pub|arts_and_entertainment,新宿3丁目11-1
だいこんの葉菜,1,restaurant,asian_restaurant|japanese_restaurant,3 Chome-11-1 Shinjuku
正々堂々,1,restaurant,bar|eat_and_drink,東京都新宿区新宿３丁目９−７
おんでやんせ,1,bar,japanese_restaurant|arts_and_entertainment,新宿3-11-12
シュガーマーケット新宿店,1,restaurant,sake_bar|bar,新宿3丁目9-9
ふらて,1,bar,,"Shinjuku, 3 Chome−9−10 地下1階"
城北パイラスクラブ,1,lounge,bar|restaurant,3 Chome-10-9 Shinjuku
う福,1,japanese_restaurant,,新宿3-9-8
てっしん,1,japanese_restaurant,restaurant|steakhouse,新宿3丁目9-5
Fukumimi Shinjuku,1,japanese_restaurant,asian_restaurant|restaurant,"Shinjuku, 3 Chome−9−5 Gold Build, 2階"
オルナ,1,bar,restaurant,新宿3-11-1 今井ビルB1F
浅草豚とことん 新宿店,1,japanese_restaurant,sushi_restaurant|barbecue_restaurant,新宿3丁目10-2
upset the apple-cart,1,bar,,新宿3-10-9
JeMare,1,bar,italian_restaurant,新宿3丁目-10-10要会館
BACK STAGE,1,restaurant,diner|japanese_restaurant,新宿3丁目7-5
昆ぶ家 新宿三丁目店,1,restaurant,japanese_restaurant|chicken_restaurant,"Shinjuku, 3 Chome−6−13 石井ビル ２階"
豚や 三八,1,restaurant,barbecue_restaurant|diner,新宿3丁目6-14
新宿串物屋,1,japanese_restaurant,restaurant,新宿3丁目7-3
ル・パラン,1,bar,italian_restaurant|pub,新宿3丁目6-13
呑者家末広通り店,1,japanese_restaurant,bar|restaurant,新宿3丁目6-12
三丁目のまっちゃん,1,japanese_restaurant,restaurant|diner,東京都新宿区新宿３丁目６−１１
ほうでなす,1,bar,lounge|cocktail_bar,新宿3丁目6-10
ぞんぶん,1,japanese_restaurant,bar|restaurant,新宿3丁目6-10
九州屋,1,japanese_restaurant,restaurant,新宿3丁目6-11
Soul Joint,1,bar,restaurant,新宿3丁目10-7
ラ フォルツァデルソーレ,1,bar,italian_restaurant|german_restaurant,新宿3丁目10-7
A'holic,1,bar,cafe|library,"Shinjuku, 3 Chome−11−1 高須ビル ３階"
ぬぷり,1,lounge,bar|japanese_restaurant,新宿3丁目11-2
さくらプロジェクト 新宿三丁目,1,japanese_restaurant,restaurant,新宿3丁目6-9
鼎,1,bar,japanese_restaurant|restaurant,新宿3丁目12-12
バクライ,1,restaurant,wine_bar,新宿3丁目11-13
ヴィタ,1,pub,bar|restaurant,新宿3丁目12-1
まこと,1,japanese_restaurant,restaurant|bar,新宿3丁目12-1
みくに丸,1,bar,japanese_restaurant|restaurant,新宿3丁目12-3
福みみ 新宿 はなれ,1,japanese_restaurant,restaurant|bar,新宿3丁目12-2
こより,1,japanese_restaurant,sake_bar|bar,105 3 Chome-12-4 Shinjuku
CADET,1,japanese_restaurant,asian_restaurant|restaurant,西新宿7丁目8-11
ナチュラリア新宿,1,restaurant,,東京都新宿区歌舞伎町1-8-1-2F
Scaglia - スカーリア -,1,restaurant,,東京都新宿区神楽坂6-39-1 エキューラ神楽坂1F-D
豊勝 エクレ新宿店,1,japanese_restaurant,restaurant,新宿3丁目11-6
ニュートーンズアップル,1,bar,italian_restaurant|pub,新宿3丁目12-4
航海屋新宿店,1,japanese_restaurant,restaurant,新宿3丁目12-4
富久,1,japanese_restaurant,restaurant|asian_restaurant,東京都新宿区新宿３丁目１２−４
グランスール,1,bar,beer_garden|pub,"Shinjuku, 3 Chome−11−6 2F"
新宿よし田,1,bar,japanese_restaurant|restaurant,新宿3丁目11-6
ぼんや,1,restaurant,sake_bar|japanese_restaurant,東京都新宿区新宿３丁目１１−６
楊貴妃,1,bar,dance_club|spas,新宿2丁目19-9
和味 りん,1,japanese_restaurant,asian_restaurant,新宿5丁目17-6
慕麗路,1,japanese_restaurant,restaurant|karaoke,新宿5丁目11-13
あづき,1,bar,japanese_restaurant|sushi_restaurant,新宿5丁目11-27
Zen,1,japanese_restaurant,restaurant|cafe,5 Chome-10-9 Shinjuku
てら旨,1,japanese_restaurant,restaurant,新宿5丁目10-9
酔郷,1,japanese_restaurant,bar|restaurant,5 Chome-11-25 Shinjuku
うま加,1,japanese_restaurant,bar|restaurant,新宿5丁目11-18
荒木町 花びし,1,restaurant,,funamachi3-4
こう坂,1,restaurant,asian_restaurant|japanese_restaurant,住吉町6-10
Riti,1,bar,pub,新宿5丁目10-5
味彩吉野,1,japanese_restaurant,asian_restaurant|restaurant,5 Chome-10-4 Shinjuku
響新宿店,1,japanese_restaurant,restaurant,新宿3丁目37-12 
カイテル,1,japanese_restaurant,restaurant|diner,新宿5丁目6-4
カンパニョーラ,1,japanese_restaurant,diner|restaurant,新宿6丁目4-2
キッチン サバナ,1,diner,coffee_shop|comfort_food_restaurant,新宿6丁目4-1
古武士,1,japanese_restaurant,restaurant|diner,新宿6丁目4-1
夏下冬上,1,japanese_restaurant,restaurant|diner,新宿5丁目3-18
ファムネット,1,restaurant,,新宿5-3-20
にいがた,1,japanese_restaurant,restaurant|asian_restaurant,新宿5丁目1-19
のぶ太郎,1,bar,restaurant|japanese_restaurant,新宿5丁目1-19
天宮,1,japanese_restaurant,restaurant,新宿5丁目1-21
KOBAYA,1,japanese_restaurant,restaurant|bar,16-14 Tomihisacho
道後,1,japanese_restaurant,restaurant|bar,富久町16-10
1 chome 34 Banchi,1,restaurant,asian_restaurant|bar,新宿1-34-9
エタベックトワ,1,restaurant,,新宿2-15-28
R Diner,1,diner,restaurant|comfort_food_restaurant,新宿2丁目15-2
小麦と肉桃の木,1,japanese_restaurant,restaurant,新宿1丁目32-4
八十八,1,japanese_restaurant,restaurant|asian_restaurant,"Shinjuku, 1 Chome−29−7 新宿ウィステリアビル"
Mer,1,vegetarian_restaurant,restaurant,"Shinjuku, 1 Chome−32−1 苑フタミビル 2階"
ふく,1,pub,bar|lounge,新宿1丁目31-3
たていし,1,restaurant,bar|japanese_restaurant,"Shinjuku, 1 Chome−31−15 第三寺田ビル B1"
花園・吉野,1,japanese_restaurant,asian_restaurant|restaurant,"ニューホワイトビル B1, 1 Chome-30-12 Shinjuku"
とよ吉,1,japanese_restaurant,restaurant,"ニューホワイトビル B1, 1 Chome-30-12 Shinjuku"
アローズクラブ,1,japanese_restaurant,restaurant|italian_restaurant,新宿1丁目30-8
NASQUILLO,1,japanese_restaurant,,"Shinjuku, 1 Chome−18−16 サンパーク花園 2階"
Eat&Fellow  プレジキッチン,1,bar,restaurant,東京都新宿区新宿１丁目１８−１５
よかよか堂,1,japanese_restaurant,,新宿1-18-16
海賊王,1,japanese_restaurant,restaurant|diner,新宿1丁目18-16
みやはら,1,japanese_restaurant,asian_restaurant|restaurant,"Shinjuku, 1 Chome−31−1 第５寺田ビル 2F"
廣島,1,japanese_restaurant,restaurant|asian_restaurant,新宿1丁目18-7
ディー・カッツェ,1,japanese_restaurant,restaurant|diner,新宿1丁目19-8
カスミ ストア,1,restaurant,wine_bar|cocktail_bar,東京都新宿区新宿１丁目１９−２
月光 新宿御苑前店,1,restaurant,,新宿1-13-8
利吉新宿御苑店,1,bar,japanese_restaurant|restaurant,新宿1丁目13-8
けらら,1,japanese_restaurant,restaurant|diner,新宿1丁目7-2
みの家新宿店,1,japanese_restaurant,restaurant|diner,新宿2丁目1-14
三代目 ウエゾノヤ,1,japanese_restaurant,restaurant,新宿2丁目1-7
北海亭,1,japanese_restaurant,seafood_restaurant|restaurant,新宿2丁目1-9
こころむすび,1,japanese_restaurant,restaurant,新宿2丁目8-17
みーるーむ,1,restaurant,,新宿2-8-17
うま久 新宿御苑店,1,japanese_restaurant,restaurant|seafood_restaurant,東京都新宿区新宿１丁目１６−１６
Okudo Tokyo,1,japanese_restaurant,asian_restaurant|restaurant,新宿1丁目15-14
アリエス,1,japanese_restaurant,asian_restaurant|restaurant,1 Chome-16-9 Shinjuku
Tamasaka,1,japanese_restaurant,restaurant|bar,102 1 Chome-16-9 Shinjuku
24 Kaikan,1,lounge,,2 Chome-13-1 Shinjuku
氣華,1,japanese_restaurant,asian_restaurant,新宿2丁目7-5
モック,1,pub,bar|restaurant,新宿2丁目7-6
Otaku,1,japanese_restaurant,bar|restaurant,"Shinjuku, 2 Chome−7−1 不二川ビル 1階"
GRAN,1,japanese_restaurant,restaurant,"Shinjuku, 2 Chome−7−5 松田ビル ３F"
toko,1,pub,bar|restaurant,"Shinjuku, 2 Chome−10−5 第六天香ビル ５階"
Oluoluオルオル,1,pub,bar|barbecue_restaurant,
から味処粧,1,japanese_restaurant,bar|restaurant,新宿2丁目10-5
花膳,1,japanese_restaurant,restaurant|eat_and_drink,新宿2丁目11-13
広島料理安芸,1,japanese_restaurant,asian_restaurant|restaurant,新宿2丁目11-1
星男,1,restaurant,bar|pub,東京都新宿区新宿2丁目6 8
スパイスハット,1,bar_and_grill_restaurant,restaurant|cafe,東京都新宿区新宿２丁目６−８
勝三,1,japanese_restaurant,restaurant,新宿2丁目6-3
Mame Cha Shinjuku,1,japanese_restaurant,restaurant|chinese_restaurant,
西尾さん,1,japanese_restaurant,bar,新宿3丁目1-32
あいうえお,1,restaurant,sake_bar|japanese_restaurant,東京都新宿区新宿３丁目１−３２
KiboKo,1,restaurant,wine_bar|bar,新宿2丁目5-8
福島の上,1,bar,sake_bar|cafe,
ゆう,1,japanese_restaurant,sushi_restaurant|asian_restaurant,新宿2丁目4-1
みつや,1,japanese_restaurant,sushi_restaurant|restaurant,新宿2丁目3-16
いまい,1,japanese_restaurant,restaurant|asian_restaurant,新宿2丁目3-16
まこんち,1,bar,landmark_and_historical_building|restaurant,104 2 Chome-4-1 Shinjuku
ぴーまん,1,food_truck_stand,smoothie_juice_bar|vegetarian_restaurant,新宿2丁目2-1
Baku,1,bar,wine_bar|restaurant,新宿2丁目1-8
新宿forst3丁目店,1,restaurant,cafe|bar,東京都新宿区新宿3-28-15 TRNBLDG.7F
ガーデンキッチン,1,restaurant,event_planning|cafe,東京都新宿区新宿１丁目５−４
CON TON TON,1,bar,,新宿1-3-2
富の蔵,1,japanese_restaurant,restaurant|noodles_restaurant,"Shinjuku, 1 Chome−3−5 新進ビル １Ｆ"
御苑前 せお,1,japanese_restaurant,restaurant|asian_restaurant,東京都新宿区新宿１丁目３−５
どろ九,1,bar,beer_garden|pub,東京都新宿区新宿１丁目１２−１
あくた川の箱舟,1,food_and_drink,river,"Ichome-sanbankan3F,1-3-12,Shinjuku"
新宿御苑櫻花樹下,1,restaurant,eat_and_drink,
翔天亭,1,restaurant,cafe|tea_room,内藤町11
ゆりのき,1,japanese_restaurant,restaurant|bar,内藤町11
號 新宿店 新宿 夜景,1,restaurant,bar|hotel,新宿３－３２－１０　Ｔ＆Ｔビル６Ｆ
Columbia8,1,japanese_restaurant,,千駄ヶ谷5-32-5
縁雫,1,restaurant,japanese_restaurant,千駄ヶ谷5丁目27-5
Banyoh,1,japanese_restaurant,asian_restaurant|restaurant,東京都渋谷区千駄ケ谷５丁目
ZINO 高田馬場店,1,bar,,東京都新宿区高田馬場 3-2-15　RESTA Takadanobaba   4F
ハンドベイクス,1,restaurant,cafe|coffee_shop,新宿3丁目38-2 ルミネ新宿店 ルミネ2 3F
カスターノ,1,asian_restaurant,restaurant|japanese_restaurant,東京都渋谷区代々木２丁目１−３
悠杜比庵,1,bar,japanese_restaurant|restaurant,代々木1丁目58-7
三亀勢,1,japanese_restaurant,,代々木2-26-2
利代,1,japanese_restaurant,sushi_restaurant|restaurant,代々木2丁目26-2
G Diner,1,bar,,代々木2-30-4
ムーンボウ,1,japanese_restaurant,restaurant|diner,代々木2丁目30-4
ROFL.inc,1,restaurant,italian_restaurant|bar,代々木1-37-3 B1F
One Plate(ワンプレート),1,restaurant,diner|japanese_restaurant,"Yoyogi, 1 Chome−37−21 アイビー代々木 1F"
里乃や,1,bar,japanese_restaurant|restaurant,代々木1丁目54-1
ラグラス,1,bar,cafe|party_and_event_planning,代々木 1丁目36-1
張家 代々木,1,japanese_restaurant,asian_restaurant,代々木1丁目36-6
千駄ヶ谷 焼き福 浅野,1,japanese_restaurant,restaurant|diner,"Sendagaya, 5 Chome−24−3 ドコモビルアネックス 3F 玄品店内"
旬蕾,1,restaurant,sake_bar|bar,日本橋人形町2丁目24-5
29テラス,1,japanese_restaurant,restaurant,"Sendagaya, 5 Chome−22−3 １階"
代々木串旦,1,japanese_restaurant,restaurant|asian_restaurant,千駄ケ谷5丁目21-6
鉄板と炭soil,1,restaurant,,"Sendagaya, 5 Chome−21−6 1階"
ひなべねこ,1,restaurant,chinese_restaurant,東京都渋谷区千駄ヶ谷５丁目１８−１０
富士喜商店,1,bar,restaurant|lounge,代々木1丁目32-1
代々木タンネ,1,restaurant,bar,東京都渋谷区代々木１丁目３２−１５
代々木ミルクホール,1,bar,japanese_restaurant|restaurant,代々木1丁目32-12
Kogeo,1,japanese_restaurant,,"Sendagaya, 5 Chome−20−10 C 棟2階"
みや川,1,bar,restaurant|asian_restaurant,千駄ヶ谷5丁目20-19
HARETOKE,1,japanese_restaurant,asian_restaurant|restaurant,千駄ヶ谷5丁目20-18
季譚,1,japanese_restaurant,bar|sushi_restaurant,東京都渋谷区千駄ヶ谷５丁目２０−１８
勝浦 よろず萬べぇ,1,japanese_restaurant,restaurant|diner,代々木1丁目37-6
よよぎあん,1,japanese_restaurant,restaurant|bar,代々木1丁目34-5
げんき屋代々木店,1,bar,asian_restaurant|restaurant,代々木1丁目34-3
喰しん坊つちや,1,japanese_restaurant,bar|restaurant,代々木1丁目34-4
ジビエ料理アンザイ,1,japanese_restaurant,french_restaurant|sushi_restaurant,下落合3-1-1
もんきち,1,japanese_restaurant,restaurant|bar,代々木1丁目42-13
たまりば 本店,1,japanese_restaurant,restaurant|diner,代々木1丁目41-3
風来房,1,bar,restaurant|chicken_restaurant,代々木1丁目41-3
馬鹿牛,1,japanese_restaurant,restaurant|asian_restaurant,代々木1丁目41-3
Miso18ヶ月,1,japanese_restaurant,sake_bar|restaurant,"Yoyogi, 1 Chome−13−4 代々木ブラウンビル"
三陸,1,japanese_restaurant,restaurant|bar,代々木1丁目39-11
らすた,1,japanese_restaurant,noodles_restaurant|restaurant,代々木1丁目38-10
ROBO太,1,restaurant,bar|diner,代々木1丁目28-1
高瀬,1,japanese_restaurant,restaurant|diner,代々木1丁目27-5
ヒュッテ マンクス,1,restaurant,cafe,代々木1丁目23-7
グリーンスポット,1,japanese_restaurant,restaurant|diner,代々木1丁目21-12
アイアン・ダイナー,1,diner,japanese_restaurant,代々木１－３１－１５
IRON DINER,1,japanese_restaurant,,代々木1-31-15
代々木横丁,1,japanese_restaurant,restaurant,代々木1丁目31-17
代々木チョップス,1,japanese_restaurant,,東京都渋谷区千駄ヶ谷４丁目２６−１２
Ryuda,1,japanese_restaurant,bar|restaurant,"Sendagaya, 4 Chome−29−12 北参道ダイヤモンドパレス 111号"
しすい,1,bar,japanese_restaurant|restaurant,千駄ヶ谷4丁目29-12
晩餐館,1,bar,tea_room|pub,千駄ヶ谷4丁目27-12
キャピタルヴィレッジ,1,bar,,千駄ヶ谷1丁目28-8 502
森半,1,food_and_drink,bar,東京都渋谷区千駄ヶ谷１丁目２０−３
まんだりん,1,japanese_restaurant,restaurant|sushi_restaurant,千駄ヶ谷4丁目21-5
ゆりかご,1,japanese_restaurant,asian_restaurant|restaurant,千駄ヶ谷4丁目21-5
半駄ヶ谷,1,japanese_restaurant,restaurant|diner,"Sendagaya, 4 Chome−10−5 1階"
鳩やぐら,1,japanese_restaurant,diner|sushi_restaurant,東京都渋谷区千駄ヶ谷１丁目２２−４
夢屋(株式会社夢屋),1,bar,restaurant|eat_and_drink,神宮前2-16-13ボニート野上101
Enjoy! EAST,1,japanese_restaurant,restaurant|cafe,千駄ヶ谷1丁目6-12
Dagaya,1,japanese_restaurant,restaurant|diner,"Sendagaya, 1 Chome−12−4 B1F"
MUTO sendagaya,1,japanese_restaurant,restaurant|diner,千駄ヶ谷2丁目33-8
VOICE,1,bar,,千駄ヶ谷2-32-2
果樹園 B2,1,restaurant,cafe|asian_restaurant,千駄ヶ谷2丁目32-1
神宮前はなれ,1,japanese_restaurant,restaurant|diner,神宮前2丁目13-5
ハイダディー,1,japanese_restaurant,,神宮前2丁目13-5 第6渡辺ビル B1F
Censu Tokyo,1,japanese_restaurant,restaurant,2 Chome-12-9 Jingumae
Uni jingumae,1,bar,,神宮前2-14-18
Poppies,1,bar,restaurant,神宮前2-20-12
ありんこ,1,japanese_restaurant,sushi_restaurant,神宮前2丁目20-12
旦過,1,japanese_restaurant,asian_restaurant|restaurant,神宮前2丁目15-2
irodori,1,asian_restaurant,restaurant|cafe,神宮前2丁目14-17
Ebony,1,bar,,2 Chome-23 Jingumae
ヨゴロウ,1,restaurant,japanese_restaurant|italian_restaurant,神宮前2丁目20-10
Mokubaza,1,japanese_restaurant,restaurant|asian_restaurant,2 Chome-28-12 Jingumae
辰捌,1,restaurant,,神宮前2-22-2
Brown Horse,1,bar_and_grill_restaurant,steakhouse|texmex_restaurant,"Jingumae, 2 Chome−22−1 神宮前court 1F"
ぎっちょん,1,bar,,神宮前2丁目22-1
がらり 千駄ヶ谷店,1,japanese_restaurant,bar|restaurant,千駄ヶ谷2丁目6-4
おなが鳥,1,restaurant,japanese_restaurant|asian_restaurant,東京都渋谷区神宮前１丁目１−３
禅,1,japanese_restaurant,restaurant,神宮前1丁目2-14
豊か,1,japanese_restaurant,restaurant|asian_restaurant,千駄ヶ谷3丁目52-3
LALA Tokyo Harajuku,1,japanese_restaurant,,"Sendagaya, 3 Chome−53−13 エルミタージュ原宿 103"
ZIPANGU,1,restaurant,diner,千駄ヶ谷3丁目14-6
ルクラビレッジ,1,restaurant,,千駄ケ谷3丁目15-12
Miee,1,japanese_restaurant,restaurant|asian_restaurant,"Sendagaya, 3 Chome−3−3 エグゼクティブ原宿 B1"
Asatte,1,japanese_restaurant,restaurant|diner,3 Chome-2-8 Sendagaya
豚忠,1,japanese_restaurant,restaurant,3 Chome-14-6 Sendagaya
シェフズバンク,1,restaurant,european_restaurant|professional_services,北沢3-30-3
Rico Pua,1,japanese_restaurant,cafe|restaurant,3 Chome-8-14 Sendagaya
いく田,1,restaurant,japanese_restaurant,代々木1-31-15
ラックダック,1,restaurant,sushi_restaurant|japanese_restaurant,東京都渋谷区千駄ケ谷4丁目5 15
炙縁,1,japanese_restaurant,asian_restaurant|restaurant,"Sendagaya, 4 Chome−5−15 1F"
アンコキーヌ,1,bar,,千駄ヶ谷
Salut,1,japanese_restaurant,restaurant|cafe,東京都渋谷区千駄ヶ谷４丁目３０−６
ミトラタカセ,1,japanese_restaurant,restaurant|bar,代々木4丁目6-5
LIFE Son,1,japanese_restaurant,restaurant,4 Chome-5-13 Yoyogi
Agrill,1,japanese_restaurant,bar_and_grill_restaurant|restaurant,代々木4丁目5-1
キャマン,1,japanese_restaurant,sushi_restaurant,4 Chome-11-16 Yoyogi
彩わ,1,japanese_restaurant,restaurant|bar,代々木3丁目43-1
諸星,1,restaurant,eat_and_drink,代々木4丁目21-7
代々木商店 2号店,1,japanese_restaurant,restaurant,初台1丁目39-9
トモキッチン,1,japanese_restaurant,restaurant|diner,初台1丁目11-2
初台 こもれび,1,japanese_restaurant,bar|sushi_restaurant,東京都渋谷区初台１丁目３５−３
かわしま,1,japanese_restaurant,restaurant,初台1丁目34-12
甲田,1,restaurant,japanese_restaurant|sushi_restaurant,東京都渋谷区元代々木町49 23
佐々木,1,japanese_restaurant,sushi_restaurant|restaurant,東京都渋谷区初台２丁目５−３
こうだ,1,japanese_restaurant,comfort_food_restaurant|diner,元代々木町49-23
パークス 代々木の丘,1,japanese_restaurant,park|coffee_shop,代々木神園町2 代々木公園
ナイン ストーリーズ,1,japanese_restaurant,,元代々木町22-3
五音,1,japanese_restaurant,sushi_restaurant,東京都渋谷区元代々木町３−７
SMI:RE Diner,1,bar,real_estate_service|bar_and_grill_restaurant,5 Chome-65-4 Yoyogi
美竹,1,japanese_restaurant,restaurant|asian_restaurant,代々木5丁目38-1
キッチン富ヶ谷,1,japanese_restaurant,restaurant|asian_restaurant,富ヶ谷1丁目2-8
小春日和 TOKYO,1,restaurant,cafe|coffee_shop,東京都渋谷区富ヶ谷１丁目８−３
nephew,1,bar,cafe,1 Chome-7-2 Tomigaya
NEWPORT,1,vegetarian_restaurant,japanese_restaurant|restaurant,富ヶ谷1丁目6-8
かぶら,1,japanese_restaurant,restaurant|asian_restaurant,東京都渋谷区富ヶ谷１丁目３−１３
ハイビ,1,japanese_restaurant,bar|restaurant,富ヶ谷1丁目3-13
Spice Post,1,japanese_restaurant,asian_restaurant|restaurant,富ヶ谷1丁目
富ヶ谷一丁目倶楽部,1,bar,restaurant,1 Chome-52-2 Tomigaya
代々木苑,1,japanese_restaurant,restaurant|diner,"Tomigaya, 1 Chome−52−2 石橋ビル 2F"
花咲じいさん,1,japanese_restaurant,restaurant,富ヶ谷1丁目52-2
せきぐち亭,1,japanese_restaurant,european_restaurant|restaurant,富ケ谷1丁目52-1
1500,1,restaurant,cafe,東京都渋谷区元代々木町４−２
Tocagee,1,restaurant,japanese_restaurant|food_delivery_service,元代々木町9-6
TANA diner,1,asian_restaurant,restaurant|bar,9-6 Motoyoyogicho
どさんこととなり,1,bar,japanese_restaurant|restaurant,元代々木町9-7
トカゲ,1,bar,restaurant,元代々木町9-6
瑠珠,1,japanese_restaurant,,元代々木町23-11
Teppan Food,1,japanese_restaurant,restaurant|asian_restaurant,"Motoyoyogicho, 23−11 パーク代々木上原"
Leroys,1,bar,,元代々木町12-5
ル・シァレ,1,restaurant,cafe|bakery,富ケ谷2丁目43-13
CALLAS,1,restaurant,cafe|italian_restaurant,東京都渋谷区富ヶ谷２丁目４５−２１
シャイニーアウル富ケ谷,1,breakfast_and_brunch_restaurant,cafe|restaurant,東京都渋谷区富ヶ谷１丁目３５−２３
アルドアック,1,restaurant,japanese_restaurant,上原1丁目1-20
ウエトミ×アオギリ,1,bar,sake_bar|pub,東京都渋谷区上原１丁目１−２１
aux,1,japanese_restaurant,bar|restaurant,上原1丁目1-23
エスカレラ,1,bar,restaurant|asian_restaurant,富ヶ谷1丁目52-6
静流,1,japanese_restaurant,restaurant|asian_restaurant,富ヶ谷1丁目52-10
わがまま食材工房 ジョージ,1,restaurant,diner,富ケ谷1丁目44-1
カドクラ商店 代々木公園店,1,restaurant,japanese_restaurant|bar_and_grill_restaurant,富ヶ谷1丁目51-4
千真野,1,restaurant,japanese_restaurant|bar,東京都渋谷区富ヶ谷１丁目５１−１２
リトルディッパー,1,japanese_restaurant,restaurant|bar,1 Chome-6-7 Tomigaya
はるな庵,1,japanese_restaurant,restaurant|asian_restaurant,富ヶ谷1丁目9-20
貴族と平民,1,japanese_restaurant,restaurant,富ヶ谷1丁目9-20
TOMIGAYA CALME,1,bar,,富ヶ谷1-37-1
花とら,1,japanese_restaurant,asian_restaurant|bar,東京都渋谷区富ヶ谷１丁目１０−１
TREE by NAKED Yoyogi Park,1,japanese_restaurant,theme_restaurant|restaurant,富ヶ谷1丁目10-2
にく久 代々木公園,1,japanese_restaurant,restaurant,富ヶ谷1丁目8-8
Hanada Rosso,1,vegetarian_restaurant,restaurant|cafe,神宮前6丁目28-5
GABIGABI,1,bar,pub,神宮前6丁目5-6 
restaurant eatrip,1,restaurant,,神宮前6-31-10
FAMiRES,1,theme_restaurant,restaurant|diner,"Jingumae, 6 Chome−31−21 東急プラザ原宿 ハラカド 5f"
Season's Grill Rinka,1,restaurant,bar|japanese_restaurant,6 Chome-35-3 Jingumae
RO111,1,fast_food_restaurant,restaurant|desserts,神宮前1丁目11-11
りん家,1,restaurant,japanese_restaurant,神宮前1丁目14-21
スーパー・ノーマル原宿〈明治神宮前〉店,1,bar,delicatessen,
みのりんご,1,japanese_restaurant,restaurant|asian_restaurant,神宮前1丁目22-7
Sincere Stand Tokyo,1,restaurant,diner,"Jingumae, 1 Chome−23−26 コミチ"
Oku,1,japanese_restaurant,sushi_restaurant|restaurant,"Jingumae, 1 Chome−19−17 ユーロ原宿 1F"
吉茶庵,1,japanese_restaurant,,神宮前1-17-5
楽市,1,japanese_restaurant,,神宮前1-14-2
ブルーガーデン,1,restaurant,,神宮前1丁目15-4
Sora an by kim's deli,1,japanese_restaurant,delicatessen|sake_bar,東京都渋谷区神宮前１丁目１５−４
Bassanova Harajuku,1,japanese_restaurant,restaurant|bar,1 Chome-15-4 Jingumae
Le Shiner,1,food_truck_stand,cafe|smoothie_juice_bar,
庄太郎,1,restaurant,japanese_restaurant|bar,神宮前1丁目6-12
Long Longer Longest,1,restaurant,fast_food_restaurant|burger_restaurant,"Jingumae, 1 Chome−7−3 キュートキューブ原宿 1F"
Yurinan,1,japanese_restaurant,desserts|restaurant,1 Chome-7-5 Jingumae
ちゃい九炉原宿東郷神社前店,1,bar,japanese_restaurant|barbecue_restaurant,神宮前3丁目23-1
Tou Sou,1,japanese_restaurant,,東京都渋谷区神宮前３丁目２７−１４
結城,1,asian_restaurant,restaurant|japanese_restaurant,神宮前3丁目232
串助原宿店,1,japanese_restaurant,restaurant|asian_restaurant,神宮前3丁目24-3
Daisuien,1,japanese_restaurant,pub|bar,
Hideaway,1,restaurant,,202 3 Chome-20-1 Jingumae
みこし,1,bar,japanese_restaurant|restaurant,神宮前3丁目25-7
まめひろ 原宿店,1,japanese_restaurant,bar,神宮前3丁目25-7
ロイヤルデンパオ,1,restaurant,steakhouse|chinese_restaurant,東京都渋谷区神宮前３丁目２５−７
ALA,1,bar,restaurant|diner,神宮前3丁目26-11
仲や,1,japanese_restaurant,restaurant|bar,3 Chome-26-10 Jingumae
上下西東,1,japanese_restaurant,bar,神宮前3-25-8　武山ビル2F
大炊宴,1,bar,eat_and_drink|japanese_restaurant,神宮前3丁目24-1
みづ家,1,japanese_restaurant,bar,"Jingumae, 3 Chome−27−14 リヴァージュ神宮前 i 2F"
金魚鉢,1,japanese_restaurant,coffee_shop|bar,神宮前3丁目27-20
Mominoki House,1,vegetarian_restaurant,japanese_restaurant|asian_restaurant,2 Chome-18-5 Jingumae
date.,1,bar,pub|restaurant,神宮前2丁目20-10
Ones Cantine Bio,1,restaurant,cafe|coffee_shop,神宮前3丁目30-12
移民の歌,1,japanese_restaurant,asian_restaurant|restaurant,神宮前2丁目31-7
クラークソンツウ,1,japanese_restaurant,asian_restaurant|bar,神宮前2丁目19-8
樋口,1,japanese_restaurant,restaurant|asian_restaurant,神宮前2丁目19-12
FiGARO,1,bar,bar_and_grill_restaurant,神宮前2丁目19-13
松林,1,japanese_restaurant,asian_restaurant,神宮前2丁目19-15
Caroline Diner,1,diner,restaurant,2 Chome-14-11 Jingumae
山之内 神宮前本店,1,japanese_restaurant,sushi_restaurant|chinese_restaurant,
J-COOK,1,japanese_restaurant,asian_restaurant|restaurant,3 Chome-36-26 Jingumae
あああ,1,japanese_restaurant,restaurant|asian_restaurant,1-2-4
Sea_Wave_2022,1,bar,grocery_store,神宮前2-18-7フードビル102
Shatter,1,japanese_restaurant,,"Jingumae, 3 Chome−4−9 第２南原宿ビル B1"
The Octopus,1,bar,pub|boutique,神宮前3-15-10
Yaki,1,japanese_restaurant,bar_and_grill_restaurant|barbecue_restaurant,神宮前3丁目20-6
Sakuratei,1,japanese_restaurant,asian_restaurant|restaurant,神宮前 3丁目20-1
あしどり,1,japanese_restaurant,restaurant|asian_restaurant,神宮前3丁目23-7
ヒ アート ハ ハ 原宿竹下通り店,1,restaurant,specialty_grocery_store|bakery,神宮前１丁目１９－４
CLIMB,1,bar,restaurant|pub,神宮前1丁目8-5
foodland_harajuku,1,restaurant,fast_food_restaurant,東京都渋谷区神宮前1-8-8 COXYビル1F 
福よし,1,japanese_restaurant,asian_restaurant,神宮前4丁目28-24
Ngoro Ngoro Harajuku,1,restaurant,african_restaurant|american_restaurant,神宮前4丁目32-13
ちゅらり神宮前店,1,japanese_restaurant,specialty_grocery_store|bakery,神宮前4丁目32-13
Ageshun Harajuku Meiji dori,1,asian_restaurant,restaurant|bar,神宮前4-31-11
しずる 原宿店,1,japanese_restaurant,restaurant|diner,神宮前4丁目26-28
Kitchen AYAKO,1,restaurant,japanese_restaurant|diner,"Jingumae, 4 Chome−26−28 ファンファンビル 2F"
ハングリーヘブン 神宮前店,1,breakfast_and_brunch_restaurant,,
SLICE of LIFE,1,food_truck_stand,barbecue_restaurant|american_restaurant,4 Chome-21-13 Jingumae
かぐれ 表参道店,1,japanese_restaurant,eat_and_drink,神宮前4丁目25-12
アルファ原宿,1,restaurant,,神宮前１丁目１９−８
ヤックマン,1,asian_restaurant,,神宮前4-29-9
シャドネイ,1,bar,lounge|tobacco_shop,神宮前4丁目26-18
おんでん,1,restaurant,bar|pub,東京都渋谷区神宮前４丁目２９−９
昌,1,japanese_restaurant,restaurant|sushi_restaurant,神宮前6丁目7-16
Mushroom Tokyo,1,japanese_restaurant,restaurant|theme_restaurant,"Jingumae, 6 Chome−2−4 岡島ビル 1F"
さつまや 原宿本店,1,japanese_restaurant,restaurant|diner,神宮前6丁目1-6
Blue Garden,1,restaurant,vegetarian_restaurant,
Yukimi Studio,1,food_and_drink,restaurant,神宮前 1-15-4 バルビゾン76 4F
Shiny Owl Omotesando,1,restaurant,cafe|diner,神宮前4丁目7-1
五福来,1,japanese_restaurant,,"Jingumae, 3 Chome−4−3 2F"
神宮前もくち,1,bar,japanese_restaurant|restaurant,神宮前4丁目5-10
山笑う,1,japanese_restaurant,restaurant,4 Chome-9-6 Jingumae
ブリックアンドウッドクラブ,1,bar,,
ジュヴォー広尾店,1,restaurant,,南麻布5丁目10-24 
傳心,1,japanese_restaurant,restaurant|eat_and_drink,南麻布5丁目15-22
麻布さ和長,1,japanese_restaurant,asian_restaurant|restaurant,南麻布5丁目15-11
つくしんぼ,1,japanese_restaurant,asian_restaurant|restaurant,東京都港区南麻布５丁目１５−１０
はしづめ広尾店,1,japanese_restaurant,restaurant|diner,南麻布5丁目16-10
タレイア,1,bar,dance_club|restaurant,南麻布5丁目16-9
和 のぎ,1,japanese_restaurant,,広尾5-3-15
雲母,1,japanese_restaurant,restaurant|diner,広尾5丁目1-20
樹樹,1,restaurant,japanese_restaurant,広尾5丁目1-20
さつまや 広尾店,1,japanese_restaurant,restaurant,広尾5丁目2-26
小麦っ娘,1,japanese_restaurant,restaurant,広尾5丁目2-25
いびさ,1,bar,japanese_restaurant|restaurant,広尾5丁目16-16
Pebble Beach Kitchen ペブルビーチキッチン 広尾,1,restaurant,japanese_restaurant|wine_bar,"Hiroo, 5 Chome−13−6 ARISTO広尾 2F"
てんしん,1,japanese_restaurant,bar|sushi_restaurant,広尾5丁目14-3
あだん,1,bar,restaurant|japanese_restaurant,広尾5丁目15-1
つき味,1,japanese_restaurant,sushi_restaurant,広尾5丁目3-12
sisiri,1,japanese_restaurant,,広尾5-3-10
ますの家,1,japanese_restaurant,,本郷町4-5-61
薫 HIROO,1,restaurant,bar|cafe,東京都港区南麻布４丁目５−６６
有栖川清水,1,japanese_restaurant,restaurant|asian_restaurant,南麻布3丁目5-40
Swell Bowls,1,vegan_restaurant,,南麻布4-5-65
IGAO,1,diner,bar,広尾1-11-2
新ばし久,1,japanese_restaurant,sushi_restaurant,新橋2-15-13
翁 新橋駅前ビル1号館,1,bar,,新橋2-20-15 新橋駅前ビル1号館
山田チカラ,1,japanese_restaurant,,南麻布1-15-2
Grill Juban,1,restaurant,diner|japanese_restaurant,"Motoazabu, 1 Chome−7−12 ＰＩＡ 麻布十番Ⅳ 2F"
anti 麻布十番,1,bar,,東京都港区麻布十番２丁目９−７
अमीन,1,restaurant,fast_food_restaurant, 5-8-10 Minami Azabu
幻燈士なかだ,1,japanese_restaurant,coffee_shop|grocery_store,元麻布2丁目1-20
Sabi,1,japanese_restaurant,restaurant|diner,元麻布2丁目1-17
Hibachi,1,restaurant,japanese_restaurant,麻布十番2丁目8-12
麻布十番 多幸寿,1,restaurant,bar|japanese_restaurant,2 Chome-8-15 Azabujuban
上関芸陽,1,japanese_restaurant,cafe|asian_restaurant,麻布十番2丁目8-16
麻布十番 たきや,1,japanese_restaurant,restaurant,東京都港区麻布十番２丁目８−１６
串右エ門,1,japanese_restaurant,restaurant,麻布十番2丁目8-3
Honda Azabujuban,1,japanese_restaurant,asian_restaurant|restaurant,"Azabujuban, 2 Chome−8−3 ＤＫＮＳ麻布 2F"
ナノハナ麻布十番,1,bar,restaurant,麻布十番2丁目8-1
VELVETA,1,bar,restaurant|diner,麻布十番2丁目7-14
博多ほたる 麻布十番店,1,japanese_restaurant,seafood_restaurant|asian_restaurant,麻布十番2丁目7-5
麻布れとろ,1,restaurant,french_restaurant|japanese_restaurant,元麻布3丁目10-12
Kyutaro,1,japanese_restaurant,restaurant|bar,3 Chome-10-12 Motoazabu
X Azabujuban,1,japanese_restaurant,restaurant,101 3 Chome-12-4 Motoazabu
麻布十番 真田,1,japanese_restaurant,,"Azabujuban, 2 Chome−6−2 THE CITY 麻布十番ⅠAVANTI 2F"
Kafuka Tokyo,1,japanese_restaurant,sake_bar|restaurant,2丁目7-14
あじ彩,1,japanese_restaurant,bar|restaurant,麻布十番2丁目4-15
みつや 麻布十番店,1,japanese_restaurant,restaurant,麻布十番1-6-5 ラミュウーズビル2F
旬香集人 こちらこそ,1,restaurant,japanese_restaurant|bar,"Azabujuban, 2 Chome−5−14 マイコーナービル 5F"
あざぶ一期,1,japanese_restaurant,restaurant|asian_restaurant,麻布十番2丁目5-14
惣菜ふじやま,1,japanese_restaurant,restaurant|diner,"Azabujuban, 2 Chome−5−14 MYCORNER4F"
La Gaku Azabu,1,bar,lounge,"Azabujuban, 1 Chome−5−19 松山ビル 4F"
エルフジヤマ,1,bar,,麻布十番1丁目6-4
中目黒いぐち 麻布十番店,1,japanese_restaurant,,麻布十番1-6-7
やさい家めい 麻布十番店,1,japanese_restaurant,restaurant|diner,麻布十番1丁目5-18
eat,1,japanese_restaurant,sushi_restaurant|restaurant,"Azabujuban, 1 Chome−6−3 テラス麻布十 番 B1F"
楼漫亭,1,japanese_restaurant,asian_restaurant|restaurant,麻布十番1丁目5-13
馬麺,1,japanese_restaurant,noodles_restaurant,麻布十番1丁目5-12
七尾,1,japanese_restaurant,sushi_restaurant|restaurant,麻布十番1丁目5-10
麻布十番すぎ乃,1,japanese_restaurant,asian_restaurant,元麻布3丁目11-2
nico five,1,japanese_restaurant,bar|restaurant,"Motoazabu, 3 Chome−11−5 平岡ビル 1階"
Oyster and Meat Azabu Iroha,1,japanese_restaurant,restaurant,3 Chome-10-12 Motoazabu
We Are the Farm 麻布,1,vegetarian_restaurant,restaurant,東京都港区元麻布３丁目１０−４
グリグリ,1,japanese_restaurant,restaurant|diner,元麻布3丁目10-2
旨焼あたり,1,japanese_restaurant,restaurant|barbecue_restaurant,元麻布3丁目10-2
猿のしっぽ,1,japanese_restaurant,asian_restaurant|restaurant,麻布十番1丁目5-27
たぬ吉 麻布十番店,1,japanese_restaurant,,麻布十番1-5-26
Tanukichi Azabujuban,1,japanese_restaurant,restaurant|asian_restaurant,"Azabujuban, 1 Chome−5−26 Azabu-Juban City Mansion, 地下１階"
麻布六角,1,japanese_restaurant,asian_restaurant|restaurant,麻布十番1丁目5-5
心月,1,japanese_restaurant,restaurant|eat_and_drink,麻布十番1丁目5-5
哲庵,1,japanese_restaurant,,麻布十番1-5-26
Taro Azabujuban,1,japanese_restaurant,restaurant|diner,"Motoazabu, 3 Chome−10−6 ラウレア元麻布 1F"
麻布郡司,1,japanese_restaurant,sushi_restaurant|restaurant,元麻布3丁目11-2
歌京,1,bar,japanese_restaurant|restaurant,麻布十番1丁目5-8
こま,1,bar,japanese_restaurant,麻布十番1丁目5-10
SHAJI,1,japanese_restaurant,restaurant,麻布十番1丁目5-11
麻布十番 秦野よしき,1,restaurant,sushi_restaurant|japanese_restaurant,東京都港区麻布十番２丁目８−６
礼,1,japanese_restaurant,restaurant|asian_restaurant,六本木5丁目11-25
あらいかわ,1,japanese_restaurant,restaurant,"Azabujuban, 1 Chome−5−7 第１長門ビル １階"
オカダガーリック,1,theme_restaurant,,池尻2-34-12 シンエイ池尻ビル2F
旬熟成六本木店,1,japanese_restaurant,restaurant|diner,六本木5丁目11-31
白金三代目豚タツ,1,japanese_restaurant,asian_restaurant|restaurant,六本木5丁目11-32
小やなぎ,1,japanese_restaurant,restaurant|asian_restaurant,麻布十番1丁目5-3
Matsuri Roppongi,1,japanese_restaurant,sushi_restaurant|dance_club,六本木3－12－6　8.9F
HONA azabu,1,japanese_restaurant,asian_restaurant|restaurant,元麻布3丁目2-21
おれの炭,1,japanese_restaurant,restaurant|diner,"Motoazabu, 3 Chome−2−21 ルミエール 元麻布 1F"
松宮川元麻布店,1,japanese_restaurant,restaurant,元麻布3丁目2-20
香宮,1,japanese_restaurant,restaurant,13 シーラ 2F 港区西麻布３丁目１３−１０ ＳＹＬＡ ＮＩＳＨＩＡＺＡＢＵ－Ｖ
吾空,1,japanese_restaurant,,西麻布3-13-10
西麻布吾空,1,japanese_restaurant,restaurant|diner,西麻布3丁目13-10
甘美堂,1,japanese_restaurant,asian_restaurant,西麻布4丁目10-3
kitchen,1,restaurant,diner|asian_restaurant,西麻布4丁目4-12
草片cusavilla,1,restaurant,italian_restaurant|bar,西麻布4-4-16
ecru 広尾店,1,food_and_drink,,西麻布4丁目4-5 アパホテル 西麻布 1F
JOJO,1,japanese_restaurant,restaurant|diner,"Nishi Azabu 410, 4 Chome-10-7 Nishiazabu"
西麻布いちの,1,japanese_restaurant,restaurant,西麻布4丁目10-6
白寧,1,restaurant,,西麻布4-9-11
Sudachi,1,japanese_restaurant,asian_restaurant|restaurant,"Minamiaoyama, 7 Chome−12−12 南青山モワビル 地下1階"
一汁三菜,1,japanese_restaurant,restaurant|diner,南青山7丁目12-13
ahill azabu,1,japanese_restaurant,french_restaurant|steakhouse,"Nishiazabu, 4 Chome−22−10 プレステージ西麻布 1F"
博多亀吉,1,japanese_restaurant,,西麻布4-22-8
しょうみん,1,japanese_restaurant,restaurant|diner,西麻布4丁目22-8
81,1,restaurant,asian_restaurant|bar,西麻布4丁目21番2号
味のなかむら,1,japanese_restaurant,restaurant|sushi_restaurant,西麻布4丁目7-10
びのむ,1,japanese_restaurant,restaurant|diner,西麻布4丁目8-6
pique-Nique,1,bar,restaurant|bar_and_grill_restaurant,西麻布4丁目5-8
まんみ 西麻布,1,japanese_restaurant,asian_restaurant,西麻布4丁目5-8
寺,1,restaurant,japanese_restaurant|barbecue_restaurant,西麻布1丁目15-10
和楽惣,1,japanese_restaurant,asian_restaurant|restaurant,南麻布5丁目1-1
美可和家,1,japanese_restaurant,asian_restaurant|restaurant,西麻布4丁目6-5
終夜灯 (Akari),1,japanese_restaurant,,南麻布5-2-39
六本木shall'a,1,bar,arts_and_entertainment,六本木５－９－１６
こうもと,1,japanese_restaurant,restaurant,南麻布5丁目1-10
奈路亭広尾店,1,cupcake_shop,desserts|restaurant,
幸せ三昧,1,japanese_restaurant,asian_restaurant|restaurant,東4丁目8-1
しんすけ,1,restaurant,bar,
Si,1,restaurant,french_restaurant|gastropub,南青山7丁目14-6
Restaurant Mama,1,japanese_restaurant,,南青山7丁目4-17
タカノハ,1,bar,restaurant,南青山7丁目1-12
布袋屋,1,restaurant,asian_restaurant|japanese_restaurant,
布袋家,1,japanese_restaurant,restaurant|noodles_restaurant,4 Chome-18-18 Nishiazabu
agingmeet&delicatessen 旬熟成,1,japanese_restaurant,delicatessen|restaurant,西麻布4丁目17-19
西麻布 利久,1,japanese_restaurant,restaurant,西麻布4丁目17-19
かわさき,1,japanese_restaurant,sushi_restaurant,東京都港区西麻布４丁目１７−２２
利久。,1,japanese_restaurant,,西麻布4-17-19
西麻布月,1,restaurant,sushi_restaurant,西麻布4丁目10-1
西麻布まほろば,1,japanese_restaurant,restaurant,"Nishiazabu, 4 Chome−10−1 ラポート西麻布 3階"
西麻布福躍,1,japanese_restaurant,restaurant|asian_restaurant,西麻布4丁目3-12
かみくら,1,japanese_restaurant,restaurant|diner,西麻布4丁目2-9
M2,1,restaurant,fast_food_restaurant|japanese_restaurant,"Nishiazabu, 4 Chome−2−9, Seasons Nishiazabu, 102"
ばむぶう,1,japanese_restaurant,asian_restaurant|restaurant,西麻布4丁目11-10
atirom,1,restaurant,shopping_center|fashion,東京都港区西麻布１丁目４−２３
暁 西麻布店,1,restaurant,,西麻布 4-2-10
Nishiazabu CROSS,1,bar,arts_and_entertainment,4 Chome-11-9 Nishiazabu
玉乃葉グー家西麻布,1,japanese_restaurant,restaurant|sake_bar,西麻布4丁目2-12
Kitchen 5,1,mediterranean_restaurant,,西麻布4-2-15
葡呑,1,japanese_restaurant,wine_bar|restaurant,西麻布4丁目2-14
Kasumicho Yamagami,1,japanese_restaurant,restaurant,"Nishiazabu, 4 Chome−2−13 八幡ビル ３階"
霞町すゑとみ,1,japanese_restaurant,asian_restaurant|restaurant,西麻布4丁目2-13
Bunon,1,japanese_restaurant,asian_restaurant|restaurant,4 Chome-2-14 Nishiazabu
角屋,1,bar,restaurant|japanese_restaurant,西麻布4丁目2-15
Bianco,1,bar,restaurant|pub,西麻布4丁目2-15
伊勢 すえよし,1,japanese_restaurant,restaurant|asian_restaurant,西麻布4丁目2-15
さんくス,1,restaurant,bar|cafe,西麻布4-1-6 高塚ビル5階
wagoart,1,restaurant,,西麻布4-15-18 高木ビル1階
越庵,1,bar,,西麻布 1-12-4
FORNO Nishiazabu,1,japanese_restaurant,restaurant|bar,西麻布4丁目11-25
常,1,japanese_restaurant,restaurant,西麻布4丁目11-25
いちのや,1,japanese_restaurant,asian_restaurant|restaurant,西麻布4丁目1-6
壌西麻布店,1,bar,,西麻布4丁目1-15
86番 Luca's Kitchen,1,restaurant,diner,西麻布4丁目1-15
とく山,1,japanese_restaurant,restaurant|sushi_restaurant,西麻布4丁目11-28
KEMURI,1,japanese_restaurant,asian_restaurant|restaurant,西麻布4丁目11-28
FUZZ,1,bar,pub|beer_bar,202 4 Chome-11-28 Nishiazabu
Be Sun,1,bar,american_restaurant|beauty_salon,"Nishiazabu, 4 Chome−11−28 麻布エンパイヤマンション2F"
たこあわ,1,bar,,西麻布４丁目１−１５
ベランダ,1,lounge,,西麻布3-24-20
Kogaicho Salone,1,japanese_restaurant,restaurant|private_association,2 Chome-13 Nishiazabu
Iriguchi,1,restaurant,bar_and_grill_restaurant|gastropub,西麻布２－２５－１８麻布パレス１Ｆ
PB,1,bar,restaurant,西麻布2丁目25-19
千利庵,1,japanese_restaurant,restaurant,西麻布2丁目25-19
銀座あかにく庵西麻布店,1,japanese_restaurant,,西麻布2丁目25-21 ガリシアヒルズ西麻布EAST 1階
Coco mongo,1,restaurant,diner,"Nishiazabu, 2 Chome−25−22 Galicia Hills Nishi-Azabu West, WEST B1"
Torisaron,1,japanese_restaurant,restaurant,"Nishiazabu, 2 Chome−25−24 2 階"
H's,1,bar,restaurant|lounge,
La Bombance,1,japanese_restaurant,asian_restaurant|restaurant,西麻布2-26-21
Citabria,1,bar,restaurant|diner,西麻布2丁目26-4
RAIN,1,bar,,西麻布2丁目25-32 ブレスビルB1
Juice,1,lounge,cocktail_bar|bar,"Nishiazabu, 2 Chome−25−24 FTビル B1F"
兎と寅 rabbit&tiger,1,bar,shopping,西麻布2-25-11-1F
麻布 草ふえ,1,japanese_restaurant,sake_bar|bar,"Nishiazabu, 2 Chome−25−13 石原ビル ２階～３階"
AZABU 草ふえ,1,bar,,西麻布2-25-13
bodymake kitchen ボディメイクキッチン,1,restaurant,steakhouse|vegetarian_restaurant,西麻布2-24-17
おとら 西麻布,1,bar,japanese_restaurant,西麻布2丁目13-12
The Factory 西麻布,1,restaurant,shopping,東京都港区西麻布２−１３−１２ 早野ビル 1F
Kill Bill Restaurant,1,japanese_restaurant,sushi_restaurant,"Nishiazabu, 1 Chome−13−11 3F"
Ippo,1,restaurant,barbecue_restaurant|japanese_restaurant,"パールハイツ, B1, 2 Chome-13-15 Nishiazabu"
笹繁,1,japanese_restaurant,seafood_restaurant|steakhouse,西麻布2丁目13-15
TOUMIN,1,japanese_restaurant,restaurant,"Nishiazabu, 2 Chome−24−14 Barbizon 73, 2F"
Rally,1,japanese_restaurant,restaurant|pub,"Nishiazabu, 1 Chome−12−10 西麻布 岩田Bldg. B1F"
どん松西麻布店,1,restaurant,,西麻布1丁目13-6
ハーモニー ダイナー,1,japanese_restaurant,bar|restaurant,西麻布2丁目13-19
These,1,lounge,bar,東京都港区西麻布2-15-12 、カルテットビル1F
喜久美,1,diner,japanese_restaurant|sushi_restaurant,西麻布2丁目15-12
Tokinoma,1,bar,restaurant,"Nishiazabu, 2 Chome−15−14 麻布ポイントビル 1F ウエスト ヴェルメイユ内"
トゥーニーズ,1,bar,japanese_restaurant,西麻布2丁目15-12
西麻布 73,1,bar,,西麻布2-12-5
霞町三〇一ノ一,1,japanese_restaurant,restaurant|sushi_restaurant,西麻布2-12-5
天海地,1,japanese_restaurant,restaurant|asian_restaurant,西麻布1丁目14-3
身土不二,1,asian_restaurant,,西麻布1-14-16
すみしょう 西麻布,1,pub,,西麻布1-14-17
10th Story,1,bar_and_grill_restaurant,japanese_restaurant|barbecue_restaurant,"Nishiazabu Heights, 2 Chome-12-1 Nishiazabu"
Cave Cinderella,1,lounge,bar|cocktail_bar,"Nishiazabu, 1 Chome−15−7 6F"
博多鶴ふく 西麻布,1,japanese_restaurant,restaurant|diner,"Nishiazabu, 1 Chome−15−7 モダンフォルム西麻布ビル パートII 1階"
味覚,1,japanese_restaurant,sushi_restaurant|restaurant,西麻布1丁目15-3
西麻布万葉,1,japanese_restaurant,restaurant,西麻布1丁目15-10
天火御,1,japanese_restaurant,,"Nishiazabu, 1 Chome−15−10 Park View Nishiazabu, 1階"
Azabu Lamb Gourmand,1,japanese_restaurant,restaurant,東京都港区西麻布１丁目１５−１０
またはり,1,bar,,西麻布2丁目10-4
GL Jiel,1,bar,japanese_restaurant|restaurant,"Nishiazabu, 2 Chome−9−14 K&T・T 西麻布 2F"
es,1,japanese_restaurant,restaurant|diner,"Nishiazabu, 2 Chome−15−15 ３especeビル 2階"
Kiteru Nishi-Azabu,1,restaurant,cafe|japanese_restaurant,西麻布2丁目15-3
かくれみの,1,japanese_restaurant,asian_restaurant|restaurant,西麻布2丁目15-3
豪龍久保,1,japanese_restaurant,asian_restaurant|restaurant,西麻布2丁目15-1
kanon,1,japanese_restaurant,restaurant|lounge,"Nishiazabu, 2 Chome−16−12 橘ビル"
Jushu,1,japanese_restaurant,restaurant|asian_restaurant,"Nishiazabu, 2 Chome−16−1 斎田ビル １階"
山田五郎邸のごりょんさん,1,japanese_restaurant,restaurant,西麻布2丁目20-1
たまさか,1,japanese_restaurant,asian_restaurant|restaurant,西麻布2丁目21-11
赤い部屋,1,japanese_restaurant,bar|wine_bar,南青山6丁目6-21
ドミナント,1,japanese_restaurant,steakhouse|restaurant,南青山6丁目7-2
威風 南青山店,1,restaurant,,南青山6丁目3-12
ラコタハウス,1,japanese_restaurant,,南青山6丁目12-14
The Round Table inc.,1,restaurant,pizza_restaurant,北青山３丁目１２番２
デン アクアルーム 青山,1,japanese_restaurant,lounge|restaurant,南青山5丁目13-3
こはぜ,1,japanese_restaurant,sushi_restaurant|bar,南青山6丁目1-24
うすけぼー 南青山店,1,japanese_restaurant,bar,南青山5丁目4-31
隠れ房南青山店,1,japanese_restaurant,restaurant|diner,南青山5丁目4-40
DEK 青山,1,japanese_restaurant,restaurant|diner,"Minamiaoyama, 5 Chome−4−41 グラッセリア青山"
ステア,1,japanese_restaurant,restaurant,5 Chome-5-1 Minamiaoyama
IKI-BA,1,bar,restaurant|cafe,南青山3-13
Cori Vegan Food Stand,1,vegetarian_restaurant,food_stand|restaurant,
中西,1,japanese_restaurant,restaurant,南青山3丁目13-8
Kokko Kurkku,1,mediterranean_restaurant,restaurant|european_restaurant,"Minamiaoyama, 3 Chome−14−28 KRKビル 1F"
うめ八,1,restaurant,japanese_restaurant|sushi_restaurant,北青山3-3-7
Kasahara,1,japanese_restaurant,bar|restaurant,"Nishiazabu, 2 Chome−2−2 NK 青山ホームズ A-3"
き久ち,1,japanese_restaurant,restaurant,西麻布2丁目17-17
寿修,1,japanese_restaurant,restaurant|diner,西麻布2丁目16-1
GONTA,1,bar,,西麻布2丁目19-3
西麻布Dande (暖手),1,bar,,2 Chome-16-1 Nishiazabu
AC HOUSE,1,restaurant,asian_fusion_restaurant|asian_restaurant,2 Chome-7-7 Nishiazabu
MW nishiazabu,1,japanese_restaurant,sake_bar|restaurant,西麻布2丁目10-2
Bohemian,1,japanese_restaurant,restaurant|asian_restaurant,
エル・モカンボ,1,restaurant,bar|spanish_restaurant,西麻布1丁目4-38
ハグ,1,restaurant,cafe|karaoke,西麻布1丁目4-38
ポルトベレーザ,1,lounge,eat_and_drink|pub,東京都港区西麻布１丁目４−４３
K.house,1,bar,,1-3-8 Azeria Building 2nd Floor
バニラムード,1,japanese_restaurant,restaurant|diner,西麻布1丁目3-6
Odajima,1,japanese_restaurant,restaurant|asian_restaurant,7 Chome-18-24 Roppongi
ヨコイ 六本木Juppy店,1,japanese_restaurant,restaurant|diner,六本木7丁目17-19
狼屋,1,restaurant,bar|pub,東京都港区六本木7丁目17-20
LORE,1,japanese_restaurant,restaurant|european_restaurant,"Roppongi, 7 Chome−19−1 六本木コーヨーハイツ 102"
西麻布 しん,1,restaurant,,西麻布1丁目4-5
アプリヴォワゼ B.B,1,lounge,bar|restaurant,西麻布1丁目4-50
Traffic,1,bar,dance_club,東京都港区西麻布１丁目４−４８
Restaurant Omae XEX,1,japanese_restaurant,restaurant|asian_restaurant,六本木7丁目21-19
寓,1,pub,bar|brewery,"Roppongi, 7 Chome−21−7 ウエスタ六本木 1F"
六本木 BeeHive,1,japanese_restaurant,bar|topic_concert_venue,六本木7丁目11-10
とも庵,1,japanese_restaurant,restaurant|asian_restaurant,六本木7-3-15
Table Motoh,1,japanese_restaurant,restaurant|diner,六本木7丁目3-15
テリヤキラボ,1,restaurant,,
Veganic to go,1,vegetarian_restaurant,health_food_restaurant|restaurant,六本木7丁目4-14
竜土町きらく,1,japanese_restaurant,sushi_restaurant|bar,六本木7丁目3-21
さん 六本木店,1,restaurant,,港区六本木7-3-21 来山ビル1F
Bia,1,japanese_restaurant,restaurant,"Roppongi, 7 Chome−3−21 Kitayama Bldg., 2F 来山ビル2F"
ぽっかぽか,1,bar,restaurant|pub,六本木7丁目4-8
Shokkan,1,restaurant,japanese_restaurant|sushi_restaurant,六本木7丁目5-11
モンシェリ,1,restaurant,italian_restaurant,東京都港区六本木７丁目５−１１
sakaba roppongi,1,bar,bar_and_grill_restaurant|pub,7 Chome-5-11 Roppongi
アメット,1,japanese_restaurant,diner|restaurant,東京都港区六本木７丁目５−１１
Tsuki,1,bar,wine_bar|restaurant,
祥瑞,1,bar,restaurant|wine_bar,六本木7丁目10-2
の里竜土町,1,japanese_restaurant,sushi_restaurant|restaurant,六本木7丁目10-2
My All,1,bar,lounge,"Roppongi, 7 Chome−6−3 喜楽ビル B101"
六本木 真おか,1,japanese_restaurant,restaurant|asian_restaurant,六本木7丁目6-3
ウブ,1,restaurant,,"Roppongi, 7 Chome−5−11 カサグランデミワ 2F"
さ行,1,japanese_restaurant,restaurant|asian_restaurant,六本木7丁目6-6
侍の台所 ようざん,1,japanese_restaurant,restaurant|sake_bar,"Roppongi, 7 Chome−6−5 DISSY ビル 地下1階"
Ichi,1,japanese_restaurant,restaurant|diner,"Roppongi, 7 Chome−10−30 1F"
B HOUSE,1,bar,restaurant|pub,六本木7-16-5 3F
ごはんや,1,japanese_restaurant,sushi_restaurant|restaurant,六本木7丁目12-23
六本木砂浜,1,japanese_restaurant,restaurant,東京都港区六本木７丁目１２−２３
ひか紗六本木店,1,japanese_restaurant,,六本木7丁目12-29 102
Rays Roppongi,1,bar,,六本木7-14-1 東李閣ビル3階
Sperare (スペラーレ),1,bar,restaurant,"六本木7丁目14-2, 三清会館ビルB1F"
Roots Roppongi,1,restaurant,italian_restaurant|bar,六本木4丁目11-11
しゃり米,1,bar,japanese_restaurant|asian_restaurant,六本木7丁目14-1
阿雅左,1,japanese_restaurant,bar|sake_bar,"Roppongi, 4 Chome−12−7 6階"
マテリオ,1,pub,bar|restaurant,六本木4丁目12-6
感情東京,1,restaurant,,東京都港区六本木４丁目１２−５
Agatha,1,bar,restaurant|japanese_restaurant,六本木4丁目12-7
夜盛六本木ミッドタウン前,1,restaurant,japanese_restaurant|diner,六本木7丁目13-2
Raidon,1,bar,pub,六本木7-12-3 パワーハウスビルディング９階
Bon Tokyo 六本木,1,bar,bar_and_grill_restaurant|lounge,"グレイト綱ビル 7階, 4 Chome-12-10 Roppongi"
金蔦六本木,1,japanese_restaurant,restaurant|diner,六本木4丁目12-11
Third,1,bar,lounge,"Roppongi, 4 Chome−12−11 R.Takeoka Bldg., 竹岡ビル3階"
orange,1,bar,restaurant|wine_bar,赤坂9丁目7-1
Zoom,1,bar,karaoke,東京都港区六本木4-12-12 SANKOビル4F-B
Roppongi NAKED,1,bar,restaurant|japanese_restaurant,六本木7丁目8-11
医食同源 ふかさく,1,japanese_restaurant,restaurant|diner,六本木7丁目8-9
ひろ庵,1,japanese_restaurant,restaurant,六本木7丁目9-6
NAPO,1,bar,restaurant|pub,7 Chome-9-6 Roppongi
アールーム(aroom),1,bar,pub,六本木7-9-6 ヒタチプラザビル2F
Le Coeur,1,bar,cafe|lounge,六本木7丁目9-5
からこま,1,japanese_restaurant,restaurant,六本木7丁目9-2
ZONE,1,bar,lounge,"Roppongi, 7 Chome−9−3 4F"
FLARE,1,bar,lounge,"Roppongi, 7 Chome−9−2 岡野ビル 2F"
五太夫,1,bar,restaurant|japanese_restaurant,六本木7丁目9-2
LA・VITA,1,lounge,bar|cocktail_bar,六本木7丁目10-4
ラビータ,1,bar,cocktail_bar|restaurant,六本木7丁目10-4
弦月六本木店,1,restaurant,japanese_restaurant|dance_club,六本木7丁目8-16
天鳳,1,japanese_restaurant,noodles_restaurant|restaurant,六本木7丁目8-5
マド六本木 / MADO Roppongi,1,bar,lounge|cafe,六本木７ー８ー５ ２Ｆ
Gluten Free T's Kitchen,1,gluten_free_restaurant,japanese_restaurant|asian_restaurant,7 Chome-8-5-2F Roppongi
六本木たぬき,1,restaurant,,六本木7丁目8-4
Sugimoto Tokyo Midtown,1,japanese_restaurant,restaurant|asian_restaurant,"Akasaka, 9 Chome−7−3 東京ミッドタウン GalleriaB1F"
Recipe and Market,1,restaurant,delicatessen|asian_restaurant,赤坂9丁目7-3
鶏三和東京ミッドタウン店,1,japanese_restaurant,chicken_restaurant|restaurant,東京都港区赤坂９丁目７−３
たか野,1,japanese_restaurant,attractions_and_activities|restaurant,六本木4丁目4-3
breaq,1,restaurant,eat_and_drink|cafe,六本木4丁目4-4
一億,1,asian_restaurant,,六本木4-4-5
Rouge Roppongi,1,bar_and_grill_restaurant,italian_restaurant|restaurant,"Roppongi, 4 Chome−5−11 2F SIX"
Uchiyatei AMI,1,japanese_restaurant,restaurant|bar,六本木4丁目4-2
銀座花郷・六本木店,1,japanese_restaurant,restaurant,六本木4丁目2-35
Dan,1,restaurant,bar|asian_restaurant,六本木4丁目5-6
亀甲,1,restaurant,japanese_restaurant,東京都港区六本木４丁目５−７
南蛮亭本館,1,japanese_restaurant,restaurant|diner,六本木4丁目5-6
ニクノトリコ,1,japanese_restaurant,restaurant,六本木4丁目5-11
Ichioku,1,japanese_restaurant,restaurant|diner,4 Chome-4-5 Roppongi
Roppongi Air,1,japanese_restaurant,barbecue_restaurant|restaurant,"Roppongi, 4 Chome−4−8 エトワール六本木 4階・5階"
Shirato,1,restaurant,japanese_restaurant|french_restaurant,"Roppongi, 4 Chome−4−8 エトワール赤坂 ２Ｆ"
LUX MARIS,1,lounge,spas|bar,東京都港区六本木４丁目１２−２
角の蛸,1,japanese_restaurant,bar|barbecue_restaurant,六本木4丁目12-2
Unjour〈アンジュール〉,1,bar,restaurant,東京都港区六本木４丁目１２−４
六串,1,japanese_restaurant,restaurant,4 Chome-12-4 Roppongi
二代目まめ彦 六本木月花粋,1,japanese_restaurant,asian_restaurant|restaurant,"Roppongi, 4 Chome−6−7 2階"
Hermitage,1,lounge,bar|restaurant,"六本木4丁目5-9, トリニティビル B1F"
なでしこ,1,japanese_restaurant,restaurant|asian_restaurant,六本木4丁目11-4
福島,1,japanese_restaurant,restaurant|asian_restaurant,六本木4丁目10-12
炭火焼葵,1,japanese_restaurant,bar_and_grill_restaurant|restaurant,六本木4丁目10-2
DOPE CLUB,1,lounge,bar|cocktail_bar,六本木4丁目10-11
レイクムーン,1,bar,dance_club|restaurant,六本木4丁目10-11
鎌倉,1,bar,restaurant|japanese_restaurant,六本木4丁目10-11
比呂,1,bar,japanese_restaurant|restaurant,"Roppongi, 4 Chome−9−1 佐竹ビル"
おじちやんの店,1,japanese_restaurant,restaurant|asian_restaurant,六本木4丁目10-3
粲 sun,1,restaurant,,"六本木4丁目10-3, 第V大栄ビル7F"
紋大志,1,japanese_restaurant,restaurant|asian_restaurant,六本木4丁目10-3
ろっぽん座,1,japanese_restaurant,bar|restaurant,六本木4丁目8-9
山崎文庫,1,bar,restaurant,六本木4丁目8-9
Happy Cat,1,pub,bar|restaurant,六本木4丁目8-3
evasion,1,bar,cocktail_bar|dance_club,4 Chome-8 Roppongi
流雲,1,bar,cocktail_bar|restaurant,六本木4丁目8-12
limit,1,bar,pub|beer_bar,4 Chome-8 Roppongi
六本木 Seven,1,bar,dance_club|sake_bar,六本木3-14-7
シェイク,1,restaurant,bar,東京都港区六本木３丁目８−１
Beach Roppongi,1,bar,lounge,六本木3丁目8-2
iroha,1,japanese_restaurant,restaurant|bar,六本木3丁目8-2
カーシヤマミ,1,restaurant,bar,東京都港区六本木3丁目9 12
ふた川,1,japanese_restaurant,asian_restaurant|restaurant,3 Chome-9-4 Roppongi
七りん,1,japanese_restaurant,asian_restaurant|restaurant,3 Chome-9-4 Roppongi
スリーネーション,1,japanese_restaurant,asian_restaurant|restaurant,3 Chome-9-4 Roppongi
Dear(ディア),1,bar,pub|cafe,東京都港区六本木3-9-3　第二六本木ビレッジビル地下１階
CAGLIOSTRO,1,bar,,"Roppongi, 3 Chome−9−5 ゼックスバウム館 304"
そいや,1,japanese_restaurant,restaurant|diner,六本木3丁目10-10
紅灯緑酒 庵,1,bar,fast_food_restaurant|pub,六本木3丁目10-11
おばん31,1,bar,japanese_restaurant,六本木3丁目10-11
Roppongi R,1,japanese_restaurant,restaurant|diner,六本木3丁目10-9
ディースペース,1,lounge,bar|karaoke,六本木3丁目10-11
士士 sisi,1,japanese_restaurant,restaurant|diner,"Roppongi, 3 Chome−8−15 瀬里奈ヴィレッジ １F"
MAGIC TOKYO O,1,bar,,六本木3-8-15
サラ・フェラーリ,1,restaurant,japanese_restaurant|steakhouse,3 Chome-9-5 Roppongi
ミトス,1,bar,restaurant|pub,東京都港区六本木３丁目８−１８
セリーネ,1,bar,dance_club|pub,六本木3丁目8-15
花かん,1,bar,dance_club|pub,六本木3丁目8-15
三宅 輝,1,restaurant,japanese_restaurant|sushi_restaurant,六本木３－８－１２ JTビル1階
ちるちるキッチン,1,bar,japanese_restaurant,"Roppongi, 3 Chome−8−12 2F"
ろっぽんぎ パートIi,1,bar,restaurant,六本木3丁目8-10
燃,1,japanese_restaurant,,六本木3-8-12
いさご家,1,japanese_restaurant,asian_restaurant|restaurant,3 Chome-13-3 Roppongi
ジュ・ド・ペッシュ,1,bar,italian_restaurant|lounge,六本木3丁目13-3
一献,1,japanese_restaurant,,六本木3-13-3
和顔,1,restaurant,japanese_restaurant|sake_bar,3 Chome-13-3 Roppongi
ポセイドン六本木,1,restaurant,,六本木３丁目１３−１４ ゴトウビルディング３ 7Ｆ
Tha Glove 六本木店,1,lounge,,
Antidote,1,lounge,,六本木3-10-5
Kemushi,1,bar,dance_club,六本木3丁目10-5
GROVE squad,1,bar,event_planning|eat_and_drink,"Roppongi, 3 Chome−10−5 マリーナビル 3階"
room,1,lounge,bar,"Roppongi, 3 Chome−10−4 六本木パークビル 3F"
飯家 りょう,1,japanese_restaurant,restaurant,六本木3丁目10-9
星,1,fast_food_restaurant,,六本木3丁目10-9
Ushio,1,japanese_restaurant,asian_restaurant|restaurant,"Roppongi, 3 Chome−10−9 かじ川誠志堂ビル 2F"
天体観測Diner,1,theme_restaurant,diner|restaurant,六本木3丁目11-10
旬菜 えむず,1,japanese_restaurant,asian_restaurant|restaurant,六本木3丁目11-10
元祖 どないや 六本木店,1,japanese_restaurant,restaurant,六本木3丁目11-2
弐阡壱年,1,bar,,六本木3丁目11-10
キー ストーン ブイ,1,restaurant,bar,六本木3丁目11-10
六本木左馬 ひだりうま,1,japanese_restaurant,restaurant,六本木3丁目11-7
Fukunozen,1,asian_restaurant,restaurant|bar,六本木3-11-10
みのち庵,1,japanese_restaurant,asian_restaurant,六本木3丁目11-8
Neo.3 xoxo,1,bar,,東京都港区六本木３丁目１１−７
Blow Roppongi Dragon,1,bar,casino|arcade,"Roppongi, 3 Chome−11−6 ウナカミビル 1階"
日いづる,1,japanese_restaurant,restaurant|asian_restaurant,7 Chome-14-11 Roppongi
プチタブロー,1,bar,karaoke|music_venue,"Roppongi, 7 Chome−14−10 山室ビル"
プレイヤーオーリンズ六本木,1,bar,restaurant|arts_and_entertainment,港区六本木7丁目14-10
博多華善六本木店,1,bar,restaurant|chicken_restaurant,六本木7丁目14-7
真希 六本木一号店,1,japanese_restaurant,bar,東京都港区六本木４丁目９−９
Rouage,1,bar,specialty_school|pub,六本木4-9-4
Noza Caza,1,restaurant,bar_and_grill_restaurant|italian_restaurant,六本木4丁目8-8
なぶら,1,japanese_restaurant,restaurant|asian_restaurant,六本木4丁目8-7
六本座,1,bar,sake_bar|japanese_restaurant,六本木4丁目8-9
黒猫夜六本木店,1,japanese_restaurant,restaurant|diner,六本木4丁目9-1
なかみ屋,1,japanese_restaurant,barbecue_restaurant|restaurant,"Roppongi, 4 Chome−9−11 第二小田切ビル 2F"
ウィンブルドン,1,japanese_restaurant,restaurant|asian_restaurant,六本木4丁目9-9
莉々庵,1,japanese_restaurant,restaurant|wine_bar,東京都港区六本木４丁目９−１１
紗絵羅,1,restaurant,cafe|coffee_shop,東京都港区六本木４丁目９−１１
六本木ちょっと,1,bar,japanese_restaurant|restaurant,六本木4丁目10-8
龍 IMPROVE,1,bar,,六本木4-10-8
Ryu Improve,1,japanese_restaurant,bar|restaurant,"Roppongi, 4 Chome−10−8 5F"
天駆,1,japanese_restaurant,asian_restaurant|restaurant,"Roppongi, 7 Chome−14−16 六本木ＦＳビル 2階"
ESTADO 六本木店,1,bar,,六本木7-13-8
Glamour Tokyo,1,bar,karaoke|music_venue,"Roppongi, 7 Chome−13−8 Fusion Building, フュージョンビル3F"
志る角,1,japanese_restaurant,restaurant|bar,六本木7丁目13-11
六七,1,bar,sake_bar|lounge,東京都港区六本木７丁目１６−１１
駄菓子屋,1,japanese_restaurant,bar|sake_bar,六本木7丁目12-15
小の半,1,japanese_restaurant,restaurant|asian_restaurant,六本木7丁目17-2
チアカウンター,1,japanese_restaurant,restaurant|bar,六本木7丁目16-11
オフ・ド・オール,1,pub,bar|restaurant,"Tomas Bldg., 7 Chome-13-10 Roppongi"
chopsticks,1,bar,,六本木7-16-5
知仙,1,japanese_restaurant,restaurant,六本木7丁目16-5
Trick or Treat,1,theme_restaurant,restaurant|bar,"Roppongi, 7 Chome−16−5 Toda Bldg., 2F"
Beef Man Roppongi,1,japanese_restaurant,,"Roppongi, 7 Chome−16−5 1F"
Fluke Roppongi,1,bar,social_service_organizations,"Roppongi, 7 Chome−16−5 戸田ビル B1A"
リン・クルー,1,restaurant,asian_restaurant|japanese_restaurant,7 Chome-15-7 Roppongi
梟ノ森,1,bar,restaurant|asian_restaurant,六本木6丁目1-23
八山,1,japanese_restaurant,restaurant|diner,六本木6丁目1-20
Jidaiya,1,restaurant,japanese_restaurant|sushi_restaurant,6丁目2-11
Natural kitchen yoomi,1,restaurant,french_restaurant|bar,"Roppongi, 7 Chome−17−19 FREG Ropponngi SECOND 3階"
Eiri Roppongi store,1,restaurant,,六本木7丁目18-8 2F
やさいや 鉄板焼野菜六本木店,1,japanese_restaurant,restaurant,六本木7丁目18-8
柿之木,1,japanese_restaurant,asian_restaurant|restaurant,六本木7丁目17-16
びたろー,1,japanese_restaurant,sushi_restaurant|bar,六本木7丁目17-16
Andante,1,bar,,六本木7-18-11
SURF&TURF,1,japanese_restaurant,,六本木6丁目2-6 GEMS六本木3F
六本木next,1,bar,spas|karaoke,六本木7-15-13
アルフィー,1,bar,,六本木6丁目2-35 ハマ六本木ビル 5F
ぶりきや,1,japanese_restaurant,asian_restaurant|restaurant,六本木6丁目2-35
Peace Kitchen,1,japanese_restaurant,restaurant|diner,"Roppongi, 6 Chome−6−15 1F"
福よし 六本木店,1,japanese_restaurant,restaurant|diner,六本木5丁目9-22
あーえーtokyo,1,bar,karaoke|lounge,六本木5-8-2 HEIBONビル2F-B
L&S TOKYO,1,bar,lounge|theatre,"Roppongi, 5 Chome−8−2 ＨＥＩＢＯＮ六本木ビル 5F"
AMAZONES,1,bar,private_association|speakeasy,5 Chome-1-10 Roppongi
ヒゲゴリラ,1,bar,,
Butakin 六本木店,1,japanese_restaurant,restaurant|diner,6 Chome-6-7 Roppongi
Ginko,1,bar,dance_club|pub,六本木6丁目7-7
Kasuitei Roppongi branch,1,restaurant,,六本木6丁目7-7
宗胡,1,japanese_restaurant,restaurant|asian_restaurant,六本木6丁目1-8
CROSS ROPPONGI,1,restaurant,,"六本木6丁目1-3, 六門ビル 3F"
フィオーリアアリアブル,1,restaurant,diner|european_restaurant,六本木5丁目1-3
アントン ビー,1,bar,,六本木5丁目1-5 B1F
apios,1,japanese_restaurant,asian_restaurant,
鬼ビーフ 六本木店,1,restaurant,,六本木6-1-6
GOSHIKIroppongi,1,restaurant,,六本木6丁目1-6 ザクセンビルB1F
しょうがの香り,1,japanese_restaurant,chinese_restaurant|restaurant,六本木5丁目2-1
MEZZO(メゾ),1,bar,japanese_restaurant,5 Chome-1-7 Roppongi
ベルフェーム,1,bar,pub|cocktail_bar,六本木5丁目1-7
マツリ,1,restaurant,,六本木3丁目12-6 六本木ロアビル店 8F
ビジーハウス,1,bar,dance_club|restaurant,六本木3丁目13-10
オータニ,1,restaurant,steakhouse|japanese_restaurant,"Roppongi, 3 Chome−13−10 北麻布ビルディング"
辛流,1,japanese_restaurant,sushi_restaurant,東京都港区六本木３丁目１３−１０
香楽,1,bar,japanese_restaurant|asian_restaurant,"Roppongi, 3 Chome−13−6 ウインド六本木 １階Ｂ"
ぴんちゃん,1,japanese_restaurant,restaurant,3-chōme-13 Roppongi
百舌亭,1,japanese_restaurant,asian_restaurant,六本木3丁目14-16
東京けんせいランド,1,japanese_restaurant,bar,"Roppongi, 3 Chome−14−13 5階"
Masu,1,japanese_restaurant,barbecue_restaurant|restaurant,"Roppongi, 3 Chome−14−14 6F"
実之和,1,japanese_restaurant,restaurant,六本木3丁目13-8
みそめぼれ,1,japanese_restaurant,,六本木3-14-13
0pct_tokyo,1,bar,lounge|beer_garden,六本木５丁目２−４ 朝日生命六本木ビル1F
Golden Gate,1,bar,restaurant|pub,六本木5丁目2-4
Musium(ミュージーアム),1,bar,music_venue,"Roppongi, 5 Chome−2−4 朝日生命六本木ビル 1F"
bukubuku,1,japanese_restaurant,,六本木5丁目2-4 朝日生命六本木ビル B1F
ヨカヨカ,1,pub,bar|restaurant,六本木5丁目2-11
粋狼,1,bar,,六本木5丁目8-3 中野ビル3F
ブラマーレ,1,restaurant,bar|eat_and_drink,
あぶらや,1,japanese_restaurant,restaurant|bar,六本木5丁目9-23
北回帰線,1,speakeasy,bar|restaurant,六本木5丁目9-22
ラ・シャンデル,1,bar,cocktail_bar|lounge,六本木5丁目9-22
ジェームス・モンロー,1,restaurant,bar|arts_and_entertainment,六本木5丁目9-22
あぶらぼうず,1,japanese_restaurant,restaurant|bar_and_grill_restaurant,六本木5丁目9-22
In Da House,1,bar,pub,"Roppongi, 6 Chome−8−8 3F"
ジョウモン,1,japanese_restaurant,restaurant,六本木5丁目9-17
蘭しま,1,pub,bar|restaurant,5 Chome-9-14 Roppongi
根深,1,restaurant,diner,"Roppongi, 6 Chome−8−28 宮﨑ビル ２０２"
TABIYA,1,bar,restaurant|asian_restaurant,"Roppongi, 5 Chome−9−14 綿引ビル"
芋洗坂 Hideki,1,bar,lounge|arts_and_entertainment,東京都港区六本木5-9-14 第７ビレッジビル 5Ｆ
Roppongi MUN,1,restaurant,asian_restaurant|bar,六本木3-1-25
六本木 いなきあ,1,japanese_restaurant,asian_restaurant,六本木6丁目10-1
ryoteimanpuku,1,japanese_restaurant,,東京都港区六本木６丁目１０−１
yasaiyaMei,1,japanese_restaurant,restaurant|asian_restaurant,六本木6丁目10-1
百味庵,1,japanese_restaurant,restaurant|diner,六本木6丁目10-1
Grand Food Hall,1,restaurant,grocery_store,六本木6丁目10-11
The Moon,1,restaurant,french_restaurant|cafe,"Roppongi, 6 Chome−10−1 Roppongi Hills Mori Tower, 52Ｆ"
天蒼々,1,japanese_restaurant,restaurant,"Roppongi, 6 Chome−10−1 ヒルズ ウェストウォーク 5F"
ナチュラル ビート 六本木ヒルズノースタワー店,1,restaurant,landmark_and_historical_building|arts_and_entertainment,東京都港区六本木６丁目２−３１
六道,1,japanese_restaurant,restaurant|asian_restaurant,東京都港区六本木６丁目４−１
松也,1,japanese_restaurant,,2-31 六本木6丁目
牛牛西麻布総本店,1,japanese_restaurant,steakhouse|restaurant,西麻布1丁目2-3
志庵六本木店,1,japanese_restaurant,asian_restaurant|restaurant,六本木6丁目4-1
六本木ヒルズ店,1,fast_food_restaurant,,東京都港区六本木６－３－１
りきちゃん東京西麻布店,1,japanese_restaurant,retail|restaurant,"Nishiazabu, 1 Chome−7−7 Adesso Nishiazabu, 2F"
Kasumitei Matsubara,1,japanese_restaurant,restaurant|asian_restaurant,"Nishiazabu, 1 Chome−7−2 Adesso Nishiazabu, 3F"
エスペランス,1,restaurant,bar,西麻布1丁目3-16
KAI,1,bar,restaurant|hawaiian_restaurant,西麻布1丁目6-12
Issei Yuasa,1,restaurant,japanese_restaurant,1 Chome-4-22 Nishiazabu
おおつかようすけ,1,japanese_restaurant,,西麻布1-4-26
nobu,1,bar,dance_club|pub,西麻布1丁目4-26
礼三,1,japanese_restaurant,eat_and_drink,西麻布1丁目4-23
一即夛,1,japanese_restaurant,asian_restaurant|restaurant,1 Chome-10-１６ 二階 Nishiazabu
GORI Nishi-Azabu,1,japanese_restaurant,steakhouse|restaurant,"Nishiazabu, 1 Chome−5−16 西麻布ＡＫビル 1階"
かどや 霞邸,1,japanese_restaurant,restaurant|diner,西麻布1丁目5-18
Asai,1,japanese_restaurant,asian_restaurant|restaurant,"Nishiazabu, 1 Chome−9−11 サワタカビル １Ｆ"
霞富士,1,japanese_restaurant,restaurant,西麻布1丁目10-7
美花,1,restaurant,,
風の仕業,1,bar,,西麻布1-7-2
楽観 Nishiazabu Gold,1,japanese_restaurant,asian_restaurant|restaurant,西麻布1丁目8-12
成,1,japanese_restaurant,restaurant|sushi_restaurant,"Nishiazabu, 1 Chome−8−13 コアビル 1F"
霞明亭 (かみょうてい),1,bar,pub|beer_bar,1 Chome-8-12 Nishiazabu
眞由膳,1,japanese_restaurant,restaurant|asian_restaurant,西麻布1丁目14-8
夜寄,1,japanese_restaurant,sake_bar|restaurant,1 Chome-12-13 Nishiazabu
にしあざぶ,1,bar,,西麻布1-11-10　高橋ビル2F
Takumi,1,japanese_restaurant,restaurant,"Nishiazabu, 1 Chome−11−10 ビルマーサ 1F"
シェフ&ブッチャー東京,1,bar,,西麻布1-11-6
かぶいて候,1,japanese_restaurant,restaurant,"高橋, １階, 1 Chome-11-10 Nishiazabu"
西麻布ウィルベリー,1,restaurant,bar|diner,西麻布1丁目12-8
R,1,lounge,bar|dance_club,1 Chome-12-4 Nishiazabu
ちゃうちゃう,1,bar,dive_bar|pub,1-chōme-12 Nishiazabu
The Beyond Tokyo,1,restaurant,,"Nishiazabu, 1 Chome−12−6 ダイアンクレストビル １F"
赤のれん 西麻布本店,1,japanese_restaurant,restaurant,東京都港区西麻布３丁目２１−２４
宿呂久,1,japanese_restaurant,restaurant|asian_restaurant,3 Chome-21-24 Nishiazabu
S court,1,bar,karaoke|arts_and_entertainment,西麻布3-21-24C's西麻布4F
馬場壱家智の陣,1,japanese_restaurant,,西麻布3丁目20-16
またぎ,1,japanese_restaurant,restaurant|asian_restaurant,西麻布3丁目1-15
Qwang,1,bar,thai_restaurant|asian_restaurant,"Nishiazabu, 3 Chome−1−18 Rd西麻布 B1"
燦糺,1,japanese_restaurant,restaurant,西麻布3丁目1-18
霞坂,1,bar,pub|lounge,東京都港区西麻布３丁目１−１８
Room 39,1,japanese_restaurant,restaurant|asian_restaurant,"Nishiazabu, 3 Chome−1−18 六本木新生ビル 2階"
わだ家,1,japanese_restaurant,restaurant|asian_restaurant,西麻布3丁目1-20
Illest Tokyo Nishiazabu,1,bar,,"Nishiazabu, 1 Chome−7−2 ECONACH 西麻布 1F"
健福,1,vegetarian_restaurant,taiwanese_restaurant,西麻布3丁目1-22
竹田,1,japanese_restaurant,restaurant|asian_restaurant,西麻布3丁目2-6
よし澤,1,japanese_restaurant,restaurant,"Roppongi, 6 Chome−10−1 Roppongi Hills Mori Tower ウェストウォーク 5階"
月光庵,1,japanese_restaurant,restaurant|diner,西麻布3丁目21-14
Yin,1,bar,,西麻布3丁目21-14
Awaazabu,1,bar,pub,"Nishiazabu, 3 Chome−24−23 ２F"
やすきよ,1,japanese_restaurant,restaurant|diner,西麻布3丁目24-22
Black Rose,1,bar,pub,3 Chome-24-19 Nishiazabu
さくら西麻布,1,japanese_restaurant,restaurant|bar,西麻布3丁目24-24
VISAVIS,1,bar,lounge|japanese_restaurant,"Nishiazabu, 3 Chome−24−16 SUNLIT 西麻布SDビル 2階"
酉卯,1,bar,,西麻布3-24-16
Mocomoco,1,bar,,"Nishiazabu, 3 Chome−23−7 アルテミス西麻布"
麻布霞町,1,restaurant,,西麻布3-24-9
ワンガーデン西麻布店,1,japanese_restaurant,restaurant,西麻布3丁目17-29
One Garden 西麻布店,1,japanese_restaurant,,西麻布3-17-29
博多中 Nishiazabu,1,restaurant,japanese_restaurant,東京都港区西麻布３丁目１７−２６
博多奈良屋,1,restaurant,japanese_restaurant,東京都港区西麻布３丁目１７−２６
umindoimaichi,1,bar,karaoke,西麻布3-17-23 プティコワン5階
OkSan,1,japanese_restaurant,bar|restaurant,"Nishiazabu, 3 Chome−17−20 LY西麻布 B1F"
BAGG10,1,lounge,bar|karaoke,"Nishiazabu, 3 Chome−17−22 モダンフォルム西麻布 ４F"
B.space,1,restaurant,,西麻布3-16-9
きだんち,1,japanese_restaurant,,西麻布3-3-3
茶寮宮坂,1,japanese_restaurant,restaurant|asian_restaurant,六本木6丁目12-2
シェ・マディ 六本木店,1,restaurant,coffee_shop|cafe,六本木6丁目9-1
東京都港区麻布十番 喜久や,1,japanese_restaurant,,東京都港区麻布十番1-5-20 1F
Bagn Roppongi,1,restaurant,,六本木一丁目1-4-5
リンコス 六本木ヒルズ店,1,japanese_restaurant,,六本木6丁目11-1
Homebase Tokyo,1,bar,cafe|coffee_shop,"Roppongi, 6 Chome−17−6 PIA 麻布十番 III 3F"
Betty5,1,restaurant,bar|wine_bar,東京都港区六本木６丁目１７−６
Cossotte SP,1,japanese_restaurant,barbecue_restaurant|restaurant,六本木5丁目13-11
Branch TOKYO,1,pub,restaurant|bar,東京都港区六本木5-3-4レーヌ六本木ビル4F
Purple Moon - パープルムーン,1,bar,eat_and_drink|pub,六本木5-8-2　HEIBON ビルB2
Electrik神社,1,bar,,六本木５丁目９−２２第二千陽ビルB1
溜池相屋総本店,1,japanese_restaurant,asian_restaurant,
六本木ルーズ,1,bar,restaurant|arts_and_entertainment,六本木5丁目5番8号 花澤ビル1F
Vista,1,lounge,,Azabudai 2-Chōme
Aoyagi,1,japanese_restaurant,restaurant|diner,东京都港区元麻布3丁目6-34
感菜,1,japanese_restaurant,restaurant|asian_restaurant,1 Chome-4-2 Higashiazabu
雄,1,japanese_restaurant,,東麻布1丁目3-7
無題,1,japanese_restaurant,restaurant,麻布台1-3-1 麻布台ヒルズ タワープラザFREUDE by BMW 2F
めん蔵,1,japanese_restaurant,sushi_restaurant,麻布台1丁目10-6
パーラー矢澤,1,japanese_restaurant,,港区麻布台1-2-4
Alchemy,1,vegetarian_restaurant,restaurant|health_food_restaurant,"4F, 1 Chome-3-1 Azabudai"
2ND TOKYO,1,japanese_restaurant,bar|restaurant,"Roppongi, 5 Chome−18−1 2F"
Dazzle,1,bar,cocktail_bar|party_and_event_planning,"Roppongi, 5 Chome−18−1 PURE六本木 6階"
アークエンジェルズトウキョウ,1,bar,cafe,六本木5丁目18-1
うちわ,1,japanese_restaurant,restaurant|asian_restaurant,麻布台1丁目5-6
Garden Diner+,1,japanese_restaurant,,麻布台3-4-11
lugo,1,bar,eat_and_drink|spanish_restaurant,麻布台3丁目4-14
Mami Ana,1,japanese_restaurant,restaurant|bar,麻布台3丁目3-19
杉もと,1,japanese_restaurant,restaurant|asian_restaurant,麻布台3丁目3-19
TANIARASHI,1,japanese_restaurant,,六本木5-18-20
ブルゴーニュ 六本木店,1,restaurant,,六本木4丁目9-2 
DEN Roppongi,1,bar,restaurant|pub,六本木3-9-3 六本木ロイヤルビル3F
いつも,1,bar,professional_services,六本木4丁目11-4
Edge,1,bar,health_and_medical|lounge,7-16-5 戸田ビル３F
EDEN roppongi,1,bar,community_services_non_profits,六本木 7
うふふ,1,bar,restaurant|eat_and_drink,5 Chome-16-5 Roppongi
プロポーション,1,bar,pub|cocktail_bar,東京都港区六本木５丁目１６−５
ヒットパレード,1,bar,dance_club|karaoke,六本木5丁目16-4
Tommys,1,restaurant,food_stand,六本木４－４－４メゾン六本木
Roppongi 59,1,bar,,5 Chome-16-4 Roppongi
六本木横丁大親分,1,bar,restaurant,六本木5丁目5-1
八じゅう六本木店,1,japanese_restaurant,restaurant|diner,六本木5丁目5-1
Nikuno Rakuen,1,restaurant,american_restaurant|butcher_shop,六本木5-5-1
ピンクカウ,1,bar,,六本木5丁目5-1 六本木ロアビル B1F
清左ヱ門,1,japanese_restaurant,barbecue_restaurant|asian_restaurant,六本木3丁目14-9
LEX TOKYO RED CARPET,1,bar,,六本木5-5-1
Harvest Time,1,bar,restaurant,"Roppongi, 3 Chome−14−8-5F 下条ビル"
Yotteba Roppongi Shop,1,japanese_restaurant,restaurant|diner,"Roppongi, 3 Chome−14−8 下条ビル"
大吉日和,1,japanese_restaurant,,"Roppongi, 3 Chome−14−8 下条ビル 3階"
初音六本木,1,japanese_restaurant,restaurant|sushi_restaurant,六本木3丁目14-7 
MIST,1,bar,dance_club|pub,六本木3丁目15-24
SNAKE六本木,1,bar,dance_club|restaurant,東京都港区六本木３丁目１５−２４
Re Birth,1,restaurant,italian_restaurant,3 Chome-15-28 Roppongi
ルルネージュ,1,pub,music_venue|topic_concert_venue,外神田4-4-9
Nirivana,1,bar,lounge|pub,"Roppongi, 3 Chome−15−24 アリエスビル"
Paradise Cay,1,bar_and_grill_restaurant,restaurant|bar,"Roppongi, 3 Chome−15−24 １階"
Balcon Tokyo,1,bar_and_grill_restaurant,japanese_restaurant|restaurant,六本木3丁目15-17
home,1,vegan_restaurant,,六本木3-17-2
麻布FLAT,1,bar,wine_bar|restaurant,六本木3丁目17-2
にく稲,1,japanese_restaurant,barbecue_restaurant|restaurant,六本木3丁目17-2
Ramies Roppongi,1,japanese_restaurant,restaurant|bar,"Roppongi, 3 Chome−4−17 １F"
丹波谷 かくりゅう,1,japanese_restaurant,restaurant,六本木3丁目6-4
Moon,1,bar,lounge,"Roppongi, 3 Chome−8−11 中島ビル 1F"
Sorosoro,1,bar,sake_bar,"Roppongi, 3 Chome−8−11 中島ビル 1F"
くんくんTokyo,1,bar,restaurant,東京都港区六本木３丁目８−１０
三河台みゆき,1,japanese_restaurant,,六本木3-8-10
Nen Nagare,1,japanese_restaurant,wine_bar|bar,"Roppongi, 3 Chome−8−7 サクセスビル"
Lumber,1,bar,arts_and_entertainment,"Roppongi, 3 Chome−8−12 イーストビル 2F"
Fillmore East,1,bar,arts_and_entertainment|karaoke,"Roppongi, 3 Chome−8−7 ３F"
夜光虫,1,bar,karaoke|sake_bar,六本木6丁目8-8
ミストレス,1,bar,dance_club|pub,六本木3丁目4-35
吾響 -Elemental Restaurant-,1,japanese_restaurant,restaurant,"Roppongi, 3 Chome−4−33 Maruman Roppongi Bldg., B1F"
六本木shalala,1,bar,restaurant|bar_and_grill_restaurant,六本木4-1-16　六本木ハイツ１F
RICK,1,restaurant,health_food_restaurant,六本木4丁目1-12
ルチン,1,bar,pub|cocktail_bar,六本木4丁目1-12
しゃらら亭 andor Gorilla,1,japanese_restaurant,,六本木4-1-16
さぶ,1,japanese_restaurant,restaurant,東京都港区六本木４丁目２−１５
The ROAST Roppongi,1,bar,restaurant|diner,六本木4丁目1-3
Amber Trip,1,restaurant,,西麻布1-1-1 EDGEビル 3F
とさか六本木,1,restaurant,japanese_restaurant|bar_and_grill_restaurant,東京都港区六本木３丁目１−２５
麻布箪笥町天涼庵,1,japanese_restaurant,restaurant|steakhouse,六本木3丁目1-25
Azabu Tansumachi Tenryōan,1,restaurant,asian_restaurant|japanese_restaurant,六本木3-1-25
楮山,1,japanese_restaurant,restaurant|asian_restaurant,"Roppongi, 3 Chome−4−33 B1F"
笑壷,1,japanese_restaurant,restaurant|diner,六本木1丁目4-5
四季七草,1,japanese_restaurant,asian_restaurant,六本木1丁目6-1
世阿弥秘すれば花,1,japanese_restaurant,restaurant|asian_restaurant,六本木1丁目6-1
よりどり,1,japanese_restaurant,restaurant,
麻布 浅井,1,restaurant,chinese_restaurant|shopping,西麻布１丁目9-11
HELE海's,1,japanese_restaurant,asian_fusion_restaurant|restaurant,六本木1丁目9-10
しのきちチャンネル 麻布台ヒルズ,1,restaurant,,東京都港区麻布台１丁目６−１９
8ablish,1,vegan_restaurant,,虎ノ門5-8-1
空花,1,japanese_restaurant,restaurant,虎ノ門5丁目3-3
ひだか,1,japanese_restaurant,bar,虎ノ門5丁目2-14
よつぎや,1,japanese_restaurant,restaurant|asian_restaurant,虎ノ門5丁目2-8
金蠍,1,japanese_restaurant,restaurant|asian_restaurant,虎ノ門3丁目19-7
心・技・体 うるふ,1,japanese_restaurant,restaurant|asian_restaurant,虎ノ門3丁目21-5
Xex Atago Green Hills,1,restaurant,japanese_restaurant|buffet_restaurant,"Atago, 2 Chome−5−1 グリーンヒルズ MORIタワ 42F"
まつしま,1,japanese_restaurant,sushi_restaurant|restaurant,虎ノ門5丁目13-1
なかえ,1,japanese_restaurant,restaurant,虎ノ門4丁目2-4
五鐵,1,japanese_restaurant,bar|sushi_restaurant,虎ノ門4丁目2-4
チェンジ,1,bar,japanese_restaurant,虎ノ門3丁目17-10
キッチン・ダダ,1,restaurant,japanese_restaurant|cafe,虎ノ門3丁目7-8
The Blue Room,1,restaurant,european_restaurant|breakfast_and_brunch_restaurant,"Toranomon, 4 Chome−1−1 神谷町トラストタワー 31階 東京エディション"
トラピリカ,1,restaurant,asian_restaurant,東京都港区虎ノ門４丁目１−１
Vegi and Fish,1,japanese_restaurant,vegetarian_restaurant|seafood_restaurant,虎ノ門3丁目8-21
愛宕荘,1,food_and_drink,,
アベニュー,1,bar,pub|cocktail_bar,東京都港区西新橋３丁目８−２
光村,1,japanese_restaurant,,西新橋2丁目33-3
多寿都,1,japanese_restaurant,restaurant|specialty_grocery_store,西新橋2丁目37-6
タオ,1,japanese_restaurant,bar|restaurant,新橋4丁目3-11
遊喜,1,japanese_restaurant,restaurant|asian_restaurant,新橋4丁目3-1
Marusara,1,restaurant,mediterranean_restaurant|bar,新橋4丁目1-1
ギャルソン倶楽部,1,bar,,新橋3丁目3-4 駒倉ビル2F
菱膳新橋店,1,restaurant,diner,新橋3丁目4-10
こやまん家,1,japanese_restaurant,restaurant|diner,"Shinbashi, 3 Chome−3−8 信友ビル 2F"
肉蔵でーぶ,1,japanese_restaurant,restaurant,"Shinbashi, 3 Chome−3−7 信友ビル 1F"
おば九,1,restaurant,bar|japanese_restaurant,新橋3丁目13-9
能登治,1,japanese_restaurant,restaurant,新橋3丁目7-5
二代豊国,1,japanese_restaurant,sushi_restaurant|restaurant,新橋3丁目7-3
健康美食.けんび,1,bar,,新橋3丁目9-7 黒滝ビル 1F 2F
まいはま 新橋,1,japanese_restaurant,sushi_restaurant|eat_and_drink,
よかとも,1,bar,restaurant|japanese_restaurant,新橋3丁目10-6
大露路,1,japanese_restaurant,bar|sake_bar,新橋3丁目10-6
花懐道,1,japanese_restaurant,restaurant|diner,新橋3丁目9-6
Cico'S Kitchen,1,restaurant,japanese_restaurant|asian_restaurant,"Shinbashi, 3 Chome−9−7 黒瀧ビル 2階"
美食かほりや,1,bar,japanese_restaurant|grocery_store,新橋3丁目8-5
升亀新橋店,1,japanese_restaurant,asian_restaurant|restaurant,新橋3丁目8-8
OWL,1,restaurant,asian_fusion_restaurant|asian_restaurant,新橋3丁目8-5
GRACE,1,bar,,新橋3-6-4
Bono,1,restaurant,bar|seafood_restaurant,新橋4丁目6-6
佐々木屋,1,japanese_restaurant,restaurant|bar,新橋4丁目6-4
いわなみ,1,japanese_restaurant,,新橋4丁目6-6
おにかけ,1,japanese_restaurant,restaurant|diner,新橋4丁目6-8
WildHeart新橋,1,bar,,東京都港区新橋４丁目５−１５
新橋 パラダイス,1,japanese_restaurant,restaurant|diner,新橋4丁目26-4
幸正,1,japanese_restaurant,restaurant|eat_and_drink,新橋5丁目8-13
だん亭,1,japanese_restaurant,restaurant,新橋5丁目9-8
美の,1,japanese_restaurant,restaurant|asian_restaurant,新橋5丁目9-5
志布志 喜船,1,japanese_restaurant,asian_restaurant,"Shinbashi, 5 Chome−10−8 カルチャーセンタービル B1F"
畦道,1,japanese_restaurant,restaurant|asian_restaurant,5 Chome-7-12 Shinbashi
松美屋,1,japanese_restaurant,restaurant,新橋5丁目33-8
光麟堂,1,japanese_restaurant,asian_restaurant,新橋5丁目33-8
朧酒店,1,restaurant,hotel|shopping,新橋5丁目29-2
新橋長嶋応援隊,1,japanese_restaurant,sushi_restaurant,東京都港区新橋５丁目３０−４
Restaurant Sugita,1,japanese_restaurant,steakhouse|restaurant,"Shinbashi, 5 Chome−31−6 MST BUILDING 1F"
いきいき亭本舗新橋店,1,japanese_restaurant,restaurant,新橋6丁目6-9
堤,1,japanese_restaurant,restaurant|asian_restaurant,新橋6丁目8-1
LUKES,1,japanese_restaurant,,6 Chome-20-1 Shinbashi
東島屋,1,restaurant,eat_and_drink|desserts,
御成門はる,1,restaurant,japanese_restaurant,芝大門1丁目2-2
パティオ,1,restaurant,tapas_bar|coffee_shop,東京都港区西新橋３丁目１９−１８
Trim,1,japanese_restaurant,steakhouse,"Toranomon, 3 Chome−22−7 東武ハイライン第２芝虎ノ門 102号室"
清水,1,japanese_restaurant,,芝公園3丁目3-1 東京プリンスホテル 1F
UMEIYA,1,japanese_restaurant,restaurant,東京都港区芝公園４丁目２−８
赤坂まき田,1,japanese_restaurant,restaurant|asian_restaurant,元赤坂1-5-31
都映芝大門店,1,restaurant,japanese_restaurant|bar_and_grill_restaurant,芝大門1丁目11-9
宮本倶楽部,1,japanese_restaurant,restaurant,"Shibadaimon, 1 Chome−10−11 一階"
アクボ,1,restaurant,diner,芝公園1丁目5-32
つばくらめ,1,japanese_restaurant,restaurant,芝公園1丁目2-8
Kitchen Peremosso,1,japanese_restaurant,,
すずらん,1,restaurant,sake_bar|coffee_shop,東京都港区芝大門１丁目２−１９
六花たべりゃんせ,1,fast_food_restaurant,restaurant|food_stand,芝大門1丁目3-6
より鶏み鶏,1,bar,restaurant|japanese_restaurant,東京都港区芝大門１丁目４−４
なな庵,1,japanese_restaurant,,芝大門1-4-5
芝大門精肉店,1,restaurant,asian_restaurant|japanese_restaurant,"""港区芝大門1-7-12, 宮本ビル"""
Katou,1,asian_restaurant,restaurant|japanese_restaurant,1 Chome-8-4 Shibadaimon
夏冬,1,japanese_restaurant,restaurant,芝大門1丁目8-4
穂久斗,1,japanese_restaurant,,芝大門1-8-4
ひじり亭,1,bar,japanese_restaurant|eat_and_drink,芝大門1丁目8-4
大門 はしもと,1,japanese_restaurant,,芝大門1丁目4-5
スカイガーデンズ キッチン,1,food_truck_stand,cafe,
お葱ちゃん,1,japanese_restaurant,restaurant|diner,浜松町1丁目28-14
8dori Daimon Store,1,restaurant,italian_restaurant,"Hamamatsucho, 1 Chome−28−13 DaimonexⅡ1F"
東京しゃ門浜松町,1,restaurant,japanese_restaurant|bar,浜松町1丁目28-13
常陸屋,1,japanese_restaurant,bar|asian_restaurant,浜松町1丁目27-9
いしまる,1,restaurant,,芝大門1丁目15-10 芝大門吉實ビル2F
hyoitto,1,restaurant,bar|steakhouse,芝大門1丁目15-10
ひだりや,1,japanese_restaurant,restaurant|bar,芝大門1丁目15-10
島の恵みと喰らえ 匠,1,japanese_restaurant,restaurant|asian_restaurant,芝大門1-15
ChoiGabu,1,bar,japanese_restaurant|restaurant,1 Chome-6-6 Shibadaimon
Fukki,1,japanese_restaurant,landmark_and_historical_building|restaurant,
福気,1,japanese_restaurant,restaurant,芝大門2丁目1-1
美正,1,japanese_restaurant,asian_restaurant|restaurant,芝公園2丁目3-7
のもと家,1,japanese_restaurant,restaurant|diner,芝公園2丁目3-7
というわけで,1,japanese_restaurant,restaurant,芝大門2丁目1-18
こかげ,1,bar,japanese_restaurant|chinese_restaurant,芝大門2丁目1-18
たかなし 浜松町,1,bar,pub,芝大門2丁目1-18
由丸芝大門店,1,japanese_restaurant,restaurant,芝大門2丁目1-15
Akimoto kitchen アキモトキッチン,1,restaurant,,芝大門2丁目2-8 境野ビル1F
芝大門さくら,1,japanese_restaurant,asian_restaurant|restaurant,芝大門2丁目2-8
ポワンジュール,1,restaurant,italian_restaurant|asian_restaurant,"Shibadaimon, 2 Chome−3−14 一松ビル 一号館"
碗宮,1,japanese_restaurant,restaurant|asian_restaurant,東京都港区芝大門２丁目２−１６
福の花芝大門店,1,japanese_restaurant,,芝大門2-3-7
華厳,1,japanese_restaurant,bar|restaurant,芝大門2丁目1-18
山才,1,japanese_restaurant,restaurant,"Shibadaimon, 2 Chome−3−2 第2大吉ビル 3階"
集来,1,japanese_restaurant,noodles_restaurant,芝大門2丁目3-6
ささの屋芝大門店,1,japanese_restaurant,asian_restaurant|restaurant,芝大門2丁目4-4
神田屋 浜松町店,1,restaurant,,東京都港区浜松町1丁目29－10  東京ラインビル２F
岩桧葉,1,restaurant,,東京都港区浜松町2-1-6 ADsis Daimon 3F
嘉一,1,japanese_restaurant,noodles_restaurant|asian_restaurant,"Hamamatsucho, 2 Chome−1−16 オーキッドプレイス"
ぶらじる,1,japanese_restaurant,restaurant|asian_restaurant,浜松町2丁目1-16
浜松町 なみの上,1,restaurant,,浜松町2-3-1
得無心,1,restaurant,japanese_restaurant|diner,芝大門2丁目6-11
くにひろ,1,asian_restaurant,,東京都港区芝大門２丁目６−１０
煌味家,1,japanese_restaurant,restaurant,浜松町2丁目3-25
八海亭,1,japanese_restaurant,restaurant|bar,浜松町2丁目7-2
うるのや,1,restaurant,bar,東京都港区浜松町２丁目６−１
くいたいもん 浜松町店,1,bar,,浜松町2丁目6-2 藤和浜松町ビル1F
春きゃべつ,1,japanese_restaurant,restaurant,浜松町2丁目8-10
和乃香,1,japanese_restaurant,restaurant|diner,芝大門2丁目9-2
Tenko,1,japanese_restaurant,bar,2 Chome-9-8 Shibadaimon
パラダヰス,1,japanese_restaurant,restaurant,芝大門2丁目8-14
Rock,1,japanese_restaurant,restaurant,"Shibadaimon, 2 Chome−8−4 芝大門武屋ビル 芝大門武屋ビル 1F"
ポルト,1,buffet_restaurant,european_restaurant|restaurant,芝公園3丁目3-1
タワシタ,1,restaurant,french_restaurant|european_restaurant,東京都港区東麻布１丁目９−３
月下,1,restaurant,french_restaurant|bar,東麻布1丁目9-3
麻布布袋家,1,japanese_restaurant,noodles_restaurant|asian_restaurant,東麻布1丁目7-2
東麻布天本,1,japanese_restaurant,restaurant|asian_restaurant,東麻布1丁目7-9
フロイデ,1,japanese_restaurant,restaurant|cafe,東麻布1丁目6-7
常盤屋べんべん,1,restaurant,barbecue_restaurant|japanese_restaurant,東麻布1丁目18-2
KOSARI,1,japanese_restaurant,barbecue_restaurant|restaurant,"Higashiazabu, 2 Chome−19−3 ミレーヌ東麻布 1F"
Title H(タイトルアッシュ),1,restaurant,,"Higashiazabu, 2 Chome−20−3 AZABEETERRACE B1"
ピリピリ,1,restaurant,japanese_restaurant|indian_restaurant,東麻布1丁目18-1
とたぬき,1,japanese_restaurant,restaurant,東麻布2丁目26-8
ほの香,1,japanese_restaurant,restaurant|asian_restaurant,東麻布3丁目2-1
MATAKANA,1,restaurant,,2-23-14
Sublime,1,restaurant,european_restaurant,東麻布3丁目3-9
アザブノケムリ,1,japanese_restaurant,bar|restaurant,東麻布3丁目4-17
馬尻,1,japanese_restaurant,bar|restaurant,六本木5丁目12-19
麻布いがた,1,japanese_restaurant,restaurant|diner,東京都港区麻布十番１丁目４−２
がいがい,1,japanese_restaurant,,麻布十番1-3-1
Band a part 麻布十番,1,restaurant,asian_restaurant|diner,麻布十番1-2-5富山店舗1階
AZ,1,bar,karaoke|sake_bar,"Azabujuban, 1 Chome−2−8 高野ビル 麻布"
The Xun Tokyo,1,japanese_restaurant,restaurant|asian_restaurant,麻布十番1丁目2-8
Jimotoya,1,japanese_restaurant,bar|restaurant,麻布十番1丁目3-8
京寿々,1,japanese_restaurant,,麻布十番1-9-3
C's Garden,1,bar_and_grill_restaurant,restaurant|bar,麻布十番1丁目9-2
ヒルトップカシータ,1,bar,,麻布十番1丁目9-2 ユニマット麻布十番ビル8階
十一,1,restaurant,chinese_restaurant|asian_restaurant,麻布十番1丁目9-2
麻布369,1,japanese_restaurant,restaurant,"Azabujuban, 1 Chome−9−11 Cima Azabujuban 1F"
Towa,1,bar,,"Azabujuban, 1 Chome−9−11 CIMA麻布十番"
ターチ,1,japanese_restaurant,asian_restaurant|restaurant,麻布十番1丁目7-7
麻布十番 かなざわ,1,japanese_restaurant,asian_restaurant|restaurant,麻布十番1丁目7-7
DENOMu,1,bar,,"Azabujuban, 1 Chome−7−11 深瀬ビル B１F"
黒十庵,1,japanese_restaurant,barbecue_restaurant|restaurant,"Azabujuban, 1 Chome−7−9 酒井ビル 3F"
阿波 よし田,1,japanese_restaurant,restaurant|diner,麻布十番2丁目4-6
一番館麻布十番,1,japanese_restaurant,barbecue_restaurant|restaurant,麻布十番1丁目8-11
ガヴィアルプラス,1,japanese_restaurant,restaurant,東京都
Rituel Toranomon,1,restaurant,,東京都港区虎ノ門2-6-3 虎ノ門ヒルズ ステーションタワー 2F
ステラルナ,1,lounge,,
カシュク,1,japanese_restaurant,restaurant|indian_restaurant,"Azabujuban, 1 Chome−9−9-9 1Ｆ"
真己,1,bar,lounge,麻布十番1-10-3　モンテプラザ麻布805
Croket Mimic Tokyo,1,restaurant,bar|pub,麻布十番1丁目10-10
Shining Moon Tokyo,1,theme_restaurant,japanese_restaurant|restaurant,麻布十番1丁目10-10
東麻布不風流,1,japanese_restaurant,asian_restaurant|restaurant,東麻布2丁目33-5
かねいし,1,japanese_restaurant,restaurant|diner,東麻布2丁目35-1
あじと麻布十番,1,bar,eat_and_drink|chicken_restaurant,麻布十番4丁目1-4
おにまる,1,japanese_restaurant,asian_restaurant|restaurant,麻布十番1丁目11-10
Farmer's Chicken 東麻布店,1,restaurant,,
Ten Azabu Tokyo,1,bar,,東京都
十番のおばちゃん,1,restaurant,bar|diner,麻布十番2丁目1-13
花一会・麻布十番本店,1,japanese_restaurant,restaurant,麻布十番2丁目1-1
和たま,1,japanese_restaurant,asian_restaurant|restaurant,麻布十番2丁目3-12
Riposo,1,lounge,bar,麻布十番 2丁目8-7
麻布十番 しも井,1,japanese_restaurant,asian_restaurant|restaurant,麻布十番2丁目8-10
Ramu Tokyo,1,japanese_restaurant,restaurant|asian_restaurant,麻布十番2丁目8-10
アンティ・プラス,1,bar,restaurant|dance_club,2 Chome-8-7 Azabujuban
栄来亭,1,japanese_restaurant,barbecue_restaurant|restaurant,麻布十番2丁目2-1
十番右京,1,japanese_restaurant,asian_restaurant|restaurant,麻布十番2丁目2-1
おもかげ,1,japanese_restaurant,restaurant|burger_restaurant,麻布十番2丁目2-8
Kaion701,1,bar,music_venue|lounge,"Azabujuban, 2 Chome−8−8 ７階"
Ishigaki Yoshida,1,japanese_restaurant,restaurant|steakhouse,"Azabujuban, 2 Chome−8−10 3F"
三六麻布十番店,1,japanese_restaurant,restaurant,麻布十番2丁目9-5
麻布兜 別館,1,japanese_restaurant,restaurant,"Azabujuban, 2 Chome−9−7 B1F"
Lau-Lau,1,asian_restaurant,thai_restaurant|vietnamese_restaurant,麻布十番2丁目14-2
山忠,1,japanese_restaurant,restaurant|bar,麻布十番2丁目19-11
Gaku,1,bar,japanese_restaurant|restaurant,"Azabujuban, 2 Chome−19−10 桂麻布十番ビル"
むら中,1,japanese_restaurant,restaurant|asian_restaurant,麻布十番2丁目14-4
たき下,1,japanese_restaurant,restaurant|asian_restaurant,麻布十番2丁目1-11
麻布諒,1,japanese_restaurant,restaurant|asian_restaurant,麻布十番2丁目1-11
麻布十番 米ル,1,japanese_restaurant,,麻布十番2-1-10
中目黒 いぐち,1,japanese_restaurant,restaurant,2丁目1-10
十番スタンド,1,japanese_restaurant,bar|restaurant,麻布十番2丁目1-9
イチコロ,1,japanese_restaurant,asian_restaurant,
別館 あじと,1,japanese_restaurant,,麻布十番2-19-4
いとはん,1,japanese_restaurant,restaurant,麻布十番2丁目20-2
麻布 あみ城(Azabu Amishiro),1,japanese_restaurant,restaurant|diner,"Azabujuban, 2 Chome−21−14 ライオンズマンション麻布コート １F"
麻布 imbiss,1,japanese_restaurant,restaurant|chicken_restaurant,東京都港区麻布十番２丁目１３−７
牛に金棒 麻布十番,1,japanese_restaurant,restaurant,東京都港区麻布十番２丁目１３−１０
輝々麻布,1,japanese_restaurant,restaurant|asian_restaurant,麻布十番2丁目13-10
麻布十番 お川,1,japanese_restaurant,restaurant,202 2 Chome-13-9 Azabujuban
その,1,japanese_restaurant,restaurant|diner,麻布十番2丁目10-7
38 Sanpachi,1,bar,private_association,2 Chome-12-4 Azabujuban
月光浴,1,japanese_restaurant,restaurant|diner,麻布十番2丁目16-11
よし喜,1,japanese_restaurant,restaurant,"Azabujuban, 2 Chome−12−4 cobo-Bldg 1F"
EDOYA,1,japanese_restaurant,restaurant,麻布十番2丁目12-8
麻布 秀,1,japanese_restaurant,,麻布十番2-12-8
仔羊こだわり屋,1,restaurant,japanese_restaurant|asian_restaurant,麻布十番2丁目16-9
氷花,1,restaurant,cafe|korean_restaurant,東京都港区麻布十番２丁目１７−６
八十港,1,restaurant,,麻布十番2-8-10 パティオ麻布十番2階
赤ふじ,1,japanese_restaurant,,麻布十番2丁目17-3 麻布プレイス1F
Kumasan 麻布,1,restaurant,beauty_salon|wine_bar,"Azabujuban, 2 Chome−18−8 B1"
エルマーナ,1,bar,pub|arts_and_entertainment,
福ヤ,1,japanese_restaurant,restaurant,麻布十番4丁目3-1
Maple Raw,1,restaurant,,三田1丁目10-10 三田グリーンハイツ
鯔背,1,japanese_restaurant,,東麻布2丁目30-9
Higashiazabu Hinichinichi,1,japanese_restaurant,restaurant,1 Chome-29-1 Higashiazabu
Kanshin,1,japanese_restaurant,,東京都港区東麻布1-19-2
カンテラ,1,japanese_restaurant,sushi_restaurant,東麻布1丁目19-2
Crony,1,japanese_restaurant,restaurant|diner,1 Chome-20-3 Higashiazabu
新まき,1,restaurant,,東京都港区東麻布１丁目２４−６
加寿賀,1,bar,sake_bar|restaurant,東麻布1丁目24-6
麻布塊,1,japanese_restaurant,sushi_restaurant,HIGASHIAZABU1-24-4 B1
翔り,1,restaurant,,麻布十番2-3-2オセアニック麻布十番６階
讃岐の旬 四季の香 ばんげ,1,japanese_restaurant,lodge|eat_and_drink,三田1丁目11-9
兜麻布十番店,1,japanese_restaurant,barbecue_restaurant|restaurant,麻布十番3丁目2-12
麻布 黎明,1,japanese_restaurant,restaurant,3 Chome-4-6 Azabujuban
RNSQ,1,restaurant,french_restaurant|bar,
味涎,1,japanese_restaurant,barbecue_restaurant|restaurant,3 Chome-3-9 Azabujuban
ボンコローネ,1,restaurant,italian_restaurant|fast_food_restaurant,麻布十番3丁目3-4
Torisawa Ca10al,1,japanese_restaurant,bar,東京都港区麻布十番３丁目３−４
尾崎幸隆,1,japanese_restaurant,restaurant|diner,麻布十番3丁目3-13
博多 なぎの木麻布十番店,1,japanese_restaurant,restaurant|diner,麻布十番3丁目7-4
麻布十番 ふくだ,1,japanese_restaurant,restaurant,麻布十番3丁目7-5
富ちゃん,1,japanese_restaurant,sushi_restaurant|asian_restaurant,麻布十番3丁目7-5
ももたろう麻布十番店,1,japanese_restaurant,chicken_restaurant|barbecue_restaurant,麻布十番3丁目5-1
桂浜麻布十番,1,japanese_restaurant,restaurant|diner,麻布十番3丁目6-2
麻布十番 一織,1,restaurant,,"Azabujuban, 3 Chome−10−2 THE CTIY 麻布十番 LIBERTA 3階"
松玄 麻布十番,1,japanese_restaurant,restaurant,東京都港区麻布十番３丁目１１−１２
いと正,1,japanese_restaurant,vegetarian_restaurant|restaurant,麻布十番3丁目4-7
天のや,1,japanese_restaurant,asian_restaurant|restaurant,麻布十番3丁目1-9
りゅうの介,1,japanese_restaurant,restaurant|asian_restaurant,麻布十番3丁目1-9
KJ Tokyo,1,lounge,bar|pub,"Azabujuban, 4 Chome−6−8 二進ビル B1F"
まめねこ,1,food_and_drink,,新橋5-25-1 ル・グラシエル71 1F
ゴーフード株式会社,1,restaurant,,麻布十番3-1-5
GIFT,1,restaurant,japanese_restaurant|diner,"Azabujuban, 3 Chome−10−5 The City Azabu-Juban II Cross, 9階"
ひむか,1,japanese_restaurant,asian_restaurant|restaurant,麻布十番3丁目10-9
しゅうずかん,1,japanese_restaurant,asian_restaurant,南麻布1丁目5-3
ながさき 麻布十番店,1,restaurant,bar|japanese_restaurant,南麻布1丁目5-32
ロマーノ 麻布十番,1,food_and_drink,sake_bar,南麻布1-5-9
三田ばさら,1,japanese_restaurant,asian_restaurant|restaurant,芝3丁目43-16
よる芝,1,bar,lounge|restaurant,"Shiba, 2 Chome−22−23 1階"
りょう華工場店,1,japanese_restaurant,noodles_restaurant,芝3丁目31-8
Yasakatei Shibuya 2-chome Branch,1,restaurant,asian_restaurant|coffee_shop,芝2丁目1-32
お田しま,1,japanese_restaurant,bar|attractions_and_activities,芝3丁目6-14
昌平,1,japanese_restaurant,asian_restaurant|restaurant,芝公園2丁目12-15
アゴハン,1,asian_restaurant,,芝1-4-1
歌門,1,japanese_restaurant,restaurant|asian_restaurant,2 Chome-7-14 Hamamatsucho
いろは 浜松町本店,1,restaurant,,浜松町2丁目12-12
たかや,1,japanese_restaurant,restaurant,浜松町2丁目12-14
Timer,1,bar,restaurant|japanese_restaurant,芝1丁目3-3
Agari,1,bar_and_grill_restaurant,bar|restaurant,芝1丁目4-10
小ノ孝,1,japanese_restaurant,restaurant,芝2丁目3-20
など香,1,japanese_restaurant,,芝2-12-9
キッチンマム,1,japanese_restaurant,restaurant|diner,芝2丁目16-3
KAZUSAYA,1,japanese_restaurant,restaurant|diner,"Shiba, 2 Chome−10−6 1F"
しばらくや,1,japanese_restaurant,restaurant,芝2丁目17-6
江戸前芝浜,1,restaurant,japanese_restaurant|eat_and_drink,東京都港区芝２丁目２２−２３
サンギュリエ,1,restaurant,japanese_restaurant,東京都港区芝２丁目２４−１
Gck 麻布本店(ゴーストセントラルキッチン),1,restaurant,american_restaurant|eat_and_drink,東京都港区南麻布１丁目７−３７
かけはし,1,bar,restaurant|pub,芝2丁目26-5
Oリーブ,1,japanese_restaurant,restaurant|diner,芝2丁目12-9
la vela tokyo青山,1,japanese_restaurant,,"Kita-Aoyama, 3 Chome−5−4 AOYAMA TAKANO BLDG. 4F"
赤い壺,1,japanese_restaurant,diner|restaurant,北青山3丁目5-9
天馬青山店,1,japanese_restaurant,restaurant|diner,南青山3丁目8-40
青山はしづめ,1,restaurant,chinese_restaurant|japanese_restaurant,東京都港区南青山３丁目１０−３４
青山仁,1,japanese_restaurant,restaurant|diner,南青山3丁目9-1
伯雲,1,japanese_restaurant,restaurant,南青山４丁目１１−２アズ表参道ビル1F
ラ・ズィール,1,bar,restaurant,南青山3丁目5-4
いち太,1,restaurant,japanese_restaurant|asian_restaurant,"""東京都港区南青山3-4-6, Aoyama346"""
NICE minamiaoyama,1,bar,restaurant|diner,"Minamiaoyama, 4 Chome−1−1 セントラル第二青山 202"
木ノ下,1,japanese_restaurant,restaurant,南青山4丁目1-1
ダンドン,1,bar,lounge,南青山3丁目2-6
南青山ルナー,1,bar,restaurant,南青山3丁目4-2
まめ,1,japanese_restaurant,,南青山3-3-18
旨味 游,1,japanese_restaurant,asian_restaurant|restaurant,南青山3丁目2-4
るー,1,japanese_restaurant,bar|restaurant,"Minamiaoyama, 3 Chome−2−4 セントラル青山ＮＯ６"
くぼ多,1,japanese_restaurant,restaurant|asian_restaurant,南青山3丁目2-4
青山モーメンツ,1,bar,restaurant,南青山3-2-3 
たでの葉,1,japanese_restaurant,restaurant,南青山3丁目2-3
みつ芳,1,japanese_restaurant,restaurant|sushi_restaurant,3 Chome-2-3 Minamiaoyama
猩々,1,japanese_restaurant,restaurant|sushi_restaurant,東京都港区南青山２丁目２６−９
モンテアスル,1,restaurant,european_restaurant|spanish_restaurant,
Racines Aoyama,1,japanese_restaurant,restaurant|diner,"Kita-Aoyama, 3 Chome−4−3 １F"
レヴォル,1,bar,french_restaurant,神宮前3丁目6-7
Be My Flora Kitchen,1,restaurant,health_food_restaurant|gluten_free_restaurant,"Jingumae, 3 Chome−1−14 AK神宮前 1F"
赤寶亭,1,japanese_restaurant,restaurant|asian_restaurant,神宮前3丁目1-14
GALALI,1,japanese_restaurant,bar|restaurant,神宮前3丁目6-5
うたた,1,bar,restaurant|cafe,神宮前3丁目1-24
アヴェンチュラ,1,restaurant,eat_and_drink,ソフトタウン青山 東京都渋谷区神宮前3-1-24
Julia,1,restaurant,japanese_restaurant|asian_restaurant,3 Chome-1-25 Jingumae
呑屋 リトルリンダ,1,bar,bar_and_grill_restaurant|indian_restaurant,"Kita-Aoyama, 2 Chome−12−27 ハレクラニ 北青山 4B"
青山 おとと (〇+〇+〇),1,japanese_restaurant,,神宮前3-1-28
エビイロ,1,bar,wine_bar|sake_bar,神宮前3丁目41-2
C.O.D.,1,bar,lounge|cocktail_bar,北青山2丁目11-17
Taste The World,1,breakfast_and_brunch_restaurant,cafe|restaurant,神宮前3-1-23-1F
らかん 果,1,japanese_restaurant,restaurant|asian_restaurant,神宮前3丁目7-8
Longing House Aoyama,1,japanese_restaurant,restaurant|bar,"Jingumae, 3 Chome−41−6 ESPERANZA JINGUMAE 1F"
蛸あざぶ,1,japanese_restaurant,restaurant,神宮前3丁目40-3
common de vagabond,1,bar,bar_and_grill_restaurant,3 Chome-42-19-201 Jingumae
青山山荘,1,japanese_restaurant,restaurant|mountain,2 Chome-2-19 Jingumae
The Miura Rooftop Terrace,1,bar_and_grill_restaurant,restaurant,"Kita-Aoyama, 2 Chome−9−9 外苑いちょうの杜 11階"
VANKA,1,restaurant,asian_fusion_restaurant|french_restaurant,"Kita-Aoyama, 2 Chome−9−9 外苑いちょうの杜 10F"
さつま古謝,1,japanese_restaurant,bar|restaurant,北青山2丁目7-29
Mar Mare,1,mediterranean_restaurant,italian_restaurant|spanish_restaurant,"Kita-Aoyama, 2 Chome−7−25 神宮外苑ビル 1F"
Jyoan,1,asian_restaurant,restaurant|french_restaurant,北青山2-7-13
威風 青山店,1,restaurant,,"北青山2丁目7-21, 青山アイアイビル"
和s,1,restaurant,bar|japanese_restaurant,北青山2丁目12-12
光石南青山,1,japanese_restaurant,restaurant|asian_restaurant,南青山2丁目26-34
SHIKAKU,1,japanese_restaurant,restaurant|diner,"Kita-Aoyama, 2 Chome−14−4 The Argyle Aoyama, 4F GRAND HOTEL"
ひごの屋外苑前店,1,japanese_restaurant,restaurant|asian_restaurant,南青山2丁目27-28
東郷 TOGO'S,1,japanese_restaurant,restaurant|asian_restaurant,南青山2丁目26-32
南青山 いと家,1,japanese_restaurant,restaurant|diner,2 Chome-19-1 Minamiaoyama
Te'sala,1,restaurant,coffee_shop|tea_room,南青山2丁目20-1
槇村野菜笑店,1,restaurant,french_restaurant|european_restaurant,東京都港区南青山２丁目２０−１
こりょーりやふき,1,japanese_restaurant,sake_bar|bar,2 Chome-20-1 Minamiaoyama
大江戸 南青山店,1,japanese_restaurant,,南青山2-14-22
Laguna Terrace,1,restaurant,italian_restaurant|american_restaurant,南青山2丁目12-14
米田中,1,restaurant,,南青山2−22-2
Open Kitchen 104,1,japanese_restaurant,sake_bar|sushi_restaurant,"Minamiaoyama, 2 Chome−22−14 フォンテ青山 1F"
のみや パロル,1,restaurant,asian_restaurant|comfort_food_restaurant,南青山2-22-14 フォンテ青山101
青山但馬屋,1,restaurant,grocery_store|candy_store,東京都港区北青山２丁目７−１１
星のキッチン,1,restaurant,,北青山2-3-1
大江戸北青山,1,japanese_restaurant,restaurant|asian_restaurant,北青山2丁目3-1
盛賀美青山店,1,japanese_restaurant,,北青山2-3-1
ぼちぼち,1,japanese_restaurant,bar|restaurant,南青山2丁目12-4
青山牛彩,1,japanese_restaurant,restaurant|steakhouse,南青山2丁目11-11
Aoyama Gyusai,1,japanese_restaurant,steakhouse|restaurant,2 Chome-11-11 Minamiaoyama
ALLAMANDA,1,restaurant,bar,南青山2丁目11-11
うみのファーム,1,restaurant,sushi_restaurant|diner,"Minamiaoyama, 2 Chome−11−14 青山コシビル, 1F"
はら八,1,japanese_restaurant,,"Minamiaoyama, 2 Chome−11−14 青山コシビル ホーム 2"
koshin,1,sri_lankan_restaurant,asian_restaurant|restaurant,1 Chome-2 Kita-Aoyama
ゆず庵pr,1,japanese_restaurant,,東京都港区南青山２丁目４−３
マルメロ,1,restaurant,cafe|diner,南青山2丁目10-11
くし焼き 狄 てき,1,restaurant,japanese_restaurant|eat_and_drink,北青山2-7-24
天青,1,japanese_restaurant,restaurant,南青山4丁目1-3
雑草家,1,asian_restaurant,restaurant|diner,南青山4丁目1-15
豚肉創作料理やまと南青山店,1,restaurant,,港区南青山2丁目14−13
Haruka Murooka,1,japanese_restaurant,restaurant|diner,"Minamiaoyama, 1 Chome−21−9 LUXE南青山 1F-B"
ハンナ,1,japanese_restaurant,restaurant|bar,南青山1丁目25-2
淡々菜,1,japanese_restaurant,asian_restaurant|restaurant,南青山1丁目15-18
メルセデス・ベンツコネクション,1,food_and_drink,bar|nursery_and_gardening,東京都港区六本木７丁目８−１
Minatoya 3,1,japanese_restaurant,,六本木7-3-10
オールオブミークラブ,1,lounge,bar|dance_club,赤坂9丁目6-26
酒呑,1,japanese_restaurant,restaurant|diner,赤坂9丁目6-23
ボデガサンタリタ,1,restaurant,,赤坂9丁目7-4 東京ミッドタウン ガレリア ガーデンテラス 1F
淡悦,1,japanese_restaurant,restaurant|diner,赤坂9丁目7-4
喜扇亭東京ミッドタウン店,1,japanese_restaurant,restaurant,赤坂9丁目7-4
Towers,1,restaurant,french_restaurant,"45th floor, 9-7-1 Akasaka, Minato Tokyo Midtown, 7"
ザ カウンター 六本木,1,restaurant,,赤坂9丁目7-4 東京ミッドタウン ガレリア 地下1階
ひのきざか,1,japanese_restaurant,restaurant,赤坂9丁目7-1
器ながや,1,japanese_restaurant,asian_restaurant|restaurant,"Akasaka, 9 Chome−1−7 1F"
卯左木,1,bar,restaurant|pub,6 Chome-16-2 Akasaka
赤坂 ひかわ,1,japanese_restaurant,asian_restaurant,赤坂6丁目15-1
Honda 赤坂,1,japanese_restaurant,restaurant|sake_bar,赤坂7丁目10-9
服部,1,restaurant,japanese_restaurant|shopping,6 Chome-15-14 Akasaka
峰村,1,japanese_restaurant,restaurant|asian_restaurant,7 Chome-11-7 Akasaka
filemone_tokyo,1,restaurant,,赤坂8-12-12赤坂アンドロン101
トリセン 赤坂本店,1,restaurant,japanese_restaurant|sushi_restaurant,東京都港区赤坂８丁目７−１９
杉よし,1,japanese_restaurant,restaurant|asian_restaurant,赤坂7丁目5-33
赤坂 互閃(ごせん),1,restaurant,japanese_restaurant|french_restaurant,東京都港区赤坂７丁目６−５２
晶,1,restaurant,european_restaurant,東京都港区赤坂８丁目１３−１９
赤坂Branch,1,restaurant,attractions_and_activities,東京都港区赤坂６丁目１３−６
銀座ふくよし 赤坂店,1,japanese_restaurant,asian_restaurant,東京都港区赤坂６丁目１３−１９
GoodTime,1,restaurant,eastern_european_restaurant|diner,"Akasaka, 7 Chome−9−6 MIMARU東京赤坂 １F"
赤坂ごはん 山ね家,1,japanese_restaurant,restaurant|asian_restaurant,東京都港区赤坂７丁目８−１
赤坂 港かっぽれ,1,japanese_restaurant,,"Akasaka, 5 Chome−5−18 オースピス赤坂 2F"
會水庵,1,japanese_restaurant,restaurant,赤坂6丁目4-15
AKASAKA Tan伍,1,japanese_restaurant,restaurant,6 Chome-4-15 Akasaka
ぢゅるり,1,japanese_restaurant,restaurant,赤坂5丁目5-11
カリーニ,1,restaurant,japanese_restaurant|barbecue_restaurant,東京都港区赤坂５丁目２−４０
Diamond Moon,1,bar,cafe|lounge,7 Chome-4-8 Akasaka
山家支店,1,bar,,
matsu,1,restaurant,bar|pub,"Minamiaoyama, 1 Chome−15−3 ペガサスビル 1F"
弥栄亭,1,japanese_restaurant,food_stand|delicatessen,南青山1丁目10-14
青山一丁目たぬき,1,japanese_restaurant,sushi_restaurant|restaurant,東京都港区南青山一丁目3-6 都営南青山一丁目アパート6号棟113号室
九菜や,1,japanese_restaurant,sushi_restaurant,東京都港区南青山１丁目３−２１
青一とどろき,1,japanese_restaurant,bar|restaurant,1 Chome-3-21 Minamiaoyama
ママス ふとっちょかあさんのお店,1,restaurant,diner|tapas_bar,南青山1丁目7-1
もっきんばーど青山店,1,japanese_restaurant,bar|restaurant,南青山1丁目9-2
司,1,japanese_restaurant,restaurant|seafood_restaurant,南青山1丁目9-1
つぎわり,1,bar,japanese_restaurant|eat_and_drink,南青山1丁目15-2
RedCedar,1,restaurant,,南青山1丁目11-33
匠 進吾,1,japanese_restaurant,restaurant|diner,南青山2丁目2-15
おやじ,1,japanese_restaurant,restaurant,南青山1丁目3-23
青山Vダック,1,restaurant,coffee_shop|cafe,1 Chome-3-6 Minamiaoyama
伊勢十 青山店,1,japanese_restaurant,,南青山1-1-1
赤坂 にのまえ,1,japanese_restaurant,restaurant,赤坂4丁目11-24
外松,1,japanese_restaurant,restaurant|seafood_restaurant,赤坂4丁目11-24
豊川稲荷境内家元屋,1,japanese_restaurant,restaurant|religious_organization,元赤坂1丁目4-7
元赤坂 Sako,1,japanese_restaurant,,元赤坂1丁目5-3
ほーむれすとらん わか,1,japanese_restaurant,restaurant,元赤坂1丁目5-18
清泉亭,1,japanese_restaurant,,紀尾井町4-1
花がすみ,1,japanese_restaurant,asian_restaurant,元赤坂2丁目2-23
欅 (けやき),1,fast_food_restaurant,,霞ヶ丘町3-1
ぎん清,1,japanese_restaurant,restaurant,神宮前2丁目3-10
Bodega,1,japanese_restaurant,restaurant|diner,2 Chome-3-28 Jingumae
百花百兆,1,japanese_restaurant,restaurant|diner,信濃町35 慶應義塾大学病院正面玄関横院外 エリア: 信濃町
信濃町満月,1,restaurant,,信濃町31 シナノビル
クエルボス,1,japanese_restaurant,,"Shinanomachi, 8−11 坂田ビル 信濃町ハイツ B1"
イソヘ 浅野屋,1,japanese_restaurant,restaurant|asian_restaurant,左門町13
小田部,1,japanese_restaurant,restaurant,東京都新宿区大京町１８
Marron Papier of Seoul,1,restaurant,flowers_and_gifts_shop|shopping,"Daikyocho, 26−51 AZ Music新宿御苑 1-B"
Koru,1,health_food_restaurant,restaurant,"Naitomachi, 1-9 塚田ビル 1階"
新宿一丁目たぬき,1,japanese_restaurant,comfort_food_restaurant,新宿1-9-3 NBKビル 1F
四谷ふく,1,japanese_restaurant,asian_restaurant|restaurant,"Yotsuya, 4 Chome−２８−8 パルトビル 地下 一階"
京紫灯花繚乱,1,japanese_restaurant,restaurant|diner,四谷4-7
福錦300,1,bar,chinese_restaurant,四谷4丁目2-16
蔦の家,1,japanese_restaurant,fishmonger|grocery_store,四谷4丁目3-2
若水,1,japanese_restaurant,asian_restaurant|restaurant,四谷1丁目3
Up Valley,1,restaurant,,"Yotsuya, 4 Chome−9 新宿44ステーションビル 1F"
味遊心中屋,1,japanese_restaurant,,四谷4-13
馳走 朧,1,japanese_restaurant,sushi_restaurant|bar,4 Chome-13 Yotsuya
金吹,1,bar,japanese_restaurant|restaurant,四谷4丁目13
味わい亭,1,japanese_restaurant,bar,四谷4丁目13-1
直心四ツ谷駅前店,1,bar,seafood_restaurant|restaurant,四谷4丁目22-17
御苑 さかえ,1,japanese_restaurant,restaurant,4 Chome-23 Yotsuya
京田,1,japanese_restaurant,bar|restaurant,4 Chome-32-1 Yotsuya
新宿御苑泰然,1,japanese_restaurant,bar|restaurant,新宿1丁目23-11
LastNote,1,restaurant,cafe|tea_room,東京都新宿区四谷４丁目２７−３
らくだば,1,japanese_restaurant,bar,新宿1丁目23-16
084おはし,1,japanese_restaurant,bar|restaurant,1 Chome-11-7 Shinjuku
松壱家,1,japanese_restaurant,,東京都新宿区新宿１丁目１１−７
浮かぶ,1,bar,restaurant|japanese_restaurant,"Shinjuku, 1 Chome−30−12 ニューホワイトビル 地下A"
御苑 てっぺいちゃん,1,bar,barbecue_restaurant|restaurant,新宿1丁目29-14
Iizaka,1,japanese_restaurant,restaurant|diner,四谷4丁目22-17
ヒロミヤ,1,japanese_restaurant,barbecue_restaurant|restaurant,市谷台町4-1
Linio,1,bar,restaurant|japanese_restaurant,市谷台町4-1
yukai,1,japanese_restaurant,bar|restaurant,市谷台町2-3
ひろしま家,1,japanese_restaurant,,住吉町2-14
吉方聖居,1,japanese_restaurant,asian_restaurant|restaurant,住吉町2-18
曙橋まる富,1,japanese_restaurant,restaurant|asian_restaurant,住吉町2-18
COMIDA,1,pub,bar|restaurant,住吉町8-10
満曙橋店,1,restaurant,diner|japanese_restaurant,住吉町8-10
ぐっすり,1,japanese_restaurant,sake_bar|restaurant,"Sumiyoshicho, 1, 1-19サトクラ曙橋ビル1F"
モーガン,1,restaurant,cafe|coffee_shop,東京都新宿区住吉町１−１５
MATES,1,pub,bar|burger_restaurant,荒木町18-1
おかまい,1,bar,restaurant|japanese_restaurant,舟町15
京坂屋,1,japanese_restaurant,bar|restaurant,12 Funamachi
AMS Plus,1,bar,lounge,舟町11 山下ビル
おく谷,1,japanese_restaurant,bar|restaurant,8 Arakicho
Kitchen Tatsuya Storie,1,bar,japanese_restaurant|wine_bar,"Arakicho, 9−22 ｢菅沼ビル/1FｰD｣"
まつばやし,1,bar,,新宿区荒木町12の8
青華こばやし,1,restaurant,japanese_restaurant|asian_restaurant,荒木町10-17
りんごの花,1,japanese_restaurant,restaurant|diner,荒木町11-24
KitchenDoromamire キッチンドロマミレ,1,japanese_restaurant,wine_bar,"Arakicho, 20 1階"
游無,1,bar,karaoke|restaurant,荒木町20
ひだりうま,1,japanese_restaurant,restaurant,荒木町20
予魯寿八,1,japanese_restaurant,restaurant|asian_restaurant,荒木町11
Okudo Tokyo Arakimachi Store,1,japanese_restaurant,asian_restaurant|restaurant,"Arakicho, 10−14 伍番館ビル ３Ａ"
Tribes,1,bar,restaurant|moroccan_restaurant,荒木町7-14
Karamaru,1,bar,restaurant|asian_restaurant,荒木町6-39
味ゆき,1,japanese_restaurant,restaurant|asian_restaurant,荒木町6
西宮,1,japanese_restaurant,asian_restaurant|restaurant,荒木町6
二枚貝,1,bar,,"Arakicho, 3−21 宮内ビル"
RISE,1,bar,restaurant,3-14 Arakicho
REVO,1,bar,beauty_salon|beauty_and_spa,荒木町3-2
荒木町 道しるべ,1,japanese_restaurant,,荒木町３番地
松庵,1,japanese_restaurant,sushi_restaurant,荒木町3 北島ビル
多仁本,1,japanese_restaurant,restaurant,荒木町3-21
WADAN 万作,1,japanese_restaurant,restaurant|asian_restaurant,荒木町3-14
花見や,1,japanese_restaurant,bar|restaurant,3-26 Arakicho
荒木町 さわ野,1,bar,japanese_restaurant|sushi_restaurant,荒木町3-19
エル・ラギート,1,bar,cafe|eat_and_drink,
よし子,1,japanese_restaurant,restaurant|asian_restaurant,四谷3丁目3-9
荒木町 炭火焼き 池真,1,japanese_restaurant,,"Yotsuya, 3 Chome−３−7"
キッチン たか,1,japanese_restaurant,,荒木町3-1
宇な米,1,japanese_restaurant,restaurant,荒木町2
スターズグレース,1,bar,pub|asian_restaurant,荒木町2-14
穏の座,1,bar,japanese_restaurant|lounge,"Arakicho, 3−11 ｢フォレストビル 2F｣"
煙人,1,bar,restaurant|japanese_restaurant,荒木町3
車力門 ちゃわんぶ,1,japanese_restaurant,restaurant|asian_restaurant,荒木町3-22
番狂せ,1,bar,restaurant,荒木町3 ソシアルアラキビル
ラムカーナ,1,restaurant,italian_restaurant,荒木町3-10
コゲボン,1,japanese_restaurant,bar|restaurant,東京都新宿区荒木町３−７
たまる,1,japanese_restaurant,asian_restaurant|restaurant,7 Arakicho
満まる,1,japanese_restaurant,sake_bar|restaurant,7 Arakicho
Ohkusa,1,japanese_restaurant,chicken_restaurant,"Arakicho, 7−13 森戸ビル"
八まめ,1,japanese_restaurant,restaurant|bar,荒木町7
ハンダヒロコ,1,bar,restaurant,"Arakicho, １"
カリーニョ,1,japanese_restaurant,restaurant|diner,荒木町1番地中林ビル
やくみや,1,japanese_restaurant,restaurant|diner,荒木町1-2
宗政,1,japanese_restaurant,restaurant,舟町3-9
Ruscello,1,restaurant,wine_bar|speakeasy,東京都新宿区荒木町１
千々石,1,pub,bar|restaurant,四谷3丁目3
きんつぎ,1,japanese_restaurant,,四谷3-3-6
恋歌屋,1,bar,bar_and_grill_restaurant|japanese_restaurant,四谷3丁目3-6
Yamazaki,1,japanese_restaurant,restaurant|diner,"Yotsuya, 3 Chome−３−3 B1F"
荒木町 神棚,1,japanese_restaurant,comfort_food_restaurant,"Funamachi, 3−4 金谷店舗ビル 2F"
まるいち,1,japanese_restaurant,restaurant,四谷3-6
やなぎはら,1,japanese_restaurant,restaurant|diner,舟町3
おろく,1,japanese_restaurant,restaurant|eat_and_drink,3-8 Funamachi
三櫂屋,1,japanese_restaurant,restaurant,舟町4 北村ビル
相模屋,1,japanese_restaurant,restaurant|barbecue_restaurant,荒木町7-103
タキギヤ,1,restaurant,bar|japanese_restaurant,荒木町7
小鉄,1,japanese_restaurant,restaurant|asian_restaurant,荒木町7-11
Kitchen 428,1,japanese_restaurant,restaurant,"Arakicho, ７ｰ２ ｢ 1F｣"
沢,1,japanese_restaurant,restaurant|asian_restaurant,荒木町8
花曇り,1,japanese_restaurant,restaurant|bar,荒木町8 IAビル
酒・音・食・人徒然,1,restaurant,bar,荒木町8 藤村ビル
荒木町 隠れんぼ,1,bar,,荒木町8番地
ままごと,1,bar,pub,"Funamachi, Soleil 四谷三丁目 2F｣ ｢四谷フラット"
井俊,1,japanese_restaurant,restaurant|asian_restaurant,5 Funamachi
鈴なり,1,japanese_restaurant,sushi_restaurant|restaurant,荒木町7 清和荘
美舟,1,japanese_restaurant,asian_restaurant|restaurant,荒木町9
宮わき,1,japanese_restaurant,restaurant|asian_restaurant,荒木町9 正起ビル
けせらせら,1,restaurant,bar|japanese_restaurant,荒木町9 正起ビル
さ行や 龍川,1,japanese_restaurant,river|sushi_restaurant,"Arakicho, 9−4 大松ビル ｢大松ビル/1F｣"
の弥七,1,japanese_restaurant,restaurant,荒木町8 木村ビル
ふじのみ屋,1,japanese_restaurant,bar|sushi_restaurant,"Arakicho, 8−8 KIND STAGE 四谷三丁目"
舟町 一期,1,japanese_restaurant,restaurant|asian_restaurant,"Funamachi, 5−25 ３階"
みつ竹四谷店,1,bar,japanese_restaurant|restaurant,舟町6
いしやん,1,bar,restaurant|japanese_restaurant,舟町7 ポワロービル
つづみ留次郎,1,japanese_restaurant,asian_restaurant|restaurant,"Aizumicho, 4−1 四谷愛住町ビル 1F"
四谷クラブ,1,bar,restaurant|diner,新宿区
78-Nanaya,1,restaurant,,四谷3-7 かつ新ビル2階
あさま,1,japanese_restaurant,sake_bar|asian_restaurant,四谷3-7
いまゐ,1,japanese_restaurant,bar|fast_food_restaurant,東京都新宿区四谷３丁目７
酒月,1,bar,pub,四谷3丁目8-1
Gaule resturent,1,fast_food_restaurant,restaurant|bar,東京都新宿区四谷３丁目９−３９
Love et Welina,1,restaurant,bar_and_grill_restaurant|cafe,"Yotsuya, 3 Chome−9−11 四谷シンコービル ４階"
ここから三丁目,1,japanese_restaurant,sushi_restaurant|korean_restaurant,"Yotsuya, 3 Chome−９−11 四谷シンコービル 2階"
日がさ雨がさ,1,bar,restaurant|japanese_restaurant,四谷3丁目9-11
卯水酉,1,restaurant,bar,東京都新宿区四谷３丁目１１
ホルモサ,1,japanese_restaurant,eat_and_drink,四谷3丁目11-1
たく庵,1,japanese_restaurant,restaurant|asian_restaurant,四谷3丁目13-1
匠 四谷三丁目店,1,japanese_restaurant,,四谷3-13
よつやのうさぎ,1,bar,japanese_restaurant|sushi_restaurant,四谷3丁目13-20
黒蠍,1,japanese_restaurant,restaurant,左門町13-2
兵庫屋,1,restaurant,butcher_shop|bar,左門町3
四谷有薫亭,1,japanese_restaurant,restaurant|asian_restaurant,左門町1-13
稜花,1,japanese_restaurant,,左門町1
義乃庵,1,restaurant,diner,四谷3丁目6-15
めし板垣,1,japanese_restaurant,bar|restaurant,四谷3丁目4
寿楽,1,japanese_restaurant,,四谷3丁目1
ハナウタ,1,japanese_restaurant,,若葉1丁目1-19
四ッ谷 つなぐ,1,japanese_restaurant,bar|barbecue_restaurant,"Yotsuya, 2 Chome−11−2 ２階"
つぼみ家四谷店,1,japanese_restaurant,restaurant,四谷2丁目13
萬屋 おかげさん,1,japanese_restaurant,restaurant|bar,四谷2-10
金太郎四ツ谷店,1,japanese_restaurant,restaurant,三栄町10-2
ひとえ 四谷本店,1,bar,japanese_restaurant|diner,四谷2丁目9-15
ウシカイ,1,japanese_restaurant,restaurant|diner,四谷2-2
La Beaute,1,japanese_restaurant,asian_restaurant|restaurant,四谷2丁目3-19
二代目合点,1,japanese_restaurant,sushi_restaurant|bar,四谷三栄町1-1
山星四ツ谷一丁目店,1,japanese_restaurant,restaurant|barbecue_restaurant,四谷1-23
四ツ谷美食倶楽部,1,japanese_restaurant,restaurant,四谷1丁目23-14
GreeN,1,restaurant,thai_restaurant|asian_restaurant,四谷1-23上野KGビル
風太朗,1,restaurant,bar|japanese_restaurant,東京都新宿区四谷１丁目１９
与志井,1,japanese_restaurant,bar|asian_restaurant,四谷1丁目20
小島チューリップ,1,japanese_restaurant,restaurant|diner,四谷1-20岩井第2ビル
れんや 四ツ谷しんみち通り店,1,pub,bar|british_restaurant,四谷2丁目14-37
よいよい,1,japanese_restaurant,asian_restaurant|restaurant,四谷1丁目7-18
直心,1,restaurant,japanese_restaurant|bar,四谷1丁目7
エラバ,1,bar_and_grill_restaurant,bar|restaurant,四谷1丁目7
四ツ谷胡桃屋,1,japanese_restaurant,restaurant,四谷1-7
越後路,1,japanese_restaurant,restaurant,四谷1丁目7-27
ほっこり,1,japanese_restaurant,restaurant|diner,四谷1-20
肉や しるし,1,japanese_restaurant,restaurant|steakhouse,三栄町8-1
オーガニック湯河原亭,1,bar,pub,本塩町7 新井ビル1階
チロ,1,pub,bar|restaurant,三栄町16
たん焼忍,1,japanese_restaurant,restaurant,三栄町16
福の川いしだ,1,japanese_restaurant,restaurant|diner,荒木町15 津之守坂マンション1F エリア: 四谷四ツ谷
曙橋 かず,1,japanese_restaurant,restaurant|diner,荒木町16 エスペロビル
TORYU,1,japanese_restaurant,restaurant,荒木町16 エスペロビル
めん屋桔梗坂町店,1,japanese_restaurant,restaurant,"Yotsuyasakamachi, ５−14−102"
津の守坂小柴,1,japanese_restaurant,restaurant|sake_bar,荒木町15 サンシャトー四谷
悠然,1,bar,restaurant|japanese_restaurant,荒木町16 ベルウッドビル
根もと,1,japanese_restaurant,sushi_restaurant|restaurant,片町2-2
直季,1,japanese_restaurant,asian_restaurant|restaurant,片町2-2
Ab Restaurant,1,restaurant,european_restaurant|diner,市谷本村町2-19
うまいものや つだがわ,1,japanese_restaurant,restaurant|bar,市谷本村町4-1
加賀廣市ヶ谷店,1,japanese_restaurant,,市谷本村町4-1
Tokyo Porks,1,japanese_restaurant,gastropub|restaurant,市谷八幡町13-1
鐵一 てついち 四ッ谷店,1,japanese_restaurant,restaurant|diner,四谷1-5三陽ビル
坂口,1,japanese_restaurant,sake_bar|eat_and_drink,六番町15-5
Marugo2,1,bar,,新宿3-9-4
ペンシーズキッチン,1,asian_restaurant,japanese_restaurant|restaurant,四谷1丁目5-25
きらく亭,1,japanese_restaurant,barbecue_restaurant|restaurant,四谷1丁目3
むく,1,bar,restaurant|japanese_restaurant,四谷1丁目3
バンビ 四谷店,1,restaurant,japanese_restaurant|cafe,四谷1丁目3
ミートシティ 四谷店,1,japanese_restaurant,restaurant|diner,"Yotsuya, 1 Chome−4-2 峯村ビル"
Lucyルーシー,1,bar,restaurant,"四谷1丁目3-33, FACE四ツ谷2階"
MANRUI,1,japanese_restaurant,sushi_restaurant|asian_restaurant,四谷1丁目7-18
Tenrai-ken,1,japanese_restaurant,restaurant,"Yotsuya, 1 Chome−3−33 四谷ビル Ｂ1Ｆ Face"
a La Bouteille,1,restaurant,,四谷1丁目8-14
三百宴,1,japanese_restaurant,chinese_restaurant|asian_restaurant,四谷1丁目8-4
ベルモント,1,japanese_restaurant,cafe|restaurant,1 Chome-9-3 Yotsuya
くすのき,1,japanese_restaurant,asian_restaurant,東京都新宿区四谷１丁目９−４
鴨の助,1,japanese_restaurant,restaurant,東京都新宿区四谷１丁目１０
四谷駅前Salon,1,japanese_restaurant,restaurant,四谷1-2
菜坊,1,vegetarian_restaurant,health_food_restaurant|restaurant,四谷1-11
和だん 夢心邸,1,japanese_restaurant,asian_restaurant|restaurant,四谷1-18
Old Way Stew Restaurant,1,restaurant,diner,四谷1丁目18-4
坂本屋,1,japanese_restaurant,asian_restaurant|bakery,四谷1丁目18
カーブドッチ迎賓館,1,restaurant,wine_bar,四谷1丁目12-11
嶋の屋,1,restaurant,caterer|bar,若葉3丁目2-107
polyphony,1,vegetarian_restaurant,japanese_restaurant|restaurant,"Wakaba, 1 Chome−21−2 ベルビー四谷 1階"
ふみぜん (Fumizen),1,japanese_restaurant,,紀尾井町4-1
ガンシップ,1,restaurant,french_restaurant|diner,紀尾井町4-1
にいづ,1,japanese_restaurant,restaurant,紀尾井町4-1
RANSEN はなれ,1,bar,pub,紀尾井町4-1
Bella Vista,1,restaurant,american_restaurant|european_restaurant,紀尾井町4-1
紀尾井町吉祥,1,japanese_restaurant,restaurant|asian_restaurant,紀尾井町3-3
BROWN Tables,1,restaurant,japanese_restaurant|asian_restaurant,"Kioicho, 3−12 Kioicho Building, 1F"
Taboo MIUSHI-KOKUSHITSU ~禁則 御牛黒漆~,1,restaurant,,紀尾井町3-20
塩梅紀尾井町店,1,bar,restaurant|sake_bar,麹町4丁目3-5-B1F
麹村,1,japanese_restaurant,restaurant|asian_restaurant,平河町1丁目4-11
平河町かなや,1,japanese_restaurant,restaurant,東京都千代田区平河町１丁目５−９
MeguRu -KOJIMACHI,1,restaurant,,平河町 1丁目3-8
天真,1,japanese_restaurant,restaurant|asian_restaurant,平河町2丁目3-10
恋音 - lennon,1,bar,pub,室町4-2-7
竹林草,1,japanese_restaurant,restaurant|asian_restaurant,平河町2丁目4-16
小石川,1,japanese_restaurant,restaurant|asian_restaurant,紀尾井町1-2
ジョニーとリー,1,asian_restaurant,restaurant|diner,平河町2丁目11-2
水中花,1,japanese_restaurant,bar|restaurant,平河町2丁目14-14
マドゥレス,1,bar,restaurant|cafe,平河町2丁目16-1
ラ メール,1,restaurant,cafe|hotel,隼町1-1
ANAGRA,1,bar,art_gallery|music_venue,平河町1丁目8-9
稲垣,1,japanese_restaurant,restaurant|bar,平河町1丁目8-8
平河町川澄,1,japanese_restaurant,restaurant,平河町2丁目2-3
まつ井,1,japanese_restaurant,asian_restaurant|restaurant,平河町2丁目2-5
きよの,1,bar,restaurant,平河町2丁目2-5
煙や てん,1,japanese_restaurant,asian_restaurant,"Hirakawachō, 1 Chome−7−7-19 まるベリーひらかわビル 1F"
SR Hirakawacho,1,bar,cafe|coffee_shop,"Hirakawachō, 1 Chome−3−13 CIRCLES平河町"
勝や,1,japanese_restaurant,restaurant,麹町2丁目5
麹町いずみや,1,japanese_restaurant,liquor_store|sushi_restaurant,麹町2-5-2
九州まつら,1,japanese_restaurant,restaurant|bar,麹町2-3
麹町 おおいし,1,japanese_restaurant,,麹町2丁目5-3 B1
籠りや,1,japanese_restaurant,,麹町3-7-8
知夢仁,1,japanese_restaurant,,麹町2-2
もっきんばーど,1,japanese_restaurant,restaurant,2 Chome-2-21 Kojimachi
雅なだし,1,japanese_restaurant,restaurant|diner,"Kojimachi, 1 Chome−６−16 半蔵門海和ビル Ｂ1"
やくしま,1,japanese_restaurant,asian_restaurant|restaurant,麹町1丁目6-3
Dohkan,1,japanese_restaurant,restaurant|diner,"Kojimachi, 1 Chome−3−5 ミクニビル 1F"
串八珍半蔵門店,1,restaurant,diner,麹町1丁目5-4
LIFULL Table,1,restaurant,cafe|event_planning,"Kojimachi, 1 Chome−4−4 1階"
福扇華,1,japanese_restaurant,,麹町1-12-1
次朗,1,japanese_restaurant,,東京都千代田区麹町１丁目８−８
FUNOHM,1,restaurant,tapas_bar|bar,"Kojimachi, 2 Chome−１４−1 ６階"
30Frame,1,bar,,東京都千代田区麹町2-10-9 C&Rグループビル4F
伊蔵半蔵門店,1,japanese_restaurant,bar|restaurant,"Ichibancho, １０−8 1F"
Veggiecups,1,vegetarian_restaurant,health_food_restaurant|restaurant,"Ichibancho, 15−1 ファーストビル １Ｆ"
ベジィカップス,1,japanese_restaurant,,一番町15-1 一番町ファーストビル 中2F
patia 麹町,1,restaurant,bar,
青山からす亭,1,japanese_restaurant,restaurant|european_restaurant,麹町3丁目12-12
KURA 神田店,1,restaurant,bar|sake_bar,3-12-5
シャンティ原宿店,1,food_and_drink,,東京都渋谷区神宮前3丁目
Rota Fortunae,1,restaurant,italian_restaurant|beauty_salon,麹町3丁目2-3
ショウチャン高円寺店,1,bar,,"3-1-15,高円寺北"
あさ乃,1,japanese_restaurant,asian_restaurant|restaurant,麹町3丁目7
Vegestudy,1,vegetarian_restaurant,health_food_restaurant|restaurant,"Kojimachi, 3 Chome−５−5 望月ビル 2F"
The Jade Room + Garden Terrace,1,restaurant,uzbek_restaurant|halal_restaurant,"L31 4-1-1 Toranomon, Minato-ku"
階段の途中,1,restaurant,bar|cafe,東京都千代田区麹町３丁目１２−１９
秋本,1,japanese_restaurant,restaurant,麹町3丁目4-4
おぅき,1,bar,,麹町3-4 麹町安田ビル B1F
黒うさぎ 麹町店,1,japanese_restaurant,restaurant|asian_restaurant,麹町4-8
OKIDOKI,1,japanese_restaurant,restaurant|steakhouse,麹町4丁目8-19
お膳屋,1,japanese_restaurant,,麹町4-7-5
Ryoden Lumine Shinjuku Store,1,asian_restaurant,himalayan_nepalese_restaurant|restaurant,"Kojimachi, 5 Chome−1 弘済ビルディング １０Ｆ"
麹町いづみや しろ,1,restaurant,sake_bar|bar,"Kojimachi, 4 Chome−４−6 麹町4丁目小倉ビル 2F"
麹町 ヤサイ族,1,restaurant,salad_bar|bar,"Kojimachi, 4 Chome−４−6"
comedian resto pub,1,pub,,Oote 5-6-4  3rd.flr.
ちょっとら 麹町店,1,bar,diner|lounge,六番町1-2
一凛 四ツ谷店,1,restaurant,,六番町3-11
シュシュ,1,restaurant,bar_and_grill_restaurant|steakhouse,六番町3-11
テツイチ,1,japanese_restaurant,restaurant,六番町-3-11
かりん 市ヶ谷,1,japanese_restaurant,restaurant|diner,六番町1 山陽六番町ビルB1F
デサリータ市ヶ谷,1,restaurant,cafe,東京都千代田区六番町4-3GEMS市ヶ谷8F
ジャルダン (Jardin),1,restaurant,,二番町2
まるじゅう,1,restaurant,barbecue_restaurant,東京都千代田区六番町１０−２
創作料理リトマ,1,japanese_restaurant,restaurant|diner,"Rokubancho, 4−11 ２０４"
ヘルシー館,1,restaurant,japanese_restaurant|vegetarian_restaurant,六番町4丁目11-202
Tonzlin,1,restaurant,,六番町4-11 1F
R plus,1,restaurant,eat_and_drink|bar,六番町4-11
キッチンペザント 四番町,1,japanese_restaurant,eat_and_drink|restaurant,"Yonbancho, 4−13 I・S四番町 地下１階"
丸十,1,japanese_restaurant,restaurant|barbecue_restaurant,六番町4-103
Healthy Kan,1,japanese_restaurant,restaurant|diner,
Abajo,1,bar,,千代田区六番町4-3
Canteen Station 市ヶ谷,1,restaurant,,五番町４−７
GROVE,1,bar,diner|restaurant,五番町4-1市ヶ谷駅前ビル
博多満月市ヶ谷店,1,japanese_restaurant,restaurant,五番町4-2
葡萄の木,1,japanese_restaurant,restaurant|diner,五番町5-1
市ヶ家,1,japanese_restaurant,bar,九段北4丁目2-15
TO THE HERBS Ichigaya,1,japanese_restaurant,restaurant|diner,五番町2
しょう吉,1,japanese_restaurant,restaurant|diner,市谷田町1丁目2
場巣亭,1,bar,barbecue_restaurant|restaurant,市谷左内町1
Necchuya Ichigaya Live,1,bar,japanese_restaurant|restaurant,市谷八幡町1
雅屋,1,bar,japanese_restaurant|cafe,市谷田町1-1
池治,1,bar,japanese_restaurant|restaurant,市谷左内町1-A
ロウプキッチン,1,restaurant,,新宿区市谷左内町5 Lowp Haus B1F～1F
武蔵乃,1,japanese_restaurant,sake_bar|asian_restaurant,市谷田町1丁目2
イチガヤキッチン ワキータ,1,japanese_restaurant,restaurant|diner,"Kudankita, 4 Chome−2−7 １０１"
フォッセ,1,breakfast_and_brunch_restaurant,,九段北4-2-25
Fellows Ichigaya,1,restaurant,japanese_restaurant|bar,
Focusrite,1,pub,bar|restaurant,九段南4丁目3-11
にんじんや市ヶ谷店,1,bar,restaurant|asian_restaurant,九段南4丁目2-9
おぱ屋市ヶ谷店,1,pub,beer_bar,九段南4丁目7-22
Once a Week Spice Tokyo,1,restaurant,,4 Chome-7-22 Kudanminami
花びし,1,japanese_restaurant,asian_restaurant|bar,九段北4丁目2-11
あて,1,japanese_restaurant,restaurant|diner,九段南4丁目8-34
Kohodo,1,bar,cafe|coffee_shop,"Kudanminami, 4 Chome−2−3 九段木田ビル 101"
成山,1,japanese_restaurant,restaurant|asian_restaurant,九段南3丁目9-2
らいむらいと,1,japanese_restaurant,restaurant|diner,九段南3丁目4-8
Green Grass,1,restaurant,comfort_food_restaurant,3 Chome-2-8 Kudanminami
九段丸屋,1,japanese_restaurant,restaurant,九段南3丁目2-15
豊浜,1,japanese_restaurant,restaurant|asian_restaurant,九段南3丁目6-4
九段 晋,1,japanese_restaurant,sushi_restaurant,"Kudanminami, 3 Chome−5−14 国総ビル B１F"
スワン アンド ライオン,1,restaurant,,九段南3丁目5-4
牧谿,1,asian_restaurant,chinese_restaurant|sake_bar,3 Chome-8-2 Kudanminami
Hatopoppo,1,restaurant,cafe|asian_restaurant,三番町8
もも瀬,1,japanese_restaurant,restaurant,九段南3丁目7-12
九段 おおつか,1,japanese_restaurant,restaurant|asian_restaurant,九段南2丁目4-12
Kokoro-Kanda,1,japanese_restaurant,sushi_restaurant,"Kanda Konyachō, ３７ 斉木第三ビル"
Grill Kudan,1,japanese_restaurant,bar_and_grill_restaurant|restaurant,2 Chome-8-7 Kudanminami
にじゅうまる,1,japanese_restaurant,bar|restaurant,一番町10-8
七菜色草,1,japanese_restaurant,restaurant,"Ichibancho, 23−2 番町ロイヤルコート 101"
丹凛,1,japanese_restaurant,,一番町5-1
半蔵門シェリフ・カノン,1,restaurant,coffee_shop|cafe,一番町3-8
seto,1,restaurant,,"Kudanminami, 2 Chome−1−32 Aoba 3rd Building, 地下一階"
ZINO 神田西口店,1,bar,,千代田区内神田3-12-2　萬創神田ビル4階
ぬかがや,1,japanese_restaurant,restaurant|sushi_restaurant,神田神保町2-48-3
永山本店 有楽町オーキッドスクエア,1,restaurant,japanese_restaurant|seafood_restaurant,有楽町1-2-11オーキッドスクエア2F
Escale Habitat,1,restaurant,eat_and_drink|fondue_restaurant,丸の内１丁目２－１東京海上日動ビル新館B1
マロニエ,1,restaurant,,霞が関1-1-1
味好,1,diner,japanese_restaurant,東京都千代田区霞が関１丁目１−１
みとう,1,japanese_restaurant,restaurant,霞が関1丁目1-3
メトロ,1,japanese_restaurant,cafe|fast_food_restaurant,霞が関1丁目1-3
手しごとや 咲くら,1,restaurant,diner|japanese_restaurant,霞が関1丁目2-1
日の陣 エチカフィット永田町,1,japanese_restaurant,restaurant,永田町1丁目11-28
鉄板ラッシュ! エチカフィット永田町店,1,food_and_drink,,永田町1丁目11-28 東京メトロ永田町駅 B3F
和 いち膳,1,japanese_restaurant,sushi_restaurant|breakfast_and_brunch_restaurant,東京都千代田区永田町１丁目１１−２８
こいけ,1,japanese_restaurant,restaurant,"Hirakawachō, 2 Chome−6−3 B1F"
銀座きいち赤坂店,1,japanese_restaurant,restaurant|diner,紀尾井町1-2
米幸,1,japanese_restaurant,restaurant|sushi_restaurant,1-2 Kioicho
AI Restaurant,1,japanese_restaurant,restaurant|diner,1-3 Kioicho
万ん卯,1,japanese_restaurant,restaurant|diner,"東京ガーデンテラス 紀尾井テラス 3F Darumazaka Terrace, 1-3 Kioicho"
Garb Central,1,restaurant,cafe,"Kioicho, 1−3 東京ガーデンテラス 1F"
ミルクホール,1,japanese_restaurant,,紀尾井町4-1
蓼科,1,japanese_restaurant,restaurant|bar,赤坂3丁目1-16
河鹿,1,restaurant,japanese_restaurant|asian_restaurant,赤坂3丁目1-16
キッチン赤坂,1,fast_food_restaurant,bar,赤坂3-16-2榮林会館B1
時限堂 Zigendo,1,restaurant,,"Akasaka, 3 Chome−9−2 No.R赤坂見附 1F"
ODOC TOKYO,1,bar,dance_club,"Akasaka, 3 Chome−9−3 赤坂見附駅前ビル 7F"
Nanzan,1,japanese_restaurant,restaurant|asian_restaurant,赤坂3丁目9-4
網焼おか,1,japanese_restaurant,asian_restaurant|restaurant,赤坂3丁目9-15
赤坂 Na Camo Guro,1,restaurant,japanese_restaurant|diner,"Akasaka, 3 Chome−9−2 No.R赤坂見附 B1階"
Makitori Shinkobe,1,japanese_restaurant,restaurant|diner,"Akasaka, 3 Chome−9−2 No.R赤坂見附 1F"
Waimarama vinrose,1,winery,,東京都港区元赤坂1-2-7  AKASAKA K-TOWER 10階
レモングラス,1,bar,dance_club|restaurant,赤坂3丁目21-14
ハ フ ルハ ー,1,restaurant,asian_restaurant|japanese_restaurant,東京都港区赤坂4丁目1-2 シントミ赤坂一ツ木ビル8f
M's second in Akasaka,1,bar,,赤坂３－２１－１０赤坂青明会館５階Ｂ室
三間堂 赤坂店,1,japanese_restaurant,,赤坂3-21-10
もりかわ,1,japanese_restaurant,restaurant,赤坂3丁目21-6
赤坂阿吽本店,1,japanese_restaurant,restaurant,赤坂3丁目21-3
ポポラート,1,japanese_restaurant,restaurant|diner,赤坂3丁目9-12
いっこん,1,japanese_restaurant,restaurant,赤坂3丁目9-4
赤坂らいもん,1,restaurant,barbecue_restaurant|japanese_restaurant,東京都港区赤坂３丁目９−１２
鶴千,1,bar,restaurant,東京都港区赤坂３丁目１−１１
赤坂 ざんまい,1,japanese_restaurant,asian_restaurant|restaurant,赤坂3丁目8-1
美成家,1,japanese_restaurant,korean_restaurant|barbecue_restaurant,赤坂3丁目9-8
NITO,1,bar,dance_club,"Akasaka, 3 Chome−10−1 B2"
三佐和,1,japanese_restaurant,,赤坂3丁目10-19 第2対翠館ビルB1F
スプーン,1,bar,restaurant|korean_restaurant,赤坂3丁目10-20
すて,1,japanese_restaurant,asian_restaurant,赤坂3丁目10-19
鮑座,1,restaurant,bar|japanese_restaurant,東京都港区赤坂３丁目１０−１９
十干 赤坂見附店,1,japanese_restaurant,restaurant|asian_restaurant,"A・K・A・S・A・K・A Commerce Bldg., 3 Chome-10-2 Akasaka"
88 Two Eight Tokyo,1,restaurant,karaoke|bar,東京都港区赤坂3-7-12 ベストウェスタンホテルフィーノ東京赤坂B1F
赤坂澤乃井,1,japanese_restaurant,restaurant|bar,赤坂3丁目7-13
やさいや 鉄板焼野菜,1,japanese_restaurant,,赤坂3-11-14
Mugen Akasaka,1,japanese_restaurant,barbecue_restaurant|restaurant,"Akasaka, 3 Chome−7−11 Ｒｅｊｉａ赤坂 ２階"
Can-Be,1,bar,restaurant|lounge,赤坂3丁目11-7
赤坂詠月,1,japanese_restaurant,restaurant,"Akasaka, 3 Chome−11−7 4F"
まる赤坂 はなれ,1,japanese_restaurant,breakfast_and_brunch_restaurant|lounge,東京都港区赤坂３丁目７−１１
赤坂 Crawfish,1,japanese_restaurant,music_venue|pizza_restaurant,赤坂3丁目11-7
沙伽羅,1,restaurant,japanese_restaurant,赤坂3丁目11-7
月逢,1,japanese_restaurant,bar|restaurant,"Akasaka, 3 Chome−15−1 Akasaka・Coast Bld, ５F"
Yui,1,bar,sake_bar,"Akasaka, 3 Chome−11−15 １F"
Kuroza Akatsukirou,1,japanese_restaurant,restaurant|asian_restaurant,"Akasaka, 3 Chome−11−3 赤坂中川ビルディング １Ｆ"
黒座暁樓,1,bar,restaurant|japanese_restaurant,赤坂3丁目11-3
游庵 まる赤坂(Yuan Maru Akasaka),1,japanese_restaurant,restaurant|diner,"Akasaka, 3 Chome−7−15 パラダイスⅡ 1F"
いなげ家,1,japanese_restaurant,restaurant|asian_restaurant,赤坂3丁目7-15
BLOW Akasaka &,1,bar,,"Akasaka, 3 Chome−7−17 B1F"
あんど,1,japanese_restaurant,restaurant,赤坂3丁目11-1
とど,1,japanese_restaurant,bar|comfort_food_restaurant,赤坂3丁目11-1
赤坂江戸桜,1,japanese_restaurant,restaurant,東京都港区赤坂３丁目１１−１９
Dinema(ディネマ)赤坂見附店,1,fast_food_restaurant,food_delivery_service|professional_services,東京都港区赤坂３丁目２−２
赤坂 なか指,1,japanese_restaurant,restaurant|diner,"Akasaka, 3 Chome−10−3 黛ビルディング B１F 東京都港区赤坂３丁目１０−３、黛ビルディング B１F"
肉の松坂,1,japanese_restaurant,restaurant,"Akasaka, 3 Chome−10−17 マーカスビル 2F-B"
Restaurant UMITO Akasaka(2025年12月1日リニューアルオープン),1,japanese_restaurant,restaurant|diner,"Akasaka, 3 Chome−10−4 2F"
ほっと屋赤坂店,1,japanese_restaurant,restaurant|asian_restaurant,赤坂3丁目10-4
BBCO Tokyo,1,japanese_restaurant,restaurant|bar,赤坂3丁目10-14
いざなみ,1,bar,sake_bar,3 Chome-10-14 Akasaka
Niku-Bei,1,japanese_restaurant,asian_restaurant|restaurant,"Akasaka, 3 Chome−10−5 赤坂クインビル ２Ｆ"
東京オーブン 赤坂,1,bar,wine_bar|japanese_restaurant,赤坂3丁目18-1
あん庵,1,japanese_restaurant,restaurant|asian_restaurant,赤坂3丁目10-14
Hermano,1,bar,,301 3 Chome-19-8 Akasaka
やげんぼり赤坂店,1,japanese_restaurant,asian_restaurant|restaurant,赤坂3丁目19-5
智華んとこ,1,japanese_restaurant,restaurant|asian_restaurant,"Akasaka, 3 Chome−18−9 磯谷ビル 2階"
那古野赤坂店,1,japanese_restaurant,restaurant,3 Chome-19-9 Akasaka
七拍子,1,bar,bar_and_grill_restaurant|restaurant,赤坂3丁目19-12
阿吽亭,1,japanese_restaurant,asian_restaurant|restaurant,赤坂3丁目19-9
カーサ・クラシカ,1,bar,restaurant|electronics,赤坂3丁目19-9
O'denbarうまみ赤阪店,1,restaurant,grocery_store,東京都
ぐるり 赤坂,1,restaurant,bar,赤坂3丁目19-2
華彩,1,bar,pub|restaurant,3 Chome-19-12 Akasaka
野菜と酒 Sprout,1,vegetarian_restaurant,restaurant|diner,"Akasaka, 3 Chome−19−1 東京農村ビル 1F"
炭火焼き しんかい,1,japanese_restaurant,asian_restaurant|restaurant,"Akasaka, 3 Chome−20−20 赤坂川木ビル B1"
六波羅,1,japanese_restaurant,restaurant,赤坂4丁目2-2
味よし 赤坂店,1,japanese_restaurant,restaurant|diner,赤坂4丁目2-1
鳳庵 本店,1,japanese_restaurant,,赤坂4-2-2
Sawanoi,1,restaurant,japanese_restaurant|asian_restaurant,
アイナマトウキョウ,1,bar,,赤坂4丁目2-3 1F B1F
黒椿屋,1,japanese_restaurant,,赤坂4丁目2-3
おやじの見附,1,japanese_restaurant,barbecue_restaurant,東京都港区赤坂４丁目２−２
Hitotsugi,1,japanese_restaurant,restaurant,赤坂4丁目2-3
宵の口,1,japanese_restaurant,restaurant|chicken_restaurant,赤坂4丁目3-29
梓川,1,japanese_restaurant,restaurant|sushi_restaurant,赤坂4丁目3-4
ひかり屋本店赤坂,1,japanese_restaurant,restaurant|diner,赤坂3丁目16-8
丸壱富士 赤坂店,1,japanese_restaurant,steakhouse,赤坂3-16-8 東海アネックスビル 1F
Eishin,1,japanese_restaurant,restaurant|sake_bar,"Akasaka Kadota Bldg., 3 Chome-17-7 Akasaka"
赤坂邸,1,bar,japanese_restaurant,東京都港区赤坂４丁目３−３
焼野菜,1,japanese_restaurant,restaurant,赤坂3丁目17-1
赤坂聳え,1,bar,asian_restaurant|japanese_restaurant,赤坂3丁目18-6
Spice Monster,1,bar,,赤坂3-18-9
Arl Eee akasaka,1,restaurant,bar|cafe,"Akasaka, 3 Chome−17−1 いちご赤坂Village 1F"
ぎんぶた 赤坂店,1,bar,restaurant|indonesian_restaurant,赤坂3丁目11-19
ねぼけ赤坂店,1,japanese_restaurant,restaurant|asian_restaurant,赤坂3丁目11-17
赤坂金龍,1,japanese_restaurant,restaurant,赤坂3丁目17-2
清喜 朔,1,restaurant,,"Akasaka, 3 Chome−17−3 H¹O赤坂 kaiwaii 2F"
炭火焼 ホンマ,1,japanese_restaurant,barbecue_restaurant|restaurant,赤坂3丁目16-5
ともくん家 赤坂見附店,1,japanese_restaurant,,赤坂3-16-5
やさい村大地,1,japanese_restaurant,korean_restaurant|barbecue_restaurant,赤坂3丁目16-4
伊勢幸,1,japanese_restaurant,sushi_restaurant|bar,赤坂3丁目16-3
初穂,1,japanese_restaurant,restaurant,赤坂3丁目15-12
Dracula Akasaka,1,bar,event_planning|lounge,"Akasaka, 5 Chome−1−2 赤坂エンゼルビル 3F"
味鉄赤坂店,1,japanese_restaurant,restaurant|diner,赤坂3丁目14-9
Charlie Rose,1,bar,restaurant|bar_and_grill_restaurant,"Akasaka, 3 Chome−14−9 清水ビル 5F"
ふじとはち 赤坂店,1,japanese_restaurant,restaurant,赤坂5丁目1-5
球磨川,1,japanese_restaurant,restaurant|asian_restaurant,東京都港区赤坂５丁目１−３６
まる嶽,1,restaurant,japanese_restaurant|sushi_restaurant,東京都港区赤坂5-1-35
きはる,1,japanese_restaurant,restaurant|asian_restaurant,赤坂5丁目1-38
赤坂楽庵,1,japanese_restaurant,sushi_restaurant|asian_restaurant,赤坂5丁目1-1
TOMBOY 赤坂店,1,restaurant,asian_restaurant|gastropub,赤坂4丁目3-6
赤坂 うさぎや,1,japanese_restaurant,restaurant|diner,赤坂4丁目3-5
紀の川,1,japanese_restaurant,restaurant|river,赤坂4丁目3-27
チルラボアカサカ,1,restaurant,,赤坂4丁目3-27 内階段 2階
転石亭 HANARE,1,japanese_restaurant,restaurant,赤坂4丁目3-15
梅吉,1,japanese_restaurant,restaurant|asian_restaurant,"Akasaka, 5 Chome−1−30 富士屋ハイツ"
アラボンヌー,1,restaurant,,赤坂4丁目3-13
ぽん輔,1,japanese_restaurant,restaurant|diner,赤坂4丁目3-12
鳩肉屋,1,japanese_restaurant,butcher_shop|restaurant,赤坂4丁目3-11
赤坂松葉屋 本店,1,japanese_restaurant,,赤坂3-12-18
Akasaka Matsubaya,1,japanese_restaurant,restaurant|diner,4 Chome-4-8 Akasaka
赤坂富貴貫 Bizタワー店,1,japanese_restaurant,,赤坂5丁目3-1 赤坂Bizタワー1F
Do-Zo,1,japanese_restaurant,asian_restaurant|restaurant,赤坂5丁目3-1
ボロンテール,1,restaurant,coffee_shop|bar,東京都港区赤坂５丁目１−２
盛一,1,japanese_restaurant,restaurant,東京都港区赤坂３丁目１４−７
dashi+,1,japanese_restaurant,,赤坂5-3-1
蕗のとう,1,japanese_restaurant,,赤坂3-13-12
ni-go,1,japanese_restaurant,restaurant,赤坂3丁目13-12
AoMoLink,1,restaurant,cafe|coffee_shop,赤坂3丁目13-7
赤坂 きた福,1,japanese_restaurant,restaurant|diner,赤坂3丁目13-6
瀬文,1,bar,japanese_restaurant|sake_bar,赤坂3丁目13-12
川の音赤坂,1,bar,japanese_restaurant|restaurant,赤坂3丁目13-4
Ushiya Kitchen,1,restaurant,,"Akasaka, 3 Chome−13−6 国際天野ビル 3階"
Wm By Wagyumafia,1,japanese_restaurant,asian_restaurant|restaurant,"国際天野ビル 4F 3-13-6 4F Akasaka Kokusai Amano Bldg １３, 3 Chome-13-6 Akasaka"
すみやき料理 はやし,1,japanese_restaurant,,赤坂2-14-1
輪,1,bar,restaurant|japanese_restaurant,赤坂3丁目12-11
amorphous(アモルファス),1,restaurant,,"Akasaka, 3 Chome−12−11 ニューギンザビル7号館 3F"
隱座,1,japanese_restaurant,bar|restaurant,"Akasaka, 3 Chome−12−11 ニューギンザビル7号館 B1"
三芳や,1,restaurant,bar,"""港区赤坂3-12-11, ニューギンザビル7号館"""
たもん庵赤坂店,1,restaurant,japanese_restaurant,赤坂3丁目12-11
くにさき,1,bar,japanese_restaurant|sushi_restaurant,赤坂3丁目12-10
花唄,1,japanese_restaurant,bar|restaurant,赤坂3丁目12-10
赤坂ノーブル,1,bar,restaurant|pub,"Akasaka, 3 Chome−12−10 3F"
天茂,1,japanese_restaurant,asian_restaurant|restaurant,赤坂3丁目6-10
いやま,1,japanese_restaurant,restaurant,赤坂3丁目6-13
うずまき 別館,1,japanese_restaurant,restaurant|diner,赤坂3丁目6-6
伊ち太,1,japanese_restaurant,restaurant|bar,赤坂3丁目6-6
閑人,1,japanese_restaurant,restaurant|asian_restaurant,赤坂3丁目12-7
珠々,1,bar,restaurant,赤坂3丁目12-5
セルベア,1,bar,sake_bar|cafe,"Akasaka, 3 Chome−13−1 ベルズ赤坂 4F"
CERBER,1,bar,restaurant|bar_and_grill_restaurant,東京都港区赤坂３丁目１３−１
もゝ赤坂,1,bar,tea_room|arts_and_entertainment,赤坂3丁目13-1
のろ 赤坂一ツ木通り店,1,japanese_restaurant,,赤坂3-13-14
ベイリーフ,1,japanese_restaurant,restaurant|diner,赤坂3丁目13-16
朧 おぼろ 赤坂溜池,1,japanese_restaurant,restaurant|bar,赤坂3丁目13-2
堂間,1,japanese_restaurant,restaurant,赤坂3丁目13-2
赤坂 かぎけん,1,japanese_restaurant,,赤坂3-13-16
でんでんでん,1,japanese_restaurant,restaurant|bar,赤坂3丁目14-7
猿兵衛赤坂店,1,restaurant,japanese_restaurant|asian_restaurant,東京都港区赤坂３丁目１４−７
BesaRossa,1,restaurant,tapas_bar|diner,
炭やき 赤坂雷や,1,japanese_restaurant,restaurant,赤坂3丁目14-3
スプーンダイナー,1,diner,restaurant,赤坂3丁目14-2
古母里,1,japanese_restaurant,asian_restaurant,"Akasaka, 3 Chome−14−4 大橋ビル 3階"
赤坂くき田,1,bar,dance_club|restaurant,3 Chome-12-3 Akasaka
Koi no Ouen Stadium COISTA Akasaka Store,1,japanese_restaurant,theme_restaurant|restaurant,"Akasaka, 3 Chome−14−3 渡林赤坂ビル5F"
ナチュラ,1,bar,restaurant|asian_restaurant,赤坂3丁目12-18
鳳,1,japanese_restaurant,restaurant|chicken_restaurant,赤坂3丁目12-18
Akasaka Koshikiri Party Great Journey,1,pub,bar|restaurant,赤坂3丁目14-1
赤坂あじさい,1,japanese_restaurant,asian_restaurant|restaurant,東京都港区赤坂３丁目１５−４
ホワイトラベル,1,bar,,赤坂3丁目15-4 赤坂バリ島ビル B1F
コート・ダジュール 赤坂店,1,bar,pub,赤坂3丁目11-8
ラムール,1,bar,restaurant|pub,"Akasaka, 3 Chome−12−22 竹下ビル"
観世水,1,japanese_restaurant,restaurant,赤坂3丁目12-22
笑ハウス赤坂トキオ,1,bar,japanese_restaurant|pub,赤坂3丁目12-22
82 赤坂店,1,restaurant,bar|japanese_restaurant,東京都港区赤坂３丁目１２−１
和のや,1,japanese_restaurant,bar|pub,赤坂3丁目6-17
豚バコ,1,japanese_restaurant,restaurant|barbecue_restaurant,"Akasaka, 3 Chome−6−18 赤坂ニューロイヤルビル本館"
Still,1,bar,pub,赤坂3丁目6-18
赤坂 蓮の庭,1,japanese_restaurant,,"lcbm,bbvlglcvlhlhccvl.gp赤坂3-6-20"
The BARRAGAN,1,japanese_restaurant,,赤坂3丁目6-19 ポールスタービル 1F
Miroku Akasaka,1,japanese_restaurant,asian_restaurant|restaurant,3 Chome-12-1 Akasaka
赤坂一点張,1,japanese_restaurant,restaurant|diner,赤坂3丁目7-9
赤坂聳え別館 となり,1,bar,restaurant|japanese_restaurant,赤坂3丁目7-9
えいき,1,japanese_restaurant,restaurant,東京都港区赤坂３丁目６−１７
茜坂大沼,1,japanese_restaurant,restaurant|diner,"Akasaka, 3 Chome−12−2 赤坂慶和ビル 3Ｆ"
amistria,1,pub,bar|restaurant,赤坂3丁目12-1
Kollabo Akasaka,1,japanese_restaurant,korean_restaurant|barbecue_restaurant,赤坂3丁目12-2
赤坂倶楽部,1,japanese_restaurant,bar|restaurant,赤坂3丁目12-3
ソライロ赤坂,1,restaurant,bar,"Akasaka, 3 Chome−12−5 ホテルフェリーチェ赤坂 9F"
Corus by Hacocoro,1,restaurant,bar|pub,赤坂3丁目4-4
赤坂 うのあん,1,japanese_restaurant,restaurant,赤坂 2丁目 6-22
木都里亭,1,japanese_restaurant,restaurant|asian_restaurant,"Akasaka, 2 Chome−5−6 2～4F 山王健保会館"
ブリッヂ,1,restaurant,bar,東京都千代田区永田町２－１０－５
山の茶屋,1,japanese_restaurant,restaurant,永田町2丁目10-6
KIGI,1,japanese_restaurant,restaurant|diner,永田町2丁目10-2
溜池さ和長,1,japanese_restaurant,restaurant|diner,赤坂1丁目4-8
Pariya Akasaka,1,restaurant,cafe|delicatessen,赤坂1丁目8-1
笑壷 えつぼ,1,japanese_restaurant,sushi_restaurant,"赤坂永谷シティプラザ 半地下, 1丁目-8-1"
由丸溜池店,1,japanese_restaurant,eat_and_drink,赤坂1丁目5-15
赤坂竹屋本店,1,japanese_restaurant,restaurant|bar,赤坂1丁目4-3
農家宴,1,japanese_restaurant,restaurant,"Akasaka, 1 Chome−3−18 ＤＧ２２ビル"
シーザー,1,restaurant,coffee_shop|cafe,赤坂2丁目3-6
赤坂あべちゃん,1,restaurant,bar|japanese_restaurant,赤坂2丁目10-18
すてきなばしょ,1,food_and_drink,steakhouse|wildlife_sanctuary,港区赤坂
じゃいろ,1,restaurant,sake_bar|japanese_restaurant,"Akasaka, 2 Chome−10−16 1-C"
きすけ 本店,1,japanese_restaurant,restaurant|barbecue_restaurant,赤坂2丁目10-16
おみっちゃん溜池山王店,1,japanese_restaurant,bar|structure_and_geography,"Akasaka, 2 Chome−11−1 ＤｅＬＣＣＳ溜池山王"
赤坂寿々亭,1,japanese_restaurant,asian_restaurant|restaurant,赤坂2丁目10-13
NiNi,1,restaurant,diner,2 Chome-17-22 Akasaka
あらまさ別館,1,restaurant,japanese_restaurant,"Ichigo Tameike Building, 2 Chome-12-18 Akasaka"
5T,1,bar,restaurant,赤坂2丁目12-13
溜池 うさぎ家,1,japanese_restaurant,restaurant,赤坂2丁目12-12
伊真沁赤坂店,1,japanese_restaurant,restaurant,赤坂2丁目12-24
シャトーTS,1,restaurant,italian_restaurant|active_life,赤坂2丁目12-9
MushaTora,1,bar,chinese_restaurant|restaurant,赤坂2丁目8-2
赤坂 ゆうき丸,1,japanese_restaurant,,4-6 赤坂2丁目
つるのや,1,japanese_restaurant,bar|pub,2 Chome-8-9 Akasaka
Akasaka Sake Dokoro,1,restaurant,bar|wine_bar,赤坂2丁目8-11
金の肉赤坂本店,1,japanese_restaurant,restaurant,赤坂4丁目3-1
白銀屋溜池分店,1,japanese_restaurant,restaurant|diner,赤坂2丁目9-3
福の花,1,japanese_restaurant,,赤坂2-9-5
肉キッチンBoichi 赤坂溜池山王,1,bar,tapas_bar|structure_and_geography,赤坂2丁目2-19
有職本店,1,japanese_restaurant,sushi_restaurant|asian_restaurant,"Akasaka, 2 Chome−2−21 B1"
ウマミタクラミ 赤坂溜池山王店,1,japanese_restaurant,restaurant|diner,"Akasaka, 2 Chome−2−21 永田町法曹ビル 地下1階"
鳥光,1,restaurant,japanese_restaurant|sushi_restaurant,赤坂2丁目2-21
楽空庵,1,japanese_restaurant,asian_restaurant,永田町2丁目4-11
つるまつ,1,japanese_restaurant,,赤坂2-5-17
alma alma,1,bar,pub,2 Chome-13-6 Akasaka
赤坂・ゆう膳,1,japanese_restaurant,restaurant|diner,赤坂2丁目13-7
Lian,1,bar,lounge,"Akasaka, 2 Chome−13−8 Ｂ1Ｆ"
赤坂Dominatrix,1,bar,,赤坂2-13-8
花でん,1,japanese_restaurant,restaurant|bar,赤坂2丁目13-13
多に川,1,japanese_restaurant,asian_restaurant|restaurant,赤坂2丁目7-5
水野,1,japanese_restaurant,restaurant|asian_restaurant,赤坂2丁目7-5
みんなの台所真,1,japanese_restaurant,restaurant|sushi_restaurant,赤坂2丁目12-2
おこげ 赤坂,1,japanese_restaurant,,赤坂3丁目20-2
赤坂よ志多,1,japanese_restaurant,restaurant|bar,赤坂2丁目14-12
赤坂 石島,1,restaurant,japanese_restaurant|bar,"Akasaka, 2 Chome−15−15 赤坂プラザ 2階"
博多屋赤坂店,1,japanese_restaurant,,赤坂2丁目15-15
Bonne eau,1,bar,restaurant,赤坂2丁目16-6
BBA,1,bar,music_venue|topic_concert_venue,赤坂2丁目15-12
波留乃屋赤坂店,1,bar,restaurant|japanese_restaurant,赤坂2丁目15-12
折おり,1,bar,restaurant|japanese_restaurant,赤坂2丁目14-5
明日にかける橋,1,restaurant,bar|coffee_shop,"Akasaka, 2 Chome−14−7 長坂ビル"
さわ,1,japanese_restaurant,restaurant|diner,"Akasaka, 2 Chome−14−7 長坂ビル 1階"
津やま,1,japanese_restaurant,asian_restaurant|restaurant,赤坂2丁目14-7
創や,1,japanese_restaurant,bar,赤坂2丁目14-12
まるしげ夢葉家,1,asian_restaurant,japanese_restaurant|restaurant,赤坂2丁目14-8
赤坂ゆうが,1,japanese_restaurant,,赤坂2-14-8
Power Spot,1,bar,lounge|pub,赤坂2丁目14-8
赤坂 ひさ野,1,japanese_restaurant,restaurant|diner,"Akasaka, 2 Chome−14−8 地下１階"
mari・coco,1,restaurant,japanese_restaurant,東京都港区赤坂２丁目２１−２
Akasaka Tan Go,1,japanese_restaurant,restaurant|bar,赤坂2丁目14-28
えそら,1,japanese_restaurant,barbecue_restaurant,赤坂2丁目14-28
れくら,1,japanese_restaurant,,赤坂2-14-31
赤坂やげん亭,1,japanese_restaurant,restaurant|asian_restaurant,赤坂2丁目14-27
Jclubトックブランシュ赤坂TBS,1,restaurant,bar,港区赤坂５丁目３−６
赤坂 しな川,1,japanese_restaurant,restaurant,赤坂6丁目3-1
赤べこ,1,bar,japanese_restaurant,赤坂6丁目3-12
駄酒落,1,japanese_restaurant,,赤坂6丁目3-12 リバービル1F
麦屋,1,japanese_restaurant,restaurant|asian_restaurant,赤坂6丁目3-13
赤坂おぎ乃,1,japanese_restaurant,asian_restaurant|restaurant,赤坂6丁目3-13
ECHIGO PORKer 燕三,1,japanese_restaurant,bar,東京都港区赤坂５丁目４−１７
弥市,1,japanese_restaurant,asian_restaurant|restaurant,赤坂5丁目4-16
花楽,1,japanese_restaurant,restaurant|asian_restaurant,赤坂5丁目5-9
寅丸,1,japanese_restaurant,restaurant|sake_bar,"Akasaka, 6 Chome−4−21 ニュー赤坂マンション"
月宵美,1,japanese_restaurant,,赤坂6丁目4-17
赤坂 しょう山,1,japanese_restaurant,restaurant|eat_and_drink,赤坂6-11-3
Birds Akasaka,1,japanese_restaurant,restaurant,"Akasaka, 6 Chome−4−11 ドミ・エメロード 2F"
赤坂 中ノ町 ハナレ,1,bar,restaurant,赤坂6-4-11 ﾄﾞﾐｴﾒﾛｰﾄﾞ 2F
い津み,1,japanese_restaurant,sushi_restaurant|restaurant,赤坂6丁目11-11
赤蔵,1,bar,asian_restaurant|pub,赤坂6丁目11-13
ニジイロ,1,restaurant,bar|cafe,赤坂2丁目17-52
箱庭/赤坂,1,japanese_restaurant,restaurant|bar,東京都港区赤坂６丁目６−５
赤坂 花むら,1,japanese_restaurant,,赤坂６－６－５
Nest Chicken,1,bar,japanese_restaurant|marketing_agency,"Akasaka, 2 Chome−17−58 B2F"
長太郎,1,japanese_restaurant,bar|restaurant,"Akasaka, 6 Chome−6−2 センチュリータワービル Ｂ１Ｆ"
赤坂渡なべ,1,japanese_restaurant,restaurant|asian_restaurant,赤坂2丁目17-59
ねじまき料理店,1,japanese_restaurant,restaurant|diner,"Akasaka, 2 Chome−17−52 パラッツオ赤坂 102"
紙音,1,japanese_restaurant,restaurant|asian_restaurant,赤坂2丁目17-55
マガリバナ,1,restaurant,japanese_restaurant,東京都港区赤坂２丁目１８−１９
Sansa,1,restaurant,japanese_restaurant|diner,2 Chome-20-19 Akasaka
美音,1,japanese_restaurant,restaurant,赤坂2丁目20-2
丸重,1,japanese_restaurant,restaurant|bar,赤坂2丁目20-17
VAN 鑁,1,bar,japanese_restaurant|restaurant,赤坂2丁目20-6
AKASAKA SAKURA SAKURA,1,japanese_restaurant,,赤坂2-20-10
井ざわ,1,japanese_restaurant,restaurant|asian_restaurant,赤坂2丁目22-11
楽亭,1,restaurant,japanese_restaurant|bar,赤坂6丁目8-1
神戸ごはん 田中屋,1,japanese_restaurant,sushi_restaurant|restaurant,赤坂6丁目10-39
赤坂Sakura Sakura,1,japanese_restaurant,,東京都港区赤坂2-20-10　1階
帰燕,1,japanese_restaurant,restaurant|diner,赤坂2丁目18-8
レスとらン 葵,1,restaurant,,虎ノ門2-2-2
スコンター 虎ノ門ヒルズ店,1,restaurant,,東京都港区虎ノ門2丁目6-3 虎ノ門ヒルズステーションタワー4階407
uké,1,japanese_restaurant,restaurant,"Toranomon, 2 Chome−6−3 虎ノ門ヒルズステーションタワー B2F T-MARKET内"
美村,1,japanese_restaurant,restaurant|asian_restaurant,虎ノ門2丁目6-9
みどりや,1,japanese_restaurant,barbecue_restaurant|restaurant,虎ノ門3丁目8-2
侘助,1,japanese_restaurant,asian_restaurant|restaurant,"Toranomon 36 Mori Bldg., 3 Chome-4-7 Toranomon"
Osaka きっちん 虎ノ門店,1,japanese_restaurant,asian_restaurant|restaurant,虎ノ門3丁目4-7
一枚皿,1,restaurant,italian_restaurant|cafe,虎ノ門3丁目8-3
炭やす,1,bar,,虎ノ門3丁目8-4
いな吉,1,japanese_restaurant,bar|sushi_restaurant,虎ノ門3丁目8-3
あんぷく 虎ノ門ヒルズ店,1,japanese_restaurant,eat_and_drink|restaurant,虎ノ門1丁目23-3
BeBu,1,restaurant,japanese_restaurant,"Toranomon, 1 Chome−23−4 虎ノ門ヒルズ森タワー 1F アンダーズ"
ARBOL,1,japanese_restaurant,seafood_restaurant|restaurant,虎ノ門1丁目23-3
ふみぜん 虎ノ門,1,bar,,虎ノ門1丁目23-4 虎ノ門ヒルズ森タワー4F
HONMIDO,1,japanese_restaurant,,虎ノ門1-17-1
unis,1,restaurant,japanese_restaurant,"Toranomon, 1 Chome−23−3 ヒルズガーデンハウス 1階"
きつねや,1,japanese_restaurant,sushi_restaurant,虎ノ門2丁目5-5
つかんと,1,japanese_restaurant,restaurant,"Toranomon, 1 Chome−17−1 Toranomon Hills Business Tower, 3F 虎ノ門横丁"
コモン,1,bar,,虎ノ門1丁目11-7 第2文成ビルB1
ボリューム,1,restaurant,japanese_restaurant|bar,虎ノ門1丁目11-10
おきあがり 小法師,1,japanese_restaurant,restaurant,虎ノ門1丁目16-8
Foresta,1,restaurant,cafe|internet_cafe,虎ノ門1丁目14-1
幸っちゃん,1,japanese_restaurant,restaurant,虎ノ門1 晩翠軒ビルの斜め向かい
伊蔵虎ノ門店,1,japanese_restaurant,restaurant|diner,虎ノ門1丁目11-2
ハンズ,1,bar,restaurant|pub,虎ノ門1丁目11-16
甚兵衛一号店,1,bar,sake_bar|restaurant,虎ノ門1丁目8-13
グロリアスミート,1,restaurant,cafe,虎ノ門1丁目8-3
虎吉,1,japanese_restaurant,restaurant,虎ノ門1丁目13-1
厨,1,japanese_restaurant,sushi_restaurant,虎ノ門2丁目5-5
鍈,1,japanese_restaurant,,虎ノ門2-6-1
ほっこり霞が関店,1,japanese_restaurant,restaurant|bar,霞が関3丁目2-6
雪あかり 霞が関店,1,japanese_restaurant,,東京都千代田区霞が関３丁目２−６
初つぼみ 霞が関店,1,japanese_restaurant,asian_restaurant|restaurant,"Kasumigaseki, 3 Chome−3−2 新霞が関ビル １Ｆ ビル内東側"
BARBARA,1,japanese_restaurant,restaurant,"Kasumigaseki, 3 Chome−2−5 霞が関ビルディング 1F 霞ダイニング"
くしや 霞が関店,1,japanese_restaurant,,霞が関3丁目2-5
ピオニー,1,japanese_restaurant,community_services_non_profits|community_center,東京都千代田区霞が関３丁目２−１
おみっちゃん 虎ノ門店,1,bar,restaurant|japanese_restaurant,虎ノ門1丁目1-24
Kern,1,restaurant,asian_restaurant|burger_restaurant,虎ノ門1丁目1-28
La Grace,1,bar,italian_restaurant,"Toranomon, 1 Chome−7−7 金井ビル 1F,B1"
かざくら 虎ノ門本店,1,bar,eat_and_drink|restaurant,虎ノ門1丁目4-4
旧ヤム邸 やくぜん堂,1,japanese_restaurant,,"Nishishinbashi, 1 Chome−1−1 日比谷フォートタワ 1階"
かどや日比谷邸,1,japanese_restaurant,,西新橋1-1-1
Kohaku,1,japanese_restaurant,chinese_restaurant|restaurant,"Uchisaiwaicho, 2 Chome−1−1 B1"
よかろう 日比谷店,1,japanese_restaurant,asian_restaurant,内幸町2丁目1-1 飯野ビルディングB1F
博多ふくいち,1,japanese_restaurant,,内幸町2-1-1
日比谷琥珀,1,japanese_restaurant,restaurant|sushi_restaurant,東京都千代田区内幸町２丁目１−１
Kamos Hibiya,1,japanese_restaurant,sushi_restaurant|french_restaurant,東京都千代田区日比谷公園１−２
レストゥディ,1,restaurant,spanish_restaurant|european_restaurant,内幸町2丁目2-2
ラ・ベルデ 日比谷店,1,japanese_restaurant,cafe,内幸町2丁目2-2
サラダイス 日比谷富国生命ビル店,1,restaurant,,内幸町2-2-2 富国生命ビル B2F
はらぺこ,1,bar,japanese_restaurant|restaurant,西新橋1丁目4-12
摩耶内幸町店,1,japanese_restaurant,restaurant,西新橋1丁目2-9
熱々鉄板 チェインズ,1,japanese_restaurant,,内幸町2-2-3
一誠,1,japanese_restaurant,sake_bar|bar,新橋2丁目2-5
ひろ 烏森町,1,japanese_restaurant,,新橋2丁目2-4
ちんちくりん新橋2丁目店,1,japanese_restaurant,restaurant,東京都港区新橋２丁目２−３
福は内,1,japanese_restaurant,sushi_restaurant|restaurant,新橋2丁目2-3
壱,1,japanese_restaurant,asian_restaurant|restaurant,1 Chome-15-7 Nishishinbashi
はし田たい吉,1,japanese_restaurant,,新橋1-15-7
孫作,1,japanese_restaurant,asian_restaurant,西新橋1丁目16-2
金ふじ,1,japanese_restaurant,asian_restaurant|restaurant,西新橋1丁目16-14
Toranomon Smoke Ibus,1,bar,pub,"Nishishinbashi, 1 Chome−12−6 西新橋ビル 7階 西山興業"
花半,1,japanese_restaurant,restaurant|asian_restaurant,西新橋1丁目13-5
AMAZING SPACE.,1,restaurant,,西新橋1丁目13-4 T SビルB1
ボワ ヴェール,1,japanese_restaurant,,西新橋1-13-4
長谷川西新橋店,1,japanese_restaurant,restaurant,西新橋1丁目12-6
能登美新橋店,1,japanese_restaurant,sushi_restaurant|restaurant,西新橋1丁目12-6
無洲,1,restaurant,accommodation|cafe,西新橋1丁目12-10
丸万,1,japanese_restaurant,desserts|business_management_services,東京都港区西新橋１丁目１１−１
シロマル,1,bar,restaurant|japanese_restaurant,西新橋1丁目5-5
芋づる 別館,1,japanese_restaurant,sushi_restaurant,
京の里,1,japanese_restaurant,restaurant|asian_restaurant,西新橋1丁目10-1
大吉田,1,japanese_restaurant,,西新橋1-9-8
咲くら 虎ノ門店,1,japanese_restaurant,,西新橋1-7-13
Toranomon Masumoto,1,japanese_restaurant,restaurant|bar,"Toranomon, 1 Chome−9−11 GATE虎ノ門"
桜の舞,1,bar,japanese_restaurant|restaurant,虎ノ門1丁目8-7
グランド ダージリン 新橋店,1,japanese_restaurant,restaurant|diner,西新橋1丁目23-9
つくね,1,japanese_restaurant,asian_restaurant|restaurant,西新橋1丁目22-7
芝虎西新橋店,1,japanese_restaurant,bar|restaurant,西新橋1丁目22-6
Farmer's Chicken Toranomon,1,japanese_restaurant,restaurant|chicken_restaurant,"Nishishinbashi, 1 Chome−22−7 丸万ビル １Ｆ"
穂穣,1,japanese_restaurant,,西新橋1-22-7
はづき,1,bar,japanese_restaurant|sake_bar,西新橋1丁目20-11
Tenzo,1,japanese_restaurant,cafe|coffee_shop,1 Chome-22-4 Nishishinbashi
匠味,1,restaurant,japanese_restaurant|asian_restaurant,東京都港区西新橋１丁目２０−１
Kanade,1,japanese_restaurant,wine_bar|sake_bar,"Nishishinbashi, 1 Chome−11−5 西新橋福徳ビル"
一一 かずいち,1,japanese_restaurant,,"Nishishinbashi, 1 Chome−11−6 IT1ビル 1階"
新橋甚三,1,japanese_restaurant,bar|diner,東京都港区西新橋１丁目１９−３
栄雅,1,japanese_restaurant,chinese_restaurant,西新橋1丁目19-8
くるめや,1,japanese_restaurant,restaurant,西新橋1丁目18-11
ダヴ,1,restaurant,coffee_shop|eat_and_drink,西新橋2丁目13-14
アビヤ,1,restaurant,,西新橋2丁目14-7
逢坂,1,japanese_restaurant,restaurant,西新橋2丁目13-16
あじひろ,1,japanese_restaurant,sake_bar|bar,西新橋2丁目13-16
かどや霞邸虎の門店,1,japanese_restaurant,asian_restaurant,西新橋2丁目13-2
夢民,1,restaurant,,東京都港区西新橋2-13-3 西新橋2丁目ビル1階
びんちょろ,1,japanese_restaurant,restaurant|asian_restaurant,東京都港区西新橋２丁目１９−２
ガスパチョ Gazpacho,1,vegetarian_restaurant,live_and_raw_food_restaurant|health_food_store,新橋5-25-1　新橋Business Garden 1F-8
Come Back,1,bar,lounge|pub,2 Chome-11-4 Nishishinbashi
豊輝 -ゆうきー,1,japanese_restaurant,restaurant,"Shinbashi, 3 Chome−2−10 小野ビル2F"
うめ家,1,japanese_restaurant,barbecue_restaurant,新橋3丁目2-10
Kojiro,1,restaurant,,新橋3丁目1-5 筑紫ビル
波泡穴,1,bar,restaurant|japanese_restaurant,新橋3丁目2-10
anis,1,bar,,新橋3-2-10
ぐいん西新橋,1,japanese_restaurant,restaurant|diner,西新橋2丁目6-1
味享,1,restaurant,japanese_restaurant,西新橋1丁目18-8
G&G Garden Terrace,1,restaurant,diner|beer_garden,新橋2丁目12-8
新橋Omotenashi,1,japanese_restaurant,sake_bar,新橋2丁目12-2
kei,1,bar,pub|cafe,2 Chome-12-2 Shinbashi
月の房,1,japanese_restaurant,restaurant|diner,新橋2丁目12-2
すずのき,1,japanese_restaurant,sushi_restaurant|restaurant,東京都港区新橋２丁目１２−２
桜藩,1,japanese_restaurant,restaurant|asian_restaurant,新橋2丁目11-1
天祥庵,1,japanese_restaurant,asian_restaurant|restaurant,新橋2丁目11-4
Mimiu Shimbashi,1,restaurant,japanese_restaurant|asian_restaurant,新橋2-5-6
ちゃちゃ亭,1,bar,restaurant|japanese_restaurant,新橋2丁目10-1
まごころ いし井,1,japanese_restaurant,sake_bar|bar,新橋2丁目10-1
益子,1,japanese_restaurant,restaurant|asian_restaurant,新橋2丁目10-8
新ばし なだ,1,japanese_restaurant,bar|restaurant,新橋2丁目10-9
石居,1,japanese_restaurant,restaurant|diner,新橋2丁目10-9
二貴,1,bar,japanese_restaurant,新橋2丁目11-8
つばき庵新橋店,1,japanese_restaurant,restaurant|diner,新橋2丁目14-3
湊一や 新橋レンガ通り店,1,japanese_restaurant,asian_restaurant|restaurant,新橋2丁目14-3
La dolce,1,bar,diner|lounge,新橋2-15-16 ルグラシエルBLDG29-2階
仙道,1,bar,,新橋3丁目6-14
木村屋本店新橋レンガ通り,1,japanese_restaurant,restaurant,新橋2丁目13-8
Platinum Fish Teppan,1,restaurant,,新橋 3丁目2-12
松平,1,japanese_restaurant,restaurant|asian_restaurant,東京都港区新橋３丁目２−３
すいす,1,japanese_restaurant,restaurant|diner,新橋3丁目5-13
リアン,1,restaurant,eat_and_drink|japanese_restaurant,サウスビル２f 東京都港区新橋3-13-2
ひろ作,1,japanese_restaurant,restaurant|diner,新橋3丁目6-13
LIV-la,1,bar,beer_bar|pub,3 Chome-2-10 Shinbashi
以志井,1,japanese_restaurant,restaurant,新橋3丁目5-11
ベテルギウス,1,bar,restaurant|pub,"Ikeno-3, 3 Chome-6-13 Shinbashi"
つき岡,1,japanese_restaurant,restaurant|bar,新橋3丁目6-14
Sword Tail,1,bar,lounge|pub,新橋3丁目11-9
アロハスタイル,1,bar,,新橋3丁目11-9 2F
Lunoya,1,japanese_restaurant,restaurant|diner,"Shinbashi, 3 Chome−11−9 烏森通りビル B1F"
新選 新橋本店,1,restaurant,,"新橋3丁目11-1, 田島ビル4F"
阿喜多,1,japanese_restaurant,restaurant|asian_restaurant,新橋3丁目11-5
La Moana,1,bar,cocktail_bar|lounge,新橋3丁目11-5
Jack Around,1,bar,,新橋2-15-16
かま田,1,japanese_restaurant,restaurant|diner,新橋3丁目10-1
菜のはな,1,japanese_restaurant,restaurant,"Shinbashi, 3 Chome−10−1 新橋第3ヴィレッジビル"
釜田,1,restaurant,,新橋3丁目10-2 第3新橋ヴィレッジビル 1F
たなばた,1,bar,japanese_restaurant|pub,3 Chome-31-14 Wada
dilettante (ディレッタンテ),1,restaurant,,"和田3丁目60-11, 倉島ビル 2F"
温たいむ,1,bar_and_grill_restaurant,restaurant|bar,和田3丁目60-11
川中屋,1,japanese_restaurant,bar,東京都杉並区和田３丁目６０−１０
美食工房 Sakamaki,1,restaurant,diner|fast_food_restaurant,和田3丁目54-7
山椒,1,bar,japanese_restaurant|sushi_restaurant,高円寺南1丁目11-1
夜学洞,1,bar,bar_and_grill_restaurant|cave,高円寺南1-6-6
東高円寺ルースター,1,food_and_drink,cafe|gastropub,東京都杉並区高円寺南1-25-15-102
加賀清,1,bar,sake_bar|eat_and_drink,高円寺南1丁目23-11
暁,1,japanese_restaurant,sushi_restaurant|restaurant,"Koenjiminami, 1 Chome−23−7 堤ビル"
ビアビア,1,japanese_restaurant,noodles_restaurant|restaurant,高円寺南1丁目6-6
グラン・パ 東高円寺店,1,japanese_restaurant,restaurant|diner,高円寺南1丁目7-2
Doggie Boogie,1,bar,gastropub|restaurant,"Koenjiminami, 1 Chome−5−4 高円寺サンハイツ B１F"
白夜,1,japanese_restaurant,bar|sushi_restaurant,東京都中野区中央５丁目２４−１１
Oicho,1,bar,restaurant|japanese_restaurant,中野3丁目1-2
Fair Way,1,restaurant,japanese_restaurant|bar,中央5丁目30-7
伊賀,1,japanese_restaurant,restaurant|cafe,中野3丁目8-2
やまねこ亭,1,japanese_restaurant,asian_restaurant|restaurant,中央5丁目48-5
中野コメディエンヌ,1,restaurant,pub|arts_and_entertainment,"Central, 4 Chome−26−10 中野東豊マンション"
SOD学園,1,bar,event_planning|theatre,東京都中野区本町６丁目２０−１２
でてる東京,1,bar,restaurant,本町6丁目14-10
澤神,1,japanese_restaurant,restaurant,"Central, 5 Chome−15−4 錦ビル"
慶元流,1,japanese_restaurant,,中央5丁目19-17
小満津,1,japanese_restaurant,restaurant|diner,和田3丁目62-3
四国屋,1,japanese_restaurant,restaurant,本町4丁目36-3
BY THE WAY 新中野,1,bar,,本町4-30-11
東京ブラン,1,japanese_restaurant,bar|restaurant,4 Chome-4-37-25 Honcho
TOSHIZO,1,bar,restaurant|japanese_restaurant,本町4丁目35-10
志喜千庵,1,japanese_restaurant,restaurant,中央4丁目4-6
新中野店,1,fast_food_restaurant,,東京都中野区中央４－４－６
Gen,1,restaurant,bar_and_grill_restaurant|bar,2-48-9 本町
常蔵新中野店,1,bar,lounge|japanese_restaurant,本町4丁目45-9
真我,1,japanese_restaurant,restaurant|bar,中央4丁目4-1
イー亭,1,bar,noodles_restaurant,4 Chome-1-5 Central
かぶり,1,japanese_restaurant,barbecue_restaurant|restaurant,中央4丁目2-13
The Neighborhood Spot 204,1,bar,,中央4-2-3
赤燈,1,japanese_restaurant,sake_bar|bar,本町4丁目43-16
鶏乃王国,1,japanese_restaurant,chicken_restaurant|delicatessen,4 Chome-28-5 Honcho
By The Way Shin-Nakano Store,1,restaurant,bar|cafe,本町4丁目30-11
かさはら,1,japanese_restaurant,restaurant,本町4丁目30-26
てん鈴,1,japanese_restaurant,restaurant|asian_restaurant,中央3丁目34-3
おおくら,1,bar,japanese_restaurant,本町4丁目30-26
Jumpman,1,bar,lounge|pub,
赤坂屋,1,japanese_restaurant,asian_restaurant|restaurant,"Central, 3 Chome−33−5 桜井荘"
Enji,1,japanese_restaurant,restaurant|diner,3 Chome-33-7 Central
Kirigiri's,1,bar,restaurant|sake_bar,中央3丁目33-4
カウボーイ 新中野店,1,japanese_restaurant,restaurant|diner,本町4丁目18-13
オリゼイ,1,restaurant,bar|sake_bar,本町4丁目5-18
串善 中野新橋店,1,japanese_restaurant,bar,5 Chome-4-7 Honcho
こあら,1,japanese_restaurant,bar|restaurant,本町3丁目11-9
うぜん,1,japanese_restaurant,asian_restaurant,本町3丁目12-13
一富士はりたや,1,japanese_restaurant,restaurant,本町4丁目1-1
雨垂れ石を穿つ,1,bar,sake_bar|japanese_restaurant,本町4丁目1-11
Lloyd Grande,1,fondue_restaurant,bar|gastropub,本町4丁目3-10
ら すとらあだ,1,japanese_restaurant,restaurant,東京都中野区本町２丁目４１−２
平田屋中野坂上店,1,japanese_restaurant,asian_restaurant|restaurant,本町2丁目50-3
元和,1,bar,japanese_restaurant|sushi_restaurant,本町2丁目54-13
駄々っ子,1,bar,japanese_restaurant|sushi_restaurant,本町2丁目50-7
たまにわ,1,japanese_restaurant,,中央2-48-21
粉麺小屋,1,japanese_restaurant,,"Honcho, 3 Chome−32−17 カーサ中野本町"
こめんこ屋,1,japanese_restaurant,restaurant,本町3丁目32-17
Ajito,1,bar,japanese_restaurant|restaurant,2 Chome-50-6 Central
大丸,1,bar,restaurant|japanese_restaurant,中央2丁目50-4
まんまる 新中野,1,restaurant,,中央3-34-1プラム鍋横G号
あじいち,1,japanese_restaurant,bar|restaurant,東京都中野区中央３丁目３４−７
平田屋新中野店,1,japanese_restaurant,restaurant|sake_bar,中央4丁目2-3
十七番地新中野店,1,japanese_restaurant,restaurant,中央4丁目2-3
優楽庵八度,1,japanese_restaurant,restaurant,4 Chome-2-11 Central
Daily Stand 204,1,bar,eat_and_drink|diner,4 Chome-17-4 Central
kokokara,1,restaurant,bar|hawaiian_restaurant,4 Chome-8-9 Central
立浪,1,japanese_restaurant,restaurant|asian_restaurant,中野2丁目13-26
圭,1,japanese_restaurant,restaurant|asian_restaurant,2 Chome-13-26 Nakano
ミドルハウス,1,restaurant,bar|japanese_restaurant,中野5丁目32-5
ルーキーS,1,bar,dance_club|lounge,中野5-47-5
豚野郎,1,japanese_restaurant,restaurant|asian_restaurant,中野1丁目41-45
味好堂,1,restaurant,breakfast_and_brunch_restaurant,上高田2丁目53-8
シンシアリー,1,bar,lounge|cocktail_bar,中野5丁目3-24
ちぇっく,1,japanese_restaurant,,中野5-56-7
シュク リン,1,restaurant,cafe|coffee_shop,新井1丁目15-11 1F  エリア: 中野
神居古潭,1,japanese_restaurant,,中野5-55-9
ぷらっと,1,restaurant,sake_bar|japanese_restaurant,5 Chome-35-13 Nakano
寿々秀,1,japanese_restaurant,restaurant|diner,新井1丁目6-5
DCCnakato,1,japanese_restaurant,restaurant,中野区新井1-3-3 カーサ巴新井No.1 102
中野トング,1,japanese_restaurant,bar|restaurant,"Arai, 1 Chome−3−3 Casa-Tomoe, １０１"
一服,1,restaurant,,新井1丁目15-12 1F
あずまや 新井薬師店,1,japanese_restaurant,,東京都中野区新井１丁目１４−１４
青花,1,japanese_restaurant,restaurant|wine_bar,新井1丁目14-16
ルナベース,1,bar,rental_service,"Arai, 1 Chome−14−16 ライオンズマンション中野第５ ライオンズマンション中野第5B-101"
和香,1,japanese_restaurant,restaurant,新井1丁目8-7
大怪獣サロン,1,bar,beauty_salon|arts_and_entertainment,新井1丁目14-16
BB kitchen,1,bar,pub|lounge,東京都中野区新井1-14-16
ドットの目,1,bar,sake_bar|cafe,新井1丁目14-16
Marunomi,1,bar,japanese_restaurant,"Arai, 1 Chome−14−16 ライオンズマンション中野第５ 101"
ゆうちょう,1,japanese_restaurant,restaurant|asian_restaurant,新井1丁目5-3
Powerspot Saraie,1,bar,tea_room|topic_concert_venue,5 Chome-50-9 Nakano
デイバイデイ,1,pub,bar|restaurant,東京都中野区中野５丁目４９−４
木挽,1,japanese_restaurant,restaurant|asian_restaurant,"Nakano, 5 Chome−49−1 カクタス伊藤館"
Two Face,1,bar,,中野5-48-9
中ちゃん,1,restaurant,bar|eat_and_drink,中野5丁目53-8
スミス,1,bar,lounge,中野5丁目49-2
ハンマーヘッド,1,bar,sake_bar|pub,5 Chome-49-3 Nakano
虎忠,1,japanese_restaurant,restaurant|diner,中野5丁目49-2
Rancio,1,bar,lounge,"Nakano, 5 Chome−50−1 ＡＭビル ２階Ｂ"
海賊船,1,bar,restaurant|asian_restaurant,5 Chome-53-5 Nakano
Roi,1,bar,pub|beauty_and_spa,中野区中野5丁目52番15号ブロードウェイ2階
チャレンジャー,1,fast_food_restaurant,restaurant|cafe,中野5丁目52-15
丸子亭,1,japanese_restaurant,restaurant|asian_restaurant,中野5丁目52-15
花織,1,japanese_restaurant,restaurant|bar,"Nakano, 5 Chome−50−5 ＱＵＡＤＲＩＦＯＧＬＩＯ 3F"
幸運豚人 Tsui-teru! Porkman,1,restaurant,bar_and_grill_restaurant|delicatessen,5 Chome-50-5 Nakano
まがりそーす,1,restaurant,japanese_restaurant,東京都中野区中野５丁目５０−６
雛家,1,japanese_restaurant,bar|restaurant,中野5丁目68-16
マル勝,1,restaurant,japanese_restaurant|chicken_restaurant,新井2丁目1-1
じゅげむ 中野本店,1,japanese_restaurant,,東京都中野区新井１丁目１１−９
でめきん 中野二号店,1,restaurant,,新井2丁目30-4 IFOビル1階
Yumyum 中野,1,bar,,
ロヂウラ,1,japanese_restaurant,sake_bar|bar,"Nakano, 5 Chome−65−4 和光ビル 地下１階"
キッチン一番館,1,japanese_restaurant,restaurant,中野5丁目65-11
京まる by ぶんぷく,1,japanese_restaurant,,中野5-65-4
中野北口サンモール店,1,fast_food_restaurant,,東京都中野区中野５－６６－１
どん亭中野店,1,japanese_restaurant,restaurant,中野5丁目59-8
Dontei,1,japanese_restaurant,asian_restaurant|restaurant,"Nakano, 5 Chome−59−8 湯澤ビル ２Ｆ"
万祝錦,1,japanese_restaurant,,東京都中野区中野５丁目５９−６
ガラク中野店,1,japanese_restaurant,sushi_restaurant,中野区中野5-30-5
えてがみ,1,bar,pub|cocktail_bar,5 Chome-67-12 Nakano
ぱーる,1,bar,lounge|pub,中野5丁目56-3
沙夢来,1,pub,bar|restaurant,中野5丁目56-3
ちょい虎,1,bar,japanese_restaurant|sake_bar,中野5丁目56-2
中野 鈴木,1,restaurant,bar,中野3-36-4
炙谷,1,bar,japanese_restaurant|restaurant,中野5丁目56-16
PG18,1,japanese_restaurant,restaurant|bar,中野5丁目56-15
Pine Tale 2990,1,japanese_restaurant,bar_and_grill_restaurant|restaurant,中野5丁目56-15
伊勢路 中野店,1,japanese_restaurant,food_truck,5 Chome-56-15 Nakano
ダムランド,1,bar,sake_bar,5 Chome-56-12 Nakano
ガレット,1,japanese_restaurant,bar|restaurant,中野5丁目56-14
味七,1,japanese_restaurant,restaurant,中野5丁目56-13
レインボー中野,1,restaurant,bar|bar_and_grill_restaurant,5 Chome-55-16 Nakano
路傍,1,bar,sake_bar|cafe,中野5丁目55-17
牛の涎,1,japanese_restaurant,restaurant|diner,"Nakano, 5 Chome−56−11 白百合ビル 1F"
やみつき商店,1,japanese_restaurant,restaurant,中野5丁目55-8
倉川,1,japanese_restaurant,river|barbecue_restaurant,5 Chome-55-7 Nakano
ただいま変身中,1,japanese_restaurant,bar|industrial_company,東京都中野区中野５丁目５３−３
中野RELUM,1,bar,,東京都中野区中野５丁目５５−３
chez Alice,1,bar,,中野5-55-3
菜華,1,japanese_restaurant,restaurant,5 Chome-55-3 Nakano
和喜田,1,japanese_restaurant,restaurant|diner,中野5丁目55-3
Captain Heroes R,1,bar,restaurant,中野5丁目55-10
VARKEN -ヴァルケン-,1,japanese_restaurant,,中野5-55-13
LizmK,1,bar,pub|cocktail_bar,中野5-55-6 ワールド会館1F
xBunny,1,bar,,中野5-55-13
牛誠,1,japanese_restaurant,,中野5-55-15
Pipeline(パイプライン),1,restaurant,hawaiian_restaurant|delicatessen,中野5-55-12
めりはり屋中野店,1,japanese_restaurant,asian_restaurant|restaurant,中野5丁目54-11
いろは亭,1,japanese_restaurant,asian_restaurant|restaurant,中野5丁目47-4
一樂一縁,1,japanese_restaurant,bar|restaurant,"Nakano, 5 Chome−47−5 花村ビル １０４"
さぼいあ,1,food_and_drink,,
かもん&あっこ,1,japanese_restaurant,restaurant|barbecue_restaurant,中野5丁目54-6
Tokinon 50,1,japanese_restaurant,bar,中野5丁目47-6
旬香亭あーち,1,japanese_restaurant,restaurant|asian_restaurant,中野5丁目54-8
かっぱちゃん,1,japanese_restaurant,sushi_restaurant,東京都中野区中野５丁目５４−６
SALONGO,1,bar,dance_club|restaurant,中野5丁目53-10
中野 DEGE,1,bar,,中野5丁目53-10 ニューロード中野1F
セットグー,1,restaurant,italian_restaurant|french_restaurant,中野5丁目53-10
Libertas,1,bar,restaurant,中野5丁目53-11
なっちゃんの店,1,japanese_restaurant,restaurant|asian_restaurant,"Nakano, 5 Chome−53−10 ニューロード中野"
泪橋,1,japanese_restaurant,restaurant|asian_restaurant,中野5丁目53-10
アングラーフィッシュ,1,bar,pub,5 Chome-47-7 Nakano
AZS,1,bar,karaoke,"Nakano, 5 Chome−46−5 岡田ビル B1F"
味治 みはる,1,japanese_restaurant,restaurant,東京都中野区中野５丁目５７−１０
チキンレッグ 中野店,1,japanese_restaurant,restaurant,中野5丁目57-2
カプリコーン,1,bar,,5 Chome-57 Nakano
中野 Tsukahara,1,restaurant,diner,中野5丁目46-2
Inn,1,lounge,bar|cocktail_bar,中野5丁目36-14
でめきん,1,restaurant,japanese_restaurant,東京都中野区中野５丁目４６−２
六佳,1,lounge,bar_and_grill_restaurant,"Nakano, 5 Chome−46−2 ｢MSI PLACE B02｣｣"
大雅,1,japanese_restaurant,barbecue_restaurant|bar,5 Chome-58-9 Nakano
味わい屋,1,japanese_restaurant,restaurant|asian_restaurant,中野5丁目58-4
らんまん,1,japanese_restaurant,restaurant|asian_restaurant,中野5丁目59-10
季味也,1,japanese_restaurant,bar|restaurant,中野5丁目59-9
Okajoki,1,japanese_restaurant,bar|restaurant,5 Chome-59-3 Nakano
プロフェッサー TK,1,bar,hobby_shop,中野5丁目60-14
天馬中野店,1,japanese_restaurant,restaurant,中野5丁目61-7
梅もと中野店,1,japanese_restaurant,asian_restaurant|restaurant,中野5丁目61-7
常蔵,1,bar,restaurant,中野5丁目60-3
中野のけむり,1,japanese_restaurant,bar_and_grill_restaurant|bar,中野5丁目60-2
ランタン・ルージュ,1,bar,french_restaurant|restaurant,"Nakano, 5 Chome−36−3"
ばかたれ ずっちゃん,1,japanese_restaurant,bar,5 Chome-36-3 Nakano
八九屋,1,japanese_restaurant,bar,5 Chome-32-17 Nakano
みなみの蛙,1,japanese_restaurant,bar|sushi_restaurant,"Nakano, 5 Chome−32−11 シティプラザ中野 1F"
糠に釘,1,japanese_restaurant,restaurant|bar,中野5丁目32-9
廣畑,1,japanese_restaurant,restaurant|asian_restaurant,中野5丁目32-11-A101
ブライトブラウン,1,bar,music_venue,東京都中野区中野５丁目５９−９
Sarto,1,bar,sake_bar|pub,5 Chome-63-4 Nakano
味七 あおのれん,1,japanese_restaurant,restaurant,中野5丁目63-6
東京スパイス,1,japanese_restaurant,cafe,中野5-63-6
はち,1,bar,japanese_restaurant|restaurant,中野5丁目62-7
東京ガブリ豚,1,japanese_restaurant,sushi_restaurant,中野55丁目63-6
八海,1,restaurant,sake_bar|japanese_restaurant,5 Chome-61-10 Nakano
キッチンjumbo 中野サンモール店,1,food_truck_stand,,中野5-66-8
樽や,1,asian_restaurant,restaurant|japanese_restaurant,中野3丁目36-10
キッチン チャンピオン,1,restaurant,bar,
六曜舎,1,japanese_restaurant,restaurant,3 Chome-34-23 Nakano
北国,1,bar,sake_bar|restaurant,中野3丁目35-8
鉄板ブラザーズ,1,japanese_restaurant,,中野3-37-1
パルプンテ,1,restaurant,bar|gastropub,中野3丁目35-5
FINNS,1,restaurant,bar_and_grill_restaurant,中野3丁目35-5
tententen,1,bar,japanese_restaurant|restaurant,中野3丁目35-8
root at 北国,1,restaurant,diner,3 Chome-35-8 Nakano
みなみのカエル,1,japanese_restaurant,bar|gastropub,中野3丁目34-23
Aquarius,1,bar,restaurant|cafe,中野3丁目34-24
Rose Garden,1,restaurant,diner|asian_restaurant,中野2丁目30-7
日の出,1,japanese_restaurant,restaurant|organic_grocery_store,中野2丁目25-6
真希中野南口店,1,japanese_restaurant,asian_restaurant|restaurant,中野2丁目25-6
あじさい茶屋,1,japanese_restaurant,asian_restaurant|noodles_restaurant,中野5丁目31-1
中野新橋 ひだまりや,1,japanese_restaurant,restaurant|asian_restaurant,東京都
赤テージ,1,bar,japanese_restaurant|restaurant,中野2丁目28-1
Jiraigen,1,japanese_restaurant,restaurant,中野2-28-8
馬関彩,1,japanese_restaurant,asian_restaurant|restaurant,"Nakano, 2 Chome−29−7 ｢田嶋ビル/1F｣"
中野テリトリ,1,japanese_restaurant,chicken_restaurant|restaurant,中野3丁目34-18
ご飯屋楽多,1,japanese_restaurant,bar|restaurant,中野3丁目39-6
みため,1,japanese_restaurant,eat_and_drink|bar,中野3丁目22-1
いせん,1,japanese_restaurant,barbecue_restaurant,中野3丁目17-1
わざをぎ,1,japanese_restaurant,barber,
盛絽屋,1,restaurant,japanese_restaurant|asian_restaurant,野方1丁目42-20
羽黒 参男坊,1,japanese_restaurant,eat_and_drink|restaurant,"Arai, 2 Chome−7−12 エントピア中野"
豪,1,bar,japanese_restaurant|restaurant,新井2丁目7-12
8109 Edock,1,bar,sake_bar|beer_garden,1 Chome-36-5 Arai
Paulonia,1,japanese_restaurant,bar|restaurant,新井1丁目37-8
ジェムストーン,1,pub,bar,新井2丁目10-9
中野 好味亭,1,japanese_restaurant,restaurant,
かれん,1,japanese_restaurant,sushi_restaurant|restaurant,中野3-33-13
あきん,1,japanese_restaurant,restaurant|diner,沼袋1丁目34-6
ケイム,1,bar,restaurant|lounge,沼袋1丁目36-5
和 ちろる,1,bar,japanese_restaurant,沼袋3丁目26-1
恵比寿ドランカー,1,bar,bar_and_grill_restaurant|restaurant,
薩摩屋沼袋店,1,bar,restaurant|barbecue_restaurant,沼袋4丁目31-1
フジキン光来,1,japanese_restaurant,eat_and_drink|restaurant_wholesale,沼袋2丁目39-8
旬と久,1,japanese_restaurant,restaurant,2 Chome-33-13 Numabukuro
和弥~nagomiya~,1,japanese_restaurant,,4 Chome-29-17 Numabukuro
和み処 さっきー,1,japanese_restaurant,bar_and_grill_restaurant|bar,"Numabukuro, 3 Chome−27−6 リバティハイツ 105"
むぎ家沼袋店,1,japanese_restaurant,barbecue_restaurant|korean_restaurant,沼袋3丁目27-6
じゅう廣,1,japanese_restaurant,,"Numabukuro, 1 Chome−37−9 Ｍハウス"
鉄板焼 すみだ,1,bar,japanese_restaurant|speakeasy,沼袋1丁目45-1
中乃見家,1,japanese_restaurant,restaurant|diner,4 Chome-1-1 Numabukuro
GOMA,1,japanese_restaurant,asian_restaurant,沼袋1丁目44-10
哲ちゃん,1,japanese_restaurant,asian_restaurant,松が丘2丁目32-18
cocue,1,lounge,event_planning,江古田2丁目3-4
Achaya,1,restaurant,bar,東京都中野区江原町2ー2ー8
クレバ,1,japanese_restaurant,bar|restaurant,江原町2丁目2-8
Yu Shokusai Shunno San,1,japanese_restaurant,restaurant|diner,2 Chome-11-3 Nishiochiai
むさし家,1,japanese_restaurant,asian_restaurant|restaurant,西落合2丁目4-1
煙屋,1,japanese_restaurant,restaurant|asian_restaurant,西落合1丁目21-13
どもあもく,1,bar,restaurant|japanese_restaurant,新井4丁目18-11
梅たん 新井薬師,1,bar,restaurant|comfort_food_restaurant,新井5丁目5-15
バック スタイル,1,bar,,上高田5丁目47-7
喜machi,1,japanese_restaurant,bar|restaurant,"Kamitakada, 3 Chome−18−7 ハイツ中村"
7seki,1,japanese_restaurant,,上高田3-19-10
四季乃味菜々草,1,japanese_restaurant,asian_restaurant|restaurant,"Kamitakada, 3 Chome−31−1 桂荘"
薬ちか,1,restaurant,asian_restaurant|japanese_restaurant,東京都中野区上高田３丁目４１−８
高田光幸新井薬師店,1,japanese_restaurant,,若宮3丁目3-13
がんこ一徹,1,japanese_restaurant,restaurant,上高田3丁目41-3
駒鳥,1,japanese_restaurant,asian_restaurant|restaurant,上高田3丁目40-7
サマ・サマ,1,bar,cafe|coffee_shop,上高田3丁目40-2
もっつん新井薬師店,1,japanese_restaurant,restaurant|barbecue_restaurant,上高田3丁目40-5
てんぱち,1,japanese_restaurant,,"Kamitakada, 2 Chome−54−11 天八"
蒼星の天馬,1,bar,restaurant|bar_and_grill_restaurant,新井5丁目10-1
よろづ 高ばやし,1,japanese_restaurant,sake_bar|restaurant,新井5丁目1-4
じょっぱりん,1,bar,japanese_restaurant|bar_and_grill_restaurant,5 Chome-2-3 Arai
ニューヨック中野,1,restaurant,sake_bar|japanese_restaurant,1 Chome-21-6 Arai
味ノマチダヤ,1,food_and_drink,,上高田1丁目49-12
Bun吉,1,restaurant,eat_and_drink,
松扇,1,restaurant,japanese_restaurant|asian_restaurant,上高田3丁目18-3
キッチンオリーブ,1,japanese_restaurant,caterer|delicatessen,3 Chome-18-3 Kamitakada
あかほし,1,bar,japanese_restaurant|speakeasy,上高田1丁目9-7
green glass,1,japanese_restaurant,asian_restaurant|noodles_restaurant,3 Chome-28-9 Kamiochiai
夜咄 Sahan,1,bar,,上落合2丁目23-11 エリア: 落合
炭やきおちあい,1,comfort_food_restaurant,,上落合 1-23-2
那由多,1,asian_restaurant,asian_fusion_restaurant|restaurant,上落合1丁目9-15
ぺいざん,1,japanese_restaurant,restaurant,中落合1丁目13-3
狭山,1,japanese_restaurant,bar|barbecue_restaurant,"Nakaochiai, 1 Chome−17−11 やまだ荘"
スペクター,1,restaurant,,東京都新宿区中落合１丁目１７−１１
なか井,1,japanese_restaurant,restaurant|diner,中落合1丁目17-12
石川家,1,bar,restaurant|asian_restaurant,中落合1丁目17-3
Epilogue 08,1,japanese_restaurant,,2 Chome-9-5 Nakaochiai
山藤家,1,japanese_restaurant,restaurant,西落合1丁目1-14
井泉居,1,japanese_restaurant,,南長崎4-7-6 エリア: 江古田
一志屋酒店,1,japanese_restaurant,restaurant,5 Chome-18-3 Minaminagasaki
飲食店 氵 さんずい,1,japanese_restaurant,restaurant,"Minaminagasaki, 5 Chome−17−15 石井店舗 A号"
えんま壱,1,bar,japanese_restaurant|restaurant,5 Chome-16-4 Minaminagasaki
山海苑,1,japanese_restaurant,asian_restaurant|restaurant,南長崎5丁目17-14
Kizuna,1,japanese_restaurant,bar,5 Chome-15-1 Minaminagasaki
あられ,1,bar,restaurant|bar_and_grill_restaurant,南長崎5丁目31-12
よねだ家,1,japanese_restaurant,restaurant,南長崎5丁目31-10
キッチン彩,1,restaurant,diner|bar,長崎2丁目11-12
半分亭,1,bar,cafe,南長崎2丁目22-11
菜る瀬,1,japanese_restaurant,restaurant|asian_restaurant,南長崎3丁目1-2
エリート,1,bar,pub|lounge,南長崎2丁目2-4
丸八屋,1,bar,restaurant|dance_club,目白5丁目3-7
コスタ デル ソル,1,restaurant,cafe,南長崎1丁目24-3
はまおり,1,restaurant,arts_and_entertainment|sushi_restaurant,東京都豊島区目白５丁目６−６
ジーズ,1,restaurant,diner,目白5丁目6-8
南天本店,1,japanese_restaurant,,長崎1丁目2-2
椎名島,1,restaurant,bar_and_grill_restaurant|bar,長崎1丁目1-17
鈴蘭,1,bar,cafe|restaurant,2-chōme-1 Nagasaki
博多屋椎名町店,1,japanese_restaurant,restaurant|bar,長崎1丁目4-7
CLUB HOUSE,1,bar,,西池袋3-25-7
Basso ドリルマン,1,japanese_restaurant,asian_restaurant,西池袋2丁目9-7
Mejiro Garden,1,restaurant,japanese_restaurant,3 Chome-20-18 Mejiro
かてい菜園 ささ木,1,japanese_restaurant,asian_restaurant|chinese_restaurant,下落合3丁目18-4
なるたけ,1,japanese_restaurant,asian_restaurant|restaurant,下落合3丁目17-32
目白待つ宵,1,japanese_restaurant,restaurant|diner,目白3丁目5-8
kazamidori,1,mediterranean_restaurant,middle_eastern_restaurant|smoothie_juice_bar,下落合3丁目17-39
天作,1,japanese_restaurant,restaurant,下落合3丁目2-16
田のじ,1,japanese_restaurant,sushi_restaurant|restaurant,下落合3丁目2-16
目白の台所,1,japanese_restaurant,restaurant|diner,目白3丁目5-13
志むら,1,japanese_restaurant,restaurant,目白3丁目13-3
目白咲き,1,restaurant,japanese_restaurant|bar,目白3丁目13-22
はごろも,1,japanese_restaurant,restaurant,目白3丁目13-23
う月,1,japanese_restaurant,restaurant,目白3丁目4-13
さんかく,1,japanese_restaurant,restaurant,目白3丁目2-14
rito,1,japanese_restaurant,,目白3-2-9
ジビエ料理 アンザイ,1,japanese_restaurant,restaurant|diner,下落合3丁目1-1
砂雲土,1,restaurant,bar|pub,東京都新宿区下落合１丁目１５−４
yonmaruyonnf,1,restaurant,,西新宿1-14-3 新宿ひかりビル3F
極厚家,1,japanese_restaurant,restaurant,東京都新宿区高田馬場３丁目１６−２１
bocage,1,japanese_restaurant,restaurant|diner,"Takadanobaba, 3 Chome−16−21 1階"
ぷらっと ふらっと,1,bar,pub|home_improvement_store,高田馬場3丁目14-17
Jimbei,1,japanese_restaurant,restaurant|asian_restaurant,"Takadanobaba, 4 Chome−18−10 サンハイツ 1F"
まる富,1,bar,japanese_restaurant|restaurant,高田馬場4丁目17-17
NIJYU-MARU,1,bar,japanese_restaurant|restaurant,高田馬場4丁目11-10
Shiba,1,japanese_restaurant,restaurant|asian_restaurant,"Takadanobaba, 3 Chome−12−1 T.Mビル 2F"
福茶庵,1,restaurant,japanese_restaurant|asian_restaurant,東京都新宿区高田馬場３丁目１２−６
ごっぱち,1,japanese_restaurant,pub|bar,高田馬場3丁目12-5
大黒,1,bar,restaurant|japanese_restaurant,高田馬場4丁目13-12
おおせ,1,bar,restaurant|japanese_restaurant,4 Chome-13-11 Takadanobaba
つたの季,1,bar,dance_club|restaurant,東京都新宿区高田馬場４丁目１３−１０
とん米,1,japanese_restaurant,restaurant|diner,高田馬場3丁目12-9
ちひろの食卓,1,japanese_restaurant,restaurant|diner,3 Chome-12-14 Takadanobaba
和びすとろ よし田,1,japanese_restaurant,bar,高田馬場3丁目11-9
角家,1,japanese_restaurant,chinese_restaurant,高田馬場3丁目12-27
かがやき,1,japanese_restaurant,,下落合1丁目6-8
ランドーズ,1,bar,diner|restaurant,高田馬場3丁目5-6
サイカイ,1,bar,restaurant|cafe,高田馬場3丁目5-5
屹club,1,bar,chinese_restaurant,3 Chome-5-5 Takadanobaba
さかえや 高田馬場總本店,1,japanese_restaurant,restaurant|diner,高田馬場3丁目4-16
七兵衛 高田馬場店,1,japanese_restaurant,,4-13 高田馬場3丁目
高田馬場 ウラニワ,1,japanese_restaurant,comfort_food_restaurant|bar,高田馬場3-4-11
臺所,1,restaurant,,高田馬場3-2-15　RESTA Takadanobaba 3F
TAKOPON,1,asian_restaurant,vietnamese_restaurant|restaurant,東京都新宿区高田馬場２丁目１９−５
なにわもんゆうや 高田馬場店,1,bar,japanese_restaurant|restaurant,高田馬場2丁目19-7
串味亭 高田馬場店,1,japanese_restaurant,asian_restaurant|restaurant,高田馬場2丁目19-7
串松亭,1,japanese_restaurant,asian_restaurant,"Takadanobaba, 2 Chome−19−7 タックイレブン高田馬場 211"
吟まるJr.,1,japanese_restaurant,barbecue_restaurant|restaurant,高田馬場3丁目1-2
うどの大木,1,japanese_restaurant,asian_restaurant|restaurant,高田馬場2丁目19-8
コリアス,1,bar,karaoke,高田馬場2丁目19-8
あでぃくしょん,1,bar,lounge,高田馬場2丁目19-8
呑む呑む,1,bar,pub,高田馬場2丁目19-8 阿部ビル 1F
Table Ino,1,bar,restaurant,"Takadanobaba, 3 Chome−1−5 菊栄ビル"
こめこめや 高田馬場店,1,restaurant,diner|eat_and_drink,高田馬場3丁目1-4
L'ECRIN,1,bar,,"Takadanobaba, 3 Chome−1−3 袖山ビル"
肉プロジェクト 高田馬場店,1,restaurant,bar,東京都新宿区高田馬場３丁目２−１３
馬場南海,1,japanese_restaurant,european_restaurant|restaurant,下落合1丁目3-19
寺蔵,1,bar,religious_organization|buddhist_temple,下落合1丁目3-19
Kitchen New Sanae,1,restaurant,asian_restaurant|japanese_restaurant,"Shimoochiai, 1 Chome−3−19 吉野荘 103"
美趣蘭,1,japanese_restaurant,restaurant|asian_restaurant,"Takada, 3 Chome−12−7 佐藤ビル"
Kaito,1,restaurant,bar|asian_restaurant,高田3-13-6 1f
海と,1,japanese_restaurant,sake_bar|bar,"Takada, 3 Chome−13−6 Grace 高田馬場"
Kana,1,bar,restaurant|asian_restaurant,高田馬場2-19-8
里,1,bar,japanese_restaurant|asian_restaurant,高田馬場2丁目19-4
多古福,1,japanese_restaurant,sushi_restaurant,"Takadanobaba, 2 Chome−18−11 5F"
チキータ,1,pub,bar|restaurant,2 Chome-18-11 Takadanobaba
MLスタジアム,1,bar,dance_club,高田馬場2丁目6-5
丸八高田馬場本店,1,bar,restaurant|japanese_restaurant,高田馬場2丁目16-5
べにぼち 高田馬場,1,bar,restaurant|diner,高田馬場2丁目16-3
日本晴ルtokoton,1,japanese_restaurant,restaurant|bar,"Takadanobaba, 2 Chome−16−3 柏ビル Ｂ１Ｆ"
きんごま,1,pub,bar|restaurant,"Takada, 3 Chome−10−14 吉野ビル"
歩古ホール,1,bar,dance_club|pub,高田3丁目11-18
どび,1,bar,beer_garden|restaurant,高田3丁目11-18
どまん中高田馬場店,1,japanese_restaurant,,高田3丁目10-11
こうこ,1,japanese_restaurant,restaurant|asian_restaurant,高田馬場2丁目15-9
ドルチェリア,1,japanese_restaurant,bar,"Takadanobaba, 2 Chome−15−10 城北ビル 3B"
高田馬場酔れん,1,bar,beer_garden|lounge,高田馬場2丁目15-9
海宝,1,japanese_restaurant,restaurant|italian_restaurant,高田3丁目11-19
三歩一,1,japanese_restaurant,restaurant,高田馬場2丁目14-9
寿々木家,1,japanese_restaurant,asian_restaurant,高田馬場2丁目14-10
いろ川,1,japanese_restaurant,restaurant|sushi_restaurant,高田馬場1丁目26
えびのや 高田馬場店,1,japanese_restaurant,restaurant,高田馬場1丁目26-12
博多満月高田馬場店,1,japanese_restaurant,restaurant|diner,高田馬場1丁目27-6
にんじんや高田馬場店,1,japanese_restaurant,restaurant|sake_bar,高田馬場1丁目27-6
厨 高田馬場店,1,restaurant,,
海峡高田馬場店,1,bar,restaurant|japanese_restaurant,高田馬場4丁目8-7
道玄,1,japanese_restaurant,restaurant,高田馬場4丁目10-14
Kusudama,1,japanese_restaurant,restaurant,"Takadanobaba, 1 Chome−27−2 イチカワビル 2F"
ガーリックチップス,1,japanese_restaurant,bar|restaurant,高田馬場1丁目31-8
てんのてん高田馬場店,1,japanese_restaurant,,高田馬場1丁目33-15
甚三 高田馬場店,1,restaurant,japanese_restaurant,東京都新宿区高田馬場４丁目２−３１
きっかわ,1,restaurant,bar,高田馬場1丁目21-3
チャンプ亭,1,fast_food_restaurant,,百人町2-6-7 ラクトビルディング105
1943 新大久保,1,restaurant,,東京都新宿区百人町1-7-10 MIVIA新大久保ビル 2F
新宿キョー和,1,japanese_restaurant,,百人町2丁目21-23
鯉のぼり,1,restaurant,japanese_restaurant|home_goods_store,
ヴィヤン,1,japanese_restaurant,coffee_shop|cafe,北新宿4丁目8-20
さ和の,1,japanese_restaurant,restaurant|sushi_restaurant,東中野5丁目25-6
岸由,1,japanese_restaurant,restaurant|diner,東中野5丁目25-6
多幸兵衛,1,japanese_restaurant,asian_restaurant|restaurant,上落合1丁目30-17
児ノ木,1,japanese_restaurant,asian_restaurant|restaurant,上落合1丁目5-3
キッチン早苗,1,japanese_restaurant,asian_restaurant|restaurant,北新宿4丁目12-5
しゅんらく,1,bar,,
gluon,1,bar,pub|cocktail_bar,4 Chome-23-1 Higashinakano
ふじやん,1,japanese_restaurant,sake_bar,東京都中野区東中野４丁目２６−１０
晴れときどき,1,japanese_restaurant,restaurant|diner,東中野4丁目26-10
東中野 わ,1,restaurant,bar|japanese_restaurant,東中野5丁目17-6
とり多津落合駅前店,1,japanese_restaurant,,東中野3丁目14-15
落合店,1,fast_food_restaurant,,東京都新宿区上落合２－２９－２
飛騰,1,japanese_restaurant,bar,上高田1丁目2-51
東灯,1,restaurant,pizza_restaurant|japanese_restaurant,東中野3丁目16-12
TaraKitchen,1,japanese_restaurant,asian_restaurant|restaurant,東中野3丁目16-7
串味,1,japanese_restaurant,restaurant|bar,東中野3丁目17-15
十番,1,japanese_restaurant,asian_restaurant|restaurant,東中野3丁目7-26
さわや,1,restaurant,japanese_restaurant|asian_restaurant,東中野3-7-26
Parm Tree,1,bar,restaurant|bar_and_grill_restaurant,3 Chome-7-26 Higashinakano
Shinoa,1,japanese_restaurant,asian_restaurant|restaurant,東中野3丁目7-22
スゴロク,1,japanese_restaurant,,東中野3-6-19
つるかめ,1,restaurant,japanese_restaurant|noodles_restaurant,東中野3丁目9-11
美輪,1,japanese_restaurant,restaurant|asian_restaurant,東中野4丁目2-9
Savanna Higashinakano,1,bar,cocktail_bar,"Higashinakano, 5 Chome−4−8 小山ビル 1F"
Zamurai,1,japanese_restaurant,restaurant|diner,5 Chome-5-7 Higashinakano
セルフキッチン,1,japanese_restaurant,,東中野4-9-1
じゃんじゃん,1,japanese_restaurant,restaurant,東中野4丁目9-25
波と雲,1,japanese_restaurant,,"Higashinakano, 5 Chome−3−1 ムサシビル B1"
東中野流,1,bar,pub,中野区東中野5-3-1
大政小政,1,japanese_restaurant,bar|sushi_restaurant,東中野4丁目2-25
どらねこ,1,bar,restaurant|asian_restaurant,東中野4丁目1-26
マ・ヤン,1,bar,restaurant|asian_restaurant,4 Chome-1-6 Higashinakano
中野家,1,japanese_restaurant,restaurant,東京都中野区東中野４丁目２−２
じみへん@東中野,1,bar,arts_and_entertainment|topic_concert_venue,東中野1-46-11 
楓家,1,japanese_restaurant,restaurant,1 Chome-50-1 Higashinakano
DDD,1,asian_restaurant,restaurant|thai_restaurant,"Higashinakano, 1 Chome−50−1 東海ビル 一階"
和びすとろ ぶり中野,1,japanese_restaurant,bar|restaurant,東京都中野区東中野１丁目４５−４
うみないび,1,japanese_restaurant,specialty_grocery_store|bakery,東中野1丁目45-4
猿工房,1,japanese_restaurant,bar|restaurant,"Higashinakano, 1 Chome−51−3 東中野第二コーポ 1F"
好日,1,japanese_restaurant,restaurant,東中野1丁目53-7
こ卯さぎ亭,1,bar,diner|restaurant,東中野1丁目57-6
4 Seasons LDK,1,bar,,東中野1-57-7
Restaurant ITO,1,japanese_restaurant,restaurant|diner,"Higashinakano, 1 Chome−57−2 柴沼ビル1階"
Usuque Baugh,1,bar,sake_bar|pub,"Higashinakano, 4 Chome−4−1 丸新ビル １階"
けむっ亭,1,japanese_restaurant,restaurant|asian_restaurant,東中野4丁目3-2
jige 東中野店,1,japanese_restaurant,,東中野4-4-3
伊勢路 東中野店,1,japanese_restaurant,restaurant|diner,4 Chome-4-7 Higashinakano
ハドソン,1,japanese_restaurant,,東中野 3丁目2-7
包,1,restaurant,japanese_restaurant|asian_restaurant,東中野2丁目25-6
驢馬駱駝,1,restaurant,lounge|bar,東中野2丁目25-6
隠れ家二三東中野,1,pub,,東京都中野区東中野１丁目５９−９
右京,1,japanese_restaurant,restaurant|asian_restaurant,"Higashinakano, 1 Chome−59−3 ヴァリエ東中野"
リズ,1,bar,japanese_restaurant,東中野1丁目31-7
まるしん,1,japanese_restaurant,asian_restaurant|noodles_restaurant,東中野1丁目36-4
かしわぎ,1,japanese_restaurant,restaurant,東中野1丁目36-7
かんじ,1,japanese_restaurant,bar|restaurant,東中野1丁目35-1
chouette(シュエット),1,bar,,東中野1-23-4
赤ずきん,1,bar,pub|candy_store,
かぶ吉,1,japanese_restaurant,bar,北新宿4丁目13-1
つく梅,1,japanese_restaurant,eat_and_drink,1 Chome-34-2 Kitashinjuku
メゾン マドリード,1,restaurant,bar,東中野1-22-18
Ifc新宿南口店,1,japanese_restaurant,bar|restaurant,東京都新宿区北新宿３丁目３６−２
ぽっくる亭,1,japanese_restaurant,bar|restaurant,東中野1丁目5-10
たかお 東中野,1,bar,,
味人生渋谷店,1,restaurant,bar,渋谷区本町2丁目32−1
ジェロニモ,1,japanese_restaurant,restaurant|diner,東中野2丁目6-11
豆柿,1,bar,japanese_restaurant|restaurant,中央2丁目2-24
モカボーイ,1,bar,pub,中央2丁目8-21
自意識過剰,1,japanese_restaurant,restaurant,中央1丁目32-8
ハイジ,1,restaurant,bar|japanese_restaurant,中央1丁目37-1
すど,1,bar,bar_and_grill_restaurant,中央1丁目33-7
フランキーアンドトリニティー,1,restaurant,japanese_restaurant|cafe,東京都中野区中央１丁目３３−７
手じま,1,japanese_restaurant,restaurant,中央1丁目38-1
久丸,1,japanese_restaurant,restaurant,中央1丁目38-1
やさいと、,1,japanese_restaurant,restaurant|asian_restaurant,中央2丁目2-35
花み鳥,1,bar,japanese_restaurant|restaurant,中央2丁目2-30
エルセロ中野坂上店,1,japanese_restaurant,,本町2丁目48-13 イーストンホテル1F
三夢羅居,1,bar,restaurant|bar_and_grill_restaurant,本町2丁目49-20
魔女の一撃,1,restaurant,asian_restaurant|japanese_restaurant,2 Chome-47-3 Honcho
坂上健ちゃん,1,japanese_restaurant,asian_restaurant|restaurant,本町2丁目46-1
華吉,1,japanese_restaurant,sushi_restaurant|restaurant,本町2丁目46-1
六味膳食,1,japanese_restaurant,restaurant|asian_restaurant,1 Chome-32-2 Honcho
灯都,1,restaurant,,西新宿6-12-39
たまねぎ本舗さすらい屋,1,restaurant,japanese_restaurant|cafe,東京都新宿区西新宿６丁目２６−１１
すずや 北新宿店,1,japanese_restaurant,restaurant|diner,北新宿2丁目21-1
味彩坊,1,japanese_restaurant,restaurant,"Nishishinjuku, 8 Chome−15−12 第２秋ビル"
井筒や,1,japanese_restaurant,asian_restaurant|restaurant,北新宿1丁目36-5
Soulmate,1,theme_restaurant,restaurant|bar,"Nishishinjuku, 8 Chome−11−13 日東ビル 1F"
味の初,1,japanese_restaurant,asian_restaurant|restaurant,西新宿8丁目5-7
梅屋,1,japanese_restaurant,restaurant|asian_restaurant,"Nishishinjuku, 8 Chome−14−17 アルテール新宿 102"
中陣,1,japanese_restaurant,restaurant|asian_restaurant,西新宿8丁目12-7
一天,1,restaurant,sushi_restaurant|asian_restaurant,西新宿6丁目10-1
田一,1,japanese_restaurant,restaurant|asian_restaurant,西新宿6丁目8-1
札幌本舗新宿アイランド店,1,japanese_restaurant,restaurant,東京都新宿区西新宿６丁目５−１
C by favy,1,restaurant,gastropub|buffet_restaurant,西新宿8丁目1-7
白銀屋,1,japanese_restaurant,,西新宿7-19-7
満ぷく,1,japanese_restaurant,restaurant|diner,西新宿7丁目19-11
風来居,1,japanese_restaurant,restaurant,西新宿7丁目19-18
しゅぞう,1,japanese_restaurant,bar|restaurant,西新宿7丁目19-22
きいろいはな,1,japanese_restaurant,asian_restaurant|restaurant,西新宿7丁目13-7
きょせん,1,bar,restaurant|japanese_restaurant,西新宿7丁目13-5
新宿紺や,1,japanese_restaurant,restaurant|asian_restaurant,西新宿7丁目13-5
凪地獄,1,bar,sake_bar,東京都新宿区西新宿７丁目１３−７
たけちゃん,1,bar,,"Nishishinjuku, 7 Chome−20−16 新宿ダイカンプラザシティⅠ Ⅱ1F（管理室"
Hanabusa,1,bar,japanese_restaurant|restaurant,西新宿7丁目20-3
昌平西新宿店,1,japanese_restaurant,asian_restaurant|restaurant,西新宿7丁目12の4
Soulmate Beach,1,theme_restaurant,restaurant|diner,"Nishishinjuku, 7 Chome−12−3 佐藤ビル B1F"
天秀,1,japanese_restaurant,restaurant,西新宿7丁目12-21
おはじき新宿,1,bar,restaurant|barbecue_restaurant,西新宿7丁目12-24
ドラえもんセブン,1,restaurant,italian_restaurant|bar,西新宿7丁目11-15
博多華善西新宿店,1,japanese_restaurant,asian_restaurant|restaurant,西新宿7丁目9-18
てじまぅる tejimaul,1,restaurant,,西新宿7丁目10-10 西村ビルB1
治郎,1,japanese_restaurant,,
昭和ブギ,1,bar,pub,西新宿7丁目1-4
チキン亭西新宿店,1,fast_food_restaurant,japanese_restaurant|restaurant,西新宿7丁目1-7
味八,1,japanese_restaurant,asian_restaurant|eat_and_drink,西新宿7丁目1-7
鉄板二百度西新宿店,1,japanese_restaurant,steakhouse|restaurant,西新宿7丁目10-18
Teppan 200°C,1,japanese_restaurant,restaurant|bar_and_grill_restaurant,西新宿7丁目10-18
肉鮮問屋,1,bar,japanese_restaurant|barbecue_restaurant,西新宿7丁目10-13
玄菜壱上,1,japanese_restaurant,asian_restaurant|restaurant,西新宿7丁目10-19
WA-Dinner Ki,1,japanese_restaurant,restaurant|diner,西新宿7丁目9-17
kokoro,1,japanese_restaurant,sake_bar|bar,"Nishishinjuku, 7 Chome−9−15 ダイカンプラザビジネス清田ビル102"
くせものや,1,restaurant,asian_restaurant|diner,西新宿7丁目9-13
こがね屋,1,japanese_restaurant,restaurant|asian_restaurant,西新宿7丁目8-11
きり山,1,japanese_restaurant,restaurant|asian_restaurant,西新宿7丁目8-11
日ごろ,1,japanese_restaurant,bar|restaurant,東京都新宿区西新宿７丁目１６−２
Grill de Viento,1,restaurant,italian_restaurant,"Nishishinjuku, 7 Chome−15−13 西新宿Mtビル 2F"
熾火 おきび 西新宿,1,japanese_restaurant,restaurant|bar,西新宿7丁目15-15
新宿美食倶楽部,1,asian_restaurant,bar|japanese_restaurant,"Nishishinjuku, 7 Chome−14−14 西新宿ホテル 2F"
grill de icocca 新宿本店,1,bar_and_grill_restaurant,bar|restaurant,西新宿7丁目14-6
時屋工場,1,restaurant,food_beverage_service_distribution|bakery,"Tokiya 1986, 7 Chome-13-12 Nishishinjuku"
Caldo Paradiso,1,indonesian_restaurant,grocery_store|restaurant,"Nishishinjuku, 7 Chome−14−10 リビオメゾン西新宿west 1F"
丹波亭,1,japanese_restaurant,restaurant,西新宿7丁目14-9
Fire Camp,1,japanese_restaurant,bar_and_grill_restaurant|bar,西新宿7丁目14-12
ひなた,1,japanese_restaurant,restaurant|asian_restaurant,西新宿7丁目15-8
ぜろいち,1,restaurant,asian_restaurant|japanese_restaurant,東京都新宿区西新宿７丁目１５−８
Buchiumaya,1,japanese_restaurant,asian_restaurant|restaurant,"Nishishinjuku, 7 Chome−22−34 新宿原田ビル 1-101A"
麦ゑ紋,1,japanese_restaurant,,東京都新宿区西新宿７丁目４−６
PLAT,1,bar,restaurant|lounge,"Nishishinjuku, 7 Chome−4−7 イマス浜田ビル 地下1F"
キミスカ,1,restaurant,,西新宿1-18-2 晴花ビル4F
Marumero,1,japanese_restaurant,cafe|bar,西新宿7丁目5-5
base_shinjyuku,1,restaurant,,東京都新宿区西新宿7丁目5-5 プラザ西新宿202
Koyoi,1,japanese_restaurant,asian_restaurant|restaurant,"Nishishinjuku, 7 Chome−5−6 Shinjuku Daikanplaza 756, 2F"
チャブラーシカ,1,bar,bar_and_grill_restaurant|restaurant,西新宿7丁目7-24
リザラン 新宿小滝橋通り店,1,restaurant,japanese_restaurant|chinese_restaurant,西新宿7丁目7-25
茶花茶花,1,japanese_restaurant,restaurant|bar,西新宿7丁目7-30
松太郎,1,restaurant,,東京都新宿区西新宿7-7-28 第一山本ビル1F
ぼんぼん,1,japanese_restaurant,asian_restaurant|restaurant,"Nishishinjuku, 7 Chome−18−7 Gsハイム西新宿 1階"
ボン ヴィヴァン,1,restaurant,italian_restaurant|french_restaurant,東京都新宿区北新宿１丁目３−１５
大地の恵 吟造,1,japanese_restaurant,asian_restaurant,1 Chome-3-17 Kitashinjuku
KINGDOM,1,bar,,北新宿1-2-12
ひなどり,1,bar,pub|lounge,北新宿1丁目12-13
かぶら亭,1,japanese_restaurant,barbecue_restaurant|korean_restaurant,北新宿3丁目1-20
にいむら 大久保店,1,restaurant,asian_restaurant|japanese_restaurant,百人町1丁目18-10
お多八,1,japanese_restaurant,restaurant|asian_restaurant,百人町1丁目18-11
Onebeat,1,lounge,bar|restaurant,百人町1丁目19-2
伊勢屋 淀橋青果市場内,1,restaurant,,北新宿4-2-1
蔵百人町店,1,japanese_restaurant,restaurant|asian_restaurant,百人町2丁目21-2
てくてく亭,1,japanese_restaurant,restaurant|diner,百人町2丁目21-29
さなぶり,1,bar,,百人町1-16-14
仙力本店,1,japanese_restaurant,restaurant|asian_restaurant,百人町2丁目9-15
新大久保西店,1,fast_food_restaurant,,東京都新宿区百人町１－１５－２０
新大久保肉劇場,1,japanese_restaurant,,百人町1丁目15-21
ひがし乃,1,japanese_restaurant,restaurant|asian_restaurant,百人町1丁目11-25
Yaki Banzai,1,japanese_restaurant,korean_restaurant|asian_restaurant,"Hyakunincho, 1 Chome−11−31 ピュアーズビル 1F"
有頂天 Ucho-ten,1,bar,japanese_restaurant|restaurant,百人町1丁目13-18
とも,1,bar,restaurant|fast_food_restaurant,百人町1丁目13-18
一九余一,1,bar,,百人町1-16-28
Stand By Me スタンドバイミー,1,japanese_restaurant,bar|restaurant,東京都新宿区百人町１丁目１５−４
鉄板焼き 味在,1,japanese_restaurant,korean_restaurant|asian_restaurant,百人町1丁目24-10
串えん,1,japanese_restaurant,bar|sake_bar,百人町1丁目24-8
鉄板いろいろ,1,japanese_restaurant,restaurant|bar,百人町1丁目24-8
ぶらいあん,1,bar,japanese_restaurant|restaurant,百人町1丁目24-8
闇闇クラブ,1,bar,,百人町1丁目24-8 タウンプラザビル2F
こっちお,1,japanese_restaurant,sushi_restaurant|bar,百人町1丁目24-7
うま煮や,1,japanese_restaurant,restaurant|asian_restaurant,百人町1丁目24-8
玉子焼き 赤鬼 とうきょう,1,japanese_restaurant,,102 1 Chome-24-8 Hyakunincho
花音,1,restaurant,arts_and_entertainment|karaoke,百人町1丁目24-8
Mash Bros,1,bar,restaurant,百人町1丁目24-8
瀧元,1,bar,japanese_restaurant|restaurant,百人町1丁目23-7
Fivestar,1,bar,japanese_restaurant|restaurant,"Hyakunincho, 1 Chome−23−28 カネヤスビル 1F"
ハムザ,1,japanese_restaurant,,北新宿1丁目1-21 おさだビル 1F
RELUM,1,bar,cafe,"Kabukicho, 2 Chome−46−7 第3平沢ビル ６Ｆ"
蔵西武新宿店,1,bar,eat_and_drink|hotel,百人町1丁目5-4
ジャント 広場,1,asian_restaurant,restaurant|diner,"Okubo, 1 Chome−17−7 5階"
かぶき屋,1,japanese_restaurant,asian_restaurant|restaurant,"Okubo, 1 Chome−17−3 ガーデンハイツ 201"
Ship Food Ikebukuro,1,restaurant,,東京都豊島区池袋3-21-7コーポ 大明1F
New Slow Food Senya,1,restaurant,japanese_restaurant,1 Chome-9-14 Hyakunincho
しばらく,1,japanese_restaurant,sake_bar|restaurant,東京都新宿区百人町１丁目１０−３
じょあじょあ,1,asian_restaurant,korean_restaurant,百人町1丁目10-10
越路,1,japanese_restaurant,restaurant|asian_restaurant,"Hyakunincho, 2 Chome−4−7 第一文化ビル"
どないやねん,1,japanese_restaurant,barbecue_restaurant|restaurant,百人町2丁目3-20
YOI 新大久保店,1,restaurant,social_service_organizations|bar,1-3 百人町2丁目
味ちゃん(Macchan) 新大久保店,1,restaurant,fashion_accessories_store|eat_and_drink,
カントンの思い出鶏肉研究所,1,japanese_restaurant,chicken_restaurant|restaurant,大久保1丁目16-22
ひごの屋新大久保店,1,bar,restaurant|asian_restaurant,大久保1丁目14-18
すみんちゅ,1,japanese_restaurant,asian_restaurant|restaurant,"Okubo, 1 Chome−15−17 サンハイム大久保 1F"
PALLE,1,bar,,1 Chome-16-19 Okubo
ニャムニャム,1,food_truck_stand,hot_dog_restaurant|bar,東京都新宿区大久保１丁目１６−１６
吉の,1,japanese_restaurant,bar|sushi_restaurant,"Okubo, 2 Chome−19−1 1F"
万づ,1,japanese_restaurant,restaurant|asian_restaurant,"Okubo, 2 Chome−13−4 北原ビル 1FB"
新大久保春田屋,1,japanese_restaurant,bar,東京都新宿区大久保２丁目１３−４
肉店新宿水户,1,restaurant,steakhouse,kabukicyou1-6-14
味噌蔵,1,japanese_restaurant,asian_restaurant,大久保1丁目7-20
紋郎,1,japanese_restaurant,,大久保2丁目18-10
jarea,1,bar,,"Okubo, 1 Chome−7−26 日韓マンション 1階 店舗"
阿里香,1,bar,,歌舞伎町2丁目19-10 ABCビル5F
SUN SUN,1,bar,restaurant|diner,歌舞伎町2丁目17-7
BET.50(ベットハーフ),1,bar,,大久保1-1-11
ラリス,1,bar,,大久保1-1-9
umedaya,1,restaurant,french_restaurant|cafe,1 Chome-1-9 Okubo
海豚,1,japanese_restaurant,bar|diner,大久保1丁目1-9
旬彩 新宿,1,japanese_restaurant,,歌舞伎町1-9-8
しんじろう,1,japanese_restaurant,,歌舞伎町2-18-6
くるくる,1,bar,japanese_restaurant|restaurant,歌舞伎町2丁目14-8
Mententen,1,japanese_restaurant,dim_sum_restaurant,歌舞伎町2丁目14-8
虎家,1,japanese_restaurant,restaurant|asian_restaurant,歌舞伎町2丁目9-15
Pick Up ピックアップ,1,bar,pub|restaurant,歌舞伎町2-11-2良川ビル3 B1
華火,1,japanese_restaurant,restaurant|diner,歌舞伎町2丁目11-4
りきまる Lee3ビル店,1,bar,restaurant|pub,東京都新宿区歌舞伎町2-11-4 ７F
ディップ屋Makana,1,food_truck_stand,fast_food_restaurant,歌舞伎町2-11-4
漆黒,1,pub,bar|restaurant,歌舞伎町2丁目11-4
健心流,1,japanese_restaurant,restaurant|asian_restaurant,"Kabukicho, 2 Chome−11−4 Lee3ビル 2F"
THIRTEEN,1,bar,beer_garden|arts_and_entertainment,"Kabukicho, 2 Chome−11−7 メトロビル"
どげんよ,1,bar,japanese_restaurant|restaurant,東京都新宿区歌舞伎町２丁目１１−７
ゆるラビ,1,bar,cafe|coffee_shop,歌舞伎町2丁目13-6
おいた,1,japanese_restaurant,restaurant,"Kabukicho, 2 Chome−13−6 3階"
GlitteR,1,bar,dance_club,"Kabukicho, 2 Chome−13−6 7階"
楽球や,1,bar,japanese_restaurant|restaurant,歌舞伎町2丁目13-6
GafuNoble,1,bar,,301 2 Chome-13-4 Kabukicho
吟,1,japanese_restaurant,asian_restaurant|restaurant,歌舞伎町2丁目22-13-C
ちきばん館,1,bar,restaurant|asian_restaurant,歌舞伎町2丁目22-13-E
K kabukicho,1,bar,bar_and_grill_restaurant|japanese_restaurant,歌舞伎町１-9-1ヒサコービル3F
Mirakutei,1,japanese_restaurant,,
月桜,1,japanese_restaurant,restaurant|asian_restaurant,"Kabukicho, 2 Chome−22−1 アイトスビル 2F"
下田港,1,bar,restaurant|pub,歌舞伎町2丁目28-15
深海浪漫,1,bar,,歌舞伎町2-22-5
はやし新宿店,1,japanese_restaurant,restaurant|sushi_restaurant,歌舞伎町2丁目22-5
桑,1,japanese_restaurant,bar,"Kabukicho, 2 Chome−27−11 三経 27"
CRAYON,1,bar,karaoke|pub,歌舞伎町2丁目27-12
シヨン,1,pub,bar|restaurant,歌舞伎町2丁目27-12
ビッグバン,1,bar,casino|karaoke,歌舞伎町2丁目27-12
BEEMARS,1,bar,pub|cocktail_bar,"Kabukicho, 2 Chome−27−12 新宿Leeビル 2 3階E号室"
みつい,1,restaurant,japanese_restaurant|bar,歌舞伎町2丁目27-8
ティーナ,1,bar,pub|cocktail_bar,東京都新宿区歌舞伎町2--28-2
真一館 新宿本店,1,japanese_restaurant,steakhouse,東京都新宿区
里海里山 新宿店,1,japanese_restaurant,,歌舞伎町2-30-3
ハイカラトーキョー,1,bar,sake_bar,"Kabukicho, 2 Chome−30−2 第5 本間ビル ２階"
Gold1 Seoul Soul,1,bar,sake_bar|cafe,歌舞伎町2丁目20-11
小さな鉄板焼き 小高屋,1,japanese_restaurant,barbecue_restaurant,歌舞伎町2丁目20-11
OLUOLU Ohana,1,restaurant,diner,歌舞伎町2丁目20-11
オールドスタイル,1,bar,,歌舞伎町2-20-12
新宿クラス,1,pub,cocktail_bar,"Kabukicho, 2 Chome−20−11 玉野ビル 4f"
鉄板焼き 刃の下に心あり,1,japanese_restaurant,restaurant|diner,"Kabukicho, 2 Chome−31−12 東新宿歌舞伎町タワ 1F"
緋色の海,1,japanese_restaurant,restaurant|asian_restaurant,歌舞伎町2丁目39-12
かぶきっちん,1,japanese_restaurant,restaurant|diner,歌舞伎町2丁目39-12
三代目白兵衛,1,japanese_restaurant,restaurant|bar,歌舞伎町2丁目39-12
近江源氏,1,japanese_restaurant,asian_restaurant|restaurant,歌舞伎町2丁目39-8
スターリリー,1,bar,pub|cocktail_bar,"Kabukicho, 2 Chome−39−2 4階"
LUIDA,1,bar,cocktail_bar|pub,歌舞伎町2丁目39-8
HEARTS,1,bar,restaurant|arts_and_entertainment,歌舞伎町2丁目39-8
日日,1,japanese_restaurant,restaurant,東京都新宿区歌舞伎町２丁目３９−６
はつもみぢ,1,japanese_restaurant,restaurant|asian_restaurant,歌舞伎町2丁目19-17
兼平,1,japanese_restaurant,restaurant,歌舞伎町2丁目42-11
オーシャンゴールド,1,bar,restaurant|adult_entertainment,東京都新宿区歌舞伎町２丁目４６−７
Frame,1,bar,cocktail_bar|pub,歌舞伎町2丁目46-7
伯鷹,1,japanese_restaurant,sushi_restaurant|breakfast_and_brunch_restaurant,歌舞伎町2丁目46-7
くらよし,1,japanese_restaurant,restaurant|asian_restaurant,歌舞伎町2丁目45-7
Red T Tokyo,1,restaurant,eat_and_drink|bar,歌舞伎町2－45－8アビデビル5F
W,1,bar,pub,"Kabukicho, 2 Chome−45−17 GEST33ビル 5階"
白龍舘,1,japanese_restaurant,bar|restaurant,"Kabukicho, 2 Chome−４５番５号 新宿永谷ビル 001 号"
Hanaya,1,bar_and_grill_restaurant,japanese_restaurant|restaurant,"Kabukicho, 2 Chome−45−4 B1F"
銀蔵,1,comfort_food_restaurant,bar,
Estaji,1,japanese_restaurant,bar_and_grill_restaurant|steakhouse,1 Chome-30-1 Kabukicho
あるけみすたぁ,1,bar,lounge|restaurant,歌舞伎町2丁目45-4
鉄板天祐,1,restaurant,,歌舞伎町1-29-1
Yakuyaku Shokudo,1,japanese_restaurant,bar_and_grill_restaurant,"Kabukicho, 1 Chome−19−3 商店街振興組合ビル６階"
ビースト 歌舞伎町店,1,japanese_restaurant,restaurant,歌舞伎町2丁目37-2
Mon cheri,1,bar,restaurant|wine_bar,"Kabukicho, 2 Chome−37−2 鈴木ビル B1F"
カンパイ 新宿店,1,japanese_restaurant,restaurant,歌舞伎町2丁目37-5
Honey Bee,1,bar,pub|cocktail_bar,歌舞伎町1-21-3
味てつ,1,japanese_restaurant,sake_bar|bar,2 Chome-38-8 Kabukicho
ポップコーン ドット,1,bar,cocktail_bar,歌舞伎町2丁目38-8
ポップアップ,1,bar,cocktail_bar,歌舞伎町2丁目38-8
Mamushi&BROS./マムシアンドブロス,1,bar,restaurant|gastropub,東京都新宿区歌舞伎町２丁目３８−２
SugarHolic,1,bar,,38-11 歌舞伎町2丁目
カルディア,1,bar,cafe,"Kabukicho, 2 Chome−38−11 Skylark Bldg., B1F"
Rov2,1,bar,dive_bar,"Kabukicho, 2 Chome−27−7 やなぎビル 2F"
紙の月,1,fast_food_restaurant,,歌舞伎町2-38-11
みやこんじょ,1,japanese_restaurant,restaurant|diner,歌舞伎町1丁目12-9
四倉忠,1,bar,restaurant|japanese_restaurant,歌舞伎町1丁目12-6
Mr. hero - ミスターヒーロー,1,bar,pub|lounge,東京都新宿区歌舞伎町１−１２−９ ピアザタテハナビルB1
しょう田,1,japanese_restaurant,restaurant|asian_restaurant,歌舞伎町1丁目11-7
俺の味世,1,japanese_restaurant,restaurant|asian_restaurant,東京都新宿区歌舞伎町１丁目１１−７
お通新宿歌舞伎町店,1,japanese_restaurant,asian_restaurant|restaurant,東京都新宿区歌舞伎町１丁目１１−１０
CRYPTO,1,bar,,歌舞伎町1-11-10
Oxygen オキシゲン,1,bar,,東京都新宿区歌舞伎町１丁目１１−１０
のぶちゃん,1,japanese_restaurant,restaurant,東京都新宿区歌舞伎町１丁目１１−５
一日一膳,1,japanese_restaurant,sake_bar,"Kabukicho, 1 Chome−11−6 第１ 2階 ロイヤル"
jyujyu,1,japanese_restaurant,restaurant,歌舞伎町1丁目11-12
我竜冥心,1,japanese_restaurant,restaurant,歌舞伎町1丁目11-12
Katsuプリポー,1,japanese_restaurant,restaurant|diner,"Kabukicho, 1 Chome−10−3 G3, 2階"
いいね,1,japanese_restaurant,theme_restaurant|restaurant,歌舞伎町1丁目9-1
壱番亭 歌舞伎町店,1,japanese_restaurant,restaurant,"Kabukicho, 1 Chome−12−15 ４F"
Dream Store,1,bar,restaurant|music_venue,東京都新宿区歌舞伎町１丁目１４−７
蓬田  秀一,1,bar,restaurant|lounge,新宿区歌舞伎町1-12-3 MONビル5F
Yomogi,1,bar,restaurant|japanese_restaurant,東京都新宿区歌舞伎町１丁目１２−３
ガブット 新宿店,1,restaurant,bar_and_grill_restaurant|bakery,歌舞伎町1-12-3 2F
八馬,1,japanese_restaurant,,歌舞伎町1-12-3
Lp Tokyo,1,bar,,歌舞伎町1-12-6
うまいもん 新宿東口新宿店,1,restaurant,diner,歌舞伎町1丁目12-6-D
スターホ ート,1,bar,pub|cocktail_bar,東京都新宿区歌舞伎町１丁目１３−６
ドロップキック,1,bar,restaurant|arts_and_entertainment,"Kabukicho, 1 Chome−14−6 第21東京ビル8階"
ゴールドファイブ,1,bar,,"Kabukicho, 1 Chome−14−5 5F"
Acorn 新宿東宝ビル店,1,restaurant,,歌舞伎町1丁目19-1
あんど新宿,1,restaurant,japanese_restaurant|bar,東京都新宿区歌舞伎町２丁目１３−４
とうがらし,1,japanese_restaurant,,歌舞伎町1丁目18-4
焼屋 あおな 歌舞伎町店,1,restaurant,gastropub|tapas_bar,歌舞伎町1丁目18-6
SAKURA 歌舞伎町店,1,restaurant,,19-1 歌舞伎町1丁目
7matsugoro,1,japanese_restaurant,wine_bar|sushi_restaurant,
小太朗,1,japanese_restaurant,bar|restaurant,百人町1-24-8　タウンプラザＢ１階
Ninja + Kabuki Tokyo,1,japanese_restaurant,,歌舞伎町1丁目21-1
Agree Able,1,bar,,歌舞伎町
みつえちゃん,1,japanese_restaurant,,歌舞伎町1-27-5
四谷本殿(要予約),1,japanese_restaurant,sake_bar|eat_and_drink,東京都新宿区舟町３−４
一番軒,1,japanese_restaurant,restaurant,歌舞伎町1丁目28-3
萬太郎,1,japanese_restaurant,restaurant|barbecue_restaurant,東京都新宿区歌舞伎町１丁目２８−６
ぺこり,1,japanese_restaurant,restaurant|diner,
御肉屋 はらぺこ亭,1,japanese_restaurant,,新宿3-23-4
Zino 新宿歌舞伎町靖国通り店,1,bar,,新宿区歌舞伎町1-16-2　富士ビルディング3F
アメリカンクリスタル,1,bar,,歌舞伎町1-22-2
あそう,1,japanese_restaurant,restaurant|seafood_restaurant,1 Chome-22-4 Kabukicho
はじめ屋,1,japanese_restaurant,restaurant|diner,歌舞伎町1丁目26-7
ぎおんぼう,1,japanese_restaurant,restaurant,歌舞伎町1丁目22-6
ミートファクトリー,1,restaurant,bar|japanese_restaurant,歌舞伎町1丁目22-6
しおん,1,restaurant,sushi_restaurant|japanese_restaurant,歌舞伎町1丁目6-5
空のとりこ,1,bar,dance_club|restaurant,歌舞伎町1丁目22-9
Radio Hall Kabuki Cho,1,bar,pub|cocktail_bar,歌舞伎町1丁目21-7
Shinjuku Noche,1,japanese_restaurant,restaurant|asian_restaurant,歌舞伎町1丁目22-9
旬香 新宿,1,japanese_restaurant,restaurant|diner,"シャトレビル 4F, 1 Chome-23-10 Kabukicho"
海のちから,1,bar,barbecue_restaurant|vegetarian_restaurant,東京都新宿区歌舞伎町１丁目１８−７
博多天神一番街通り店,1,japanese_restaurant,,歌舞伎町1丁目23-12
いち家 新宿店,1,japanese_restaurant,sushi_restaurant,"Kabukicho, 1 Chome−23−12 第10NKビル 4F"
ミートガーデン 新宿店,1,restaurant,,東京都新宿区歌舞伎町１丁目１７−７
ヨルソラ 新宿東口店,1,bar,,歌舞伎町1丁目17-7 6F
ザ・オリーブ,1,restaurant,diner,歌舞伎町1丁目17-7
寺子屋,1,japanese_restaurant,bar|restaurant,歌舞伎町1丁目17-5
Meat StanD 新宿東口店,1,bar,,歌舞伎町1-17-6
best memory フラミンゴ,1,bar,cafe|restaurant,歌舞伎町1丁目17-6
新宿のまっちゃん,1,restaurant,bar|asian_restaurant,歌舞伎町1丁目6-1
Aloha,1,bar,restaurant|asian_restaurant,歌舞伎町1丁目17-5
ElBravo新宿,1,bar,,
プリンスマルシェ,1,buffet_restaurant,hotel,1 Chome-30-1 Kabukicho
新宿秀山,1,japanese_restaurant,restaurant|bar,"Kabukicho, 1 Chome−2−2 サブナード地下街 1丁目"
さんるーむ 新宿サブナード店,1,japanese_restaurant,restaurant|health_food_restaurant,歌舞伎町1丁目1
バンビ 新宿サブナード店,1,japanese_restaurant,restaurant|diner,1 Chome-2-2 Kabukicho
鶏五味 新宿サブナード店,1,japanese_restaurant,chicken_restaurant|restaurant,"Kabukicho, 1 Chome−2−2 サブナード 1号"
とらぢゅう,1,japanese_restaurant,restaurant,歌舞伎町1丁目17-13
新宿かっぱ,1,japanese_restaurant,asian_restaurant|restaurant,歌舞伎町1丁目17-13
大阪 くり田,1,japanese_restaurant,,歌舞伎町1
新宿萬太郎,1,restaurant,japanese_restaurant,歌舞伎町1-16-1 今宮ビル 3階
おかか 新宿,1,japanese_restaurant,restaurant,歌舞伎町1丁目16-3
Mysterious Shinjuku,1,japanese_restaurant,restaurant|asian_restaurant,東京都新宿区歌舞伎町１丁目１６−３
ミステリアス新宿店,1,bar,,歌舞伎町1丁目16-3
スパイスBBQ Nicole,1,restaurant,,歌舞伎町1丁目16-3 セレサ陽栄新宿ビル4階
Osakaya,1,japanese_restaurant,asian_restaurant|restaurant,"Kabukicho, 1 Chome−17−12 浅川ビル B1F"
新宿のけむり,1,japanese_restaurant,bar|restaurant,歌舞伎町1丁目15-7
戦艦大和,1,bar,restaurant|asian_restaurant,歌舞伎町1丁目14-3
串丸 新宿本店,1,bar,japanese_restaurant|seafood_restaurant,"Kabukicho, 1 Chome−15−9 WINGS 2F"
彩 八馬,1,restaurant,,"歌舞伎町1丁目15-8, ウイングスビル 5F"
にくまる 新宿東口店,1,japanese_restaurant,,歌舞伎町1丁目15-12 2階
とくちゃん 新宿,1,japanese_restaurant,barbecue_restaurant|restaurant,"Kabukicho, 1 Chome−15−1 吉本ビル 1階"
Bubbly Bubbles,1,restaurant,bubble_tea|bar,歌舞伎町1丁目7-7
金太郎新宿総本店,1,restaurant,bar|eat_and_drink,歌舞伎町1丁目7-7
初登校,1,bar,,
スーパーエンジェル,1,pub,arts_and_entertainment|dance_club,東京都新宿区歌舞伎町１丁目６−８
ハナミチ東京歌舞伎町(Hanamichi Tokyo Kabukicho),1,restaurant,diner,1 Chome-6-12 Kabukicho
番番,1,japanese_restaurant,,歌舞伎町1-16-12
米新,1,japanese_restaurant,restaurant,"Kabukicho, 1 Chome−16−12 梅谷ビル １階"
がるがる,1,japanese_restaurant,restaurant|asian_restaurant,東京都新宿区歌舞伎町１丁目６−６
天空の雫,1,japanese_restaurant,asian_restaurant|restaurant,歌舞伎町1丁目6-3
めり乃新宿店,1,japanese_restaurant,barbecue_restaurant|restaurant,歌舞伎町1丁目6-3
NINE,1,restaurant,candy_store|pancake_house,歌舞伎町1丁目16-1
美羽,1,bar,coffee_shop|pub,歌舞伎町1丁目16-1
Alice in Fantasy Book,1,theme_restaurant,restaurant|cafe,"Kabukicho, 1 Chome−6−2 T-wingビル B2F"
Fioria Shinjuku Aria Blu,1,restaurant,asian_restaurant|bar,歌舞伎町1丁目6-2
GOCCHI BATTA Shinjuku,1,bar,barbecue_restaurant|restaurant,東京都新宿区歌舞伎町１丁目６−１４
喜達客思-Shidax,1,bar,pub|cocktail_bar,東京都新宿区歌舞伎町１丁目５−２
オルタナティブ,1,bar,,歌舞伎町1丁目6-12 堀内ビル B1
くるくるわんこ,1,restaurant,bar,東京都新宿区歌舞伎町1-22-9　Jゴールドビル5F
オレンジテラス歌舞伎町,1,lounge,dance_club|topic_concert_venue,東京都新宿区歌舞伎町１丁目２−５
Nakamura Hotel,1,bar,,
気仙坂,1,japanese_restaurant,restaurant|bar,歌舞伎町1丁目1-9
Dongaragasshan,1,japanese_restaurant,restaurant|asian_restaurant,1 Chome-1-9 Kabukicho
Tsudy,1,bar,lounge,歌舞伎町1丁目2-6
風雅,1,bar,restaurant,歌舞伎町1丁目2-6
絶好調,1,japanese_restaurant,restaurant|asian_restaurant,歌舞伎町1丁目2-6
IAM,1,bar,,"Kabukicho, 1 Chome−2−7 新宿ダイカンプラザ ９階"
Tonight3,1,bar,pub,507 1 Chome-2-7 Kabukicho
フランセ東京店,1,bar,restaurant|pub,東京都新宿区歌舞伎町１丁目２−７
Club Jam Tokyo,1,bar,arts_and_entertainment,東京都新宿区歌舞伎町１丁目２−７
Lupinus,1,bar,,1 Chome-2-7 Kabukicho
RMG Tokyo,1,restaurant,dance_club|bar,歌舞伎町1丁目2-7
"NanaHouse ""ナナハウス",1,restaurant,,東京都新宿区北新宿三丁目4-5-1
UKATSU,1,japanese_restaurant,bar,1 Chome-1-7 Kabukicho
Diner 5 Gallons,1,bar,diner|restaurant,歌舞伎町1丁目1-5
Sasuke,1,pub,,歌舞伎町1-1-5
わ羅治,1,bar,restaurant|japanese_restaurant,歌舞伎町1丁目1-6
Smile Sumire,1,bar,,"Kabukicho, 1 Chome−1−5 2F"
こっこめ,1,japanese_restaurant,sake_bar|bar,"Hashimoto Bldg., 1 Chome-1-5 Kabukicho"
Buffet and Restaurant Stella,1,buffet_restaurant,restaurant,"Kabukicho, 1 Chome−2−9 ３階"
Sururi,1,japanese_restaurant,restaurant|asian_restaurant,"Kabukicho, 1 Chome−2−9 ２階"
I☆DOLce(アイドルチェ),1,bar,,歌舞伎町1-3-15
ぴきらび -Pinky Rabbit-,1,bar,,3-16 歌舞伎町1丁目
Leon,1,bar,,"Kabukicho, 1 Chome−4−11 麗元ビル"
初心-UBU-,1,bar,pub,"Kabukicho, 1 Chome−4−12 5F"
レディーマドンナ~LadyMadonna~,1,bar,pub,歌舞伎町１丁目4-8らんざんビル2F
翔湖,1,pub,bar|dance_club,歌舞伎町1丁目4-8
#推ししか勝たん,1,theme_restaurant,,歌舞伎町1-8-3
はじまりはいつも...ゴーロクキュー,1,bar,,歌舞伎町1-8-4
Heart Beat,1,japanese_restaurant,,"Kabukicho, 1 Chome−8−3 1階"
Alice Rose,1,bar,,歌舞伎町1-8-4
Kirakudot,1,bar,,"Kabukicho, 1 Chome−9−1 Hisako Building, 2階"
フロンティア 新宿店,1,bar,restaurant,歌舞伎町1丁目10-11
めだか,1,restaurant,sake_bar|japanese_restaurant,東京都新宿区歌舞伎町１丁目３−６
道しるべ,1,japanese_restaurant,,歌舞伎町1-3-7
フィッシュボーイ,1,restaurant,japanese_restaurant|bar,東京都新宿区歌舞伎町１丁目３−７
辛宿,1,bar,korean_restaurant|japanese_restaurant,"Kabukicho, 1 Chome−3−38 2.3F"
リュアーグ,1,restaurant,eat_and_drink|bar,東京都新宿区歌舞伎町１丁目１０−８
キングダムクイーン,1,japanese_restaurant,asian_restaurant,東京都新宿区歌舞伎町２丁目２６−３
リベルテ,1,bar,dance_club,歌舞伎町2丁目26-3-A
ささ木,1,japanese_restaurant,,歌舞伎町2丁目26-3
光林坊本店,1,japanese_restaurant,diner|restaurant,歌舞伎町2丁目25-6
booster room,1,bar,topic_concert_venue,東京都新宿区歌舞伎町２丁目２７−１２
パリコレ歌舞伎町店,1,restaurant,gluten_free_restaurant|bar,歌舞伎町2丁目25-1
Zulu,1,bar,karaoke|dance_club,歌舞伎町2丁目25-2
パリジェンヌ,1,japanese_restaurant,restaurant|cafe,"Kabukicho, 2 Chome−23−1 １階"
La member,1,bar,sake_bar|restaurant,"Kenroku 5, 1F, 2 Chome-25-11 Kabukicho"
Sharekoki,1,bar,,"Kabukicho, 2 Chome−23−12 チェックメイトビル 4-B"
清晃,1,japanese_restaurant,restaurant|chicken_restaurant,歌舞伎町2丁目23-11
ジョカトーレ,1,restaurant,bar|pub,歌舞伎町2-23-11 第2和幸ビル 5階
Arcadia Tokyo,1,bar,japanese_restaurant|restaurant,"Kabukicho, 2 Chome−10−6 3階"
神戸,1,japanese_restaurant,steakhouse|restaurant,歌舞伎町1丁目2-13
海老澤一善,1,bar,,歌舞伎町1丁目3-10
三日月,1,japanese_restaurant,restaurant|asian_restaurant,1 Chome-3-10 Kabukicho
shimanami,1,restaurant,bar,歌舞伎町1丁目2-13
アンビリバボー,1,bar,arts_and_entertainment|dance_club,歌舞伎町1丁目2-14-B
TOMOTOMO,1,bar,restaurant|asian_restaurant,歌舞伎町1丁目2-13-C
すてきくうかん AKABANEtime,1,bar,pub,新宿区歌舞伎町
鉄板焼き 友,1,restaurant,japanese_restaurant,"2, 新宿区歌舞伎町１丁目２−１５ ソシアルビル１Ｆ"
ChaCha Hana,1,japanese_restaurant,sushi_restaurant|asian_restaurant,1 Chome-1-1 Kabukicho
茶茶花,1,japanese_restaurant,restaurant|bar,歌舞伎町1丁目1-1
Kavach-Ya - カバチヤ,1,bar,pub|beer_garden,歌舞伎町2-9-18 ライオンズプラザ新宿2F
新宿つむぎ,1,japanese_restaurant,chicken_restaurant|restaurant,"1F, 2 Chome-9-18 Kabukicho"
酔併韻館,1,bar,dance_club|pub,歌舞伎町2丁目9-3
アイデンティティ,1,bar,,
Japon!,1,bar,pub|eat_and_drink,東京都新宿区歌舞伎町１丁目２−１７
Mini Nana,1,bar,sake_bar,歌舞伎町2丁目10-8-A
Moriya Kabukicho,1,japanese_restaurant,restaurant|bar,2 Chome-9-18 Kabukicho
夕張,1,bar,japanese_restaurant|restaurant,歌舞伎町2丁目9-18
Pala Hoi Hoi,1,bar,restaurant|lounge,東京都新宿区歌舞伎町2-9-18ライオンズプラザB1
博多っ子,1,japanese_restaurant,sushi_restaurant,歌舞伎町2丁目8-3
花梨,1,bar,japanese_restaurant|restaurant,新宿5丁目18-6
からんころん,1,asian_restaurant,restaurant|thai_restaurant,歌舞伎町1丁目1-2
クリシュナ,1,lounge,bar|theme_restaurant,歌舞伎町1丁目1-5
恋ヲしようよ,1,bar,pub|eat_and_drink,東京都新宿区歌舞伎町１丁目１−５
BtoB,1,bar,pub|cocktail_bar,東京都新宿区歌舞伎町１丁目１−５
パボ,1,restaurant,bar|park,歌舞伎町1丁目1-5
シーホース,1,bar,pub|sake_bar,東京都新宿区歌舞伎町１丁目１−５
まねき通り如月(キサラギ),1,bar,,"Kabukicho, 1 Chome−1 メリス歌舞伎町"
真湖,1,bar,pub|dance_club,1 Chome-1-6 Kabukicho
ゴールデン・ダスト,1,bar,restaurant,歌舞伎町1丁目1-8
奥亭,1,bar,,歌舞伎町1丁目1-6
Grey,1,bar,restaurant|pub,1 Chome-1-7 Kabukicho
かおりノ夢ハ夜ヒラク,1,bar,,1 Chome-1-7 Kabukicho
夏の扉,1,bar,,歌舞伎町1-1
Calimero,1,bar,,歌舞伎町1-1-6
LAKI LAKI,1,bar,,歌舞伎町1-1-6
食酒惣,1,japanese_restaurant,restaurant|bar,歌舞伎町1丁目1-5
3rd ROOM,1,bar,event_planning|topic_concert_venue,"Kabukicho, 1 Chome−1−5 パレスビル ４F"
URACUE,1,bar,,"Kabukicho, 1 Chome−1−7 マルハビル 3F"
チリチリナイン,1,bar,,1 Chome-1 Kabukicho
Yours(ユアーズ),1,bar,bar_and_grill_restaurant|pub,新宿区歌舞伎町1-1-7 マルハビル・ゴールデン街劇場B1F-C
スクエア,1,bar,beer_garden|restaurant,歌舞伎町1丁目1-8
スエズ,1,bar,,東京都新宿区歌舞伎町１丁目１−７
CAMBIARE,1,bar,lounge|pub,1 Chome-1-7 Kabukicho
Jan June,1,bar,pub|dive_bar,歌舞伎町1丁目1-7
ガルガンチュア,1,bar,pub,1 Chome-1-7 Kabukicho
松鐘亭,1,bar,bar_and_grill_restaurant|eat_and_drink,東京都新宿区歌舞伎町１丁目１−７
うたげ,1,food_and_drink,bar,東京都新宿区歌舞伎町１丁目１−７
Blue Rose,1,bar,dance_club|restaurant,1 Chome-1-8 Kabukicho
GARDEN,1,bar,lounge|dance_club,歌舞伎町1丁目1-9
遠足,1,bar,lounge|restaurant,1 Chome-1-1 Kabukicho
Euphoria,1,bar,,歌舞伎町1-1-8
エポカ,1,pub,,歌舞伎町1-1-7
ねこ娘,1,bar,pub,東京都新宿区歌舞伎町１丁目１−８
Piece,1,bar,dance_club|pub,歌舞伎町1丁目1-8
Papa's Dream,1,bar,restaurant|pub,歌舞伎町1丁目1-10
十月,1,bar,restaurant|professional_services,歌舞伎町1丁目1-10
こう路,1,bar,dive_bar,歌舞伎町1丁目1-10
石の花,1,bar,pub|russian_restaurant,歌舞伎町1丁目1-10
10cc,1,bar,pub|financial_service,1 Chome-1 Kabukicho
和三盆,1,bar,,歌舞伎町1-1-10
くればわかる,1,japanese_restaurant,bar|restaurant,1 Chome-1-10 Kabukicho
ハイド,1,bar,,歌舞伎町1丁目1-10 興建社ビル 3F
ポニー,1,bar,pub|beer_bar,歌舞伎町1丁目1-10
Hecate,1,bar,restaurant|pub,1 Chome-1-10 Kabukicho
Bon's,1,pub,bar|restaurant,1 Chome-1-13 Kabukicho
美味処巣山,1,restaurant,asian_restaurant|bar,東京都
にわの,1,japanese_restaurant,restaurant|asian_restaurant,豊玉北5丁目25-17
巣あな,1,bar,lounge|eat_and_drink,5 Chome-25-17 Toyotamakita
Arai,1,japanese_restaurant,,豊玉北5-25-16
練馬 COZY,1,pub,,豊玉北5-22-16 3F
無兵衛,1,bar,restaurant|pub,5 Chome-15-5 Toyotamakita
夜盛,1,bar,sake_bar,東京都練馬区豊玉北５丁目２２−１
春日屋別館,1,restaurant,bar|eat_and_drink,豊玉北5丁目15-5
春田屋,1,japanese_restaurant,bar|restaurant,豊玉北5丁目15-5
Neriba,1,bar,topic_concert_venue|cafe,豊玉北5-15-1 ヒルズ京栄6番館 402
練馬 よつぼし,1,restaurant,bar,東京都練馬区豊玉北５丁目１５−５
うたや,1,bar,,豊玉北5丁目15-12 セーラユー豊玉201 エリア: 練馬
浜,1,restaurant,,豊玉北5丁目16-8 メゾン万里 202
ぎんぶた,1,bar,sake_bar|pub,豊玉北5丁目17-20
AkiTaka,1,japanese_restaurant,asian_restaurant|restaurant,豊玉北5丁目17-21
竹次,1,restaurant,bar|eat_and_drink,東京都練馬区豊玉北5-18-13
フルプレ,1,bar,,
DAWN,1,bar,lounge|pub,練馬1丁目19-5
みそ膳練馬店,1,japanese_restaurant,sushi_restaurant,練馬1丁目26-16
Komeru,1,bar,restaurant|japanese_restaurant,練馬1丁目32-5
いろもあ,1,bar,japanese_restaurant|restaurant,練馬1丁目32-5
Heart Restaurant Anzawake Nerima,1,japanese_restaurant,restaurant,5 Chome-4-9 Toyotamakita
GrandShake,1,bar,karaoke|pub,豊玉北5-12-10
SALA,1,restaurant,bar|pub,豊玉北4丁目28-5
相馬娘,1,japanese_restaurant,restaurant|asian_restaurant,豊玉北4丁目28-9
ばるちか,1,japanese_restaurant,restaurant|diner,豊玉北5-1-1-103
ビザール,1,japanese_restaurant,restaurant|diner,豊玉北5丁目1-1
蛮珈良,1,pub,bar,1 Chome-30-12 Nerima
甲州,1,japanese_restaurant,restaurant|asian_restaurant,練馬1丁目29-13
La Mumei Okami Nerima Store,1,restaurant,japanese_restaurant|diner,練馬1丁目22-6
潮彩,1,japanese_restaurant,restaurant|asian_restaurant,東京都練馬区練馬１丁目２２−１２
俺んち,1,bar,japanese_restaurant|accommodation,豊玉北5丁目18-6
かかしのいねむり,1,japanese_restaurant,bar|restaurant,4 Chome-12-17 Toyotamakita
カトレヤ,1,japanese_restaurant,restaurant|asian_restaurant,豊玉北4丁目12-17
葡萄家,1,restaurant,steakhouse|fast_food_restaurant,豊玉上2丁目22-13
創作料理モコ,1,japanese_restaurant,restaurant|sushi_restaurant,東京都練馬区桜台５丁目３８−１６
肉の牛吉,1,japanese_restaurant,restaurant|steakhouse,練馬2丁目1-17
我風庵やかた,1,japanese_restaurant,sake_bar|sushi_restaurant,練馬2-2-18
きゃべつ畑,1,japanese_restaurant,eat_and_drink,練馬2丁目2-21
檸檬堂,1,restaurant,cafe|diner,北町7丁目3-32
青柳孝庵,1,japanese_restaurant,,徳丸3-11-3
わーくす,1,restaurant,japanese_restaurant|bar,四葉1-1-5-309
だいだら,1,japanese_restaurant,eat_and_drink,北町2丁目30-14
あいづ山河,1,bar,japanese_restaurant|restaurant,2 Chome-36-11 Kitamachi
みなづき,1,japanese_restaurant,restaurant|bar,徳丸3丁目1-18
ジローズテーブル東武練馬板橋イオン前店 JIRO'STABLE TOBUNERIMA AEON-MAE,1,restaurant,,徳丸3丁目1-22
ジローサティ前北口店,1,japanese_restaurant,restaurant|womens_clothing_store,徳丸3丁目1-22
炭屋 えんけい,1,japanese_restaurant,bar|sake_bar,徳丸3丁目1-25
みとや,1,japanese_restaurant,restaurant,徳丸3丁目1-3
米とひなた,1,japanese_restaurant,,東京都練馬区北町２丁目３７−２
まりーずぷれいす,1,japanese_restaurant,bar|pub,2 Chome-52-4 Heiwadai
京味峠,1,restaurant,japanese_restaurant,"Nishiki, 2 Chome−23−14 中村ビル"
旬菜創心膳,1,restaurant,asian_restaurant|diner,"Kitamachi, 2 Chome−39−3 大栄ビル 2F"
あめちゃん,1,japanese_restaurant,restaurant|american_restaurant,北町2丁目38-6
はなびし,1,japanese_restaurant,restaurant|asian_restaurant,北町2丁目38-6
棟梁,1,bar,restaurant|japanese_restaurant,北町2丁目19-9
ソルカ ノルカ,1,food_and_drink,bakery,東京都練馬区北町２丁目１３−１１
Pathos,1,bar,lounge,"Kitamachi, 2 Chome−25−16 ２階"
いつCoCo,1,restaurant,sake_bar|bar,北町2丁目37-4
NOA NOA,1,bar,restaurant,東京都練馬区北町2-36-27KIビル２F
徳丸家,1,japanese_restaurant,,東京都板橋区徳丸３丁目１−２６
丸武家,1,japanese_restaurant,,"Tokumaru, 2 Chome−3−14 サンファミリーマンション 102"
丸正,1,bar,,徳丸1丁目33-7 102
おいすたーばっくす,1,fast_food_restaurant,,東京都練馬区貫井２丁目１−８
あむ亭,1,mongolian_restaurant,asian_restaurant|restaurant,北町2丁目40-6
ニクビッタ,1,restaurant,,徳丸1丁目7-12
柳川屋,1,diner,bar,
宮ぎ,1,japanese_restaurant,,1 Chome-20-7 Heiwadai
味の店 よし野,1,japanese_restaurant,asian_restaurant,氷川台3丁目28-14
正久保,1,japanese_restaurant,bar,氷川台3丁目37-2
ささら,1,japanese_restaurant,asian_restaurant,氷川台3丁目39-3
炭火焼専門店焔,1,japanese_restaurant,asian_restaurant,氷川台3丁目28-7
CARO,1,bar,italian_restaurant|restaurant,"Toyotamakami, 2 Chome−13−11 豊マンション 1F"
キッチンふくふく,1,japanese_restaurant,restaurant|diner,1 Chome-4-6 Sakuradai
格之進,1,japanese_restaurant,diner|restaurant,桜台1丁目8-3
スタイリス,1,japanese_restaurant,barbecue_restaurant,桜台1丁目5-1
一家,1,japanese_restaurant,sushi_restaurant|restaurant,桜台1丁目6-11
楓(ふう),1,japanese_restaurant,asian_restaurant|restaurant,東京都練馬区桜台1-6-5
炭家 ろいきん,1,japanese_restaurant,restaurant,豊玉北3－14－2－603
美志満,1,japanese_restaurant,restaurant,桜台1丁目2-9
めんめん,1,japanese_restaurant,restaurant,豊玉北2丁目5-8
すいばら,1,bar,japanese_restaurant|restaurant,豊玉北2丁目5
えごたいえ,1,restaurant,japanese_restaurant,江古田3丁目14-1
decontrol,1,bar,pub|restaurant,
ハロー・オールド・タイマー,1,restaurant,bar|cafe,東京都練馬区栄町２２−１
馬鉄,1,bar,restaurant|japanese_restaurant,栄町19-12
ヤマン,1,japanese_restaurant,restaurant,栄町22-1
キッチンオバサン,1,japanese_restaurant,restaurant|american_restaurant,栄町17-3
相棒,1,japanese_restaurant,restaurant|bar,栄町18-12
おだしや,1,japanese_restaurant,sushi_restaurant|bar,桜台3丁目29-19
のじろう,1,japanese_restaurant,,
キング、コーナー,1,pub,bar|restaurant,旭丘1丁目71-7
おもてなし処渡來,1,japanese_restaurant,restaurant,"Asahigaoka, 1 Chome−65−65 旭丘ダイヤモンドビル 2F"
鶏ジロー 江古田店,1,japanese_restaurant,,小竹町1丁目58-3
備中家,1,bar,japanese_restaurant|restaurant,旭丘1丁目76-10
ぼっとう&よはく,1,bar,professional_services,東京都旭丘1-65-18旭丘ダイヤモンドビル202
ツナグ,1,bar,,旭丘1-75-11
赤茄子,1,bar,cafe,旭丘1丁目77-2
若みや,1,japanese_restaurant,bar|restaurant,栄町33-1
Wakamiya,1,japanese_restaurant,asian_restaurant|restaurant,"Sakaecho, 33−1 若みや"
ちから亭,1,japanese_restaurant,italian_restaurant|restaurant,羽沢1丁目4-2
Jyonnobi,1,restaurant,italian_restaurant|bar,東京都練馬区栄町６−１２
ぽかんと,1,restaurant,bar|italian_restaurant,東京都練馬区栄町３−５
美食彩 えごた,1,japanese_restaurant,restaurant|diner,"Toyotamakami, 1 Chome−6−6 シャトルハイツ豊玉"
好々亭,1,japanese_restaurant,restaurant|diner,栄町3-9
東京ラフストーリー,1,japanese_restaurant,bar|restaurant,栄町4-5
八縁,1,bar,restaurant|cafe,栄町1-8
蒼鶏,1,japanese_restaurant,restaurant,栄町4-7
笑姜や,1,diner,eat_and_drink|restaurant,栄町4-10
嵐山,1,japanese_restaurant,restaurant,栄町4-8
LAMP,1,bar,,栄町4-8
厚生庵,1,restaurant,eat_and_drink|cafe,江原町3丁目34-4
白龍トマト館江原町店,1,japanese_restaurant,restaurant|diner,江原町3丁目17-1
ブラウニー 江古田,1,restaurant,,旭丘1丁目29-4
長崎亭,1,japanese_restaurant,asian_restaurant|noodles_restaurant,旭丘1丁目57-15
仲屋,1,bar,sake_bar|restaurant,旭丘1丁目68-12
長男、ほそのたかし,1,japanese_restaurant,,東京都練馬区旭丘１丁目６８−１２
ひょうたん 江古田店,1,bar,thai_restaurant,旭丘1丁目71-4
南湖,1,bar,japanese_restaurant|chinese_restaurant,小竹町1丁目55-6
藤や,1,bar,japanese_restaurant|restaurant,小竹町1丁目55-7
ランラン,1,bar,cafe|pub,小竹町1丁目55-8
まんまるや,1,bar,japanese_restaurant|restaurant,小竹町1丁目54-5
じゆうさん,1,japanese_restaurant,restaurant,江原町3丁目1-4
羅毘徒軒,1,japanese_restaurant,asian_restaurant,旭丘1丁目13-9
りすや,1,food_truck_stand,,
ぶどうの根っこ,1,restaurant,specialty_grocery_store|bakery,東京都板橋区小茂根１丁目３０−８
南園,1,buffet_restaurant,asian_restaurant,上板橋2丁目30-7
Shizuku,1,japanese_restaurant,restaurant,上板橋2丁目30-7
人生は1度きり,1,restaurant,,桜川
うさ担,1,japanese_restaurant,,上板橋1丁目13-21
煙間@上板橋,1,japanese_restaurant,,常盤台4-23-2
鮮王上板橋本店,1,bar,,常盤台4丁目25-1 サンライフカミイタ1-108
ちょっと,1,bar,japanese_restaurant|sushi_restaurant,常盤台4丁目30-11
れんこん屋,1,japanese_restaurant,restaurant|asian_restaurant,常盤台4丁目30-13
しろすな,1,bar,,常盤台4丁目29-16
てんさく,1,japanese_restaurant,,
じゃん,1,japanese_restaurant,restaurant|sushi_restaurant,常盤台4丁目21-10
桜井,1,japanese_restaurant,restaurant|asian_restaurant,中台1丁目25-5
もつ九,1,japanese_restaurant,asian_restaurant|restaurant,4 Chome-34-8 Tokiwadai
Trente,1,bar,bar_and_grill_restaurant|restaurant,"Kamiitabashi, 3 Chome−4−13 グランメゾン 103"
たくみや 上板橋駅南口店,1,fast_food_restaurant,japanese_restaurant|restaurant,上板橋2丁目35-11
品川や,1,japanese_restaurant,asian_restaurant|restaurant,上板橋2丁目35-9
Kitchen親方,1,japanese_restaurant,bar|restaurant,小豆沢1-10-7 
竹駒,1,japanese_restaurant,restaurant|bar,上板橋3丁目9-2
Variety Stadium Bravo,1,bar,pub,3 Chome-11-3 Kamiitabashi
"爽愛 ""sou""",1,restaurant,,上板橋3丁目14-11
ひとやすみ ポン,1,japanese_restaurant,bar|restaurant,若木2丁目34-15
Heart Restaurant Anzawa-ya Honten,1,japanese_restaurant,restaurant|asian_restaurant,"Kamiitabashi, 3 Chome−20−8 MODEビル 1F"
川勝,1,japanese_restaurant,restaurant|asian_restaurant,氷川台2丁目5-12
味の大関,1,japanese_restaurant,butcher_shop|delicatessen,"Kitamachi, 1 Chome−21−9 内田マンション"
大松,1,restaurant,japanese_restaurant|diner,1 Chome-4-18 Kitamachi
夢献,1,japanese_restaurant,barbecue_restaurant|restaurant,上板橋2丁目23-2
ラ・ファミーユ,1,restaurant,japanese_restaurant|sushi_restaurant,高島平1丁目49-1
鈴の間,1,bar,restaurant|pub,高島平1丁目82-5
ふく助高島平店,1,japanese_restaurant,restaurant|diner,高島平1丁目77-13
でん,1,japanese_restaurant,sake_bar|asian_restaurant,"Takashimadaira, 1 Chome−77−13 伏見ビル １３ １階"
まるうま,1,japanese_restaurant,restaurant|diner,高島平1丁目55-10
にりんそう,1,japanese_restaurant,sushi_restaurant|restaurant,高島平1丁目55-10
大根や,1,japanese_restaurant,asian_restaurant|restaurant,高島平1丁目57-1
きつちん西田,1,japanese_restaurant,restaurant|chinese_restaurant,高島平1丁目30-10
レンコンマン,1,bar,karaoke|arts_and_entertainment,蓮根2丁目21-11
じゅんちゃん,1,japanese_restaurant,restaurant|asian_restaurant,蓮根2丁目12-13
くにまつ,1,japanese_restaurant,restaurant|seafood_restaurant,蓮根2丁目31-9
ヴォートル,1,restaurant,,蓮根2丁目19-32
銀杏,1,restaurant,bar|japanese_restaurant,蓮根3丁目3-2
ペペルモコ,1,japanese_restaurant,restaurant,3 Chome-3-19 Hasune
Outdoor Kitchen,1,restaurant,cafe|professional_services,東京都板橋区舟渡４丁目１２−１８
西台駅前店,1,fast_food_restaurant,,東京都板橋区高島平１－７９－１８
KAITO Bridge,1,bar,professional_services,西台2-16-32
いわせ,1,restaurant,asian_restaurant,7 Chome-24-1 Tokumaru
炭火焼き Jo,1,japanese_restaurant,barbecue_restaurant|asian_restaurant,高島平8丁目4-8
百楽,1,bar,japanese_restaurant|restaurant,高島平8丁目4-8
くりはら,1,japanese_restaurant,restaurant|asian_restaurant,高島平8丁目22-12
裕博,1,japanese_restaurant,,8 Chome-12-1 Takashimadaira
銀だら屋,1,restaurant,bar,高島平8丁目3-3
フットレスト,1,restaurant,japanese_restaurant|diner,高島平2丁目22
clover,1,bar,karaoke|arts_and_entertainment,高島平7丁目17-2
山形家,1,japanese_restaurant,restaurant|diner,浮間1丁目7-27
がや我屋,1,bar,restaurant|asian_restaurant,"Ukima, 3 Chome−1−41 田口ビル"
雷神,1,japanese_restaurant,bar,浮間3丁目1-38
春樹北赤羽店,1,japanese_restaurant,restaurant,浮間3丁目1-47
まき川,1,japanese_restaurant,restaurant,3 Chome-1-22 Ukima
行田屋,1,japanese_restaurant,asian_restaurant,浮間4丁目10-21
K-bear,1,japanese_restaurant,bar|restaurant,3 Chome-19-9 Ukima
Suikow Shimada,1,restaurant,,浮間4丁目3-11
Hirukara,1,japanese_restaurant,restaurant|bar,小豆沢2丁目17-2
プチアーナ,1,japanese_restaurant,diner|restaurant,小豆沢3丁目5-4
ストックトン志村坂上店,1,restaurant,japanese_restaurant,小豆沢2丁目18-7
ロックス,1,bar,cafe|restaurant,志村1丁目13-3
坂丸商店,1,japanese_restaurant,,志村1-13-12
桐半,1,japanese_restaurant,eat_and_drink,1 Chome-16-11 Shimura
すもーる,1,bar,japanese_restaurant|diner,志村1丁目35-4
坂の上の福,1,bar,chicken_restaurant|food_truck,志村1丁目35-13
一膳屋五丈原,1,bar,japanese_restaurant|restaurant,浮間4丁目16-15
二軒家,1,japanese_restaurant,restaurant|asian_restaurant,東坂下2丁目16-9
中島商店,1,japanese_restaurant,asian_restaurant|restaurant,"Sakashita, 1 Chome−16−17 坂下１丁目団地１５号棟"
BoardBridge,1,bar,,志村3丁目17-21
ル・オブジェ,1,restaurant,japanese_restaurant|diner,坂下1丁目33-12
ジローズテーブル,1,japanese_restaurant,asian_restaurant|restaurant,志村3丁目9-4
う道,1,japanese_restaurant,noodles_restaurant|asian_restaurant,1 Chome-22-15 Sakashita
Big Apple,1,japanese_restaurant,restaurant|diner,東坂下2丁目11-14
大宮市場 花いち,1,restaurant,eat_and_drink|delicatessen,
いちげん 浮間店,1,japanese_restaurant,restaurant,浮間4丁目32-11
白KUMA,1,japanese_restaurant,restaurant|bar,志村1丁目32-32
おでんせ,1,japanese_restaurant,restaurant|asian_restaurant,"Shimura, 2 Chome−9−12 マンション司 1F"
James,1,japanese_restaurant,bar_and_grill_restaurant|restaurant,2 Chome-9-5 Shimura
開拓村,1,japanese_restaurant,barbecue_restaurant|restaurant,2 Chome-3-9 Shimura
左んしょう右を,1,japanese_restaurant,restaurant|diner,2 Chome-2-5 Shimura
板橋見次公園前店,1,fast_food_restaurant,,東京都板橋区前野町４－２２－２１
むらさき,1,bar,restaurant|japanese_restaurant,前野町4丁目19-11
ビーチ ボーイズ,1,restaurant,,東京都板橋区前野町３丁目２６−４
味人生前野町店,1,restaurant,,前野町3丁目23-5 105
熊ぼっこ 前野町店,1,japanese_restaurant,restaurant,前野町3-23-5-106
ヘキセンハウス,1,restaurant,bar|pub,前野町2丁目4-17
八九味や,1,restaurant,,"前野町2丁目4-17, 大商第3マンション104"
ちゃちゃ,1,japanese_restaurant,bar|barbecue_restaurant,前野町1丁目52-1
ときわ朝日,1,restaurant,,南常盤台1丁目30-22
Guchoku,1,japanese_restaurant,restaurant|asian_restaurant,12-7 Oyaguchikitacho
愚直,1,japanese_restaurant,noodles_restaurant|asian_restaurant,大谷口北町12-7
木曜館,1,pub,japanese_restaurant|restaurant,1 Chome-3-7 Minamitokiwadai
鮒兼,1,japanese_restaurant,restaurant|eat_and_drink,東京都板橋区常盤台１丁目４４−５
花ぐるま,1,japanese_restaurant,restaurant,"Tokiwadai, 2 Chome−5−5 セイコーガーデンときわ台"
エブアンドフロウ,1,bar,pub|restaurant,南常盤台1丁目29-9
ときわ亭,1,bar,restaurant|asian_restaurant,南常盤台1丁目28-1
Tres Flechas,1,bar,restaurant|active_life,"小林 ビル 2F, 1 Chome-2-5 Tokiwadai"
いちけん,1,japanese_restaurant,barbecue_restaurant|restaurant,常盤台1丁目2-3
まるいち商店,1,japanese_restaurant,chicken_restaurant,"Minamitokiwadai, 1 Chome−27−2 山下ビル"
クリスタルケイ,1,bar,restaurant|pub,南常盤台2丁目2-6
こっこ家 はらぺこ,1,japanese_restaurant,bar,南常盤台2丁目4-16
ほととぎす,1,japanese_restaurant,food_delivery_service,"Minamitokiwadai, 2 Chome−4−20 カーサアルファ"
Bincho,1,japanese_restaurant,restaurant,2 Chome-4-2 Minamitokiwadai
加賀屋 ときわ台店,1,japanese_restaurant,restaurant|bar,南常盤台2丁目4-22
みつひさご,1,japanese_restaurant,restaurant|asian_restaurant,南常盤台2丁目1-2
Tomoshibi,1,japanese_restaurant,cafe,"Minamitokiwadai, 2 Chome−4−20 カーサアルファ 2F"
成登,1,bar,japanese_restaurant|restaurant,南常盤台2丁目4-19
ときわ台なると,1,bar,restaurant,東京都板橋区南常盤台２丁目４−１９
千羽,1,japanese_restaurant,asian_restaurant|restaurant,2 Chome-47-5 Maenocho
味菜,1,restaurant,chinese_restaurant|asian_restaurant,東京都板橋区前野町４丁目１−２
石田屋,1,japanese_restaurant,asian_restaurant,上板橋2-32-16
エイケイコーナー,1,asian_restaurant,thai_restaurant|chinese_restaurant,宮本町55-3
白くま,1,japanese_restaurant,restaurant,東新町1丁目11-2
Let's Eat,1,pakistani_restaurant,fast_food_restaurant,東京都板橋区東山町３４−５
のざわ,1,japanese_restaurant,bar,常盤台４丁目５－２
満穂,1,restaurant,bar,大谷口北町80-5
太波空風,1,japanese_restaurant,asian_restaurant|restaurant,大谷口北町75-10
杜e,1,japanese_restaurant,bar|asian_restaurant,"Komone, 1 Chome−11−12 101"
樽見,1,japanese_restaurant,restaurant,小茂根1丁目10-17
三好屋,1,japanese_restaurant,comfort_food_restaurant|restaurant,東京都豊島区長崎４丁目３１−３
やじきた,1,japanese_restaurant,delicatessen|restaurant,長崎4丁目30-6
有限会社縁(えにし),1,bar,retail|accommodation,南長崎5-25-13 大野ビル2F
としません,1,bar,japanese_restaurant|sake_bar,南長崎5丁目25-14
びーしゅ,1,bar,restaurant|asian_restaurant,南長崎5丁目33-5
まるい,1,japanese_restaurant,restaurant,長崎4丁目7-11
42diner&grocery,1,diner,retail|liquor_store,東京都豊島区長崎４丁目７−１１
ぼんぼり,1,bar,sake_bar|pub,長崎4丁目9-5
とりんと 東長崎店,1,bar,japanese_restaurant|barbecue_restaurant,長崎4丁目8-13
フルプライム,1,bar,sake_bar|beer_bar,長崎4丁目8-13
一しん,1,japanese_restaurant,chinese_restaurant|restaurant,長崎4丁目8-15
達磨,1,bar,japanese_restaurant|chicken_restaurant,長崎4丁目10-12
円蔵,1,bar,,東京都豊島区長崎４丁目１１−１１
バク,1,bar,,長崎4丁目13-7 1F
Senkawa Diner,1,japanese_restaurant,cafe|bar,3 Chome-24-1 Kanamecho
長府屋,1,japanese_restaurant,cafe,千早2丁目24-8
甘集堂,1,japanese_restaurant,,大谷口1-3-8
鉄板焼さわだ家,1,japanese_restaurant,asian_restaurant|restaurant,大谷口上町32-5
おらく,1,japanese_restaurant,restaurant|diner,大谷口上町33-2
どん松池袋中央店,1,japanese_restaurant,,千川1丁目11-10 ファミリーハイツ1F
ソワール,1,restaurant,,東京都豊島区長崎1-25-21
英福,1,bar,barbecue_restaurant|japanese_restaurant,要町1丁目19-3
一金,1,japanese_restaurant,restaurant|diner,千早1丁目15-10
PapiPopi,1,japanese_restaurant,restaurant|diner,西池袋5丁目28-3
ニューマック,1,pub,bar|restaurant,要町1丁目10-2
ごはんとおまつり アホウドリ,1,comfort_food_restaurant,restaurant,
芋王,1,japanese_restaurant,,高松1-8-14
Ksキッチンハッピーロード,1,fast_food_restaurant,restaurant|sandwich_shop,大山町40-7
BIG WAVE 大山店,1,bar,,大山町25-8 野口ビル2F
味ん輝,1,bar,japanese_restaurant,"Oyamacho, 40−3 アイルイン大山2F アイルイン大山"
伏音,1,japanese_restaurant,bar|restaurant,47-2 Oyamacho
やまがた家,1,japanese_restaurant,restaurant|asian_restaurant,大山町47-2
日吉丸,1,speakeasy,,大山町24-15
からくり七味,1,japanese_restaurant,restaurant|asian_restaurant,大山町24-17
恵風和暢 あっと,1,japanese_restaurant,restaurant|diner,大山町24-17
大山24番地,1,bar,lounge|sake_bar,東京都板橋区大山町２４−１７
外宮,1,japanese_restaurant,asian_restaurant,大山西町54-12
ベリデリごはん まるうま,1,restaurant,,東京都
ドリアン,1,bar,restaurant|desserts,大谷口上町36-11
盛一庵,1,japanese_restaurant,eat_and_drink,大山西町65-4
まつおぶし,1,japanese_restaurant,noodles_restaurant|bar,東京都板橋区弥生町３６−７
岡久,1,restaurant,bar|pub,東京都板橋区中板橋２８−１０
ワイケイ今井,1,japanese_restaurant,,仲町40-3
遊食亭 ろあ,1,restaurant,bar|japanese_restaurant,中板橋19-3
Cow Bell,1,restaurant,coffee_shop|asian_restaurant,20-9 Nakaitabashi
すけろく 商店,1,bar,sake_bar|restaurant,東京都板橋区中板橋２６−１
二之宮,1,japanese_restaurant,asian_restaurant,中板橋26-2
ボッカローネ,1,restaurant,japanese_restaurant,中板橋27-16
江戸ノ海,1,restaurant,japanese_restaurant|asian_restaurant,東京都板橋区中板橋２５−９
清兵衛,1,japanese_restaurant,restaurant|bar,弥生町33-4
鏑川,1,bar,japanese_restaurant|asian_restaurant,弥生町30-8
たまごの鶴田,1,restaurant,cafe,常盤台1丁目61-6
赤城屋,1,japanese_restaurant,restaurant,志村1丁目1-6
淀川,1,bar,japanese_restaurant|asian_restaurant,泉町44-1
せんじゅ,1,bar,japanese_restaurant|chicken_restaurant,富士見町29-5
よしや 中板橋本店,1,japanese_restaurant,,中板橋16-10
WA2,1,bar,lounge|beer_garden,東京都板橋区中板橋１４−１３
万備,1,bar,japanese_restaurant,中板橋13-11
坂井善三商店,1,japanese_restaurant,sushi_restaurant|grocery_store,東京都板橋区中板橋１５−１３
三本杉,1,bar,restaurant|fast_food_restaurant,中板橋17-3
どんげや,1,bar,japanese_restaurant|bar_and_grill_restaurant,中板橋21-11
Palms,1,bar,pub,"Nakaitabashi, 14−9 メゾン タカノハ V"
だいすき日本,1,japanese_restaurant,asian_restaurant|indian_restaurant,中板橋26-2
がっさい,1,bar,restaurant|japanese_restaurant,中板橋7-2
みづき,1,bar,japanese_restaurant|bar_and_grill_restaurant,中板橋4丁目15-103
ココット,1,restaurant,japanese_restaurant|cafe,双葉町6-7
浜出屋,1,japanese_restaurant,bar|restaurant,大原町11-17
天鈴,1,japanese_restaurant,restaurant,小豆沢1丁目6-16
浪花,1,food_truck_stand,eat_and_drink|japanese_restaurant,大原町6-9
元樹,1,japanese_restaurant,asian_restaurant,東京都板橋区大原町６−１０
ミート村,1,japanese_restaurant,bar,7-4 Izumicho
イーハトーヴの優しい時間,1,restaurant,,蓮沼町19-2 2F
鳥弘,1,japanese_restaurant,,宮本町55-3
越前,1,japanese_restaurant,,宮本町55-1
白秋,1,japanese_restaurant,chinese_restaurant|restaurant,宮本町2-9
リッキーズ,1,japanese_restaurant,restaurant,東京都板橋区泉町６−１２
GuuNeeds,1,restaurant,bar|bar_and_grill_restaurant,蓮沼町7-10
にこいち,1,japanese_restaurant,bar,
うま味処 つるき屋,1,japanese_restaurant,restaurant|diner,蓮沼町26-11フレッシュフクダ
はりな,1,japanese_restaurant,asian_restaurant,26-7 Hasunumacho
かぜや,1,japanese_restaurant,restaurant|diner,蓮沼町26-2
まるげん,1,restaurant,eat_and_drink|japanese_restaurant,東京都板橋区蓮沼町２０−１６
時楽,1,japanese_restaurant,barbecue_restaurant|korean_restaurant,本町36-9
ナナイロ,1,bar,,大山金井町25-12
広太屋酒店,1,bar,restaurant|liquor_store,大山金井町51-3
秘密基地,1,bar,cafe,56-6 Oyamahigashicho
じゃんじゃん3号店,1,japanese_restaurant,restaurant,大山東町55-6
馬ヲムム,1,japanese_restaurant,bar|liquor_store,大山東町18-2
たかちゃん 大山,1,bar,pub,
Seeq,1,restaurant,italian_restaurant|seafood_restaurant,39-1 Oyamakanaicho
ライモンディ,1,restaurant,thai_restaurant|asian_restaurant,大山東町15-3
丁来巣,1,japanese_restaurant,sushi_restaurant|bar,東京都板橋区大山東町２３−６
たまご侍,1,japanese_restaurant,restaurant|diner,大山東町23-5
光壽おおやま,1,bar,restaurant|japanese_restaurant,大山東町23-6
ゾウとチャッカまん,1,japanese_restaurant,bar|sake_bar,"Oyamahigashicho, 52−13 大石ビル B1"
千代鶴,1,restaurant,sake_bar|bar,東京都板橋区大山東町５５−６
はちな,1,restaurant,japanese_restaurant|sushi_restaurant,56-10 Oyamahigashicho
わくや,1,japanese_restaurant,bar|restaurant,大山東町-58-22
Bandit,1,restaurant,diner,大山東町58-22
&河村,1,bar,bar_and_grill_restaurant|cafe,東京都板橋区大山東町５９−８
TARAKO家,1,lounge,,大山東町59-19
OB,1,bar,restaurant|dance_club,大山東町58-8
バイリン・アヤ,1,bar,restaurant|pub,大山東町58-6
うっちゃり,1,bar,restaurant|japanese_restaurant,大山金井町52-12
文殊,1,japanese_restaurant,breakfast_and_brunch_restaurant,東京都板橋区大山町４−１
こだわりやま大山店,1,japanese_restaurant,sake_bar|barbecue_restaurant,大山町8-5
しゅん家,1,japanese_restaurant,restaurant|asian_restaurant,大山金井町52-5
鏑屋,1,bar,japanese_restaurant|sushi_restaurant,大山町14-6
神谷,1,japanese_restaurant,pub|bar,大山町14-5
こてこてCLUB,1,japanese_restaurant,restaurant|coffee_shop,大山町6-9
ひみつ基地アジト,1,bar,,大山町6-9
オオタニ,1,restaurant,eat_and_drink,東京都板橋区熊野町47-8
カリカ,1,restaurant,diner,南町16-2
イヌクマトリ,1,bar,,2 Chome-39-2 Takamatsu
あたご,1,japanese_restaurant,restaurant|sushi_restaurant,池袋3丁目17-5
水沢屋,1,japanese_restaurant,eat_and_drink|sushi_restaurant,西池袋5丁目25-9
ムーの子孫西池袋店,1,japanese_restaurant,bar|barbecue_restaurant,西池袋5丁目14-3
丙午,1,comfort_food_restaurant,,
池袋もり山,1,japanese_restaurant,restaurant|asian_restaurant,池袋2丁目27-5
ひなたや,1,restaurant,japanese_restaurant,東京都豊島区池袋2-30-13 サブコートB1F
ぐんちゃん,1,japanese_restaurant,bar|restaurant,2 Chome-31-12 Ikebukuro
ファンキーミート,1,bar,restaurant|japanese_restaurant,池袋2丁目19-9
チキンワークス シロカネ 池袋店,1,restaurant,chicken_restaurant,東京都豊島区池袋２丁目１９−１
灼楽本店,1,japanese_restaurant,bar,東京都豊島区池袋２丁目１８−１
博多流斗樹,1,japanese_restaurant,restaurant,池袋2丁目23-1
コクテール / kokuteeru,1,japanese_restaurant,,池袋2-22-5東仙第二ビル1階
はなさく 蔵之助はなれ,1,japanese_restaurant,,西池袋3丁目33-17 東武西池袋サンライトマンション-K
セントポールの隣り,1,restaurant,diner,西池袋3丁目33-17
三太郎,1,bar,japanese_restaurant|restaurant,西池袋3丁目33-17
みのり,1,bar,japanese_restaurant|sushi_restaurant,西池袋3丁目30-8
ELBAF,1,bar,,東京都豊島区西池袋3-31-15 ロイヤルプラザⅡ 7F
ねこ膳,1,japanese_restaurant,restaurant|diner,新宿5丁目17-1
いっぴん屋,1,food_and_drink,,新宿5-13-5　ドルチェ新宿ビル1F
ぷらんたんRX,1,bar,tea_room,東京都新宿区新宿５丁目１８−１１
エポケー,1,bar,,
猫目,1,bar,coffee_shop|chinese_restaurant,5 Chome-12-1 Shinjuku
ミステリースポット,1,pub,,歌舞伎町2-9-18　B102
新宿 六,1,japanese_restaurant,bar|restaurant,新宿6丁目4-2
ロゼアレーブル,1,bar,karaoke,
grib,1,restaurant,steakhouse|cafe,新宿6丁目27-23
vege BeeF,1,restaurant,,新宿6-27-23
ニュートン,1,bar,karaoke|restaurant,歌舞伎町2丁目4-10 
スーソー館,1,bar,restaurant|naturopathic_holistic,大久保1-1-3
舌鼓新宿店,1,japanese_restaurant,restaurant,大久保1丁目1-2
Kouei,1,japanese_restaurant,bar|asian_restaurant,東京メトロ線 東新宿駅 徒歩0分
BaBa Feel ဘဲကင်,1,japanese_restaurant,barbecue_restaurant|bar_and_grill_restaurant,高田馬場４－１０－１６
伊予路,1,japanese_restaurant,restaurant,大久保1丁目5-13
一貫,1,japanese_restaurant,asian_restaurant|restaurant,大久保2丁目6-10
Misato,1,japanese_restaurant,asian_restaurant,2 Chome-33-119 Toyama
まんま,1,bar,,新宿7丁目12-19 ラヴィール新宿1F
倉乃介,1,japanese_restaurant,restaurant|sake_bar,新宿7丁目11-5
のどか,1,bar,japanese_restaurant|restaurant,新宿7丁目3-36
ビアンモール,1,restaurant,,戸山1-21-1
ボーグ ルビー,1,restaurant,bar|desserts,若松町28-6
きつね屋,1,japanese_restaurant,,若松町10-1
Ogasawara Hakushaku-tei,1,restaurant,japanese_restaurant|diner,10-10 Kawadacho
徳川膳武,1,japanese_restaurant,asian_restaurant,新宿6丁目20-6
かさねや,1,japanese_restaurant,,市谷台町10‐1
味寛ほんまや,1,japanese_restaurant,restaurant|diner,市谷台町8-1
吉野庵,1,japanese_restaurant,restaurant,住吉町10-9
食楽知庵,1,japanese_restaurant,asian_restaurant|restaurant,"Sumiyoshicho, 10−11 渡辺ビル"
Bigarade,1,bar,cafe|restaurant,11-26 Sumiyoshicho
白虹,1,japanese_restaurant,sushi_restaurant|cafe,九段南3-5-14
バーベキューハウスtokyo,1,restaurant,barbecue_restaurant|event_planning,市谷薬王寺町53-7
千代菊,1,japanese_restaurant,,市谷薬王寺町63-10
薬王寺中むら,1,japanese_restaurant,asian_restaurant|restaurant,市谷薬王寺町71-68
葉山,1,japanese_restaurant,restaurant|diner,市谷薬王寺町1
惣,1,japanese_restaurant,restaurant|diner,市谷柳町11
和み家いっぷく。,1,bar,,市ヶ谷柳町10-4
かた山,1,japanese_restaurant,asian_restaurant,市谷柳町10
つず久,1,japanese_restaurant,asian_restaurant|restaurant,市谷柳町8
ボンボヤージュ,1,pub,bar|restaurant,南山伏町2-14
遠州家,1,japanese_restaurant,restaurant|bar,1 Chome-1-9 Toyama
新宿栄光堂,1,japanese_restaurant,restaurant,若松町３０－７
方来亭,1,japanese_restaurant,restaurant|asian_restaurant,32-4 Wakamatsucho
Takamasa,1,restaurant,,納戸町32-3
高七,1,japanese_restaurant,restaurant,若松町36-27
和 すすむ,1,japanese_restaurant,eat_and_drink|sushi_restaurant,東京都新宿区喜久井町１９−４３
Where  is a dog?,1,gluten_free_restaurant,,喜久井町52
違う家,1,japanese_restaurant,,喜久井町67
㐂の下,1,japanese_restaurant,restaurant|asian_restaurant,"Babashitacho, 4 上山ビル 2F"
希家,1,japanese_restaurant,,馬場下町6 田中ビル
早稲田駅前ANNEX店,1,fast_food_restaurant,,東京都新宿区早稲田南町５４
もりやさんち,1,restaurant,chinese_restaurant|japanese_restaurant,
田乃休早稲田店,1,japanese_restaurant,,喜久井町54
プリミエール,1,restaurant,cafe|coffee_shop,東京都新宿区早稲田町７７−２１
ふじや,1,japanese_restaurant,restaurant|sushi_restaurant,喜久井町25
喜之帆,1,japanese_restaurant,bar|restaurant,弁天町30 早稲田長谷川ビル
神楽坂  とよ田,1,japanese_restaurant,,榎町71-1
Faro,1,restaurant,bar|asian_restaurant,東榎町4
神楽坂 ハヌマーンズ9,1,food_and_drink,restaurant,天神町３－５
季乃香,1,japanese_restaurant,asian_restaurant|restaurant,天神町2
たんたか,1,japanese_restaurant,restaurant|asian_restaurant,天神町63丁目13-2
かくれや遊,1,japanese_restaurant,,天神町81
かめちゃん,1,japanese_restaurant,eat_and_drink,東京都新宿区天神町７７
眞久中,1,japanese_restaurant,restaurant,早稲田鶴巻町555-101
Kawanami,1,restaurant,french_restaurant|japanese_restaurant,556 Wasedatsurumakicho
小糸ちゃん,1,japanese_restaurant,restaurant|bar,早稲田鶴巻町557
アプサラ,1,restaurant,bar|beauty_salon,早稲田鶴巻町568 大元第1ビル
山吹鶴巻町店,1,japanese_restaurant,bar,東京都新宿区早稲田鶴巻町５５６
グラテシモ新宿店,1,restaurant,,山吹町335 1F
BASSO,1,japanese_restaurant,restaurant,130 Yamabukicho
Ten-Ryu,1,japanese_restaurant,restaurant|italian_restaurant,360 B1F Yamabukicho
キッチンヨッチ,1,asian_restaurant,restaurant|japanese_restaurant,山吹町345
三ん寅,1,japanese_restaurant,,山吹町362 プレステージ362
陽なたや,1,japanese_restaurant,sushi_restaurant,101 1 Chome-24-6 Sekiguchi
居待月,1,japanese_restaurant,restaurant|italian_restaurant,"Yamabukicho, 364-15 1階"
天仙,1,japanese_restaurant,restaurant|asian_restaurant,関口1丁目23-6
和泉屋吉之助 東京早稲田販売所,1,japanese_restaurant,,早稲田鶴巻町574-22
マキ精肉店,1,restaurant,butcher_shop,
Guren,1,japanese_restaurant,asian_restaurant|restaurant,517-2 Wasedatsurumakicho
磨ゐ土,1,restaurant,barbecue_restaurant|asian_restaurant,早稲田鶴巻町538
DOGSONE,1,restaurant,,"Totsukamachi, 1 Chome−101-8 2F"
どんぴしゃり,1,japanese_restaurant,restaurant|diner,戸塚町1丁目101-1
モンスターズキッチン,1,japanese_restaurant,,早稲田1-9-9
都電テーブル 早稲田店,1,japanese_restaurant,restaurant|diner,西早稲田1丁目8-10
志乃ぶ,1,japanese_restaurant,sushi_restaurant|asian_restaurant,西早稲田1丁目19-17
鷹ばん,1,bar,japanese_restaurant,西早稲田1丁目19-16
ぴんくふらみんご,1,japanese_restaurant,bar|restaurant,西早稲田1丁目4-17
金の鈴,1,restaurant,japanese_restaurant,西早稲田1丁目4-14
aunt,1,japanese_restaurant,cafe|coffee_shop,西早稲田3丁目15-2
Kitchen V,1,bar,restaurant|cocktail_bar,西早稲田3丁目15-1
V Plus,1,bar,,西早稲田3-15-1
紅梅,1,japanese_restaurant,restaurant|sake_bar,西早稲田2丁目4-26
麻の葉,1,japanese_restaurant,asian_restaurant|restaurant,西早稲田2丁目1-4
はなのあと,1,japanese_restaurant,restaurant|asian_restaurant,西早稲田2丁目1-4
あかね,1,bar,hookah_bar|cafe,"Nishiwaseda, 2 Chome−1−17 酒井ビル 1F"
ニュースクール,1,bar,japanese_restaurant|restaurant,西早稲田2丁目1-17
shokuuoki,1,restaurant,,南池袋１丁目２６−２ ７階
竃TOKYO,1,japanese_restaurant,sushi_restaurant,大久保2丁目2-15
明治通り新宿ステパ店,1,fast_food_restaurant,,東京都新宿区戸山３－１６－５
諏訪金属,1,bar,commercial_industrial|restaurant,西早稲田2丁目20-3
とうりゃんせ 高田馬場,1,restaurant,cafe|eat_and_drink,東京都新宿区高田馬場2-8-5 ナカジマビル2F
串衛,1,japanese_restaurant,asian_restaurant|restaurant,2 Chome-21-4 Nishiwaseda
株式会社 新庄屋,1,japanese_restaurant,eat_and_drink|restaurant,高田馬場2-9-7-1104
WASEDAや,1,japanese_restaurant,,西早稲田3-19-1
サントスティ,1,restaurant,indian_restaurant|cafe,"Nishiwaseda, 2 Chome−18−21 K3ビル1F"
我羅奢,1,japanese_restaurant,restaurant,西早稲田2丁目21-6
酒トキドキ鉄板つどい場46 高田馬場店,1,restaurant,asian_restaurant|japanese_restaurant,東京都新宿区高田馬場１丁目３−１３
ピコピコポン,1,japanese_restaurant,restaurant,東京都新宿区高田馬場１丁目３−１３
Boo Base Waseda,1,bar,japanese_restaurant|restaurant,高田馬場1丁目3-13
山小屋早稲田店,1,japanese_restaurant,restaurant,高田馬場1丁目3-13
破壊的イノベーション,1,japanese_restaurant,topic_concert_venue,高田馬場1丁目3-10
もり,1,japanese_restaurant,restaurant,高田馬場1丁目3-10
アルル,1,bar,restaurant|pub,高田馬場1丁目25-33
Salute Takadanobaba,1,japanese_restaurant,,"Takadanobaba, 2 Chome−14−2 B１F"
ばりちゃん,1,japanese_restaurant,bar,高田馬場2丁目13-6
一膳,1,japanese_restaurant,diner|sushi_restaurant,高田馬場1丁目17-18
愛川,1,japanese_restaurant,restaurant,高田馬場1丁目17-22
マショマショ,1,bar,korean_restaurant|restaurant,高田馬場2丁目8-4
もつ真路,1,japanese_restaurant,restaurant,高田馬場2丁目8-6
めりはり屋高田馬場店,1,japanese_restaurant,bar|restaurant,高田馬場2丁目6-10
隣のロッヂ,1,japanese_restaurant,restaurant|barbecue_restaurant,"Takadanobaba, 2 Chome−15−4 金田ビル2階"
田んぼのお芋,1,japanese_restaurant,bar,高田馬場2丁目14-4
ピッコロ 高田馬場店,1,japanese_restaurant,,高田馬場2-14-8
かめや高田馬場店,1,japanese_restaurant,asian_restaurant|restaurant,2 Chome-14-8 Takadanobaba
88block,1,bar,,"Takadanobaba, 2 Chome−14−7 B1F"
エフブンノイチゆらぎ,1,restaurant,japanese_restaurant,高田3丁目10-22
やだらめぇ,1,restaurant,sake_bar|bar,高田3丁目10-2
吉粋,1,bar,japanese_restaurant|sushi_restaurant,高田3丁目10-22
はる壱,1,japanese_restaurant,restaurant|diner,高田3丁目16-1
とん太,1,japanese_restaurant,restaurant,高田3丁目17-8
ケネディ学習院下新目白通り店,1,bar,,高田3丁目20-11
Anytime,1,japanese_restaurant,restaurant,高田3丁目20-12
モダミカアネックス,1,japanese_restaurant,,"Takada, 3 Chome−6−15 調ビル"
CROSSROAD,1,bar,pub,高田3丁目22-12
中川家,1,japanese_restaurant,bar,高田3丁目21-11
いせ万,1,japanese_restaurant,restaurant,高田馬場2丁目6-6
升や,1,japanese_restaurant,asian_restaurant|restaurant,西早稲田3丁目29-5
Jet Robot,1,bar,,西早稲田3-28-1
Sunny Side,1,japanese_restaurant,restaurant,"Nishiwaseda, 3 Chome−28−1 ＲＩＣＯＳビル 2F"
新宿 つかさ,1,japanese_restaurant,bar|discount_store,東京都新宿区西早稲田３丁目２８−１
次郎亭,1,japanese_restaurant,restaurant|eat_and_drink,"Nishiwaseda, 3 Chome−27−4 第一キャラット河俣 B１F"
鳥でん,1,japanese_restaurant,restaurant|diner,西早稲田3丁目27-4
アットン,1,restaurant,italian_restaurant|japanese_restaurant,東京都新宿区西早稲田１丁目２２−２
Kimitier 87,1,japanese_restaurant,bar|restaurant,1 Chome-6-10 Takada
粋酔〜すいすい〜,1,bar,japanese_restaurant|restaurant,池袋2-2-5
Ataras,1,pub,restaurant|sake_bar,池袋2-14-11ローヤルハイツ西池袋102
元喜 げんき,1,japanese_restaurant,sushi_restaurant|restaurant,東京都豊島区高田１丁目３６−１８
喜代丸,1,japanese_restaurant,eat_and_drink,2 Chome-21-6 Zoshigaya
都電テーブル 雑司が谷,1,japanese_restaurant,bar|restaurant,雑司が谷2丁目21-6
夜山太郎,1,japanese_restaurant,restaurant|diner,102 2 Chome-10-7 Zoshigaya
Leaf,1,bar,accommodation|bar_and_grill_restaurant,2 Chome-4-5 Zoshigaya
リープ,1,restaurant,french_restaurant|bar,東京都豊島区雑司が谷２丁目４−５
happy,1,japanese_restaurant,restaurant|diner,目白1丁目7-18
車,1,japanese_restaurant,,目白3丁目3-1
南雲,1,japanese_restaurant,restaurant|asian_restaurant,目白3丁目14-18
時に団欒,1,japanese_restaurant,restaurant|diner,南池袋1丁目8-24
浮浪雲,1,japanese_restaurant,restaurant,"Minamiikebukuro, 3 Chome−8−3 池袋クラウンハイツ"
Mac's Carrot,1,japanese_restaurant,restaurant,目白3丁目16-16
雪ん子,1,bar,japanese_restaurant|pub,2 Chome-24-5 Nishiikebukuro
キャビン,1,japanese_restaurant,sake_bar,西池袋2丁目31-22
山海亭,1,japanese_restaurant,restaurant|asian_restaurant,西池袋1丁目6-1
クロスダイン,1,breakfast_and_brunch_restaurant,,西池袋1-6-1
Cross Dine,1,buffet_restaurant,restaurant|diner,1 Chome-6-1 Nishiikebukuro
王子神谷 日本,1,restaurant,bar,西池袋1-11-1  ルミネ池袋8F
ミツル,1,japanese_restaurant,restaurant|sake_bar,西池袋1丁目5-4
Marukin,1,bar,restaurant|asian_restaurant,南池袋1-18-23
春木屋Harukiya,1,bar,lounge|cabin,西池袋3-30-6
HomeParty,1,bar,italian_restaurant|restaurant,西池袋3-27-3 S&KビルB1
自然食バイキング はーべすと,1,buffet_restaurant,japanese_restaurant|restaurant,西池袋1丁目11-1
Yayaya,1,bar,arts_and_entertainment,池袋2-4-3 B1F
はまぼう,1,japanese_restaurant,restaurant,東京都豊島区南池袋１丁目２８−１
No Limit Stand,1,food_and_drink,smoothie_juice_bar,東京都豊島区南池袋１丁目２１−４
山林艸木西武池袋店,1,japanese_restaurant,,南池袋1丁目28-1 西武百貨店池袋本店B1
味好屋,1,japanese_restaurant,restaurant|bar,"Minamiikebukuro, 1 Chome−19−14 加藤ビル 1F"
正しい晩ごはん 白,1,japanese_restaurant,asian_restaurant|restaurant,南池袋1丁目17-13
連家池袋店,1,bar,japanese_restaurant|restaurant,南池袋3丁目13-15
Kuramoto,1,restaurant,asian_restaurant|japanese_restaurant,南池袋3-13-7
新宿椿庵池袋店,1,japanese_restaurant,diner|restaurant,南池袋3丁目13-9
雲吉,1,japanese_restaurant,restaurant,"Minamiikebukuro, 3 Chome−13−7 ビジネスVIP2F"
はなばやし,1,restaurant,japanese_restaurant|asian_restaurant,南池袋1丁目17-2
母家,1,japanese_restaurant,restaurant|diner,南池袋1丁目12-6
天山,1,japanese_restaurant,restaurant,南池袋3丁目16-12
池袋の風,1,bar,sake_bar|bar_and_grill_restaurant,南池袋3丁目16-10
4 Hours,1,restaurant,diner,2 Chome-12-12 Minamiikebukuro
Ginger,1,restaurant,asian_restaurant|japanese_restaurant,南池袋2丁目12-12
Sour House,1,bar,sake_bar|restaurant,南池袋2丁目12-12
兼久,1,japanese_restaurant,,南池袋2-9-3
ひ暮らし,1,japanese_restaurant,restaurant|asian_restaurant,東京都豊島区南池袋２丁目８−９
グリップ,1,restaurant,asian_restaurant|italian_restaurant,西池袋1丁目1-25
鉢や,1,restaurant,japanese_restaurant|barbecue_restaurant,南池袋2丁目11-6
惣次郎,1,japanese_restaurant,restaurant,2 Chome-11-6 Minamiikebukuro
サムライズム,1,restaurant,information_technology_company,東京都豊島区南池袋２丁目３３−６
すずめや,1,japanese_restaurant,cafe|candy_store,南池袋2丁目18-5
木ノ声,1,japanese_restaurant,restaurant,南池袋2丁目18-4
祭一番TOKYO,1,bar,restaurant|japanese_restaurant,南池袋2丁目14-1
Maison c,1,restaurant,wine_bar|eat_and_drink,2 Chome-14-1 Minamiikebukuro
alice ikebukuro,1,theme_restaurant,barber,東池袋1-42-12ステーションサイドビル4F
Na Aji,1,japanese_restaurant,restaurant|asian_restaurant,南池袋2丁目24-3
Ponoya,1,japanese_restaurant,restaurant|bar,"Minamiikebukuro, 2 Chome−23−4 富沢ビル 201"
Seiryu,1,japanese_restaurant,sake_bar|restaurant,2 Chome-27-18 Minamiikebukuro
Bakuの夢,1,japanese_restaurant,,南池袋2-22-1
円居 MADOy,1,japanese_restaurant,steakhouse,南池袋2丁目26-9
Meat Paradise Ikebukuro,1,restaurant,diner,南池袋1丁目20-11
黒龍門,1,japanese_restaurant,restaurant|diner,南池袋1丁目20-1
翠風池袋東口店,1,japanese_restaurant,restaurant|diner,南池袋1丁目20-3
串ごろ 池袋店,1,japanese_restaurant,restaurant,"Minamiikebukuro, 1 Chome−23−1 富士ビル 5F-A"
炭焼道楽池袋店,1,japanese_restaurant,barbecue_restaurant|restaurant,南池袋1丁目23-11
株式会社foojoy,1,bar,retail|pub,西池袋1-37-12　ロサ会館8階
鉄板料理 嘉せ,1,restaurant,,南池袋1-22-5
ROUND STONE,1,bar,,南池袋1-23-9
池袋楽園タウンの庭空と大地の恵みとBBQ,1,restaurant,,南池袋1丁目24-5 屋上
CheeseTable 池袋店,1,restaurant,cheese_shop|cafe,南池袋1丁目26-6
Rakeru,1,japanese_restaurant,restaurant|diner,南池袋1丁目26-10
とりとんだいにんぐ,1,bar,professional_services|spas,南池袋2丁目27-5
Cheese Cheese and Meat Comte,1,restaurant,diner|cafe,南池袋2丁目27-5
赤鬼,1,japanese_restaurant,bar,南池袋2丁目27-15
カラソル,1,bar,,南池袋2丁目27-16 近藤ビル2F
岩瀬蒸店,1,japanese_restaurant,,1 Chome-13-12 Higashiikebukuro
たぬきは飲み物。,1,japanese_restaurant,,東京都豊島区東池袋１丁目２３−８
はちみつくろ〜ば〜,1,bar,,西池袋1-42-1
奧池袋,1,bar,professional_services,
池袋じげもんとん,1,restaurant,,南池袋1-28-2 池袋PARCO本館8階
ロワンディシー,1,bar,lounge|cafe,東池袋1丁目23-1
とこなつ家,1,bar,cocktail_bar|pub,東池袋1丁目23-1
おふくろさん,1,japanese_restaurant,comfort_food_restaurant|restaurant,東池袋1丁目23-1
ゆたか家,1,bar,japanese_restaurant|restaurant,東池袋1丁目23-5
バナナボンゴ,1,bar,arts_and_entertainment,東池袋1丁目23-7
ふくろ 美久仁小路,1,japanese_restaurant,bar|restaurant,1 Chome-23-12 Higashiikebukuro
香車,1,japanese_restaurant,restaurant|asian_restaurant,東京都豊島区東池袋１丁目２６−４
ミートチョップス,1,japanese_restaurant,restaurant,東池袋1丁目27-5
酒母,1,japanese_restaurant,diner|restaurant,東池袋4丁目23-6
The Kitchen,1,restaurant,european_restaurant|diner,"Higashiikebukuro, 4 Chome−25−9 タイムズステーション池袋 10階"
CHEF'S GOODIES,1,buffet_restaurant,,東池袋3-1-2
サン浜名,1,japanese_restaurant,restaurant|diner,南池袋2丁目43-16
鮮Q,1,japanese_restaurant,restaurant,南池袋2丁目31-3
ウチョウテン,1,restaurant,japanese_restaurant|burger_restaurant,Soho103 東京都豊島区南池袋2-36-10
ダルマ,1,japanese_restaurant,restaurant|bar,南池袋2丁目36-8
とみ,1,japanese_restaurant,restaurant|diner,南池袋2丁目4-3
Tsujiya,1,bar,restaurant|pub,雑司が谷3丁目19-10
キッチン風,1,japanese_restaurant,restaurant|asian_restaurant,南池袋4丁目16-3
幸や,1,japanese_restaurant,restaurant|sake_bar,2 Chome-41-19 Minamiikebukuro
かざみどり南池袋,1,restaurant,diner,2 Chome-41-20 Minamiikebukuro
あさひ本店,1,japanese_restaurant,noodles_restaurant|restaurant,東池袋4丁目5-1
ジェリコ堂,1,fast_food_restaurant,,東池袋3-1-2
一久庵,1,japanese_restaurant,asian_restaurant|restaurant,東池袋3-1
黒豚庵サンシャインアルパ店,1,bar,,東池袋3丁目1-2 サンシャインシティアルパ 3F
小舞子,1,restaurant,japanese_restaurant|noodles_restaurant,大塚6丁目34-4
天空の庭星のなる木,1,japanese_restaurant,sushi_restaurant|restaurant,
おきつ,1,bar,restaurant|sushi_restaurant,南大塚3丁目23-7
金竜本店,1,japanese_restaurant,asian_restaurant|restaurant,3 Chome-42-7 Minamiotsuka
kuokka_otsuka,1,restaurant,,南大塚2-36-1
ABC南大塚,1,japanese_restaurant,restaurant|diner,南大塚2丁目36-1
旅大塚本店,1,restaurant,bar,文京区大塚5丁目10-8
坊夜,1,bar,,大塚5丁目9-4 エリア: 護国寺
うさぎ屋,1,bar,sake_bar|restaurant,大塚4丁目51-3
こだわりや 赤門前,1,bar,restaurant|barbecue_restaurant,5-28-2 ライオンズマンション赤門前101
三味 重よし,1,japanese_restaurant,restaurant|sushi_restaurant,大塚３丁目２４−４-１Ｆ
根津 はん亭,1,japanese_restaurant,bar|restaurant,
花子 護国寺店,1,japanese_restaurant,restaurant,2 Chome-2-2 Otowa
Sempre,1,restaurant,bar,音羽1丁目17-15
ぼんたぼんた 護国寺本店,1,japanese_restaurant,restaurant|public_service_and_government,東京都文京区音羽１丁目１７−１４
有頂天,1,japanese_restaurant,sake_bar,音羽2丁目1-2
CRANEクレイン,1,restaurant,bar,東京都文京区音羽２丁目１−１
一樺,1,japanese_restaurant,asian_restaurant|restaurant,音羽2丁目11-19
ふくろうの家,1,asian_restaurant,,目白台2-15-13
MAD da ZOU,1,restaurant,japanese_restaurant,1 Chome-29-9 Zoshigaya
雑司が谷寛,1,japanese_restaurant,restaurant|diner,雑司が谷1丁目2-11
I2,1,bar,japanese_restaurant|asian_restaurant,目白台3丁目16-4
加賀廣音羽店,1,japanese_restaurant,bar|restaurant,音羽1丁目20-13
鼠坂,1,bar,,音羽1丁目13 
桜フーズ,1,restaurant,delicatessen,東京都文京区音羽１丁目２５−１０
YAWYE 西麻布,1,restaurant,,西麻布1-9-5　ARISTO西麻布Ⅱ B1F
つくる。,1,japanese_restaurant,sushi_restaurant|mountain,東京都文京区小石川４丁目３−１２
ミニョン,1,restaurant,,小石川4丁目17-22
悦,1,japanese_restaurant,sushi_restaurant|cafe,小石川4丁目21-1
おあしす東京,1,restaurant,,東京都文京区小日向４丁目５−１６
きなり屋,1,japanese_restaurant,asian_restaurant,小日向4丁目5-11
皆吉,1,restaurant,sake_bar|bar,東京都文京区小日向４丁目６−３
和来路,1,restaurant,bar|japanese_restaurant,小石川5丁目4-8
小石川 かとう,1,japanese_restaurant,asian_restaurant|restaurant,小石川5丁目5-2
ぶっち,1,bar,bar_and_grill_restaurant|restaurant,東京都文京区小石川５丁目１５−１４
紀庵,1,japanese_restaurant,restaurant,小石川5丁目35-11
茗荷谷クラブ,1,japanese_restaurant,bar|sushi_restaurant,茗荷谷
生粋花のれん,1,japanese_restaurant,restaurant,大塚3丁目5-4
食彩酒席 ビカヴォ,1,bar,restaurant|wine_bar,大塚3丁目1-12
こんぺいとう,1,japanese_restaurant,,小石川5-5-6 羽鳥ビルB1
札幌軒,1,japanese_restaurant,restaurant|diner,1 Chome-4-10 Otsuka
Panas,1,restaurant,indian_restaurant|middle_eastern_restaurant,1 Chome-1-14 Otsuka
やまもとや,1,japanese_restaurant,restaurant|diner,大塚2丁目17-11
ふくはら亭,1,restaurant,japanese_restaurant,東京都文京区大塚４丁目３４−１０
Restaurant Berry Belly,1,restaurant,diner,南大塚2丁目13-7
くう,1,japanese_restaurant,restaurant|diner,南大塚1丁目48-9
29 Roti,1,restaurant,pancake_house|diner,南大塚1丁目23-8
互縁,1,japanese_restaurant,restaurant|asian_restaurant,千石4丁目41-2
味途,1,bar,japanese_restaurant|sushi_restaurant,千石4丁目40-3
千川,1,japanese_restaurant,restaurant|asian_restaurant,4 Chome-39-20 Sengoku
All Day Home,1,japanese_restaurant,restaurant|asian_restaurant,3 Chome-35-1 Otsuka
ふくはうち,1,bar,japanese_restaurant|sushi_restaurant,東京都文京区白山４丁目３７−２３
プーサンの店,1,restaurant,european_restaurant,白山5丁目17-4
喜三郎農場,1,restaurant,japanese_restaurant|diner,千石1丁目23-11
トムズ・キッチン 千石,1,restaurant,pizza_restaurant|eat_and_drink,本駒込6丁目2-2
ローカルキッチンウッドストック,1,bar_and_grill_restaurant,,東京都文京区白山２丁目８−３
流動商店.tokyo,1,bar,restaurant|beer_garden,東京都文京区向丘２丁目３４−３
岩船,1,japanese_restaurant,restaurant|asian_restaurant,2 Chome-29 Mukogaoka
五右エ門,1,japanese_restaurant,chinese_restaurant,本駒込1丁目1-26
松下,1,japanese_restaurant,restaurant|asian_restaurant,本駒込1丁目1-30
こもり亭,1,japanese_restaurant,asian_restaurant,本駒込1丁目3-18
寅吉,1,japanese_restaurant,restaurant|sushi_restaurant,本駒込1丁目1-4
伊佐,1,japanese_restaurant,restaurant|barbecue_restaurant,本駒込1丁目2-2
くし家串猿白山店,1,japanese_restaurant,restaurant,白山5丁目31-18
松右衛門,1,japanese_restaurant,,白山5-1-9
パイプライン,1,japanese_restaurant,restaurant,白山1丁目33-8
八巻,1,japanese_restaurant,chicken_restaurant,"Mukogaoka, 1 Chome−9−18 平山ハウス"
千駄木いかるが,1,food_and_drink,,文京区千駄木
下町の吉兆初ひめ,1,restaurant,eat_and_drink|bar,東京都文京区白山１丁目１４−１４
Mosso目白台,1,fast_food_restaurant,,東京都文京区目白台1-24-9
フラットンタイムズ クノッチ,1,bar,theatre|pub,本郷 1-13-1 COAビルB1
New Okachan,1,restaurant,diner|bar,白山1丁目20-12
俺の生きる道白山,1,japanese_restaurant,,東京都文京区白山５丁目３６−１４
斎藤庵,1,japanese_restaurant,bed_and_breakfast,白山3丁目1-24
アリンコ,1,restaurant,cafe|pets,小石川3-32-1（工場・本社）
teppan_luck,1,restaurant,,
Food Truck Tsukumi,1,restaurant,fast_food_restaurant|hot_dog_restaurant,2 Chome-17-16 Koishikawa
NIKUDO,1,japanese_restaurant,steakhouse|restaurant,"Koishikawa, 2 Chome−25−10 パークホームズ １０４ パークホームズ小石川 104"
Piple,1,asian_restaurant,,小石川2-24-14
まるだい,1,japanese_restaurant,restaurant|cafe,小石川1丁目9-14
わたべ,1,japanese_restaurant,restaurant,小石川1丁目9-14
Magu,1,bar,restaurant,小石川2丁目25-1
スターフルーツ小石川店,1,restaurant,grocery_store|smoothie_juice_bar,小石川1丁目14-3
Oyster and Rotisserie Regal,1,restaurant,seafood_restaurant|chicken_restaurant,"Koishikawa, 1 Chome−15−12 1F"
TSUMURA,1,restaurant,burger_restaurant|japanese_restaurant,西片1丁目2-7
コトトワ,1,japanese_restaurant,restaurant|french_restaurant,本郷5丁目33-8
Kingsman,1,restaurant,,"Hongo, 4 Chome−28−9 K'ingsman"
稲迺家,1,japanese_restaurant,restaurant|asian_restaurant,4 Chome-17-8 Hongo
春日駅前店,1,fast_food_restaurant,,東京都文京区本郷４－２４－８ＶＯＲＴ本郷Ⅲ
つくばね,1,japanese_restaurant,bar|restaurant,本郷4丁目25-8
えんまや,1,bar,restaurant|asian_restaurant,小石川2丁目23-13
遠州屋,1,bar,restaurant|asian_restaurant,小石川1丁目9-6
美蔵,1,japanese_restaurant,restaurant,1 Chome-9-5 Koishikawa
パティオ風我,1,restaurant,bar|pub,春日1丁目15-9
バンビ 茗荷谷駅前店,1,japanese_restaurant,sushi_restaurant,小石川2丁目1-2
SDT,1,bar,,春日1丁目2-7
The City Buffet,1,buffet_restaurant,restaurant|diner,春日1丁目1-1
はぐれ雲,1,japanese_restaurant,asian_restaurant|restaurant,本郷1丁目34-5
祥ぇ門,1,japanese_restaurant,restaurant|eat_and_drink,小石川1丁目1-1
味の店後楽,1,japanese_restaurant,sushi_restaurant,本郷1丁目33-7
たかの家水道橋店,1,japanese_restaurant,sake_bar|asian_restaurant,"Hongo, 1 Chome−15−2 三澤ビル B1"
なるたか,1,japanese_restaurant,asian_restaurant|restaurant,本郷1丁目15-2
鶏味座YATAI,1,japanese_restaurant,,後楽1-3-61
能登美,1,bar,japanese_restaurant|restaurant,本郷1丁目14-5
菩提樹,1,japanese_restaurant,restaurant|diner,本郷1丁目14-3
丸八水道橋店,1,japanese_restaurant,sushi_restaurant|bar,東京都文京区本郷１丁目１４−７
するり,1,bar,japanese_restaurant|asian_restaurant,後楽1丁目3-61
箱舟-はこぶね-,1,restaurant,bar|beer_bar,後楽1-3-61 東京ドームシティ TOKYO DOME CITY HALL 入口前 
百々屋 水道橋本店,1,restaurant,bar|seafood_restaurant,東京都文京区後楽１丁目１−５
Rilassa,1,buffet_restaurant,restaurant|asian_restaurant,後楽1丁目3-61
Garden Terrace,1,restaurant,cafe,後楽1丁目3-61
東京ドームホテル リラッサ,1,restaurant,buffet_restaurant|diner,後楽1丁目3-61
とりんと 水道橋店,1,japanese_restaurant,restaurant|diner,後楽1丁目1-2
イカとタコのでん,1,asian_restaurant,,
阿字観,1,japanese_restaurant,asian_restaurant|restaurant,後楽1丁目7-12
飯田橋喝采,1,bar,restaurant|japanese_restaurant,飯田橋3丁目11-20
ニューグローリー,1,japanese_restaurant,restaurant|diner,後楽2丁目3-10
でこや,1,bar,pub,"Koraku, 2 Chome−2−1 私学ハウスビル"
リメインハート,1,restaurant,italian_restaurant|japanese_restaurant,2 Chome-1-8 Koraku
クオン,1,japanese_restaurant,bar|restaurant,下宮比町1-1
森井,1,japanese_restaurant,,東京都新宿区揚場町１−１６
あるい,1,japanese_restaurant,bar,"Koraku, 2 Chome−6−1 飯田橋ファーストタワ 1F"
リンズトウキョウ,1,restaurant,,春日2丁目1-11 ソレイユ春日
器庵,1,restaurant,japanese_restaurant,後楽2丁目20-2
矢ざ和,1,japanese_restaurant,asian_restaurant,東京都文京区後楽２丁目１９−１１
舞扇,1,japanese_restaurant,asian_restaurant,2 Chome-7-2 Koishikawa
ハイドラパッド,1,restaurant,eat_and_drink|bar,東京都文京区春日２丁目
柏や,1,japanese_restaurant,restaurant|breakfast_and_brunch_restaurant,2 Chome-4-4 Kasuga
キッチンエルビ,1,japanese_restaurant,restaurant|diner,新小川町6-38
神楽坂 椿ちん,1,japanese_restaurant,restaurant|asian_restaurant,
祭り屋,1,restaurant,diner,東五軒町6-19
ふくのもと,1,japanese_restaurant,restaurant|diner,水道2丁目4-1
いずみ,1,japanese_restaurant,restaurant,水道2丁目4-4
ななみや,1,japanese_restaurant,restaurant|cafe,水道1丁目5-10
神楽市場(かぐらいちば),1,restaurant,retail|eat_and_drink,
さいき家江戸川橋厨房,1,japanese_restaurant,,"Suido, 2 Chome−13−4 ビクセル文京 106"
やち田,1,restaurant,bar|lounge,"Suido, 2 Chome−13−2 前田ビル 501"
樽屋,1,japanese_restaurant,restaurant|asian_restaurant,1 Chome-47-12 Sekiguchi
ぎんぎん,1,japanese_restaurant,restaurant|bar,"Yamabukicho, 48−364 郷馬ビル 1-B"
いちりづか,1,japanese_restaurant,sake_bar|asian_restaurant,関口1丁目11-4
竹屋,1,japanese_restaurant,restaurant|barbecue_restaurant,関口1丁目7-5
皆の家,1,bar,barbecue_restaurant|japanese_restaurant,関口1丁目9-1
愛縁喜宴,1,japanese_restaurant,restaurant|asian_restaurant,山吹町293-1
ボニンアイランドシェフ,1,restaurant,bar|tapas_bar,関口1丁目1-4
江戸川橋加賀廣,1,restaurant,diner,水道町2-2
美乃里,1,japanese_restaurant,restaurant|asian_restaurant,関口1丁目15-6
Kuukan,1,japanese_restaurant,sake_bar|restaurant,"Suidocho, 1−23 石川ビル"
Fica Room 403,1,restaurant,bar|pub,1-18 Suidocho
Caboulot Enm,1,restaurant,,赤城元町4-9
神楽坂赤城下といち,1,bar,restaurant|pub,赤城下町11丁目1-102
とり卓忠,1,restaurant,,山吹町6-3
たまふうみ楽喜居,1,bar,restaurant|asian_restaurant,天神町22
松兵衛,1,bar,restaurant|japanese_restaurant,矢来町148-3
CROSS OVER,1,bar,,矢来町109
神楽坂 irodorizaka,1,bar,cafe,東京都新宿区矢来町108
神楽坂 あい源,1,bar,sake_bar|beer_garden,矢来町110-2
Hasabon,1,japanese_restaurant,french_restaurant|restaurant,"Yokoteramachi, 30 神楽坂茶ノ木テラス 101"
小路苑,1,japanese_restaurant,restaurant,赤城元町3-4
atelo,1,restaurant,wine_bar,神楽坂6-39 エキューラ神楽坂　2C
竹ちゃん,1,japanese_restaurant,bar|restaurant,神楽坂6丁目38
ばかんす,1,bar,sake_bar,神楽坂6丁目38
清久仁,1,japanese_restaurant,restaurant|asian_restaurant,矢来町112
緑,1,japanese_restaurant,restaurant|asian_restaurant,"Kagurazaka, 6 Chome−24 コーリンビル"
餐事(sanzi)〜クラフトとスパイス〜,1,restaurant,,神楽坂6-26 神楽坂YMビル101
神楽坂今彩,1,japanese_restaurant,restaurant|diner,神楽坂6-26
アルヨイーノ,1,restaurant,,神楽坂6-28MTビルⅡ 1F-1
のいえ,1,japanese_restaurant,,神楽坂6丁目23
カド,1,japanese_restaurant,restaurant|bar,赤城元町1-32
神楽坂光石,1,japanese_restaurant,,神楽坂6-22
よしや 神楽坂店,1,japanese_restaurant,,神楽坂6丁目11-1
神楽坂とよ田,1,japanese_restaurant,restaurant|asian_restaurant,神楽坂6丁目56
プランクール神楽坂,1,restaurant,asian_restaurant,東京都新宿区神楽坂６丁目６６
Naorai,1,restaurant,bar|gastropub,"Kagurazaka, 6 Chome−66 宝生堂ビル 4階"
Le Pave,1,restaurant,steakhouse|american_restaurant,"Kagurazaka, 6 Chome−8 浦沢ビル １階"
神楽坂二三,1,japanese_restaurant,asian_restaurant|restaurant,神楽坂6丁目8-23
神楽坂うしやま,1,japanese_restaurant,,神楽坂6丁目8-23 2F
藤九郎屋,1,restaurant,japanese_restaurant|bar,神楽坂6-8
かね田宝庵,1,japanese_restaurant,restaurant|bar,神楽坂6-8
神楽坂 和らく,1,restaurant,,白銀町2-3
木瓜の花,1,japanese_restaurant,restaurant|sushi_restaurant,"Kagurazaka, 4 Chome−8 Kagurazaka Plaza Building, B1F"
八仙,1,bar,,神楽坂4丁目8
ゆうゆう,1,japanese_restaurant,asian_restaurant|restaurant,津久戸町3-5
Nico Chelsea,1,japanese_restaurant,restaurant,3-6 Tsukudocho
春波,1,japanese_restaurant,,津久戸町4-3
椿々,1,japanese_restaurant,restaurant,筑土八幡町5-12
神楽坂 富貴貫,1,japanese_restaurant,restaurant,1-14 Nishigokencho
紀茂登,1,japanese_restaurant,restaurant|sushi_restaurant,東京都新宿区東五軒町５−５
かさ原,1,restaurant,,東京都新宿区東五軒町５−５
つかのま,1,japanese_restaurant,,5-5 Higashigokencho
33kitchen,1,restaurant,,新小川町8-3
良酔,1,bar,restaurant|japanese_restaurant,新小川町8-4
稲浪,1,japanese_restaurant,noodles_restaurant,新小川町5-8
神楽坂和楽,1,japanese_restaurant,restaurant|asian_restaurant,筑土八幡町1-3
葱屋みらくる,1,japanese_restaurant,,津久戸町 3-15
Lantern,1,bar,burger_restaurant|barbecue_restaurant,津久戸町1-14
Jack神楽坂,1,bar,pub|fast_food_restaurant,東京都新宿区津久戸町3-20 イサミビル3F
葉歩花庭,1,japanese_restaurant,asian_restaurant|restaurant,津久戸町3-3
Base Man 飯田橋本店,1,bar,central_government_office,揚場町2-17 
いいだばし 萬年堂,1,japanese_restaurant,asian_restaurant|restaurant,揚場町2-19
les aromes,1,japanese_restaurant,barbecue_restaurant|steakhouse,"Kagurazaka, 3 Chome−1-17 ハイポイントビル 1F"
文楽,1,japanese_restaurant,restaurant|diner,神楽坂3-1
MANZOQKU,1,japanese_restaurant,restaurant,"Kagurazaka, 3 Chome−１−23 Ami神楽坂 1F"
Syuko Kazu,1,japanese_restaurant,,"Kagurazaka, 3 Chome−1 キクシマビル 1F"
花かぐら,1,japanese_restaurant,restaurant,神楽坂3丁目1
Chill Kagurazaka,1,pub,bar|japanese_restaurant,4 Chome-4-3 Kagurazaka
越野,1,japanese_restaurant,restaurant|seafood_restaurant,神楽坂3丁目1
竹泉,1,japanese_restaurant,,神楽坂3丁目2-32 トレビスビル 1F
神楽坂味扇,1,japanese_restaurant,restaurant,神楽坂3-2
千,1,japanese_restaurant,restaurant|asian_restaurant,神楽坂3丁目1-43
いろり,1,japanese_restaurant,,神楽坂3-2-7
ブロンクス,1,bar,restaurant|coffee_shop,神楽坂3-2
馳走紺屋,1,restaurant,japanese_restaurant,東京都新宿区神楽坂３丁目１
喰家神楽坂店,1,bar,japanese_restaurant|sushi_restaurant,神楽坂2-12
あまくさ,1,japanese_restaurant,asian_restaurant|restaurant,"Kagurazaka, 3 Chome−２−4"
ロゼッタ,1,japanese_restaurant,restaurant|diner,神楽坂3丁目2-4
ロッキーカナイ 神楽坂,1,japanese_restaurant,,神楽坂3丁目2
ご馳走や 叶え,1,japanese_restaurant,restaurant|asian_restaurant,神楽坂3丁目6-19
えちご 神楽坂店,1,japanese_restaurant,restaurant|diner,神楽坂3丁目6-19
Organica神楽坂,1,japanese_restaurant,restaurant,東京都新宿区神楽坂３丁目６
珀也,1,japanese_restaurant,,神楽坂3-6-22
司神楽坂飯田橋店,1,bar,restaurant|japanese_restaurant,神楽坂3-5
虎白,1,japanese_restaurant,restaurant|asian_restaurant,神楽坂3-4
Kagurazaka Maeda L'escalier,1,japanese_restaurant,restaurant|bar,神楽坂3-6
神楽坂小紋,1,restaurant,bar|whiskey_bar,東京都新宿区神楽坂３丁目６−３４
和牛小皿 しんうち,1,japanese_restaurant,restaurant,神楽坂2-20
緑楽 (Enraku),1,japanese_restaurant,,神楽坂2-21-5
神楽坂伯楽,1,restaurant,japanese_restaurant|bar,神楽坂6-8
政神楽坂,1,japanese_restaurant,restaurant,神楽坂2-21
○政,1,japanese_restaurant,,神楽坂2-21
一宇,1,japanese_restaurant,,神楽坂2-22
Marumasa,1,japanese_restaurant,restaurant,"Kagurazaka, 2 Chome−21 サンアセント木村ビル B1F・101"
トレド,1,japanese_restaurant,restaurant|diner,神楽坂2丁目6
駒安,1,japanese_restaurant,restaurant|diner,神楽坂1丁目11
お腹袋,1,japanese_restaurant,restaurant|asian_restaurant,神楽坂1丁目11-2
神楽坂吉,1,bar,japanese_restaurant|cafe,神楽坂1-10
もー吉,1,japanese_restaurant,bar|restaurant,神楽坂2丁目10
Jfree,1,restaurant,diner,"Kagurazaka, 2 Chome−11−7 AY2ビル2 階S"
えぞ松,1,japanese_restaurant,restaurant|asian_restaurant,神楽坂1-14
黒兵衛,1,japanese_restaurant,restaurant,神楽坂2-10
神楽坂大六天,1,japanese_restaurant,asian_restaurant|eat_and_drink,神楽坂1-14
神楽小路月夜野,1,bar,,神楽坂1-14
いっちょう,1,bar,japanese_restaurant|sake_bar,神楽坂1丁目14-7
來経,1,restaurant,sushi_restaurant|japanese_restaurant,東京都新宿区若宮町１４−７
神楽坂睦,1,japanese_restaurant,restaurant|asian_restaurant,袋町17
神楽坂地蔵屋 本店,1,japanese_restaurant,,袋町11-5
Tsumugi,1,restaurant,chinese_restaurant,"Fukuromachi, 3−4 クレール神楽坂 14 2階"
神楽坂 まる富,1,japanese_restaurant,,袋町3-4
奏庵,1,japanese_restaurant,,袋町3-102
神楽坂chouchou,1,theme_restaurant,,若宮町11-5
Lien,1,restaurant,bar|fast_food_restaurant,若宮町11-2 近藤ビル 地下1階
124 銀座,1,japanese_restaurant,,"Wakamiyacho, 12-4 フィルパーク神楽坂若宮 3階"
トキオカ,1,japanese_restaurant,sushi_restaurant,若宮町16-3
和桜神楽坂,1,japanese_restaurant,restaurant,若宮町16-10
KOMB,1,japanese_restaurant,restaurant|diner,"Wakamiyacho, 5番地"
萩,1,japanese_restaurant,restaurant|eat_and_drink,若宮町16-3
BURAI,1,japanese_restaurant,bar,神楽坂3丁目6-53
けいむきっちん,1,japanese_restaurant,restaurant|diner,"Kagurazaka, 3 Chome−6−84 デュー神楽坂 1F"
神楽堂,1,bar,health_food_store|eat_and_drink,"デュー神楽坂, 2階, 3 Chome-6-84 Kagurazaka"
神楽坂坊主,1,japanese_restaurant,,神楽坂3-6
恵さき,1,japanese_restaurant,restaurant|asian_restaurant,東京都新宿区神楽坂３丁目６−３４
もりのいえ,1,bar,restaurant,神楽坂3丁目6
食彩一番神楽坂,1,japanese_restaurant,bar|diner,神楽坂3丁目6-3
kemuri 神楽坂,1,japanese_restaurant,,若宮町10
小勝,1,japanese_restaurant,asian_restaurant|restaurant,神楽坂5丁目37
神蔵 KAGURA,1,japanese_restaurant,,"Kagurazaka, 5 Chome−35 安達ビル １F"
宮した,1,japanese_restaurant,,神楽坂4丁目2-1
六角堂,1,bar,restaurant|coffee_shop,神楽坂3丁目2-6
神楽坂 美うら,1,restaurant,japanese_restaurant|bar,3 Chome-2-6 Kagurazaka
La Sirene,1,bar,restaurant,"Kagurazaka, 3 Chome−2 KI大宗ビル 大宗ビル ２階"
せつ,1,japanese_restaurant,,神楽坂3丁目2 野村ビル2F  エリア: 神楽坂
つみき,1,japanese_restaurant,bar|restaurant,神楽坂4丁目3
アガリス,1,restaurant,sake_bar|diner,神楽坂4-3
山さき,1,japanese_restaurant,restaurant|asian_restaurant,神楽坂4-2
世喜,1,japanese_restaurant,restaurant|asian_restaurant,神楽坂4-2
yoshida no ie,1,theme_restaurant,restaurant|sake_bar,"Kagurazaka, 4 Chome 2−番地"
ふしきの,1,japanese_restaurant,restaurant|sake_bar,神楽坂4丁目3-11
三菊,1,japanese_restaurant,asian_restaurant|restaurant,神楽坂4丁目3
桐千,1,japanese_restaurant,restaurant|bar,"Kagurazaka, 3 Chome−２ 田辺ビル"
神楽坂古よみ,1,japanese_restaurant,bar,神楽坂4-4
Hishio,1,japanese_restaurant,restaurant|bar,"Kagurazaka, 4 Chome−4 河庄ビル B1F"
つぼみのかおり,1,japanese_restaurant,indian_restaurant|asian_restaurant,4 Chome-5 Kagurazaka
シルコ,1,restaurant,,神楽坂4丁目5-4
神楽坂SHUN分家,1,japanese_restaurant,,神楽坂4-2-5
Engine,1,asian_fusion_restaurant,chinese_restaurant|asian_restaurant,5 Chome-43-2 Kagurazaka
Shigetei,1,japanese_restaurant,restaurant,"Kagurazaka, 4 Chome−２−27"
神楽坂カントリークラブ,1,bar,restaurant,神楽坂5-1
コア,1,bar,restaurant|karaoke,神楽坂5丁目1-1
蒼穹,1,japanese_restaurant,asian_restaurant|restaurant,東京都新宿区神楽坂５丁目７
神楽坂山せみ,1,japanese_restaurant,restaurant,神楽坂5-31
渡津海,1,japanese_restaurant,restaurant|asian_restaurant,神楽坂5-30
ウルトラチョップ神楽坂店,1,restaurant,diner|japanese_restaurant,神楽坂5-30
うぶ右舞,1,japanese_restaurant,restaurant|diner,"Fukuromachi, 1 栗原ビルディング 202"
坂の花,1,bar,japanese_restaurant|restaurant,袋町3 神楽坂センタービル B1-A
ひろか 二葉,1,japanese_restaurant,,袋町2 鈴木ビル
yosiusi.kagurazakadori,1,restaurant,,東京都新宿区神楽坂5‐32 八潮ビル 1F
神楽坂久露葉亭,1,japanese_restaurant,restaurant,神楽坂5-30
ビコック,1,bar,restaurant|diner,岩戸町19-9
Garage神楽坂,1,restaurant,art_gallery|bar,神楽坂1-10 三経第22ビル 4F
十六公厘,1,bar,chinese_restaurant|restaurant,横寺町37
山塞,1,japanese_restaurant,bar|asian_restaurant,矢来町82
Honey PBees,1,food_and_drink,health_food_restaurant|grocery_store,"Tansumachi, １８−3-119"
Maya takadanobaba,1,restaurant,fast_food_restaurant,Tokyo 
谷むら,1,japanese_restaurant,sushi_restaurant,神楽坂3-2 林ビル2階
はなびし茶屋,1,japanese_restaurant,restaurant|asian_restaurant,北町23 ロワール神楽坂
相馬二代目,1,bar,pub|restaurant,細工町3-18
みずたん,1,japanese_restaurant,restaurant|diner,31-1 Tansumachi
Botanical Beach,1,fast_food_restaurant,cafe|restaurant,南山伏町1-18
らんちはうす,1,restaurant,diner,新宿区南山伏町1丁目18-107
Secreto,1,restaurant,european_restaurant|molecular_gastronomy_restaurant,"Nijikkimachi, 2−23 ランピオン･イゴー 102"
豚三昧,1,japanese_restaurant,asian_restaurant|restaurant,細工町1-15
ヌメロサンク ノースブランチ,1,restaurant,wine_bar|breakfast_and_brunch_restaurant,新宿区細工町1-1-1階
高林,1,japanese_restaurant,restaurant|bar,細工町1-2
からかうあ,1,japanese_restaurant,restaurant|bar,16-5 Nandomachi
Kuriya,1,japanese_restaurant,asian_restaurant|restaurant,"Nandomachi, １６−9"
芳とも庵,1,japanese_restaurant,restaurant,納戸町10
Komachi Tokyo ichigaya,1,bar,,"Ichigayasadoharacho, 3 Chome−４−2 市ヶ谷グリーンプラザ １０１"
森ふじ,1,japanese_restaurant,cafe,"ザ・フィガロ市ヶ谷, 1F, 32-3 Nandomachi"
みひろ,1,japanese_restaurant,,"Ichigayatamachi, 2 Chome−7 伊藤ビル B1"
丸玄 市ヶ谷店,1,restaurant,diner,2 Chome-7 Ichigayatamachi
Forest Garden,1,cafeteria,,富士見2-17-1
外苑休憩所,1,restaurant,japanese_restaurant|food_stand,九段北3丁目1-1
INUA,1,japanese_restaurant,asian_restaurant|restaurant,富士見2丁目13-12
越後屋亀丸,1,japanese_restaurant,asian_restaurant|restaurant,富士見2丁目10-2
青葉飯田橋店,1,japanese_restaurant,thai_restaurant,富士見2丁目12-16
Tokyo Sunflower Iidabashi,1,japanese_restaurant,noodles_restaurant|comfort_food_restaurant,2 Chome-2-7 Fujimi
Canner,1,bar,,富士見2-3-8
飯田橋 ブロシェット,1,japanese_restaurant,hotel,
六献,1,japanese_restaurant,restaurant|asian_restaurant,富士見2丁目2-12
さくら本店,1,japanese_restaurant,restaurant|diner,富士見1丁目7-10
びぜん亭,1,japanese_restaurant,restaurant,富士見1丁目7-10
飯田橋一代目ほしの,1,bar,japanese_restaurant|asian_restaurant,富士見2丁目1-8
旬味福でん,1,japanese_restaurant,restaurant|asian_restaurant,富士見2丁目4-6
Meet Meats 5,1,restaurant,bar_and_grill_restaurant|bar,富士見2丁目3-1
和びすとろ SAKU,1,japanese_restaurant,restaurant|diner,富士見2丁目3-1
房洲っ子,1,japanese_restaurant,asian_restaurant|restaurant,富士見2丁目3-3
鳥羽,1,restaurant,bar|chicken_restaurant,富士見2丁目3-7
くいしんぼ飯田橋店,1,japanese_restaurant,restaurant|diner,富士見2丁目3-10
金升,1,japanese_restaurant,,富士見2丁目7-1
一心金子,1,japanese_restaurant,restaurant,富士見2丁目7-2
宗村,1,japanese_restaurant,restaurant|asian_restaurant,富士見2丁目7-2
Kichi,1,restaurant,asian_restaurant|japanese_restaurant,神楽坂1丁目10
Beef Bond,1,restaurant,barbecue_restaurant|steakhouse,4 Chome-9-8 Iidabashi
茶き茶き 飯田橋店,1,japanese_restaurant,barbecue_restaurant|tea_room,4 Chome-9-8 Iidabashi
いいだばし畑,1,japanese_restaurant,buffet_restaurant|vegetarian_restaurant,飯田橋4丁目9-8
威風 飯田橋店,1,restaurant,,"飯田橋4丁目9-9, 河田ビル"
三味亭,1,bar,asian_restaurant|eat_and_drink,飯田橋3丁目7-4
レストログ すぎの子,1,japanese_restaurant,,飯田橋4-7-11
たこDEN,1,bar,,飯田橋4-7-11
カリビト,1,bar,restaurant|pub,飯田橋3丁目2-6 フィルパーク飯田橋 1F
コート・ダジュール,1,bar,karaoke,飯田橋4丁目8-2
湊屋飯田橋店,1,japanese_restaurant,asian_restaurant,飯田橋4丁目8-6
太田福,1,japanese_restaurant,restaurant|asian_restaurant,富士見2丁目6-10-D
和庵,1,japanese_restaurant,restaurant,富士見2丁目4-13
わたしのトンノ,1,japanese_restaurant,restaurant|diner,飯田橋4丁目5-6
小樽運河,1,japanese_restaurant,restaurant|bar,東京都千代田区飯田橋４丁目５−１４
ごまいち 飯田橋店,1,japanese_restaurant,,飯田橋3-4-6
飯田橋 新太郎,1,restaurant,,飯田橋4-5−12 SK飯田橋ビル 1階
雅楽,1,japanese_restaurant,asian_restaurant|restaurant,飯田橋3丁目7-3
トウキョウサンフラワーイイダバシ,1,japanese_restaurant,,東京都千代田区富士見２丁目２−７
飯田橋 あらた,1,japanese_restaurant,restaurant|diner,飯田橋3丁目2-6
Hifumi,1,japanese_restaurant,restaurant|bar,"Iidabashi, 2 Chome−7−4 オオムラビル"
勝つの力,1,japanese_restaurant,asian_restaurant|restaurant,東京都千代田区飯田橋１丁目７−４
Red Comb 飯田橋,1,restaurant,bar_and_grill_restaurant|chicken_restaurant,東京都千代田区飯田橋１丁目９−６
はま家,1,japanese_restaurant,sushi_restaurant,東京都
卯のや,1,japanese_restaurant,restaurant,飯田橋4丁目1-2
豊しま 飯田橋店,1,japanese_restaurant,restaurant|diner,下宮比町1
イコブ富士見店,1,japanese_restaurant,sushi_restaurant,飯田橋4丁目4-16
美斗家,1,japanese_restaurant,noodles_restaurant|restaurant,4 Chome-2-4 Iidabashi
株式会社すぱいし家,1,restaurant,,東京都千代田区飯田橋４丁目２−５
ロウェル,1,bar,restaurant,揚場町1-13
RAKURAKU,1,pub,bar|restaurant,飯田橋1丁目6-8
かわな,1,japanese_restaurant,restaurant|asian_restaurant,"Iidabashi, 1 Chome−5−5 I.W.Oビル１F"
cyan,1,restaurant,,飯田橋1-12-16福岡ビル3階
グランM,1,restaurant,bar|theatre,飯田橋2-3-7　ラポストビル2F
二階堂,1,japanese_restaurant,restaurant,飯田橋2丁目3-7
世界の田中,1,japanese_restaurant,,
CAVA亭,1,restaurant,coffee_shop|lounge,三崎町3丁目2-17
雷陣,1,japanese_restaurant,bar,三崎町3丁目2-10
Kanpai Terrace,1,bar,restaurant,"Misakicho, 2 Chome−22−17 sequence SUIDOBASHI 1F"
水道橋虎ジ,1,japanese_restaurant,restaurant,三崎町2丁目19-8
浦島たろう,1,japanese_restaurant,bar|restaurant,神田三崎町3丁目7-12
食いしん坊水道橋本店,1,japanese_restaurant,bar,神田三崎町3丁目7-13
れんや 水道橋店,1,japanese_restaurant,restaurant,神田三崎町2丁目19-4
銀月 水道橋店,1,japanese_restaurant,restaurant|bar,"4F, 19"
プレヤデス,1,bar,cafe|restaurant,三崎町3丁目4-2
Tomarigi,1,bar,cafe,"Misakicho, 3 Chome−4−2 Ｊ・ＳＱＵＡＲＥ水道橋 B1F"
和さび,1,japanese_restaurant,restaurant|bar,三崎町2丁目14-6
ラミちゃんの台所,1,japanese_restaurant,restaurant,2 Chome-12-5 Misakicho
杉乃屋,1,japanese_restaurant,asian_restaurant|restaurant,三崎町2丁目11-3
伊賀屋,1,japanese_restaurant,bar|diner,三崎町2丁目12-8
やす田,1,bar,,三崎町2丁目12-9 モリリンビル1F
天久,1,japanese_restaurant,restaurant,三崎町2丁目11-13
ひょうたん茶屋,1,japanese_restaurant,restaurant|cafe,三崎町2丁目16-7
仕事鶏,1,bar,chinese_restaurant|chicken_restaurant,三崎町2丁目17-4
Hatonomori 水道橋,1,restaurant,bar_and_grill_restaurant,神田三崎町2丁目16-10
ひらさわ,1,japanese_restaurant,asian_restaurant,三崎町2丁目16-10
shigotouma,1,japanese_restaurant,restaurant|bar_and_grill_restaurant,三崎町2丁目17-5
水道橋 スタンドヒーロー,1,japanese_restaurant,bar|food_stand,三崎町2丁目21-9
イコブ三崎町店,1,japanese_restaurant,restaurant|sushi_restaurant,三崎町2丁目21-9
Meriken House,1,japanese_restaurant,barbecue_restaurant|restaurant,三崎町2丁目21-10
Re時屋,1,japanese_restaurant,restaurant,千代田区三崎町2-21-9　田島ビル１F
へそまがり,1,japanese_restaurant,bar|sushi_restaurant,2 Chome-10-5 Misakicho
ぽっぽっ屋水道橋店,1,japanese_restaurant,restaurant,三崎町2丁目21-11
Tomy Grill,1,bar_and_grill_restaurant,restaurant|asian_restaurant,"神田9, 三崎町２丁目９−１１"
おっこん,1,japanese_restaurant,asian_restaurant|restaurant,後楽1丁目1-15
水道橋外堀通り店,1,fast_food_restaurant,,東京都文京区後楽１－１－１７ＴＫ－ＥＡＳＴビル
アイコウシャ,1,restaurant,american_restaurant|burger_restaurant,東京都千代田区三崎町1-4-8愛光舎ビル1f
陽食,1,japanese_restaurant,,東京都千代田区神田三崎町2-2-13 三崎信愛ビル102
Gokita,1,japanese_restaurant,restaurant|french_restaurant,"Nishikanda, 2 Chome−4−9 第二錦水ビル 1階"
神保町style 3号店,1,restaurant,steakhouse|bar_and_grill_restaurant,西神田2丁目4-9
Soup Deli,1,restaurant,soup_restaurant|delicatessen,神田神保町2-34
隠れ家鉄板 おぶ,1,japanese_restaurant,restaurant|diner,神田神保町2丁目6-3
くろぶたきよし,1,japanese_restaurant,,神田神保町1-37-3
たいよう軒,1,japanese_restaurant,asian_restaurant|restaurant,神田神保町3-12
神保家,1,japanese_restaurant,restaurant|diner,神田神保町3丁目2-5
味さと,1,japanese_restaurant,bar|restaurant,九段北1丁目11-12
弍屋,1,japanese_restaurant,sushi_restaurant,
颯,1,japanese_restaurant,asian_restaurant|restaurant,九段北1丁目8-2
八咫烏,1,japanese_restaurant,restaurant,九段北1丁目9-2
ごち屋,1,japanese_restaurant,asian_restaurant|restaurant,九段北1丁目9-14
看板の無い店 since 2007,1,japanese_restaurant,,九段北1丁目9-5 朝日九段マンション
手だれ屋敷,1,japanese_restaurant,restaurant|asian_restaurant,九段北1丁目9-5
串八珍靖国店,1,japanese_restaurant,asian_restaurant|restaurant,九段北1丁目3-2
wata軒,1,bar,restaurant,"Kudankita, 1 Chome−3−12 嘉仲ビル 1F"
ベルサイユの豚九段下,1,bar_and_grill_restaurant,restaurant|diner,九段北1丁目2-7
健美食弐屋,1,japanese_restaurant,restaurant|asian_restaurant,九段北1丁目5-5
わびすけ九段下,1,japanese_restaurant,asian_restaurant,東京都千代田区九段北１丁目５−５
おまえにチェックイン,1,bar,arts_and_entertainment|pub,1 Chome-5-5 Kudankita
ちゃらりちゃらり 九段下店,1,japanese_restaurant,restaurant|diner,九段北1丁目2-11
金沢乃家 九段下店,1,japanese_restaurant,restaurant|diner,九段北1丁目2-3
寿白,1,japanese_restaurant,restaurant|asian_restaurant,東京都千代田区九段南１丁目４−１
番外地北口店,1,japanese_restaurant,sushi_restaurant,八重洲2-1
郷酒,1,japanese_restaurant,bar|restaurant,神田神保町3-5
Chicken Crew,1,japanese_restaurant,restaurant|asian_restaurant,神田神保町3丁目1-16
A1神保町,1,bar,restaurant|printing_services,神田神保町2-7山本ビルB1
"D-light, Tokyo",1,bar,lounge|beer_garden,東京都
今荘,1,japanese_restaurant,restaurant,神田神保町3丁目15-1
ティグレ,1,restaurant,bar|karaoke,東京都豊島区西池袋３丁目２２−１０
Noche,1,bar,restaurant|pub,西池袋3丁目22-10
IROHA,1,japanese_restaurant,,池袋2-43-2
LeaD,1,pub,bar|cocktail_bar,西池袋3丁目22-8
トゥーズ,1,bar,pub,西池袋3丁目22-8
The Vegetarian Butcher 池袋西口,1,restaurant,cafe,"Nishiikebukuro, 3 Chome−29−9 Ｃ３ビル B1F"
ありなーず,1,bar,restaurant|japanese_restaurant,西池袋3丁目29-4
Yamituki,1,restaurant,thai_restaurant|asian_restaurant,5 Chome-1-7 Nishiikebukuro
Sun Bee,1,bar,cafe|asian_restaurant,3 Chome-29-3 Nishiikebukuro
Free Flow Ranch,1,japanese_restaurant,bar_and_grill_restaurant|barbecue_restaurant,"Nishiikebukuro, 3 Chome−29−3 梅本ビル"
地下1F,1,bar,restaurant,西池袋3丁目29-2
みつ石,1,japanese_restaurant,chinese_restaurant|restaurant,西池袋3丁目29-3
葉つ庵,1,bar_and_grill_restaurant,liquor_store|restaurant,西池袋3-29-4 ジェスト7ビル地下一階
300B One,1,japanese_restaurant,bar_and_grill_restaurant|restaurant,"Nishiikebukuro, 3 Chome−30−11 泰共 ビル １Ｆ"
MJ,1,bar,restaurant|beer_garden,西池袋3丁目29-3
牛の家,1,japanese_restaurant,restaurant|diner,池袋2丁目14-3
Rapport,1,restaurant,french_restaurant|bar,西池袋5丁目1-10
丸ノうち,1,japanese_restaurant,bar|gastropub,西池袋3丁目29-11
Rudolph,1,bar,,"Nishiikebukuro, 3 Chome−29−11 泉ビル 2階B"
八五郎池袋西口店,1,japanese_restaurant,barbecue_restaurant|restaurant,池袋2丁目14-1
どんどこ 西池袋店,1,japanese_restaurant,restaurant|diner,西池袋3丁目23-6
雅屋池袋店,1,japanese_restaurant,restaurant,西池袋3丁目22-10
四季彩 キンペイ,1,japanese_restaurant,,西池袋3-23-1
ええがな,1,japanese_restaurant,restaurant|diner,西池袋3丁目23-1
Maruyoshi 池袋店,1,japanese_restaurant,restaurant,西池袋3丁目23-1
石焼石庵池袋西口店,1,japanese_restaurant,restaurant|asian_restaurant,3 Chome-27-6 Nishiikebukuro
むく 池袋店,1,japanese_restaurant,,西池袋3-25-8
The Crane,1,bar,,池袋2-3-5
味楽来,1,asian_restaurant,restaurant|diner,池袋2丁目3-5
ジェイドガーデン,1,restaurant,cafe|coffee_shop,池袋2丁目3-1
かずとら,1,bar,,西池袋3-29-14
隠葉,1,bar,restaurant|pub,池袋2丁目13-6
Ventura,1,bar_and_grill_restaurant,bar,2 Chome-36-5 Ikebukuro
まんまる池袋店,1,japanese_restaurant,restaurant,池袋2丁目13-8
シエール,1,bar,dive_bar|pub,池袋2丁目12-13
雑草庵,1,japanese_restaurant,seafood_restaurant|asian_restaurant,池袋2丁目12-13
Night Blood,1,bar,karaoke,"Ikebukuro, 2 Chome−12−13 十二ビル ５階"
Grand Line,1,bar,restaurant,池袋2丁目4-1
マリンスノー,1,bar,bar_and_grill_restaurant|cafe,2 Chome-4-1 Ikebukuro
北の国から,1,japanese_restaurant,sushi_restaurant|asian_restaurant,池袋2丁目4-3
鮮屋,1,restaurant,bar,東京都豊島区池袋２丁目３５−３
ハハ ha‐ha,1,bar,pub|education,池袋２ー１２－５
キッチン みのるや,1,japanese_restaurant,restaurant|bar,池袋2丁目32-6
おいっす,1,japanese_restaurant,restaurant,4 Chome-16-11 Ikebukuro
TSUKI,1,bar,,池袋3丁目54-2
灼楽,1,japanese_restaurant,,池袋2-57-10
しげ松,1,bar,restaurant,東京都豊島区池袋２丁目７０−５
Naru-ya,1,japanese_restaurant,restaurant|diner,4 Chome-21-13 Ikebukuro
大桃豆腐,1,restaurant,diner,3 Chome-61-10 Ikebukuro
池袋寅箱,1,japanese_restaurant,restaurant|bar,池袋2丁目69-3
楽々屋 2号店,1,asian_restaurant,chinese_restaurant|restaurant,
GreenGarden,1,bar,japanese_restaurant|restaurant,西池袋1丁目37-15
千登利,1,bar,restaurant|japanese_restaurant,西池袋1丁目37-15
ミスター・ロサ,1,restaurant,chicken_restaurant,西池袋1丁目37-12
一鳴,1,japanese_restaurant,,"Nishiikebukuro, 1 Chome−37−12 1F"
和楽屋,1,japanese_restaurant,restaurant|diner,"Nishiikebukuro, 1 Chome−38−3 D:Vort Ikebukuro, 6F"
さど,1,japanese_restaurant,restaurant|asian_restaurant,西池袋1丁目37-12
不乱人ノ下,1,bar,lounge|restaurant,池袋2-2-4手塚ビルB1F
あんぷく,1,japanese_restaurant,restaurant,西池袋1丁目37-8
Sanga Ikebukuro,1,japanese_restaurant,restaurant|diner,"Ikebukuro, 2 Chome−40−14 B1F"
BLACK LIST-TOKYO-,1,bar,,西池袋1-37-8
池袋落合亭,1,bar,,"Ikebukuro, 2 Chome−8−2 TYⅡビル 1階"
酔,1,bar,,池袋2丁目58-1 サンモトヤマビル1F
しまぐに 池袋店,1,japanese_restaurant,sushi_restaurant,"Ikebukuro, 2 Chome−58−3 青木ビル 1F"
香味亭池袋店,1,bar,pub|cafe,東京都豊島区池袋２丁目５９−５
神鶏 池袋,1,japanese_restaurant,,池袋2-10-7藤田ビル1F
ぐんぼう,1,japanese_restaurant,,池袋2-6-2
蔵之助,1,japanese_restaurant,restaurant|asian_restaurant,西池袋1丁目17-6
Charm 池袋店,1,bar,,池袋2丁目1-3 大福ビルB1
びーはま,1,japanese_restaurant,restaurant|diner,2 Chome-1-3 Ikebukuro
Sky,1,bar,,池袋2丁目2-4
NIGHTKING,1,bar,pub|sake_bar,2 Chome-2-4 Ikebukuro
ぼんご弐エチカ池袋店,1,japanese_restaurant,,西池袋3丁目28-14
にょらげんき,1,japanese_restaurant,restaurant,池袋２－２３－２４
春の花,1,japanese_restaurant,restaurant|sushi_restaurant,池袋2-22-7
Who's Food's 池袋店,1,restaurant,diner|asian_restaurant,西池袋1丁目21-9
Kamen Rider The Diner,1,theme_restaurant,diner|restaurant,"Nishiikebukuro, 1 Chome−21−9 パセラリゾーツ池袋本店４Ｆ"
昔ばなし 別館,1,bar,,西池袋1丁目37-16 大雄ビル 6F 7F
しゃん,1,japanese_restaurant,,西池袋1丁目16-1
中田屋,1,japanese_restaurant,restaurant|asian_restaurant,1 Chome-14-6 Nishiikebukuro
弥三郎,1,japanese_restaurant,restaurant,西池袋1丁目13-7
おもろ,1,japanese_restaurant,bar|sushi_restaurant,西池袋1丁目13-7
いづも 池袋,1,bar,restaurant|japanese_restaurant,東京都豊島区西池袋１丁目１３−７
南国ファミリー,1,bar,japanese_restaurant|restaurant,西池袋1丁目23-1
南国本店,1,bar,restaurant|asian_restaurant,西池袋1丁目23-1
パルミラ 池袋,1,japanese_restaurant,restaurant|bar,西池袋1丁目22-4
吉泉,1,japanese_restaurant,,"Nishiikebukuro, 1 Chome−20−2 名取ビル"
やじうま亭,1,japanese_restaurant,restaurant,西池袋1丁目19-3
まるさん,1,japanese_restaurant,asian_restaurant|restaurant,西池袋1丁目19-3
八丈島,1,japanese_restaurant,bar|asian_restaurant,西池袋1丁目22-4
Isami,1,japanese_restaurant,asian_restaurant|restaurant,"Nishiikebukuro, 1 Chome−37−16 大雄ビル １,２Ｆ"
田子坊,1,bar,japanese_restaurant|italian_restaurant,西池袋1丁目38-1
玉金西池袋店,1,japanese_restaurant,restaurant|diner,西池袋1丁目39-1
メモリー,1,bar,dance_club|pub,西池袋1丁目38-1
Kizami,1,bar,japanese_restaurant|restaurant,西池袋1丁目38-1
rakurakuyaikb,1,restaurant,,西池袋１丁目３６−４
月亭池袋店,1,japanese_restaurant,restaurant|diner,西池袋1丁目39-1
ル・シャトレ,1,pub,bar|dance_club,池袋2丁目41-2
馬九,1,japanese_restaurant,restaurant,東京都豊島区西池袋１丁目３８−６
炙り炎,1,japanese_restaurant,restaurant|bar,池袋2丁目42-1
Iroha,1,japanese_restaurant,asian_restaurant|restaurant,池袋2丁目43-2
Mao,1,bar,,西池袋1丁目35-4
さんるーむ,1,bar,restaurant,西池袋1丁目35-8
あさひ商店,1,japanese_restaurant,restaurant|diner,西池袋1丁目35-2
ビー・ツイン,1,bar,pub|cocktail_bar,東京都豊島区西池袋１丁目４０−１
K's Ave.,1,bar,restaurant|fast_food_restaurant,"Nishiikebukuro, 1 Chome−35−1 カドビル"
エル・カミニート,1,bar,restaurant|pub,西池袋1丁目34-4
豊田や,1,bar,restaurant|barbecue_restaurant,西池袋1丁目41-2
RUMSEE,1,restaurant,diner,西池袋1丁目34-3
ザップ,1,bar,asian_restaurant|pub,西池袋1丁目34-4
福ふくろう,1,japanese_restaurant,asian_restaurant|restaurant,"Nishiikebukuro, 1 Chome−41−1 天幸ビル 2階"
Hitohana,1,japanese_restaurant,asian_restaurant,池袋2-44-3
貴仙 2号店,1,japanese_restaurant,barbecue_restaurant|korean_restaurant,
Kagami 2,1,bar,restaurant,"Ikebukuro, 2 Chome−47−7 ４階"
みつばちマーヤz,1,pub,bar,西池袋１丁目４２−８ 秋福ビル B1F
アルマージ,1,bar,lounge,池袋2丁目45-1
梟,1,bar,pub|cocktail_bar,"Aoki Bldg., 1 Chome-32-8 Nishiikebukuro"
角煮飯,1,japanese_restaurant,bar|restaurant,西池袋1丁目32-8
楽太郎,1,japanese_restaurant,restaurant|diner,西池袋1丁目25-7
武者小路,1,japanese_restaurant,restaurant|bar,東京都豊島区西池袋１丁目２５−３
若大将,1,bar,sake_bar|eat_and_drink,西池袋1丁目26-5
イレブン,1,bar,cocktail_bar|pub,"Nishiikebukuro, 1 Chome−25−3 次郎長 ビル"
Sen,1,japanese_restaurant,restaurant|diner,"Nishiikebukuro, 1 Chome−24−8 江戸半ビル 1階"
ます家,1,japanese_restaurant,restaurant,西池袋1丁目24-3
萬屋松風,1,japanese_restaurant,restaurant|diner,"Nishiikebukuro, 1 Chome−24−5 松風ビル"
ピッコロタント,1,comfort_food_restaurant,,
金沢和音,1,japanese_restaurant,,西池袋1-1-25
キッチン グリップ,1,bar,restaurant|eat_and_drink,西池袋1丁目1-25
ウォーターメロン,1,restaurant,smoothie_juice_bar|eat_and_drink,西池袋1丁目1-25
上方亭,1,japanese_restaurant,,西池袋1-1-25
御影蔵池袋東武店,1,japanese_restaurant,restaurant,西池袋1丁目1-25
たんじろう 池袋東口店,1,bar,noodles_restaurant|fast_food_restaurant,東京都豊島区南池袋１丁目２０−１１
ハ ックサ ック エキア池袋店,1,restaurant,sake_bar|fast_food_restaurant,"""1-21, 東京都豊島区西池袋1"""
ミリオネア,1,pub,,西池袋1-29-3
FLAVOR,1,food_and_drink,desserts,東京都豊島区南池袋１丁目２８−１
みさき亭,1,japanese_restaurant,,西池袋1-1-25
かるかや,1,japanese_restaurant,restaurant,南池袋1丁目28-1
吉祥 池袋店,1,japanese_restaurant,,南池袋1-28-1
マルモキッチン,1,japanese_restaurant,,南池袋1-28-2
別邸壽,1,japanese_restaurant,restaurant,"Ikebukuro, 1 Chome−1−7 第二伊三美ビル B1F"
廻〜めぐる〜,1,bar,,池袋2-49-12ナカイチビル102
ブーミン,1,restaurant,bar|european_restaurant,東京都豊島区池袋２丁目４９−１２
PinkGold,1,bar,cocktail_bar|lounge,池袋2丁目48-2
牛道,1,theme_restaurant,,池袋2-47-12 第2絆ビル1F
ふくどり,1,japanese_restaurant,restaurant|chicken_restaurant,西池袋1丁目30-8
ウタリ,1,japanese_restaurant,bar|restaurant,西池袋1丁目43-7
武勇池袋店,1,bar,restaurant|grocery_store,西池袋1丁目43-7
BATH ROOM by365+,1,bar,topic_concert_venue|lounge,東京都豊島区池袋２丁目６４−１１
HAKU,1,restaurant,bar|cafe,池袋4丁目26-11
Tatto PIRO 池袋店,1,asian_restaurant,,池袋1-8-4
フルハウス,1,bar,pub|cocktail_bar,池袋2-63-6
池袋壬生,1,japanese_restaurant,restaurant|diner,池袋2丁目73-3
Yamaya,1,japanese_restaurant,restaurant|bar,2 Chome-68-5 Ikebukuro
あさひ町内会,1,japanese_restaurant,bar,板橋3丁目5-1
板橋宿 多ぐち,1,japanese_restaurant,asian_restaurant,東京都板橋区板橋3-5-12 
樅の木茶屋,1,food_and_drink,restaurant|noodles_restaurant,板橋3-14-1MCビル1F
伊藤亭,1,japanese_restaurant,restaurant|diner,2 Chome-53-15 Itabashi
かわ津,1,japanese_restaurant,restaurant,3 Chome-7-6 Itabashi
テルポリート・フロム・ユキノヤ,1,restaurant,japanese_restaurant|cafe,板橋2丁目64-3
和宮,1,japanese_restaurant,religious_organization,板橋2丁目62-8
五てつ,1,japanese_restaurant,restaurant,板橋2丁目62-8
ぷかぷか,1,bar,restaurant,大山東町30-5
大山飛車角,1,bar,barbecue_restaurant|hotel,大山東町30-8
光おやじ司,1,japanese_restaurant,bar,大山金井町40-4-102
シロボシ,1,bar,restaurant|eat_and_drink,熊野町29-8
バッタもん,1,japanese_restaurant,restaurant,大山東町28-6
幸丸,1,japanese_restaurant,restaurant|bar,大山東町38-8
Morris,1,japanese_restaurant,restaurant,"コンフォールＴ 1f, 28-8 Oyamahigashicho"
こみゅにてぃDaining とりけ,1,restaurant,japanese_restaurant|bar,氷川町3-13
きんぎょ,1,bar,restaurant|pub,本町35-11
ヨコノロ,1,restaurant,bakery|shopping,清水町65-4
いわい製麺,1,japanese_restaurant,bar|diner,東京都板橋区清水町５−１１
バラト,1,restaurant,,
おやまだ,1,japanese_restaurant,restaurant|asian_restaurant,東京都板橋区仲宿４４−３
はたご亭,1,japanese_restaurant,bar|restaurant,仲宿64-4
かんざえもん,1,japanese_restaurant,restaurant|diner,仲宿39-7
イーデンホール,1,bar,topic_concert_venue|pub,板橋3丁目11-1
富仙,1,japanese_restaurant,restaurant,板橋3丁目10-12
うめ川,1,japanese_restaurant,river|chinese_restaurant,東京都板橋区板橋３丁目４４−６
チャキン豚,1,japanese_restaurant,restaurant,板橋3丁目44-6
ベアーズ (Bear's),1,japanese_restaurant,,稲荷台2-6
Odeon Room 102,1,restaurant,cafe|coffee_shop,西が丘3丁目1-3
マカロニ,1,restaurant,asian_restaurant|japanese_restaurant,赤羽西4丁目31-16
ほり,1,japanese_restaurant,bar|restaurant,上十条3丁目8-8
キャンパー,1,japanese_restaurant,restaurant|diner,"Kamijujo, 3 Chome−22−7 ヴィラドソレイユ"
Chu-Ru-Ri,1,japanese_restaurant,bar,3 Chome-9-7 Kamijujo
椿宿,1,restaurant,bar_and_grill_restaurant|bar,"Itabashi, 1 Chome−45 ＯＤＡビル"
和可奈,1,asian_restaurant,restaurant|japanese_restaurant,板橋1丁目10-9
Aida,1,japanese_restaurant,restaurant|diner,板橋1丁目49-8
Ichirikikamiitabashi,1,bar,pub,東京都
JIRI,1,restaurant,,Narimasu 2-5-3 グリーン ビル
紙風船,1,japanese_restaurant,restaurant,板橋1丁目13-4
Yukkogohan,1,restaurant,cafe|fast_food_restaurant,板橋3-40-16エマーレ板橋１階
サンキュー,1,japanese_restaurant,diner,上池袋3丁目16-19
ねぎま,1,japanese_restaurant,restaurant|diner,池袋本町4丁目3-17
ふじ都,1,japanese_restaurant,asian_restaurant|restaurant,板橋1丁目36-12
淵明庵,1,japanese_restaurant,bar|restaurant,板橋1丁目36-12
うさぎ庵,1,japanese_restaurant,restaurant,板橋1丁目35-10
スコッチモルト,1,food_and_drink,liquor_store,"Itabashi, 1 Chome−8−4 コトブキ第一ビル"
ヤキヤキグルメげんらい,1,japanese_restaurant,barbecue_restaurant,"Itabashi, 1 Chome−43−1 杉本ビル"
せんごく 新板橋店,1,japanese_restaurant,restaurant|diner,板橋3丁目44-6
炭火 すえきち,1,japanese_restaurant,restaurant|barbecue_restaurant,池袋本町3丁目25-8
いわき亭,1,japanese_restaurant,barbecue_restaurant|sake_bar,3 Chome-25-13 Ikebukurohoncho
ペテカン,1,restaurant,,池袋本町3-12-1
はねあげ 池袋店,1,japanese_restaurant,restaurant,東池袋1丁目39-8
やまや東池袋店,1,japanese_restaurant,,
平家,1,bar,japanese_restaurant|restaurant,東池袋1丁目42-18
たどん 池袋店,1,fast_food_restaurant,restaurant|japanese_restaurant,東池袋1丁目42-12
隠れ房,1,japanese_restaurant,,東池袋1-41-4
池袋北口店,1,fast_food_restaurant,,東京都豊島区東池袋１－４１－６
ほんのり屋池袋南口店,1,japanese_restaurant,restaurant|diner,南池袋1丁目28-2
こりゃうめぇ 池袋店,1,japanese_restaurant,,南池袋1-27-18
木々家 五号店,1,asian_restaurant,,
Torizen,1,japanese_restaurant,restaurant,"Higashiikebukuro, 1 Chome−1−1 TOKビル 3F"
一翠,1,bar,restaurant|japanese_restaurant,東池袋1丁目1-10
RERAISE,1,bar,,東池袋1丁目7-7 鳥駒総本店ビル3F
CLUB influ 池袋,1,bar,event_planning|community_services_non_profits,東池袋1-7-10鳥駒第一ビル2階
花門亭池袋店,1,japanese_restaurant,asian_restaurant|restaurant,東池袋1丁目2-5
Negishi,1,japanese_restaurant,restaurant,"Higashiikebukuro, 1 Chome−11−1 地下１階"
くわい家池袋店,1,japanese_restaurant,restaurant|asian_restaurant,東池袋1丁目9-1
レスアルカーナ 東京ウエスト,1,restaurant,bar,東池袋1丁目8-1
池袋LABI前店,1,fast_food_restaurant,,東京都豊島区東池袋１－９－１０
Ikebukuro Shoten 2 Goten,1,japanese_restaurant,restaurant|diner,"Higashiikebukuro, 1 Chome−7−10 クリオネ Jr.1Ｆ"
味の蔵池袋店,1,japanese_restaurant,restaurant|diner,東池袋1丁目39-7
角海老,1,bar,,東池袋1-43-15
田なべ,1,japanese_restaurant,restaurant|asian_restaurant,東京都豊島区東池袋１丁目３７−６
神宮,1,japanese_restaurant,,東京都豊島区東池袋１丁目３８−１
天成,1,japanese_restaurant,restaurant|asian_restaurant,東池袋1丁目39-1
モッツァレッラ,1,bar,,東池袋1丁目17-4 山口ビル B1F
あがた,1,japanese_restaurant,restaurant|asian_restaurant,"２０１, 1 Chome-39-15 Higashiikebukuro"
Mirai 未来,1,bar,,東京都豊島区北大塚２丁目１７−１３
SAKURA+s9 - Otsuka,1,restaurant,,東京都豊島区目白２丁目１３−４
うおや かも,1,bar,,
神田たまごけん 東池袋店,1,japanese_restaurant,,
真壁屋,1,bar,,西池袋1-12-1-Esola6F
池袋ココチーノ,1,restaurant,,２丁目３９−８ 冨貴ビル
えんざ,1,japanese_restaurant,bar|restaurant,東池袋1丁目20-5
ならや,1,japanese_restaurant,restaurant,東池袋1丁目17-11
風雲東口店,1,bar,restaurant|japanese_restaurant,東池袋1丁目15-5
Phoenix,1,bar,lounge|dance_club,東池袋1丁目15-5
ハラール MAD CHEFs 池袋サンシャイン通り店,1,restaurant,,東池袋1-14-12 フォーマーアレンジ1階
ルビー2,1,bar,restaurant|pub,東京都豊島区東池袋１丁目１３−１２
Kaze Enishi,1,bar,pub|lounge,"Higashiikebukuro, 1 Chome−13−12 栄町通り"
ナハール,1,restaurant,hot_dog_restaurant|cafe,東池袋1丁目13-12
蛍月,1,japanese_restaurant,restaurant,東池袋1丁目31-6
Chibachan Ikebukuro,1,japanese_restaurant,asian_restaurant,"Higashiikebukuro, 1 Chome−21−13 Aune池袋 8F"
星空サンシャインTokyo 池袋店,1,japanese_restaurant,restaurant|diner,"Higashiikebukuro, 1 Chome−21−13 Aune池袋 10F"
どもども,1,japanese_restaurant,bar|sushi_restaurant,東池袋1丁目28-4
げんき,1,bar,japanese_restaurant|restaurant,東池袋1丁目28-1
いろどり 池袋,1,japanese_restaurant,,東池袋1-29-1
炭火焼 大和,1,bar_and_grill_restaurant,japanese_restaurant,東池袋1-28-1　2F
瞠,1,japanese_restaurant,restaurant|diner,東池袋1丁目31-16
龍の神東池袋店,1,japanese_restaurant,seafood_restaurant,東池袋3丁目7-5
味の助,1,japanese_restaurant,restaurant|bar,"Higashiikebukuro, 1 Chome−34−1 1F"
しゅくりあ,1,japanese_restaurant,asian_restaurant|restaurant,東池袋1丁目47-2
美喬,1,japanese_restaurant,eat_and_drink,"Higashiikebukuro, 1 Chome−32−5 1F"
トムボーイ Tomboy 池袋2号店,1,japanese_restaurant,sushi_restaurant, 
燕返し,1,japanese_restaurant,asian_restaurant|restaurant,東池袋2丁目56-1
restaurant Yuki,1,restaurant,japanese_restaurant|eat_and_drink,"Higashiikebukuro, 3 Chome−7−11 東カングランドマンション池袋"
一栄,1,japanese_restaurant,restaurant,東池袋3丁目9-5
ももんが,1,japanese_restaurant,restaurant,豊島区東池袋3-15-5
サンシャイン クルーズ and クルーズ,1,restaurant,japanese_restaurant|diner,東池袋3-1
Baker's Diner,1,diner,restaurant|cafe,東池袋3丁目1-1
アンカーズ サンシャインシティアルパ店,1,bar_and_grill_restaurant,cafe|fashion_accessories_store,東池袋3-1-1
SunShine 60 倶楽部,1,japanese_restaurant,,東池袋3-1-1
天空の庭 星のなる木,1,japanese_restaurant,,東池袋3-1
東亭,1,japanese_restaurant,asian_restaurant|restaurant,2 Chome-50-13 Higashiikebukuro
バロッサ,1,japanese_restaurant,european_restaurant|restaurant,東池袋2丁目39-16
俺の出番,1,japanese_restaurant,asian_restaurant,東池袋3丁目23-10
らぷし,1,restaurant,himalayan_nepalese_restaurant|thai_restaurant,東京都豊島区上池袋２丁目４０−１４
輪恩,1,japanese_restaurant,restaurant,4 Chome-47-3 Kamiikebukuro
瀧野川,1,japanese_restaurant,diner|river,滝野川7丁目5-13
写楽箸処,1,bar,japanese_restaurant|restaurant,滝野川7丁目3-2
板橋げんかや,1,japanese_restaurant,barbecue_restaurant|restaurant,板橋1丁目13-7
カタマリヤング,1,bar,barbecue_restaurant|bar_and_grill_restaurant,東京都板橋区板橋１丁目１９−１
Yamagen,1,restaurant,japanese_restaurant|asian_restaurant,1 Chome-22-10 Itabashi
喜多八,1,bar,restaurant|japanese_restaurant,板橋1丁目19-8
左藤板橋邸,1,japanese_restaurant,asian_restaurant|restaurant,板橋1丁目50-2
ありっ武,1,bar,restaurant|japanese_restaurant,板橋1丁目50-2
君想ふ暮らし,1,japanese_restaurant,restaurant|asian_restaurant,板橋1丁目48-1
政屋,1,bar,sake_bar|restaurant,板橋1丁目48-2
鈴むら,1,bar,restaurant|japanese_restaurant,板橋1丁目16-3
光,1,japanese_restaurant,noodles_restaurant,板橋1丁目48-6
まんち亭 板橋店,1,bar,cafe|pub,板橋4丁目4-3
サンイチ,1,japanese_restaurant,asian_restaurant|restaurant,板橋4丁目4-2
博多鉄板焼き よかろうもん,1,japanese_restaurant,barbecue_restaurant,新板橋1-51
真田の里,1,japanese_restaurant,bar,板橋1丁目53-10
スタンドトトノイ,1,japanese_restaurant,,6 Chome-86-10 Takinogawa
Kitchen 55,1,japanese_restaurant,,6 Chome-86-10 Takinogawa
響栄,1,bar,,板橋1-54-6
母屋,1,japanese_restaurant,restaurant|sake_bar,滝野川6丁目86-14
アウトザブルー,1,japanese_restaurant,restaurant|diner,滝野川6丁目83-3
今日はとり,1,japanese_restaurant,restaurant,6 Chome-85-7 Takinogawa
おいで家,1,japanese_restaurant,asian_restaurant|restaurant,滝野川7丁目8-10
シティアイランド,1,bar,coffee_shop|restaurant,滝野川7丁目2-2
板橋駅前店,1,fast_food_restaurant,,東京都北区滝野川７－２－６
どてえもんカドチ,1,japanese_restaurant,restaurant,"Takinogawa, 7 Chome−28−7 ARTVIVANT１階"
しめちこちゃん,1,japanese_restaurant,restaurant|bar,滝野川6丁目82-1
都電テーブル 向原店,1,restaurant,bar|comfort_food_restaurant,東池袋2丁目6-2
グルメの森,1,restaurant,grocery_store|eat_and_drink,"Higashiikebukuro, 2 Chome−7, ノトビル"
ニュー秘宝館,1,bar,museum|lounge,"Kitaotsuka, 3 Chome−33−2 ヤマトビル"
သိပ်သိပ်ယွ Karaoke,1,restaurant,,TOKYO、TOSHIMA KU 、KITAOTSUKA3-25-11\nAsahi Building B1F
ツリートップ,1,japanese_restaurant,restaurant|indian_restaurant,"Kitaotsuka, 3 Chome−32−8 木下ビル"
北大塚灯,1,comfort_food_restaurant,,北大塚３丁目２５−１１
ハートランドひだまり,1,japanese_restaurant,,北大塚3丁目34-7 豊芯ビル 1F
龍園,1,japanese_restaurant,barbecue_restaurant|restaurant,2 Chome-6-10 Kitaotsuka
豊川,1,japanese_restaurant,restaurant|asian_restaurant,北大塚2丁目6-8
大塚まるま,1,japanese_restaurant,sushi_restaurant,2 Chome-11-1 Kitaotsuka
凛々堂大塚店,1,japanese_restaurant,,東京都豊島区北大塚２丁目１２−１
シエル,1,asian_restaurant,,北大塚2-5-5
大塚三浦屋,1,japanese_restaurant,restaurant|diner,北大塚2丁目11-4
Lokahi,1,japanese_restaurant,restaurant|diner,102 2 Chome-8-8 Kitaotsuka
ハイカロリー,1,bar,,北大塚2-8-15
charites,1,bar,,
ともや,1,japanese_restaurant,restaurant,北大塚2丁目8-12
竹政,1,japanese_restaurant,asian_restaurant|restaurant,南大塚3丁目35-7
かあちゃんち,1,restaurant,bar,南大塚3丁目36-8
蒼天南口店,1,japanese_restaurant,restaurant|asian_restaurant,南大塚3丁目39-13
大塚 みや穂,1,japanese_restaurant,asian_restaurant|restaurant,南大塚3丁目48-5
SUZUYA,1,japanese_restaurant,restaurant|diner,"Minamiotsuka, 3 Chome−48−5 2F"
掌,1,japanese_restaurant,restaurant|bar,南大塚3丁目48-7
ラコンテ〈aconter〉,1,restaurant,bar|hotel,南大塚3-33-6
堪能居,1,bar,restaurant|karaoke,"Kitaotsuka, 2 Chome−2−13ｰ102 大塚シャトレー・トーコー"
リノスペkitchen大塚,1,restaurant,,606 2 Chome-2-12 Kitaotsuka
大塚せんや,1,japanese_restaurant,restaurant|sushi_restaurant,東京都豊島区南大塚３丁目４９−８
Saba,1,japanese_restaurant,asian_restaurant|restaurant,南大塚1丁目44-4
みとう庵,1,japanese_restaurant,asian_restaurant|restaurant,南大塚3丁目49-8
ふじ誠,1,japanese_restaurant,asian_restaurant,南大塚3丁目49-8
よだれ,1,japanese_restaurant,restaurant|asian_restaurant,
Nii,1,japanese_restaurant,noodles_restaurant,3 Chome-46-5 Minamiotsuka
串森南大塚店,1,japanese_restaurant,restaurant|bar,南大塚3丁目54-2
花紋,1,japanese_restaurant,restaurant|asian_restaurant,"Minamiotsuka, 3 Chome−50−3 1F"
大塚だんす,1,japanese_restaurant,restaurant|sake_bar,"Minamiotsuka, 3 Chome−51−5 大塚サウスコート 1F"
ブラックライズ,1,japanese_restaurant,restaurant|asian_restaurant,南大塚3丁目46-10
焼豚あさちゃん 大塚,1,japanese_restaurant,,南大塚3丁目52-7
Ginfar Tokyo,1,japanese_restaurant,thai_restaurant|steakhouse,"Minamiotsuka, 3 Chome−55−3 光伸遠藤ビル 5階"
よし亜,1,bar,restaurant|pub,2 Chome-12-6 Kitaotsuka
Vivo Daily Stand,1,food_truck_stand,,2 Chome-12-6 Kitaotsuka
よしや 大塚店,1,japanese_restaurant,,北大塚2丁目24-20
江戸村,1,japanese_restaurant,asian_restaurant|restaurant,北大塚2丁目15-5
吉忠,1,bar,restaurant|sake_bar,北大塚2丁目30-1
kuwan,1,japanese_restaurant,bar|pub,北大塚2丁目26-7
柏屋大塚店,1,japanese_restaurant,bar|ice_cream_shop,東京都豊島区南大塚３丁目５３−１０
東京なまめん なかざわ製麺,1,japanese_restaurant,grocery_store,東京都豊島区南大塚２丁目４１−７
大和田大塚店,1,japanese_restaurant,restaurant,南大塚2丁目42-4
大塚シスイドゥー,1,restaurant,bar|topic_concert_venue,南大塚 1-60-20 天翔大塚駅前ビルB1
大塚銀座通り 小倉庵,1,japanese_restaurant,asian_restaurant,東京都豊島区南大塚2-40-10
ALITARE,1,restaurant,,南大塚2丁目40-11 富士大塚ビル1F
三節,1,japanese_restaurant,restaurant,南大塚1丁目60-16
Huqu,1,japanese_restaurant,restaurant,1 Chome-19-1 Kitaotsuka
あじるく,1,japanese_restaurant,bar|restaurant,東京都豊島区北大塚１丁目１９−１
ムロマニ,1,japanese_restaurant,sake_bar|bar,1 Chome-14-9 Kitaotsuka
菊谷 大塚別亭,1,japanese_restaurant,restaurant,東京都豊島区北大塚１丁目３４−１０
みろく堂,1,fast_food_restaurant,,北大塚2-27-9
デリシュ,1,japanese_restaurant,,北大塚2-27-2
ブタマミレ,1,restaurant,bar|beer_garden,東京都豊島区北大塚２丁目２８−１
名匠上木家,1,japanese_restaurant,restaurant,北大塚2丁目28-7
ohootukarocky,1,restaurant,,東京都豊島区北大塚2丁目29-3グリーンピア大塚
リトル ヘブン,1,vegetarian_restaurant,restaurant,北大塚2丁目29-3
大塚ロッキー,1,restaurant,,グリーンピア大塚 豊島区北大塚2-29-3
串まる,1,bar,japanese_restaurant,
うらら,1,japanese_restaurant,bar|comfort_food_restaurant,東京都豊島区西巣鴨１丁目１−２
御代家,1,japanese_restaurant,asian_restaurant|restaurant,2 Chome-32-10 Nishisugamo
つるや庚申塚店,1,restaurant,coffee_shop|delicatessen,東京都豊島区西巣鴨３丁目６−１
鯉幟西巣鴨店,1,japanese_restaurant,restaurant|bar,西巣鴨2丁目34-11
でんぐり,1,japanese_restaurant,restaurant|chicken_restaurant,4 Chome-12-4 Nishisugamo
あんどん,1,japanese_restaurant,bar|restaurant,西巣鴨4丁目13-14
オクトパス君,1,bar,,東京都豊島区西巣鴨３丁目２０−１
神儺祁,1,japanese_restaurant,restaurant,東京都北区滝野川７丁目４６−３
カマ&カマ,1,restaurant,,中十条2丁目13-2
成り上がれ,1,japanese_restaurant,comfort_food_restaurant,東京都北区上十条１丁目２７−１
ようがんや,1,japanese_restaurant,asian_restaurant|bar_and_grill_restaurant,2 Chome-9-17 Nakajujo
和久,1,japanese_restaurant,asian_restaurant|restaurant,東十条1丁目18-1
東十条シンフォニー,1,restaurant,,東京都北区東十条2丁目4-12金鈴ビル地下1
Crazy Pub Sono,1,pub,bar,2 Chome-5-3 Higashijujo
ヒロキスタイル,1,restaurant,italian_restaurant|gym,東十条2-4-11
Grand Mother,1,japanese_restaurant,bar|restaurant,4 Chome-5-24 Higashijujo
でで,1,bar,sake_bar|cocktail_bar,東十条4丁目12-2
川源,1,japanese_restaurant,river,東十条4丁目8-17
黒松,1,restaurant,japanese_restaurant,2 Chome-15-16 Higashijujo
新潟屋,1,japanese_restaurant,restaurant,東十条2丁目14-18
Saitamaya,1,japanese_restaurant,restaurant|asian_restaurant,2 Chome-5-12 Higashijujo
Kushizou,1,bar,bar_and_grill_restaurant|restaurant,東十条3丁目8-6
机上の空論,1,japanese_restaurant,chinese_restaurant,東十条3丁目11-5
熟成肉塊貯蔵所風鈴堂,1,japanese_restaurant,restaurant|diner,東十条3丁目11-6
辰巳屋,1,restaurant,japanese_restaurant|sushi_restaurant,神谷2丁目40-7
川辰,1,japanese_restaurant,asian_restaurant|restaurant,東十条4丁目4-19
飛葉,1,restaurant,japanese_restaurant|bar,東京都北区東十条４丁目１２−１
黒豹,1,bar,sake_bar|active_life,東京都北区東十条４の５の２４の2階
Taka,1,japanese_restaurant,asian_restaurant|restaurant,東十条3丁目16-6
漣 - さざなみ,1,bar,,東十条4-4-15
楽味,1,japanese_restaurant,restaurant|asian_restaurant,東十条5丁目8-18
燦燦斗,1,japanese_restaurant,restaurant,中十条3丁目16-15
たる鉄,1,japanese_restaurant,,中十条3丁目16-12
野豚,1,japanese_restaurant,restaurant,中十条3丁目16-10
ポークストック,1,restaurant,,中十条3-16-7
花ぼっくり,1,bar,restaurant|cafe,中十条3丁目18-14
COLT,1,restaurant,comfort_food_restaurant,"Kamijujo, 1 Chome−20−2 ハイネス大平"
野々屋,1,bar,restaurant|japanese_restaurant,上十条2丁目7-12
にんじん,1,restaurant,japanese_restaurant|bar,東京都北区上十条２丁目７−１４
R-35,1,bar,restaurant|lounge,西ヶ原　1-1-16
ルーエ,1,restaurant,pub|bar,東京都北区上十条１丁目１１−１０
玄海,1,japanese_restaurant,restaurant|eat_and_drink,上十条1丁目11-9
たかい,1,japanese_restaurant,restaurant|asian_restaurant,上十条1丁目19-7
まつ屋,1,japanese_restaurant,restaurant|asian_restaurant,上十条1丁目11-6
馬ござる,1,bar,restaurant|diner,上十条1丁目15-8
Nawabi Restaurant,1,halal_restaurant,thai_restaurant|restaurant,1 Chome-15-9 Kamijujo
田や,1,japanese_restaurant,asian_restaurant|restaurant,中十条2丁目22-2
風来坊,1,bar,,十条仲原1-1-2
キンクラ,1,bar,restaurant|hotel,上十条2丁目31-4
こみね十条店,1,japanese_restaurant,restaurant|asian_restaurant,上十条2丁目27-9
和虎,1,japanese_restaurant,,上十条2丁目24-1
うまいもんや,1,japanese_restaurant,restaurant,十条仲原1丁目9-1
東京田事,1,japanese_restaurant,,北区上十条２丁目２３−７
ユマ・ミーナ,1,restaurant,japanese_restaurant|asian_restaurant,東京都北区上十条２丁目２７−４
ちゃー坊,1,japanese_restaurant,restaurant|barbecue_restaurant,上十条2丁目11-12
壱ノ宮,1,japanese_restaurant,restaurant|bar,2 Chome-8-11 Kamijujo
ひ,1,bar,restaurant,"Kamijujo, 3 Chome−29−5 陳ハウス"
けん助,1,japanese_restaurant,bar,上十条3丁目29-5
吉良亭,1,japanese_restaurant,european_restaurant,十条仲原2丁目8-12
鳥富士十条店,1,restaurant,butcher_shop|grocery_store,十条仲原2丁目7-6
和孝,1,japanese_restaurant,restaurant,十条仲原1丁目25-13
Fuzzy Chaos,1,bar,arts_and_entertainment,1 Chome-26-4 102号 Jujonakahara
赤羽京介,1,japanese_restaurant,asian_restaurant,赤羽西1丁目7-1
赤羽亭,1,bar,japanese_restaurant,赤羽西1丁目6-1
藤喜丸,1,japanese_restaurant,restaurant,赤羽西1丁目4-13
ぶんか亭赤羽店,1,japanese_restaurant,diner|sushi_restaurant,赤羽1丁目1-1
iQue' rico!,1,japanese_restaurant,restaurant,赤羽1丁目2-8
梅もと 赤羽,1,japanese_restaurant,asian_restaurant|restaurant,赤羽1丁目9-3
博多三日月,1,bar,restaurant|asian_restaurant,赤羽1丁目23-2
Aka-Baru Retze,1,japanese_restaurant,restaurant,赤羽1丁目12-4
埼玉家,1,japanese_restaurant,restaurant,赤羽1丁目12-4
季作 赤羽,1,bar,restaurant|fast_food_restaurant,赤羽1丁目14-1
はるのや,1,bar,japanese_restaurant|restaurant,赤羽1丁目15-1
不二子,1,japanese_restaurant,barbecue_restaurant|bar,東京都北区赤羽１丁目２２−１０
赤羽東口店,1,fast_food_restaurant,,東京都北区赤羽１－１４－１
Yaki-ya,1,bar,japanese_restaurant|restaurant,赤羽1丁目17-2
みな・くる赤羽,1,japanese_restaurant,restaurant|diner,赤羽1丁目17-3
めんどう,1,japanese_restaurant,asian_restaurant,赤羽1丁目2-5
えんじゃ,1,japanese_restaurant,,赤羽1-10-5赤羽ビル1Ｆ～3Ｆ
赤羽アピレ店,1,fast_food_restaurant,,東京都北区赤羽西１－５－１
けむり 赤羽店,1,japanese_restaurant,restaurant,東京都北区赤羽１丁目１８−２
とね川,1,japanese_restaurant,restaurant|asian_restaurant,1 Chome-16-4 Akabane
たこまる,1,japanese_restaurant,restaurant,東京都北区赤羽１丁目１６−２
博多流斗樹赤羽店,1,japanese_restaurant,asian_restaurant,赤羽1丁目17-8
すざく赤羽,1,japanese_restaurant,restaurant|diner,赤羽1丁目17-8
順貴,1,bar,pub|lounge,赤羽1丁目17-4
ぼんです 赤羽,1,restaurant,japanese_restaurant|sushi_restaurant,赤羽1丁目18-9
Unfini,1,restaurant,,赤羽1-18-7
淡路,1,bar,,赤羽1丁目18-7
Life,1,bar,restaurant,赤羽1丁目18-6
赤羽のざきや,1,japanese_restaurant,bar|restaurant,"Akabane, 1 Chome−18−6 2F"
ザキヤマ 赤羽,1,bar,japanese_restaurant|fast_food_restaurant,赤羽1丁目20-6
忘れんぼう,1,japanese_restaurant,bar,
赤羽 ブタマミレ,1,japanese_restaurant,,1 Chome-21-5 Akabane
みやざき屋,1,japanese_restaurant,restaurant,赤羽1丁目19-11
びっきぃ,1,japanese_restaurant,restaurant|asian_restaurant,赤羽1丁目42-15
Vegi&Meat,1,japanese_restaurant,asian_restaurant|restaurant,赤羽1丁目37-7
あかり,1,bar,japanese_restaurant|restaurant,赤羽1丁目38-2
馬ん馬んいくどん,1,japanese_restaurant,restaurant|diner,赤羽1丁目23-4
喜多川,1,japanese_restaurant,restaurant,赤羽1丁目47-6
藁と餡 COHARU,1,japanese_restaurant,bar_and_grill_restaurant|bar,"Akabane, 1 Chome−50−1 第一池田ビル 101"
嘉乃え,1,japanese_restaurant,bar|sushi_restaurant,赤羽1丁目58-10
Granpa,1,bar,pub,"Akabane, 1 Chome−41−1 中村ビル ２Ｆ"
菜菜や 赤羽店,1,japanese_restaurant,asian_restaurant|restaurant,赤羽1丁目19-13
右左,1,bar,restaurant|asian_restaurant,赤羽1丁目19-1
MALTA58,1,japanese_restaurant,restaurant|diner,赤羽1丁目41-14
仁々木,1,japanese_restaurant,bar,赤羽1-1-1
ジャパンアクションクラブ関根大学の店,1,bar,restaurant|college_university,東京都北区赤羽１丁目４１−６
米山,1,bar,restaurant|japanese_restaurant,赤羽1丁目64-7
八木矢,1,japanese_restaurant,asian_restaurant|restaurant,赤羽2丁目24-6
いしだ,1,japanese_restaurant,restaurant|diner,赤羽2丁目54-7
ローレンス,1,bar,restaurant,2 Chome-21-6 Akabane
FGR diner,1,diner,bar|restaurant,2 Chome-20-4 Akabane
それいゆ,1,japanese_restaurant,restaurant|bar,"Akabane, 2 Chome−19−1 1F"
一休 ひとやすみ 赤羽,1,restaurant,diner|bar,赤羽2丁目44-1
あ・うん,1,japanese_restaurant,bar|restaurant,赤羽1丁目52-4
にしおか,1,japanese_restaurant,sushi_restaurant|bar,赤羽1丁目33-7
里のえん,1,bar,japanese_restaurant|restaurant,赤羽1丁目34-1
赤羽わすれな草,1,comfort_food_restaurant,,
丸浩,1,japanese_restaurant,sake_bar|bar,1 Chome-27-8 Akabane
どんどんけんちゃん,1,restaurant,bar|karaoke,赤羽1丁目27-7
すずまさ屋,1,restaurant,barbecue_restaurant|bar_and_grill_restaurant,赤羽1丁目25-3
ゆきや,1,bar,japanese_restaurant|barbecue_restaurant,赤羽2丁目48-3
大地の恵 東京赤羽店,1,japanese_restaurant,,赤羽南1-9-13
たくみろまん亭,1,restaurant,sake_bar|bar,赤羽1丁目11-4
BonneChance,1,bar,professional_services|pub,赤羽南1-5-7 クレアシオン赤羽701
火の鳥,1,bar,japanese_restaurant|restaurant,赤羽1丁目3-1
Akabane Kagota,1,restaurant,asian_restaurant|bar,赤羽南1-6-5
かどなしや,1,bar,pub|lounge,
赤羽Vintage,1,bar,shopping|pub,赤羽南１丁目6-10
Norma Jean's MAP,1,bar,professional_services,赤羽南1-5-7 クレアシオン赤羽 6F
さの,1,japanese_restaurant,restaurant|asian_restaurant,赤羽南2丁目11-1
ニュー加賀屋赤羽店,1,japanese_restaurant,,赤羽南1丁目21-10
グリーンアイズ,1,bar,restaurant|music_venue,赤羽2丁目15-9
グリーリ家,1,restaurant,steakhouse,"Akabane, 2 Chome−15−9 サイードビル"
サトウ食品,1,restaurant,japanese_restaurant,赤羽2丁目13-3
肉のヤマ牛赤羽,1,restaurant,,"赤羽2丁目4-9, 東拓ビル六番館 1階"
まつ里亭,1,japanese_restaurant,restaurant|asian_restaurant,赤羽2丁目13-2
番外地,1,japanese_restaurant,asian_restaurant,赤羽2丁目12-6
Rojiura 赤羽店,1,japanese_restaurant,restaurant|diner,2 Chome-4-5 Akabane
ソーシャルコミュニティ めぐりや,1,restaurant,cafe|arts_and_entertainment,東京都北区赤羽２丁目４−１４
やなぎ,1,japanese_restaurant,asian_restaurant|restaurant,赤羽南1丁目26-1
赤羽こなこな,1,japanese_restaurant,restaurant|bar,日本
nashwa,1,restaurant,bar|pub,"Akabane, 2 Chome−24−1 信和マンション 1F"
開運お料理愛喜楽赤羽,1,japanese_restaurant,,赤羽2丁目27-10
英恵,1,bar,pub|cocktail_bar,志茂2丁目52-5
ふれあい どんどん,1,bar,pub,赤羽1-27-7
麹料理 花恵,1,restaurant,bar|diner,2 Chome-51-2 Shimo
天富士,1,japanese_restaurant,restaurant|asian_restaurant,志茂2-40−10
ランドマーク,1,restaurant,burger_restaurant|american_restaurant,志茂2丁目43-7
濱之家赤羽店,1,bar,restaurant|japanese_restaurant,志茂2丁目48-10
稲一,1,japanese_restaurant,asian_restaurant|restaurant,志茂2丁目47-5
竜飛,1,japanese_restaurant,asian_restaurant|restaurant,4 Chome-16-4 Shimo
さい門,1,japanese_restaurant,,
和泉屋,1,japanese_restaurant,restaurant|asian_restaurant,桐ケ丘2丁目11-31
高瀬製麺所,1,restaurant,japanese_restaurant,桐ケ丘1丁目9-3
富乃寿,1,bar,restaurant|diner,赤羽北2丁目31-16
鹿浜三丁目店,1,fast_food_restaurant,,東京都足立区鹿浜３－３１－１
長澤商店,1,japanese_restaurant,asian_restaurant|restaurant,鹿浜3丁目15-2 
足立屋,1,japanese_restaurant,restaurant|chinese_restaurant,鹿浜3丁目5-15
ペコペコ,1,restaurant,burger_restaurant|steakhouse,鹿浜1丁目6-8
王子すえひろ,1,bar,,王子1-5-10
キッチン とれたて,1,restaurant,japanese_restaurant|theme_restaurant,東京都足立区鹿浜２丁目４４−１
みはらし茶屋,1,japanese_restaurant,park|restaurant,鹿浜2丁目44-1
ひよこ 志茂店,1,bar,restaurant|asian_restaurant,志茂2丁目2-14
福和家,1,japanese_restaurant,restaurant,1 Chome-12-1 Shinden
松の家,1,japanese_restaurant,diner,豊島8丁目15-18
ミヨシ,1,japanese_restaurant,restaurant|sushi_restaurant,豊島8丁目15-20
小町,1,japanese_restaurant,barbecue_restaurant|bar,豊島8丁目15-2
いっぱいいっぱい,1,diner,bar|arts_and_entertainment,東京都北区栄町４５−７
ラ・カザワ,1,restaurant,bar|japanese_restaurant,王子1丁目28-4
うつ木,1,restaurant,japanese_restaurant|asian_restaurant,豊島1丁目4-2
あがれや,1,restaurant,japanese_restaurant|eat_and_drink,東京都北区王子１丁目５−１１
半人前,1,bar,restaurant|pub,王子1丁目5-3
旅路,1,japanese_restaurant,asian_restaurant|restaurant,王子1丁目5-3
寿恵廣,1,japanese_restaurant,restaurant|bar,王子1丁目5-10
醍醐王子本店,1,japanese_restaurant,restaurant|barbecue_restaurant,王子1丁目21-10
おしお 回店,1,japanese_restaurant,asian_restaurant,王子1丁目21-8
丹沢,1,bar,restaurant|asian_restaurant,王子1丁目24-4
わろ,1,japanese_restaurant,restaurant|bar,"Toshima, 1 Chome−7−6 メゾン王子２"
登喜川,1,japanese_restaurant,restaurant|asian_restaurant,豊島1丁目10-1
梅の家,1,restaurant,japanese_restaurant,東京都北区豊島１丁目８−９
かいらく,1,japanese_restaurant,noodles_restaurant|restaurant,王子2丁目28-9
てん天,1,japanese_restaurant,restaurant|asian_restaurant,王子1丁目17-1
宝泉,1,bar,sake_bar|restaurant,王子1丁目19-10
らんざん,1,bar,japanese_restaurant|sushi_restaurant,王子1丁目22-4
王子店,1,fast_food_restaurant,,東京都北区王子１－４－１
半平,1,japanese_restaurant,asian_restaurant|restaurant,王子1丁目9-2
よってこや,1,restaurant,,
北斗,1,japanese_restaurant,bar|restaurant,王子1丁目16-5
鶴日和,1,bar,,
賛舌人,1,bar,restaurant|asian_restaurant,王子2丁目26-1
やまに,1,japanese_restaurant,,王子2丁目23-1
翔豚,1,japanese_restaurant,asian_restaurant,王子3丁目21-3
菜々味,1,restaurant,bar|japanese_restaurant,"Shinden, 1 Chome−10−15 新田第１１ウィーンハイツ"
なとり,1,bar,restaurant|food_beverage_service_distribution,東京都北区王子５丁目５−１
市の川,1,japanese_restaurant,bar|sake_bar,王子5丁目10-5
わたるべ,1,japanese_restaurant,asian_restaurant|bar,"Kamiya, 1 Chome−30−1 富士マンション"
勝八,1,japanese_restaurant,restaurant|sushi_restaurant,王子本町2丁目16-11
多多屋,1,restaurant,asian_restaurant|japanese_restaurant,東京都北区王子本町１丁目１８−６
岡田屋,1,restaurant,bar|japanese_restaurant,王子本町1丁目24-3
Abe-ya,1,pub,bar_and_grill_restaurant|bar,東京都北区王子２丁目１６−８
串乃介,1,japanese_restaurant,restaurant|diner,岸町1丁目3-2
名舌亭,1,japanese_restaurant,bar|restaurant,岸町1丁目3-4
晃正,1,restaurant,japanese_restaurant,東京都北区岸町１丁目２−１０
不知火,1,japanese_restaurant,sushi_restaurant|restaurant,岸町1丁目1-7
ふく兵衛,1,japanese_restaurant,restaurant|steakhouse,岸町1丁目1-10
おうじ家,1,japanese_restaurant,bar,王子1丁目10-16
加瀬政,1,japanese_restaurant,restaurant|diner,巣鴨3丁目14-16
栃の木や,1,japanese_restaurant,restaurant|diner,巣鴨3丁目14-17
蔦の葉,1,japanese_restaurant,,巣鴨4丁目24-6
サケノマ,1,bar,restaurant|bar_and_grill_restaurant,巣鴨4丁目24-4
都電沿線,1,pub,bar|lounge,巣鴨4丁目28-4
みょうが屋,1,bar,barbecue_restaurant|japanese_restaurant,巣鴨4丁目29-1
充味,1,japanese_restaurant,asian_restaurant|restaurant,巣鴨4丁目16-11
豆むら巣鴨店,1,japanese_restaurant,,巣鴨4-28-1
松し満,1,japanese_restaurant,restaurant|asian_restaurant,南大塚1丁目51-18
れもん,1,restaurant,japanese_restaurant|eat_and_drink,南大塚1丁目54-1
和由,1,japanese_restaurant,bar|restaurant,南大塚1丁目50-12
はら匠,1,japanese_restaurant,restaurant|bar,3 Chome-3-1 Sugamo
巣鴨 味けん,1,japanese_restaurant,,"Sugamo, 3 Chome−21−3 岡島ビル １０６号"
ブタまんズ,1,food_and_drink,food_stand,東京都豊島区巣鴨３丁目１７−１３
豚み亭,1,japanese_restaurant,eat_and_drink,東京都豊島区巣鴨３丁目３８−４
もて木,1,restaurant,japanese_restaurant|asian_restaurant,東京都豊島区巣鴨4-22-28
DEARS,1,bar,dive_bar,巣鴨3丁目33-2
べろ〜家,1,bar,restaurant|diner,"Sugamo, 3 Chome−33−2 3F"
三ツ矢印,1,bar,,"Sugamo, 3 Chome−33−2 4F"
あほやにんにく堂,1,food_and_drink,restaurant|grocery_store,東京都豊島区巣鴨３丁目３３−１
Kushi King,1,japanese_restaurant,restaurant|asian_restaurant,3 Chome-22-9 Sugamo
平世志,1,japanese_restaurant,restaurant|bar_and_grill_restaurant,"Sugamo, 3 Chome−31−2 アルカディア篠 篠ビル 2F"
2833,1,restaurant,asian_restaurant|bar,巣鴨3-1-16
富庄,1,japanese_restaurant,,巣鴨3丁目25-5
ながしま,1,japanese_restaurant,restaurant,巣鴨3丁目28-7
あちこち庵,1,bar,cafe|coffee_shop,巣鴨3丁目27-6
Tomitaya,1,pub,restaurant|bar,巣鴨3丁目28-7
味っ子,1,japanese_restaurant,restaurant|diner,2 Chome-9-4 Sugamo
フクノヤ,1,japanese_restaurant,restaurant,巣鴨2丁目9-4
寿や 巣鴨店,1,japanese_restaurant,restaurant|bar,"Sugamo, 2 Chome−9−3 田中ビル"
SAKURA Khit,1,asian_restaurant,restaurant,2 Chome-2-1B1F Sugamo
源 巣鴨店,1,japanese_restaurant,restaurant,"Sugamo, 2 Chome−1−5 ボクサール巣鴨 4-5F"
hourglass,1,bar,lounge,1 Chome-17-4 Sugamo
井こし,1,japanese_restaurant,restaurant|asian_restaurant,1 Chome-18-1 Sugamo
松家,1,restaurant,japanese_restaurant,千石4丁目24-8
Royal Starship,1,japanese_restaurant,restaurant|indian_restaurant,4 Chome-33-10 Sengoku
中輪手,1,japanese_restaurant,restaurant|steakhouse,巣鴨1丁目19-14
肉枡,1,restaurant,japanese_restaurant|korean_restaurant,東京都豊島区巣鴨１丁目１３−２
Sae,1,japanese_restaurant,restaurant|bar,巣鴨2丁目6-1
おとん家大塚,1,asian_restaurant,vietnamese_restaurant|restaurant,豊島区北大塚2-6-8佐川ビル　1F
千成 本店,1,japanese_restaurant,bar|asian_restaurant,"Sugamo, 2 Chome−3−8 第二ゆたかビル"
カルダモン,1,bar,,
飛鳥山さくら亭,1,restaurant,eat_and_drink|smoothie_juice_bar,東京都北区王子１丁目１−３
shibusawa hat,1,japanese_restaurant,,東京都北区西ヶ原２丁目１６番地２
Apron Mark,1,restaurant,japanese_restaurant,"Nishigahara, 2 Chome−16−2 内 飛鳥山公園"
清水製麺所,1,japanese_restaurant,asian_restaurant|restaurant,7 Chome-16-14 Komagome
つくも本店,1,japanese_restaurant,bar|restaurant,西ケ原3丁目63-2
空ノ色,1,japanese_restaurant,,東京都北区堀船１丁目４−９
伏見家,1,japanese_restaurant,restaurant|eat_and_drink,駒込6丁目27-8
パルテール,1,restaurant,,東京都豊島区巣鴨２丁目８−１
すがも亭,1,japanese_restaurant,bar,巣鴨1丁目21-8
陣馬,1,bar,japanese_restaurant|restaurant,千石4丁目42-8
和 分店,1,japanese_restaurant,,千石4-42-12
麺と酒菜の店薫,1,japanese_restaurant,chinese_restaurant|dim_sum_restaurant,巣鴨1丁目21-9
Statice,1,bar,restaurant|chinese_restaurant,本駒込6丁目5-2
Tawara Restaurant (MMR),1,restaurant,asian_restaurant|himalayan_nepalese_restaurant,文京区本駒込６－５－１
Hero King,1,japanese_restaurant,noodles_restaurant,本駒込6丁目5-1
扇家,1,japanese_restaurant,,西ケ原1-63-12
プリーメル,1,bar,sake_bar,3-chōme-20 Komagome
仕立屋ゔぁりあんと,1,bar,pub|eat_and_drink,
GYU-SEI,1,japanese_restaurant,steakhouse|restaurant,2 Chome-28-10 Honkomagome
千鶴屋,1,japanese_restaurant,,本駒込2-28-30
やまぶき,1,japanese_restaurant,restaurant|diner,駒込2丁目15-13
セシル,1,restaurant,coffee_shop|cafe,東京都豊島区駒込2丁目15-8
きんらん,1,bar,restaurant|japanese_restaurant,1 Chome-6-4 Nakazato
満宴,1,bar,sake_bar|restaurant,中里1丁目6-4
弾,1,japanese_restaurant,restaurant|coffee_shop,中里2丁目2-8
mon-mom,1,japanese_restaurant,eat_and_drink|accommodation,2 Chome-14-11 Komagome
五色桜,1,restaurant,barbecue_restaurant|fast_food_restaurant,2 Chome-3-1 Nakazato
駒露地,1,japanese_restaurant,restaurant|bar,2 Chome-14-8 Komagome
逆転クラブ,1,japanese_restaurant,dance_club|asian_restaurant,"Komagome, 2 Chome−7−19 ナカマツビル C"
ふで春,1,japanese_restaurant,restaurant|asian_restaurant,西ケ原1丁目1-2
カフィル,1,asian_restaurant,,東京都豊島区駒込２丁目７−１９
岩むら,1,japanese_restaurant,asian_restaurant|restaurant,駒込2丁目7-20
ゆずりは,1,japanese_restaurant,,駒込2丁目9-11
夢客舟,1,japanese_restaurant,asian_restaurant|restaurant,駒込1丁目39-5
Bull Pulu Oem・フランチャイズ募集,1,restaurant,cafe,駒込 1-28-11 林ビル 3F
炭火焼さくら,1,japanese_restaurant,bar_and_grill_restaurant|barbecue_restaurant,西ケ原1丁目2-7
こばこ,1,bar,,千駄木3-43-9-2階
梶原銀座 砂埸,1,japanese_restaurant,sushi_restaurant,
岡ちゃん横丁,1,japanese_restaurant,sake_bar|asian_restaurant,上中里1丁目47-32
狐灯,1,japanese_restaurant,bar|restaurant,上中里1丁目47-34
インデアン,1,japanese_restaurant,asian_restaurant,豊島3丁目14-11
江戸玉川屋,1,japanese_restaurant,food_beverage_service_distribution|shopping,東京都北区豊島７丁目５−１２
たこ秀,1,japanese_restaurant,bar|pub,新田3丁目18-4
串や なないろ,1,japanese_restaurant,restaurant|diner,3 Chome-18-3 Shinden
Ganbu,1,japanese_restaurant,asian_restaurant,豊島6-7-9
グールマン,1,japanese_restaurant,restaurant|diner,6 Chome-4-13 Toshima
萩の華,1,japanese_restaurant,sake_bar|bar,3 Chome-30-30 Horifune
ねぇさんち,1,japanese_restaurant,restaurant,2 Chome-7-4 Showamachi
中里トンネル,1,bar,,中里3-24
尾久家,1,japanese_restaurant,diner,東京都北区昭和町２丁目５−４
つぐみ庵,1,japanese_restaurant,asian_restaurant|restaurant,中里1丁目29-1
Good Vibration,1,jamaican_restaurant,bar_and_grill_restaurant|bar,"Komagome, 1 Chome−17 1F"
もつ田,1,japanese_restaurant,,駒込1丁目17-2
太閤,1,bar,,中里2-27-12
はち八,1,restaurant,cafe|coffee_shop,1-chōme-8 Nakazato
酔串亭笑吉,1,restaurant,japanese_restaurant|bar,駒込1丁目25-10
駒っこ,1,bar,japanese_restaurant|barbecue_restaurant,駒込1丁目24-7
お蝶,1,japanese_restaurant,asian_restaurant|restaurant,駒込1丁目24-1
Taman,1,japanese_restaurant,restaurant|eat_and_drink,"Nakazato, 1 Chome−2−2 坂本ビル １Ｆ"
ケノヒ,1,bar,liquor_store,東京都北区田端３丁目７−５
マーサーズ・キッチン,1,japanese_restaurant,restaurant|diner,田端3丁目8-5
グラテシモ駒込店,1,japanese_restaurant,,本駒込3丁目41-13
あごおとし,1,bar,japanese_restaurant|restaurant,芝浦1丁目1-1
味蔵浜松町,1,bar,restaurant|chinese_restaurant,浜松町2丁目9-1
あおしま 貿易センタービル店,1,japanese_restaurant,restaurant|diner,浜松町2丁目4-1
串処蔵貿易センタービル店,1,japanese_restaurant,restaurant|bar,東京都港区浜松町２丁目４−１
かっぽうぎ,1,comfort_food_restaurant,japanese_restaurant,世界貿易センタービル地下1階
ZOOT,1,japanese_restaurant,restaurant,"Hamamatsucho, 1 Chome−28−4 保木ビル １階"
浜松町キッチン,1,restaurant,,浜松町1丁目30-11
Isakuya Carlotta,1,bar,italian_restaurant|restaurant,浜松町1丁目23-4
N park,1,restaurant,,浜松町1丁目24-5 ロマネビルディング2F
美乃,1,japanese_restaurant,sushi_restaurant|restaurant,浜松町1丁目16-7
旬彩鯛樹,1,japanese_restaurant,restaurant|asian_restaurant,浜松町1丁目24-5
和楽菱,1,japanese_restaurant,restaurant,浜松町2丁目4-1
浜松町スタンド,1,bar,,海岸1-2-3
Yorozuyo,1,japanese_restaurant,restaurant|asian_restaurant,海岸1-14-10
鉄板や かんろ 浜松町店,1,restaurant,barbecue_restaurant|japanese_restaurant,海岸1丁目2-20
Maruya,1,japanese_restaurant,asian_restaurant|restaurant,"Kaigan, 1 Chome−2−20 Panasonic Tokyo Shiodome Building, 1F"
Mitsubachi Products,1,restaurant,seafood_restaurant|eat_and_drink,浜松町1丁目17-14 浜松町ビル2F
Berth One,1,restaurant,cafe|fast_food_restaurant,"Kaigan, 2 Chome−7−103 Hi-NODE 2F"
ラメール日の出,1,japanese_restaurant,restaurant|diner,海岸2丁目7-91
シェフズ ライブ キッチン,1,buffet_restaurant,restaurant|structure_and_geography,東京都港区海岸１丁目１６−２
Top of side,1,restaurant,japanese_restaurant|diner,"Kaigan, 1 Chome−16−1 ニューピア竹芝サウスタワー4F"
HARBOR,1,japanese_restaurant,,海岸1-12-2
兼蔵,1,japanese_restaurant,restaurant|bar,海岸1丁目16-1
マーロン,1,japanese_restaurant,,海岸1-7-1
TBC,1,restaurant,japanese_restaurant,銀座8丁目21-12
もちづき,1,japanese_restaurant,asian_restaurant|lounge,銀座8-7-7 JUNO銀座誠和ビル2F
Zen8丁目店,1,bar,dance_club|cafe,銀座8-5-12 第2ウルワシビル2F
銀座あさみ,1,japanese_restaurant,asian_restaurant|restaurant,銀座8丁目16-6
いちにいさん カレッタ汐留店,1,japanese_restaurant,asian_restaurant|restaurant,東新橋1丁目8-2
だん家 カレッタ汐留店,1,japanese_restaurant,restaurant,東新橋1丁目8-2
EJEVAR,1,restaurant,,東新橋1-8-2
萬鉄,1,japanese_restaurant,steakhouse|restaurant,東新橋1丁目8-2
Vin Tetsu,1,japanese_restaurant,sushi_restaurant,
尽銀座外堀通り店,1,japanese_restaurant,restaurant,新橋1丁目4-5
水色,1,japanese_restaurant,restaurant,東新橋1-8-2 カレッタ汐留46F
Kazahana,1,japanese_restaurant,sushi_restaurant|asian_restaurant,"Higashishinbashi, 1 Chome−9−1 28階"
Cerise,1,restaurant,diner|european_restaurant,1 Chome-9-1 Higashishinbashi
山薬清流庵 新橋汐留店,1,japanese_restaurant,restaurant,"Higashishinbashi, 1 Chome−5−2 汐留シティセンタ 地下 １階"
The Momentum by Porsche,1,restaurant,theme_restaurant|european_restaurant,東新橋1丁目5-2
レス アルカーナプレミア,1,buffet_restaurant,asian_fusion_restaurant|restaurant,東新橋1丁目5-2
星遊山,1,japanese_restaurant,barbecue_restaurant|asian_restaurant,東新橋1丁目5-2
majestic汐留,1,lounge,,東新橋1-5-2
工藤軒,1,bar,indian_restaurant|restaurant,"Shinbashi, 2 Chome−21−1 新橋駅前ビル2号館 B1F"
あいはま,1,japanese_restaurant,restaurant|sake_bar,2 Chome-21-1 Shinbashi
サイド バイ サイド,1,bar,restaurant|bar_and_grill_restaurant,新橋2丁目21-1
芳菊,1,asian_restaurant,restaurant|japanese_restaurant,新橋2丁目21-1
花れん,1,japanese_restaurant,restaurant,新橋3丁目25-3
ニュー加賀屋,1,japanese_restaurant,restaurant|diner,新橋3丁目25-7
清水 HANARE,1,japanese_restaurant,restaurant|diner,新橋3丁目26-4
Shimizu HANARE,1,japanese_restaurant,restaurant|bar,"Shinbashi, 3 Chome−26−4 新橋相互ビル"
かぼちゃ,1,japanese_restaurant,restaurant|bar,"Shinbashi, 3 Chome−26−4 新橋相互ビル"
元長,1,asian_restaurant,japanese_restaurant|restaurant,銀座8丁目4-2
キッチンbelle,1,restaurant,burger_restaurant|bar,新橋2-19-6新和ビルB1
食通工房然汐留店,1,bar,japanese_restaurant|restaurant,東新橋1丁目7-1
花山椒,1,japanese_restaurant,restaurant|diner,東新橋1丁目7-1
芝文,1,japanese_restaurant,seafood_restaurant|restaurant,浜松町1丁目14-8
具魯烏葡浜松町店,1,japanese_restaurant,asian_restaurant|bar,1 Chome-12-8 Hamamatsucho
三番船ハ印,1,bar,,
キッチン ハレヤ,1,restaurant,japanese_restaurant|diner,浜松町1丁目19-9
夕庵,1,japanese_restaurant,restaurant|bar,浜松町1丁目8-8
Switch,1,restaurant,,浜松町1-8-4
カシムラ,1,japanese_restaurant,chicken_restaurant,東新橋2丁目10-2
TYO drive,1,fast_food_restaurant,event_planning,東京都港区新橋５丁目１４−１０
新橋工 2号店,1,bar,japanese_restaurant|dance_club,東京都港区新橋５丁目１５−１
ソニア,1,japanese_restaurant,restaurant|barbecue_restaurant,新橋5丁目15-1
一喜,1,bar,restaurant|asian_restaurant,新橋5丁目16-5
Torihara,1,restaurant,japanese_restaurant|asian_restaurant,4 Chome-24-3 Shinbashi
さっちも,1,bar,sushi_restaurant|japanese_restaurant,新橋5丁目12-9
たがわ,1,japanese_restaurant,bar|sushi_restaurant,新橋5丁目12-9
新橋元楽,1,japanese_restaurant,restaurant|diner,新橋5丁目12-1
甚三新橋2号店,1,japanese_restaurant,restaurant,東京都港区新橋５丁目１２−２
闘鶏新橋店,1,japanese_restaurant,sushi_restaurant,新橋5丁目12-2
楽でん,1,japanese_restaurant,restaurant|asian_restaurant,"Shinbashi, 5 Chome−12−1 露月町ビル 1F"
工 takumi,1,bar,japanese_restaurant|restaurant,新橋4丁目20-8
いちいの木,1,japanese_restaurant,restaurant|diner,新橋4丁目19-10
座,1,japanese_restaurant,food_stand|restaurant,"Shinbashi, 4 Chome−19−10 タカソビル B1F"
舎舎迦,1,restaurant,japanese_restaurant|diner,4 Chome-19-10 Shinbashi
こじゃんと,1,japanese_restaurant,,新橋4-18-4
gg,1,japanese_restaurant,restaurant|chicken_restaurant,"Shinbashi, 4 Chome−18−4 村上ビル ３F"
新らく,1,japanese_restaurant,restaurant,新橋4丁目18-4
EMIKO,1,japanese_restaurant,restaurant|bar,
C'est La Vie,1,bar,restaurant,"Shinbashi, 4 Chome−19−19番の1 2F"
新橋わっつり,1,japanese_restaurant,restaurant|bar,新橋4丁目19-1
一乃川,1,japanese_restaurant,bar|restaurant,"Shinbashi, 3 Chome−23−7 新新ビル"
Shimbashi Kamiya,1,restaurant,japanese_restaurant|asian_restaurant,4 Chome-19-1 Shinbashi
でん姫,1,restaurant,bar|sake_bar,新橋4丁目19-6
恭恭,1,japanese_restaurant,asian_restaurant|restaurant,新橋4丁目21-15
新橋蓮月,1,restaurant,,新橋4丁目21-8 レヴェリー新橋1階
美味ぇ津 ゙,1,bar,japanese_restaurant|restaurant,新橋4丁目21-7
joker_shinbashi,1,restaurant,,新橋4-19-3王子ビル1階
炭火 桃吉,1,japanese_restaurant,restaurant|bar_and_grill_restaurant,3 Chome-22-6 Shinbashi
炎陣,1,japanese_restaurant,barbecue_restaurant|restaurant,新橋3丁目22-6
よくばり屋新橋店,1,japanese_restaurant,sushi_restaurant|restaurant,新橋3丁目23-1
宵の宴,1,japanese_restaurant,sake_bar|dance_club,3 Chome-23-1 Shinbashi
今日はあき子,1,japanese_restaurant,restaurant|diner,"Shinbashi, 3 Chome−22−8 第二東ビル 1F"
鳥海,1,japanese_restaurant,restaurant,新橋3丁目22-7
真ゆき,1,japanese_restaurant,asian_restaurant|restaurant,3 Chome-21-2 Shinbashi
弁財天,1,bar,pub|diner,新橋3丁目21-2
Takoya,1,japanese_restaurant,restaurant|bar,"Shinbashi, 3 Chome−22−2 つるやTKビル ２階"
蛸家新橋店,1,japanese_restaurant,bar,新橋3丁目22-2
花れん3,1,restaurant,diner,新橋3丁目22-2
PUB,1,bar,pub|sake_bar,新橋3丁目22-3
どんどん,1,japanese_restaurant,barbecue_restaurant|restaurant,新橋3丁目22-2
千嶋秩父,1,japanese_restaurant,restaurant|asian_restaurant,新橋3丁目22-3
くじら雲,1,bar,park|karaoke,新橋3丁目22-3
くし家,1,japanese_restaurant,bar|restaurant,3 Chome-25-21 Shinbashi
炭火亭新橋店,1,japanese_restaurant,barbecue_restaurant|restaurant,新橋3丁目21-11
Restaurant tokyo,1,restaurant,japanese_restaurant,3 Chome-21-2 Shinbashi
和っちゃんや,1,japanese_restaurant,restaurant|bar,新橋3丁目21-2
ごっつい 新橋,1,japanese_restaurant,,新橋3-16-8
駒,1,japanese_restaurant,restaurant,新橋3丁目17-4
ウエスタン,1,bar,restaurant|eat_and_drink,"Shinbashi, 3 Chome−17−4 小島ビル"
佐原,1,japanese_restaurant,restaurant|asian_restaurant,新橋3丁目20-8
Kakurega,1,japanese_restaurant,restaurant|asian_restaurant,"Shinbashi, 3 Chome−19−4 桜井ビル B1F"
きっちん かご,1,japanese_restaurant,,新橋3-18-2
COO,1,lounge,bar|restaurant,"Shinbashi, 3 Chome−19−6 新陽ビルディング"
ニューいずみ,1,japanese_restaurant,restaurant,"Shinbashi, 3 Chome−19−6 新陽ビルディング B1"
大友,1,pub,bar|japanese_restaurant,新橋3丁目16-9
て羅巣,1,bar,japanese_restaurant|restaurant,3 Chome-16-9 Shinbashi
グラン・パ,1,restaurant,diner|european_restaurant,"Shinbashi, 3 Chome−17−7 筑水ビル"
銀の鈴,1,japanese_restaurant,restaurant|sushi_restaurant,新橋3丁目17-8
炭の屋,1,japanese_restaurant,restaurant,新橋3丁目16-4
スポットライト,1,bar,pub,新橋3丁目16-3
いっ星,1,japanese_restaurant,,新橋3-18-7
元ゆうきや,1,bar,sake_bar|beer_garden,3 Chome-16-12 Shinbashi
Bump,1,bar,,新橋3
とみたや 新橋店,1,japanese_restaurant,restaurant,新橋4丁目15-1
綾苑,1,japanese_restaurant,asian_restaurant|restaurant,新橋4丁目15-2
安座,1,bar,japanese_restaurant|restaurant,新橋4丁目15-2
なる十,1,japanese_restaurant,restaurant|diner,新橋4丁目15-7
ぼんそわ,1,bar,sake_bar|japanese_restaurant,新橋4丁目15-5
青樹本店,1,japanese_restaurant,restaurant,新橋4丁目15-3
城喜元,1,restaurant,bar|japanese_restaurant,新橋4丁目14-6
桜蓮,1,japanese_restaurant,bar|restaurant,新橋4丁目14-6
しんばし 元,1,restaurant,,新橋4丁目14-7
見知らず,1,bar,japanese_restaurant|restaurant,新橋4丁目11-8
山しな,1,japanese_restaurant,barbecue_restaurant|restaurant,新橋4丁目11-8
かすみ亭,1,japanese_restaurant,sushi_restaurant|asian_restaurant,"Shinbashi, 4 Chome−11−8 植木ビル ２階"
石塚商店,1,japanese_restaurant,butcher_shop|shopping,新橋4丁目7-6
くまの巣,1,bar,bar_and_grill_restaurant|sake_bar,新橋4丁目11-5
遊煙地,1,restaurant,cocktail_bar,東京都港区新橋４丁目１１−５
はからめ,1,bar,bar_and_grill_restaurant|pub,4 Chome-11-5 Shinbashi
気まぐれ,1,bar,pub,新橋4丁目11-5
ジャンナビア,1,bar,,石田ビル1F
新橋 こまき,1,bar,sake_bar|japanese_restaurant,東京都港区新橋３丁目１５−５
食K,1,japanese_restaurant,restaurant,新橋4丁目10-8
とうり弐ノ丸,1,japanese_restaurant,restaurant|diner,"Shinbashi, 4 Chome−10−8 2階"
串こまち 新橋店,1,japanese_restaurant,restaurant|diner,新橋3丁目16-20
ジロー,1,japanese_restaurant,restaurant,新橋3丁目13-7
aeru,1,restaurant,bar|marriage_or_relationship_counselor,新橋3丁目9-4
長崎街道,1,bar,japanese_restaurant|noodles_restaurant,新橋3丁目13-8
マルキン 2nd,1,restaurant,,"Shinbashi, 3 Chome−14−6 新橋小林ビル 3階"
OliverONE,1,bar,lounge,"Shinbashi, 3 Chome−14−6 小林ビル 201号"
いちろう,1,bar,restaurant|japanese_restaurant,新橋3丁目14-6
ニポポ,1,japanese_restaurant,eat_and_drink|bar,新橋3丁目14-6
立天,1,japanese_restaurant,,新橋3丁目15-7
平木商店,1,bar,japanese_restaurant|italian_restaurant,新橋3丁目14-1
OHANAかご,1,japanese_restaurant,asian_restaurant|restaurant,新橋3丁目13-10
虎徹,1,restaurant,bar|pub,新橋3丁目13-10
初島,1,japanese_restaurant,seafood_restaurant,新橋3丁目13-2
へそ新橋0号店,1,restaurant,japanese_restaurant|bar,"Shinbashi, 3 Chome−13−2 サウスビル 1階(1"
新橋 福33ファンクラブ,1,bar,restaurant,東京都港区新橋３丁目１３−１０
あだち亭,1,bar,restaurant|korean_restaurant,新橋3丁目11-5
Ginza Charcoal Grill Ichikawa,1,japanese_restaurant,restaurant|diner,2 Chome-15 Shinbashi
一匹のこぶた,1,diner,restaurant,"Shinbashi, 2 Chome−15−17 あおいビル 2F"
かっし,1,bar,restaurant|asian_restaurant,新橋2丁目15-13
ぐう 新橋,1,japanese_restaurant,barbecue_restaurant|asian_restaurant,新橋2丁目9-13
Kiku,1,bar,restaurant|pub,新橋2丁目15-3
長屋,1,japanese_restaurant,restaurant|bar,新橋2丁目15-13
鹿火矢,1,japanese_restaurant,restaurant,新橋2丁目9-13
反省屋,1,bar,restaurant|japanese_restaurant,新橋3丁目13-2
焚―タケル―,1,bar,pub|restaurant,新橋2丁目15-9
神戸や新橋店,1,japanese_restaurant,bar,"Shinbashi, 2 Chome−15−7 4F-D"
黒達磨,1,bar,japanese_restaurant|restaurant,"Shinbashi, 2 Chome−15−8 WBビル 3F"
喜月,1,bar,japanese_restaurant|asian_restaurant,新橋2丁目15-10
饗 おもてなし,1,japanese_restaurant,restaurant|bar,東京都港区新橋２丁目９−１１
手八,1,bar,sake_bar|restaurant,新橋2丁目9-12
鉄火場,1,bar,sake_bar|restaurant,新橋2丁目9-12
CHAOS,1,bar,arts_and_entertainment|pub,"Shinbashi, 2 Chome−9−9 Kビル 2F"
でんやふじさわ,1,japanese_restaurant,restaurant|asian_restaurant,"Shinbashi, 2 Chome−9−17 Kビル 3F"
しゃかりき,1,japanese_restaurant,,新橋2-9-4
福炎や,1,japanese_restaurant,bar|sake_bar,"Shinbashi, 2 Chome−9−6 4F"
HAMACLUB,1,bar,,新橋2-8-5
紅艶,1,japanese_restaurant,,新橋2-8-5
大和田新橋店,1,japanese_restaurant,asian_restaurant|restaurant,新橋2丁目8-4
よしよし,1,bar,japanese_restaurant|restaurant,新橋2丁目8-2
Zawa,1,bar,japanese_restaurant,"Shinbashi, 2 Chome−8−18 MOM6F"
ゑちぜん屋,1,japanese_restaurant,restaurant|diner,新橋2丁目8-17
ひげ増,1,bar,restaurant|japanese_restaurant,新橋2丁目8-17
喜歌,1,bar,restaurant,2 Chome-8-14 Shinbashi
やまむら,1,japanese_restaurant,cafe|bar,"Yamada Building, 2 Chome-8-14 Shinbashi"
バンジーノ,1,bar,italian_restaurant|indian_restaurant,2 Chome-8-14 Shinbashi
Shinbashi 園丁,1,bar,restaurant|pub,新橋2丁目9-17
志利,1,japanese_restaurant,restaurant,新橋2丁目9-17
AJITO 新橋店,1,bar,japanese_restaurant,新橋2丁目9-17
梅美津,1,japanese_restaurant,restaurant|asian_restaurant,2 Chome-9-17 Shinbashi
鶏繁厨房,1,japanese_restaurant,,新橋2丁目9-17
南洲,1,japanese_restaurant,restaurant,新橋2丁目9-1
花のれん 新橋店,1,bar,restaurant|pub,新橋2丁目9-1
新橋 以蔵,1,bar,sake_bar|lounge,"Aoba Building, 2 Chome-9-1 Shinbashi"
古今亭,1,japanese_restaurant,asian_restaurant|restaurant,東京都港区新橋２丁目９−１４
おくう 新橋店,1,japanese_restaurant,barbecue_restaurant,
さくら麹新橋店,1,japanese_restaurant,bar|restaurant,新橋1丁目18-12
天龍 新橋西口店,1,bar,,新橋1-18-13
十十六,1,japanese_restaurant,restaurant|sushi_restaurant,1丁目1-13
香水亭 かすいてい,1,restaurant,japanese_restaurant|sushi_restaurant,東京都港区新橋１丁目１５−５
世界バイキング エトワール,1,buffet_restaurant,restaurant,"新橋1丁目2-6, 第一ホテル東京地下1階"
志磨,1,japanese_restaurant,asian_restaurant|bar,新橋1丁目14-8
Hakata Gekijo,1,japanese_restaurant,,
羅生門,1,bar,chicken_restaurant|restaurant,新橋1丁目13-8
小澤牧場牛○,1,bar,,新橋1丁目13-3 新橋ガード下横丁
鉄板焼き屋台 テッちゃん,1,restaurant,,新橋1丁目13-3
ADY,1,restaurant,,新橋1-15-5 5階
グランハマー,1,lounge,,新橋2-8-5
三冠王,1,restaurant,bar|active_life,2 Chome-16-1 Shinbashi
まさむぬ,1,japanese_restaurant,restaurant|diner,新橋2丁目16-1
廣楽,1,japanese_restaurant,bar|dance_club,2 Chome-16-1 Shinbashi
串かしく,1,japanese_restaurant,restaurant,新橋2丁目16-1
THE DIVE FACTORY 東京店,1,restaurant,,新橋2丁目16-1 ニュー新橋ビル 3F
備長亭,1,japanese_restaurant,restaurant,新橋2丁目16-1
ニューニコニコ,1,japanese_restaurant,asian_restaurant|restaurant,2 Chome-16-1 Shinbashi
美食小屋,1,restaurant,diner,新橋2丁目16-1
九兵新橋駅前店,1,bar,sake_bar|diner,新橋2丁目16-1
さんま,1,japanese_restaurant,bar|sushi_restaurant,新橋2丁目16-1
扇里,1,japanese_restaurant,restaurant|bar,新橋2丁目16-1
Days,1,japanese_restaurant,bar|restaurant,"Shinbashi, 2 Chome−16−16 地下一階"
明石ニューワールド,1,restaurant,sake_bar|cafe,東京都港区新橋２丁目１６−１
朱舟 新橋,1,japanese_restaurant,restaurant|bar,"Shinbashi, 2 Chome−16−1 ニュー新橋ビル B1F"
しんばし初藤,1,japanese_restaurant,restaurant|sake_bar,新橋2丁目16-1
あかべえ,1,restaurant,,新橋2丁目16-1ニュ-新橋ビル2F 215
銀座葡萄屋,1,japanese_restaurant,,新橋2-16-1
とと家,1,japanese_restaurant,bar|restaurant,新橋2丁目16-1
だいだい橙,1,japanese_restaurant,restaurant|diner,2 Chome-16-11 Shinbashi
日吉,1,restaurant,japanese_restaurant|sushi_restaurant,"Shinbashi, 2 Chome−16−1 ニュー新橋ビル B1-9"
一斎,1,japanese_restaurant,sushi_restaurant,東京都港区新橋２丁目１６−１
志ん橋 ひでや 本店,1,japanese_restaurant,,新橋2-16-1
Kumamoto,1,restaurant,fast_food_restaurant|bar,
カタトソデ,1,japanese_restaurant,,新橋2 東口地下街1
安ん座,1,japanese_restaurant,,港区新橋4-15-2
ginza.kounoya,1,restaurant,bar,"shinbashi,1-1-1"
ぶりす,1,restaurant,japanese_restaurant|bar_and_grill_restaurant,"Shinbashi, 1 Chome−11−2 I/O Shimbashi, 1F"
すきはな 新橋銀座口店,1,japanese_restaurant,,新橋1-11-5
うめちゃん,1,japanese_restaurant,bar|restaurant,2 Chome-20-15 Shinbashi
月夜見-ツクヨミ,1,bar,professional_services|pub,新橋2丁目20番15号
みや,1,bar,cafe|japanese_restaurant,新橋2丁目20-15
かんざし,1,japanese_restaurant,bar|pub,新橋2丁目20-15
たこ助,1,bar,sake_bar|fast_food_restaurant,新橋2丁目20-15
壱番館,1,bar,restaurant,新橋2丁目20-15
トーキョースタンド,1,restaurant,steakhouse,東京都港区新橋２丁目２０−１５
BOX,1,bar,japanese_restaurant|restaurant,新橋2丁目20-15
三芳八,1,bar,japanese_restaurant|pub,新橋2丁目20-15
本陣房 本店,1,japanese_restaurant,asian_restaurant|restaurant,"Shinbashi, 2 Chome−20−15 新橋駅前ビル1号館 １階"
Kitchen Belle,1,restaurant,asian_restaurant|japanese_restaurant,"Shinbashi, 2 Chome−19−6 新和ビル 地下１階"
銀座ワイナックス,1,winery,,東京都港区新橋1-8-4
TOKi,1,japanese_restaurant,restaurant|diner,"Shinbashi, 1 Chome−8−4 SMBC Shimbashi Building, 2階 ※ビル正面右側に2階への階段、エレベーターが御座います。"
はと屋,1,restaurant,japanese_restaurant|bakery,銀座8-5
コンブリオ,1,bar,restaurant|asian_restaurant,新橋1丁目5-5
はれたり くもったり,1,japanese_restaurant,sake_bar|bar,銀座8-4
銀晴れ,1,japanese_restaurant,bar,1 Chome-5-5 Shinbashi
俺の,1,restaurant,,"新橋 1丁目 5-6, 銀座第3誠和ビル地下1階"
銀座いちりん,1,japanese_restaurant,restaurant|asian_restaurant,銀座8丁目5-13
15番地,1,bar,restaurant|cocktail_bar,銀座8丁目5-15-B
Ginza 1954,1,japanese_restaurant,restaurant|bar,"Ginza, 8 Chome−8−5-15 ビル B1F"
たまりんど,1,bar,dance_club|restaurant,8 Chome-5-12 Ginza
mizumesakura,1,bar,cocktail_bar|lounge,銀座8丁目5-19
Ginza Attic,1,bar,pub|arts_and_entertainment,"Ginza, 8 Chome−5−19 三幸ビル B2"
Dandy Ash,1,bar,cafe,"Ginza, 8 Chome−5−20 Marks Ginza 10階"
Dee Dee monde,1,lounge,,銀座8-5-19 三幸ビルB2F
銀座なか川,1,japanese_restaurant,restaurant|river,銀座8丁目5-19
キャラメル,1,bar,pub|cocktail_bar,"Ginza, 8 Chome−5−9 民友ビル 5F"
Rabu,1,japanese_restaurant,chinese_restaurant|asian_restaurant,"Ginza, 8 Chome−6−15 グランドホテル B1F"
一木,1,japanese_restaurant,sushi_restaurant|cafe,8 Chome-10 Ginza
ぎんざ 魁,1,japanese_restaurant,restaurant,8 Chome-6-15 Ginza
ルシェンテ,1,lounge,bar|dance_club,東京都中央区銀座８丁目６−１８
Diamonds,1,bar,restaurant|pub,"Ginza, 8 Chome−7−11 9階 Diamond"
山ぎん,1,japanese_restaurant,asian_restaurant|restaurant,東京都中央区銀座８丁目７−１６
Eterna,1,bar,pub|cocktail_bar,"Ginza, 8 Chome−6−11 新和ビルB1"
並木,1,restaurant,bar|pub,銀座8丁目6-18
杜,1,lounge,bar|social_service_organizations,銀座8丁目6-18
まさき,1,bar,restaurant|food_beverage_service_distribution,銀座8丁目6-18
レガル,1,bar,restaurant|japanese_restaurant,銀座8丁目6-9
銀座琳千,1,japanese_restaurant,restaurant|asian_restaurant,銀座8丁目6-20
こ輪,1,bar,pub|cocktail_bar,"Ginza, 8 Chome−6−20 6階"
みや平,1,japanese_restaurant,,銀座4丁目8-13
まかない喜いち,1,japanese_restaurant,restaurant|diner,"Ginza, 8 Chome−6−19 銀座 渡辺ビル ５F"
ひら井,1,japanese_restaurant,asian_restaurant|restaurant,銀座8丁目5-8
橙家,1,japanese_restaurant,,銀座8丁目5
銀座てらやま,1,japanese_restaurant,restaurant|bar,銀座8丁目5-10
華壇,1,bar,dance_club|chinese_restaurant,銀座8丁目5-22
季の庭 銀座店,1,japanese_restaurant,restaurant,"Ginza, 8 Chome−5−21 かわばたビル 新館１階"
萬久満,1,japanese_restaurant,restaurant|diner,"Ginza, 8 Chome−4−24 ６階"
くらのすけ 八官店,1,japanese_restaurant,,銀座8-4-5
Pルーム,1,bar,restaurant|dance_club,銀座8丁目4-5
アイリーンアドラ,1,bar,pub|lounge,東京都中央区銀座８丁目４−６
Ginzaman,1,asian_restaurant,japanese_restaurant|restaurant,"Ginza, 8 Chome−5−24 La Paix 3"
三池,1,bar,restaurant,"Ginza, 8 Chome−4−4 村喜五号館 B1F"
ヨーソロー,1,bar,restaurant|asian_restaurant,東京都中央区銀座８丁目４−４
リハーサル,1,bar,,
銀座 高たか,1,bar,pub,銀座8-5-24ラペ3　2F
元酒屋,1,restaurant,liquor_store|bakery,銀座8丁目5-24
憩 ikoi,1,restaurant,sake_bar|cafe,銀座8丁目5-24
コートドールデュオ,1,bar,restaurant|arts_and_entertainment,銀座8丁目5-24
天成閣,1,japanese_restaurant,restaurant,8 Chome-5-6 Ginza
OLIVE ginza,1,bar,,銀座7丁目5-12ニューギンザビル８号館７Ｆ
Brick,1,pub,bar|restaurant,銀座8丁目5-5
バコール,1,bar,restaurant|pub,7 Chome-8-5 Ginza
グレース,1,bar,,銀座8丁目5-25
今泉,1,bar,whiskey_bar|restaurant,銀座8丁目5-25
新貝,1,japanese_restaurant,restaurant|asian_restaurant,銀座8丁目5-25
なじみ亭,1,bar,korean_restaurant|japanese_restaurant,銀座8丁目5
穂の花,1,japanese_restaurant,asian_restaurant|smoothie_juice_bar,銀座8丁目4-2
舞花,1,bar,dance_club|restaurant,8 Chome-4-2 Ginza
Magika,1,lounge,american_restaurant,"3F, 8 Chome-5-26 Ginza"
Ginza 69,1,japanese_restaurant,wine_bar|bar,"Ginza, 8 Chome−5−25 8Y&Yホワイトビル 5F"
和菜蔵,1,japanese_restaurant,,銀座8丁目5-1 プラザG8 4F
樹景,1,pub,bar|restaurant,銀座8丁目5-26
桃李,1,lounge,chinese_restaurant|asian_restaurant,銀座8-5-1 プラザG8ビル5階
銀座おおつき,1,restaurant,bar|japanese_restaurant,銀座8丁目4-2
ラトリエ・アルジャン,1,bar,eat_and_drink|lounge,"Ginza, 8 Chome−4−27 菊乃香銀座ビル 8階"
WARP,1,bar,restaurant|pub,8 Chome-4-26 Ginza
フィール,1,restaurant,fast_food_restaurant,銀座8丁目4-26
きく,1,japanese_restaurant,bar,銀座8丁目4-3
いおり,1,japanese_restaurant,bar,銀座8丁目4-25
Ginza Sora,1,restaurant,french_restaurant,"Ginza, 8 Chome−4−5 HACHIKAN3110ビル １階"
日向銀座店,1,japanese_restaurant,barbecue_restaurant,銀座8丁目4-24
GOLD,1,bar,clothing_store|womens_clothing_store,銀座8丁目4-23
ツクヨミ,1,bar,lounge|dance_club,東京都中央区銀座８丁目４−２３
銀座くらはし,1,japanese_restaurant,,銀座8丁目5-20
浜ゆう,1,japanese_restaurant,asian_restaurant|restaurant,銀座8丁目4-21
銀座マルキーズ,1,restaurant,bakery|coffee_shop,東京都中央区銀座８丁目４−２１
いっぱし,1,japanese_restaurant,,銀座8-4-9
銀座光よし,1,bar,,銀座8 2-11ニューギンザビル11号館 4F
HI-T ハイト,1,bar,korean_restaurant|pub,銀座8-2-8 高坂ビルB2F-B室
ハ タ ン,1,restaurant,bar|dance_club,東京都中央区銀座８丁目２−１０
喜の間,1,japanese_restaurant,restaurant|sushi_restaurant,銀座8丁目2-8
サン・ホセ,1,japanese_restaurant,asian_restaurant|restaurant,8 Chome-2-12 Ginza
黒猫や,1,bar,cocktail_bar|sake_bar,"Ginza, 8 Chome−2−15 Mori Bldg, 地下２階"
Primo,1,bar,pub|lounge,"Ginza, 8 Chome−2−13 J, 7F"
バニオン,1,bar,dance_club|restaurant,銀座8丁目2-13
sage & fennel,1,restaurant,,銀座8-2-14
寅の刻,1,japanese_restaurant,restaurant|eat_and_drink,銀座8丁目2-15
和楽星球銀座,1,restaurant,bar|chinese_restaurant,東京都中央区銀座8-2-15 明興ビル3F
マルハチ,1,bar,japanese_restaurant|restaurant,銀座8丁目2-13
コントレイル,1,bar,restaurant,銀座8-2-13
五代庵,1,restaurant,,銀座8丁目2-10 誠和シルバービル1F
お華茶屋,1,japanese_restaurant,restaurant|diner,東京都中央区銀座８丁目２−１３
Ginza Backdoor,1,bar,casino|active_life,銀座8-3-12-2F
クアデラ,1,japanese_restaurant,restaurant|diner,銀座8丁目3-12
銀座おかもと,1,japanese_restaurant,,銀座8-3-12
娘芋,1,japanese_restaurant,restaurant|asian_restaurant,銀座8丁目3
銀座山崎,1,bar,wine_bar|sake_bar,銀座8丁目3-11
GINZA我歩,1,japanese_restaurant,restaurant|asian_restaurant,銀座8-3
銀座離宮,1,japanese_restaurant,,銀座8-3-11
銀座扇や,1,japanese_restaurant,restaurant,
銀座和久多,1,japanese_restaurant,restaurant|asian_restaurant,銀座7丁目8-16
粋京,1,japanese_restaurant,restaurant,8丁目3-12
Manda Ginza,1,japanese_restaurant,restaurant,銀座8丁目3-1
ひめらぎ,1,bar,dance_club|restaurant,銀座8丁目3-11
SKY-HI,1,bar,cocktail_bar|japanese_restaurant,8 Chome-2-11 Ginza
Svax 銀座,1,lounge,bar|eat_and_drink,
黒船屋新橋店,1,bar,sake_bar,新橋1丁目4-4
Bee 銀座,1,bar,diner|restaurant,銀座8-5
かじ乃家,1,japanese_restaurant,restaurant|food_truck,新橋1丁目4-5
ひろちゃん,1,japanese_restaurant,restaurant,新橋1丁目13-3
新橋くすお,1,bar,,東京都港区新橋2-5-6大村ビルF1
BLOW 銀座裏コリドー,1,restaurant,,内幸町1丁目6-4
丸壱富士 銀座コリドー街店,1,japanese_restaurant,restaurant,銀座8-3
Mt Fugi,1,restaurant,fast_food_restaurant|bar,東京都中央区佃１丁目４−５
ぎんざ阿吽,1,bar,japanese_restaurant|sushi_restaurant,銀座8-2先 コリドー街東京高速道路山下ビル
RIB HOUSE,1,bar,,銀座8-2-16
Ocean House Fundes Ginza,1,japanese_restaurant,restaurant,8丁目2-16
おもき,1,japanese_restaurant,asian_restaurant|restaurant,銀座8丁目2-1
七塚,1,japanese_restaurant,restaurant|asian_restaurant,7 Chome-2-2-14 Ginza
All Night Jasmine,1,japanese_restaurant,restaurant|bar,"Ginza, 7 Chome−2−14 3階"
id,1,bar,pub|karaoke,"Ginza, 7 Chome−2−14 4階"
くらのすけ コリトー店,1,bar,japanese_restaurant|sushi_restaurant,銀座7丁目2-14
焚膳,1,japanese_restaurant,restaurant,銀座7-2先
ブラン亭,1,bar,japanese_restaurant|restaurant,"Ginza, 7 Chome−2−14 4階"
馬るTOKYO,1,bar,,銀座7丁目2-14
照庵,1,restaurant,japanese_restaurant|cafe,銀座7丁目2-12
あぶら屋,1,bar,,銀座7丁目2-14
Sirena,1,bar,restaurant|italian_restaurant,"Ginza, 7 Chome−2−14 1F"
LIME,1,asian_restaurant,,銀座7丁目2 銀座コリドー2F
RIGEL,1,lounge,sake_bar,"Ginza, 7 Chome−2−14 26 Polestar, 2F-C"
まじかな,1,bar,japanese_restaurant|music_venue,7 Chome-3-13 Ginza
オリオンズ,1,bar,restaurant|lounge,銀座7丁目3-13
あらじん,1,bar,pub|bar_and_grill_restaurant,銀座7丁目3-13
銀座しん坊,1,restaurant,japanese_restaurant,銀座7丁目3-13
丸五水産築地青果,1,bar,real_estate|japanese_restaurant,銀座7丁目3-13
Sakurajima,1,bar,japanese_restaurant|sake_bar,銀座7丁目3-13
ステラ,1,bar,restaurant,銀座7丁目6-6
銀座結絆,1,japanese_restaurant,,銀座7-3-8
只今,1,japanese_restaurant,restaurant|bar,銀座7丁目3-16
黒尊,1,japanese_restaurant,sushi_restaurant|asian_restaurant,銀座7丁目3-15
おちょぼ,1,japanese_restaurant,asian_restaurant|restaurant,銀座7丁目3-16
la france,1,bar,restaurant|bar_and_grill_restaurant,銀座7丁目3-16
銀座 百楽,1,japanese_restaurant,restaurant|asian_restaurant,"Ginza, 7 Chome−2−8 TAKAYA GINZA, 2階"
やっぱり生 DE Show,1,bar,,銀座7-2-8
際際,1,japanese_restaurant,restaurant,東京都中央区銀座7-2-8 東建ビル4階
味の店乃だや 銀座店,1,japanese_restaurant,restaurant,銀座7丁目2-20
Ginza Koiku,1,japanese_restaurant,restaurant|asian_restaurant,銀座7丁目2-8
銀座福和,1,japanese_restaurant,,銀座7-2-8
能登輪島,1,japanese_restaurant,asian_restaurant|restaurant,銀座7丁目2-8
福和好日,1,japanese_restaurant,restaurant|asian_restaurant,銀座5丁目5-11
Salud,1,bar,sake_bar|restaurant,銀座7丁目3-13
のぞみ,1,bar,bar_and_grill_restaurant|transportation,銀座7丁目2-9
宮新,1,japanese_restaurant,restaurant|chicken_restaurant,銀座7丁目2番先コリドー街
L'essentiel,1,bar,lounge|pub,"Ginza, 7 Chome−2−11 菊村ビル ４F"
銀の月銀座コリドー店,1,bar,lounge|japanese_restaurant,銀座7丁目2-17
紅れや 銀座コリドー店,1,japanese_restaurant,restaurant|asian_restaurant,7 Chome-2-107 Ginza
MOON901,1,theme_restaurant,barbecue_restaurant|restaurant,"Ginza, 7 Chome−2−20 PACIFIC GINZA BLDG, RF"
武蔵別邸巌流島,1,japanese_restaurant,restaurant,銀座7丁目2-20
ぽん吉,1,japanese_restaurant,asian_restaurant|restaurant,銀座7丁目2-20
せろ,1,restaurant,japanese_restaurant|bar,銀座７丁目2−２０　銀座コスモビルⅡ２F A室
花あさぎ,1,japanese_restaurant,shopping,7 Chome-2-4 Ginza
Cote D'azur Ginza Corridor,1,restaurant,diner,
Salon 1950,1,restaurant,asian_restaurant|japanese_restaurant,中央区銀座6丁目2-10
福みみ コリドー店,1,japanese_restaurant,,銀座6丁目-2番先コリドー街ＧＩＮZAはなれ B1F
自然物語 ごだいご,1,japanese_restaurant,,銀座7-108-103
丸吟,1,bar,barbecue_restaurant|cafe,銀座7丁目1-105
ごだいご銀座コリドー北店,1,japanese_restaurant,asian_restaurant|restaurant,銀座7丁目108-103
Kikukawa,1,restaurant,,東京都中央区佃１丁目４−５
Ginza Shibudani,1,restaurant,fast_food_restaurant,東京都中央区佃１丁目４−５
PARTY for ETERNITY 銀座店,1,restaurant,,銀座6-2-1
ローレライ本店,1,japanese_restaurant,,銀座5丁目1-16
美味千成,1,japanese_restaurant,restaurant|bar,有楽町2丁目1-1
雲々堂 有楽町店,1,japanese_restaurant,buffet_restaurant,"Yurakucho, 1 Chome−2−9 3F"
鉄兵,1,japanese_restaurant,barbecue_restaurant|restaurant,有楽町1丁目2-9
円居 MADOy 日比谷,1,japanese_restaurant,steakhouse|restaurant,有楽町1丁目2-8
おねぎ,1,japanese_restaurant,bar,有楽町1丁目2-8
裏の庭,1,bar,restaurant|japanese_restaurant,1 Chome-2-9 Yurakucho
和粋,1,japanese_restaurant,liquor_store|bar,1 Chome-2-9 Yurakucho
栄有楽町駅前店 の口コミを読もう!,1,japanese_restaurant,bar,東京都千代田区有楽町１丁目２−９
くすの木,1,bar,japanese_restaurant|restaurant,東京都千代田区有楽町１丁目２−９
きたぎん,1,japanese_restaurant,bar,東京都千代田区有楽町２丁目１−７
南部家,1,japanese_restaurant,,有楽町2-1-11
チャヤ ナチュラル&ワイルト テーフ ル 日比谷シャンテ店,1,restaurant,health_food_restaurant|health_food_store,東京都千代田区有楽町１丁目２−２
五穀,1,japanese_restaurant,restaurant|sushi_restaurant,東京都千代田区有楽町１丁目２−２
空海日比谷シャンテ店,1,restaurant,asian_restaurant|japanese_restaurant,東京都千代田区有楽町１丁目２−２
やさいの王様 日比谷シャンテ店,1,restaurant,vegetarian_restaurant|salad_bar,東京都千代田区有楽町１丁目２−２
The Spindle,1,restaurant,cafe|delicatessen,東京都千代田区有楽町１丁目１−２
Sanbuntei,1,japanese_restaurant,restaurant,"Yurakucho, 1 Chome−9 東京ミッドタウン日比谷 3階"
Drawing House of Hibiya,1,restaurant,japanese_restaurant|diner,有楽町1丁目1-2
Diana,1,dive_bar,,有楽町1-5-2
春秋ツギハギ,1,japanese_restaurant,restaurant|diner,有楽町1丁目1-1
Yamatokan,1,japanese_restaurant,restaurant,"Uchisaiwaicho, 1 Chome−2−2 日比谷ダイビルB1"
リダイン銀座,1,bar,,
Restaurant Toyo,1,japanese_restaurant,restaurant|diner,有楽町1丁目1-2
Tsuzuri,1,japanese_restaurant,restaurant,有楽町1丁目9-3
醍醐有楽町店,1,japanese_restaurant,barbecue_restaurant|korean_restaurant,有楽町1丁目6-1
三代目文治本店,1,japanese_restaurant,,有楽町1丁目6-3
Yakichi Yurakucho Marion mae,1,restaurant,asian_restaurant|bar,東京都中央区佃１丁目４−５
マーブル,1,japanese_restaurant,restaurant|indian_restaurant,有楽町1丁目10-1
ストーン 有楽町ビル店,1,restaurant,,東京都千代田区有楽町1丁目10-1 有楽町ビル
ロッキーカナイ有楽町店,1,restaurant,bar|japanese_restaurant,東京都千代田区有楽町１丁目７−１
洞良倶有楽町本店,1,bar,japanese_restaurant|restaurant,有楽町1丁目7-1
食安商店,1,bar,restaurant|brewery,有楽町2丁目4-3
Bannai Yurakucho,1,restaurant,japanese_restaurant|asian_restaurant,東京都中央区佃１丁目４−５
さわら,1,japanese_restaurant,restaurant|asian_restaurant,有楽町2丁目4-5
チカロ,1,bar,pub|cocktail_bar,2 Chome-4-4 Yurakucho
京祇をん ににぎ,1,japanese_restaurant,,有楽町2-9-1
ノムノエクスプレス エキュートエディション有楽町店,1,restaurant,cafe|bar_and_grill_restaurant,東京都千代田区有楽町２丁目９−１
陽だまり 銀座有楽町店,1,japanese_restaurant,,有楽町1-12-1
LA VERDE 有楽町店,1,restaurant,,"有楽町1丁目10-1, 有楽町ビルB1"
umami nuts,1,restaurant,bakery|cafe,丸の内3-1-1
にっぽんのひとさら,1,japanese_restaurant,sushi_restaurant,丸の内3丁目1-1
北大路帝劇店,1,japanese_restaurant,,丸の内3丁目1-1
キッチン晴,1,japanese_restaurant,restaurant|diner,丸の内3丁目1-1
福津留,1,japanese_restaurant,restaurant|asian_restaurant,丸の内3丁目1-1
ラ ボデガ,1,restaurant,,丸の内3丁目1-1
八千代,1,japanese_restaurant,,丸の内3-2-1
サングリア,1,restaurant,diner,丸の内2丁目2-1
丸仲亭,1,japanese_restaurant,sushi_restaurant,2 Chome-2-3 Marunouchi
moodboard,1,restaurant,bar,丸の内2丁目6-1
豚専門 清水,1,restaurant,,丸の内2-6-1　 丸の内ブリックスクエア B1F
アリスアクアガーデン,1,restaurant,european_restaurant|cafe,丸の内2丁目1-1
Hanahiro Cq,1,japanese_restaurant,,"Marunouchi, 2 Chome−6−1 ブリックスクエア 1F"
たまさか 丸の内店,1,japanese_restaurant,restaurant|diner,丸の内2丁目6-1
アンセンブル,1,restaurant,singaporean_restaurant|asian_restaurant,東京都千代田区丸の内２丁目６−１
Tama Marunouchi,1,japanese_restaurant,wine_bar|restaurant,丸の内2丁目6-1
株式会社DRC,1,restaurant,italian_restaurant|mediterranean_restaurant,丸の内２−６−１
ふじ喜屋,1,japanese_restaurant,restaurant,丸の内2-4-1 丸ビル 6F
モリタ屋丸の内店,1,japanese_restaurant,,丸の内2丁目4-1
KOMU,1,japanese_restaurant,shopping|grocery_store,東京都千代田区丸の内2-4-1\n丸の内ビルディングB1F
醍醐味丸の内店,1,japanese_restaurant,restaurant|diner,丸の内2丁目4-1
Marunouchi Daikoku,1,japanese_restaurant,restaurant|diner,丸の内2丁目4-1
Daigomi,1,japanese_restaurant,restaurant|asian_restaurant,"Marunouchi, 2 Chome−4−1 Marunouchi Building, 5F"
Incanto,1,restaurant,bar|wholesale_store,東京都千代田区六番町１−７
ドンピエールハート,1,japanese_restaurant,,丸の内2-7-2
タ ホ ッチャーノ Kitte丸の内,1,restaurant,sushi_restaurant|japanese_restaurant,Kitte 東京都千代田区丸の内2-7-2
Toukyoukaraagebaru,1,bar,fast_food_restaurant|restaurant,東京都千代田区六番町１−７
ぎゅんた,1,japanese_restaurant,restaurant|diner,丸の内2丁目7-2
霧笛屋キッテグランシェ店,1,restaurant,japanese_restaurant|diner,"Marunouchi, 2 Chome−7−2 JPタワーKITTE B1F"
うめぇ堂,1,restaurant,diner,
東京 ロビー Kitte 丸の内,1,restaurant,japanese_restaurant,丸の内2丁目7-2
ほこらん,1,japanese_restaurant,sushi_restaurant|bar,東京都千代田区丸の内１丁目９−２
トナリ,1,japanese_restaurant,mens_clothing_store,2丁目7-3
葡萄の杜互談や,1,restaurant,buffet_restaurant|bar,2丁目7-3
銀座おぐ羅丸の内Tokia店,1,japanese_restaurant,restaurant,2丁目7-3
プラネットサードトウキョウ,1,restaurant,,丸の内2丁目7-3
どいちゃん東京丸の内店,1,bar,restaurant|japanese_restaurant,丸の内2丁目7-3
Shuns,1,asian_restaurant,restaurant|japanese_restaurant,丸の内2-7-3
ムーチョ,1,restaurant,mexican_restaurant|korean_restaurant,東京都千代田区丸の内2-7-3 東京ビルTOKIA 2F
ねぎポ有楽町店,1,japanese_restaurant,restaurant|diner,丸の内3丁目6-1
ミルクワンタン,1,japanese_restaurant,restaurant|diner,丸の内3丁目7-9
眞花,1,bar,japanese_restaurant|sushi_restaurant,丸の内3丁目6-7
ふくてい,1,japanese_restaurant,restaurant,東京都千代田区丸の内３丁目６−７
レバンテ,1,restaurant,beer_garden|bar,丸の内3丁目5-1
汐風,1,restaurant,seafood_restaurant|bar,
響有楽町店,1,bar,japanese_restaurant|asian_restaurant,有楽町2丁目7-1
恵比寿初代,1,japanese_restaurant,,東京都千代田区有楽町２丁目１０−１
あふ ら屋,1,bar,asian_restaurant|pub,銀座7丁目2-14
あけぼの,1,japanese_restaurant,restaurant|diner,有楽町2丁目10-1
べにづる,1,japanese_restaurant,asian_restaurant|restaurant,有楽町2丁目10-1
Hiroshimaya,1,japanese_restaurant,restaurant|diner,2 Chome-10-1 Yurakucho
Ginza Kanda,1,japanese_restaurant,flowers_and_gifts_shop|restaurant,"Ginza, 10, １０ 西2-2 銀座インズ2 B1"
芦州亭,1,japanese_restaurant,restaurant,銀座西2-2
Michinoku,1,japanese_restaurant,asian_restaurant|restaurant,"Ginza, 2 Chome−10−2 銀座インズ2-2階"
居心伝,1,bar,sake_bar|cafe,銀座3丁目3-9
銀座ガーデンファーム 並木通り店,1,japanese_restaurant,nursery_and_gardening|home_and_garden,中央区銀座3丁目3-14
朔月,1,japanese_restaurant,restaurant|diner,銀座3丁目3-14
羅豚 ギンザ・グラッセ,1,japanese_restaurant,restaurant,銀座3丁目2-15
Katamari,1,restaurant,barbecue_restaurant|asian_restaurant,"Ginza, 西2−2 インズ2内 B1F"
Rabu Ginza Glasse branch,1,bar,,銀座3丁目2-15
Rabu Ginza Glace,1,japanese_restaurant,asian_restaurant|restaurant,"Ginza, 3 Chome−2−15 ギンザ・グラッセ １０F"
SEANA,1,asian_restaurant,,銀座3-2-15
re:Dine GINZA,1,restaurant,,銀座4-3-1
あきしの,1,japanese_restaurant,restaurant|asian_restaurant,"Ginza, 4 Chome−3−5 銀座ＡＨビル"
coisof,1,restaurant,,銀座4丁目3-1 並木館 9F
ReDine 日本橋室町,1,restaurant,cafe,東京都中央区日本橋室町2丁目2-1 コレド室町1 4F
KEYAKI,1,bar,japanese_restaurant|restaurant,銀座3丁目3-11
りょく銀座,1,japanese_restaurant,,銀座3-3-9
Amazing Wagyu,1,restaurant,japanese_restaurant|asian_restaurant,3 Chome-3-9 Ginza
葱や田蔵,1,restaurant,landmark_and_historical_building|thai_restaurant,
Arbre Village,1,japanese_restaurant,restaurant|diner,"Ginza, 4 Chome−5−7 4F"
栞庵 やましろ,1,japanese_restaurant,restaurant|diner,銀座5丁目9-19
SQUARE MEALS みなもと,1,mediterranean_restaurant,,銀座5-9-17
GINZA KUKI,1,japanese_restaurant,restaurant,銀座5丁目9-16
しろや 銀座亭,1,japanese_restaurant,,5丁目9-16
たまご屋さん 銀座店,1,japanese_restaurant,restaurant,銀座5丁目8-20
いらか銀座店,1,japanese_restaurant,restaurant|asian_restaurant,銀座5丁目8-20
加賀屋銀座店,1,japanese_restaurant,asian_restaurant|restaurant,東京都中央区銀座５丁目８−１７
おもき 離れ 銀座店,1,japanese_restaurant,restaurant|diner,銀座8丁目2-1
とらすけ はなれ,1,japanese_restaurant,eat_and_drink,銀座5丁目8-13
いしかわ五右衛門,1,japanese_restaurant,bar|restaurant,銀座5丁目8-13
銀座古川,1,japanese_restaurant,,銀座5-7-10
Kohage,1,japanese_restaurant,restaurant,5 Chome-6-２
銀波銀座店,1,japanese_restaurant,restaurant,銀座5丁目6-2
舟甚,1,japanese_restaurant,restaurant|asian_restaurant,銀座5丁目5-6
MASQ,1,restaurant,,銀座5-6-6
ドギーズ,1,bar,restaurant|diner,銀座5丁目6-8
ちくぜん,1,japanese_restaurant,restaurant|sushi_restaurant,東京都中央区銀座５丁目６−１４
THE NIIGATA Bit GINZA,1,restaurant,,銀座5-6-7
北の庄,1,food_and_drink,restaurant|cafe,銀座6丁目10-1
cocolo kitchen kyoto,1,japanese_restaurant,,銀座6-10-1
喰善 あべ,1,japanese_restaurant,asian_restaurant|restaurant,銀座5丁目6-10
KUROBE,1,restaurant,bar,"Ginza, 6 Chome−8−6 木の実ビル 3階"
真理福,1,japanese_restaurant,,銀座6-8-6
小熊,1,japanese_restaurant,restaurant|asian_restaurant,銀座5丁目5-13
レディタン ザ・トトキ,1,japanese_restaurant,restaurant,銀座5丁目5-13
銀座波奈,1,japanese_restaurant,restaurant|diner,銀座5丁目5-11
銀座幸の羽,1,japanese_restaurant,,銀座5-5-14
Kuma3,1,japanese_restaurant,asian_restaurant|restaurant,"Ginza, 5 Chome−5−14 JPR銀座並木通りビル 8F"
しゃんく,1,bar,restaurant|dance_club,5 Chome-5-11 Ginza
津乃,1,japanese_restaurant,asian_restaurant|restaurant,銀座5丁目6-10
竹の庵,1,japanese_restaurant,asian_restaurant|restaurant,銀座5丁目6-13
福光屋,1,bar,cafe|coffee_shop,銀座5丁目5-8
瑞秀,1,restaurant,japanese_restaurant,銀座5丁目5-8
1/2 Nibun no Ichi,1,cafeteria,,銀座5-3-1
菜のHana,1,bar,,銀座4丁目2-12 銀座クリスタルビル 9F
京都石塀小路豆ちゃ 有楽町,1,restaurant,japanese_restaurant|asian_restaurant,東京都千代田区有楽町２丁目５−１
Ginza Enzo,1,japanese_restaurant,barbecue_restaurant|asian_restaurant,"Ginza, 4 Chome−1−1 西銀座デパート 2F"
慶屋,1,japanese_restaurant,,有楽町2丁目4-11
びいどろ,1,bar,asian_restaurant|pub,有楽町2丁目3-9
銀の月,1,bar,pub|sake_bar,有楽町2丁目3-6
今飯天銀座本店,1,bar,japanese_restaurant|pub,有楽町2丁目3-6
季立,1,bar,pub|cocktail_bar,有楽町2丁目3-6
我楽路,1,asian_restaurant,restaurant|japanese_restaurant,有楽町2丁目3-3
KIKKOMAN LIVE KITCHEN TOKYO,1,restaurant,,有楽町2-2-3
Basai Ginza,1,restaurant,asian_restaurant|japanese_restaurant,東京都千代田区有楽町２丁目３−２
びすとろ家日比谷店,1,japanese_restaurant,restaurant|diner,有楽町1丁目6-8
いちにいさん 日比谷店,1,restaurant,japanese_restaurant|sushi_restaurant,千代田ビル
蔵ノ助,1,japanese_restaurant,,有楽町1-3-7
Uomaru Honten,1,bar,fast_food_restaurant|restaurant,
かよひ路日比谷店,1,japanese_restaurant,,有楽町2-1-18
Kaiji Hibiya,1,japanese_restaurant,restaurant|asian_restaurant,有楽町2-1-18
銀座吉乃翔,1,japanese_restaurant,restaurant|asian_restaurant,銀座6丁目2-1
タイム・コンシェルジュ,1,lounge,,"Ginza, 5 Chome−1−8 4F"
陸離倶楽部,1,bar,dance_club|pub,6 Chome-4-18 Ginza
無有夢銀座,1,bar,,銀座6丁目4-6
呂者堂,1,japanese_restaurant,restaurant|diner,銀座6丁目4-5
美味むすび Uma,1,restaurant,,銀座6-4-5
Vie Lembranca,1,restaurant,bar|bar_and_grill_restaurant,銀座 6丁目5-13
HAJIME,1,japanese_restaurant,restaurant,銀座6丁目4-7
KPIOS,1,bar,,"Ginza, 6 Chome−4−8 ニューギンザビル 3号館 6F"
参燦々,1,bar,pub|arts_and_entertainment,銀座6-4-8 ニューギンザビル3号館B1
島津亭,1,japanese_restaurant,restaurant|asian_restaurant,"Ginza, 6 Chome−4−8 ニューギンザビル 3号館 4F"
れん,1,bar,french_restaurant|eat_and_drink,6 Chome-4-8 Ginza
クリオス,1,bar,,東京都中央区銀座６丁目４−８
あ・寛銀座,1,japanese_restaurant,asian_restaurant|restaurant,銀座6丁目4-8
Ginza Kazami,1,japanese_restaurant,restaurant|asian_restaurant,銀座6丁目4-13
庫裏,1,restaurant,bar|sake_bar,銀座6丁目4-15
おぐ羅,1,japanese_restaurant,,銀座6-3-6
サロン まにまに,1,bar,beauty_salon|japanese_restaurant,"Ginza, 6 Chome−4−17 銀座出井ビル 4階"
銀座馬酔木,1,restaurant,,銀座6丁目4-17 出井ビル 2F
黒薩摩総本店,1,japanese_restaurant,,銀座6-4-17
佃喜知,1,japanese_restaurant,restaurant|bar,6 Chome-3-5 Ginza
東京 My PLEASURE,1,bar,pub|restaurant,"Ginza, 6 Chome−3−5 第2 ソワレ•ド•ビル5F"
Hashigo Ginza,1,japanese_restaurant,noodles_restaurant|asian_restaurant,6 Chome-3-5 Ginza
わ道行,1,japanese_restaurant,restaurant,"Ginza, 6 Chome−3−17 1F"
おったん,1,japanese_restaurant,restaurant|asian_restaurant,"Ginza, 6 Chome−3−16 泰明ビル"
ワイキキ,1,bar,travel|restaurant,銀座6丁目3-16
宵酔堂,1,japanese_restaurant,restaurant,銀座6丁目3-16
四馬路,1,restaurant,bar|diner,銀座6丁目3-16
家めし 殊衆,1,japanese_restaurant,restaurant|diner,銀座6丁目3-7
野ざわ,1,japanese_restaurant,sushi_restaurant|attractions_and_activities,銀座6丁目3-15
鶏ちゃん焼時,1,japanese_restaurant,restaurant,銀座6丁目3-15
銀座しも田,1,japanese_restaurant,asian_restaurant|restaurant,"Ginza, 6 Chome−2−6 ウエストビル 地下1階"
オペラハウス銀座,1,japanese_restaurant,restaurant|pub,銀座6丁目3-16
しらたまや,1,japanese_restaurant,bar|restaurant,"Ginza, 6 Chome−2−6 ウエストビル 地下2階"
ルルベ,1,bar,dance_club|restaurant,6 Chome-2-6 Ginza
コウユンジ,1,japanese_restaurant,,"Ginza, 6 Chome−2−6 ウエストビル 7階"
Dencho,1,japanese_restaurant,restaurant|sake_bar,"Ginza, 6 Chome−2−6 ウエストビル 6階"
里庵,1,japanese_restaurant,desserts,6 Chome-2 Ginza
合同会社ati,1,bar,food_beverage_service_distribution|eat_and_drink,銀座6丁目2-10
リブハウス オーシャンハウス,1,japanese_restaurant,restaurant|diner,銀座6丁目2-10
銀座 しぶ谷,1,japanese_restaurant,,銀座6-2-7
東生園,1,asian_restaurant,restaurant|diner,6 Chome-2-7 Ginza
サンミ高松本店,1,restaurant,japanese_restaurant|french_restaurant,銀座6丁目3-9
いか福,1,japanese_restaurant,,銀座6-3-12
銀座 うわの空,1,restaurant,bar|sake_bar,東京都中央区銀座６丁目３−１２
銀熊茶寮,1,japanese_restaurant,restaurant|diner,銀座6丁目3-11
三坪,1,bar,bar_and_grill_restaurant|restaurant,銀座6丁目3-11
銀座穂の河,1,japanese_restaurant,sushi_restaurant|asian_restaurant,銀座6丁目3-11
Okubo 銀座,1,japanese_restaurant,,銀座6-4-12
香川,1,japanese_restaurant,,銀座6-3-9
三亀,1,japanese_restaurant,asian_restaurant|restaurant,銀座6丁目4-13
チアーズワン 銀座店,1,bar,,銀座6丁目4-12 KNビル4F ロハス銀座内
KINOKOjazzカラオケ,1,bar,japanese_restaurant|travel_services,銀座7丁目3-16
ボラーヌ,1,bar,japanese_restaurant,"Ginza, 7 Chome−4−14 光不動産光ビル 3階"
セルビドン,1,restaurant,bar,銀座7丁目4-14
別亭 えくぼ,1,japanese_restaurant,,銀座7丁目4-14 光ビルディングB2
コートダジュール,1,bar,karaoke|clothing_store,銀座7丁目4-14
Renge,1,japanese_restaurant,restaurant|diner,銀座7丁目4-5
Ken Adonis,1,restaurant,molecular_gastronomy_restaurant|japanese_restaurant,"Ginza, 7 Chome−4−5 銀座ビル 745 2F"
じゃぱんらんち 銀座店,1,food_and_drink,cafe|delicatessen,銀座7丁目4-15
いわ井,1,japanese_restaurant,restaurant,銀座6丁目3-7
母さんの台所,1,japanese_restaurant,asian_restaurant|restaurant,"Ginza Shuho, 7 Chome-5-16 Ginza"
八悦丸,1,bar,sushi_restaurant|japanese_restaurant,銀座7丁目5-16
福 Fuku,1,restaurant,japanese_restaurant|asian_restaurant,銀座7-5-16 秀芳ビル1階
蝶や,1,japanese_restaurant,asian_restaurant|restaurant,銀座6丁目6-9
銀座村,1,restaurant,italian_restaurant|eat_and_drink,銀座6丁目6-11
絆,1,bar,japanese_restaurant,6 Chome-6-9 Ginza
亀八,1,japanese_restaurant,restaurant,"Ginza, 7 Chome−5−4 La Vialle Ginza Bldg, 6F"
ギンザ エス,1,bar,,銀座7-5-4
水無月,1,japanese_restaurant,,銀座7-5-16
銀座たぬき,1,pub,japanese_restaurant|asian_restaurant,"Ginza, 7 Chome−6−19 弥生ビル"
唐井筒,1,japanese_restaurant,asian_restaurant|restaurant,銀座7丁目6-19
Sukabura,1,bar,cafe|pub,"Ginza, 7 Chome−6−19 ソワレ・ド・銀座弥生ビル ４Ｆ"
Sure シュール,1,bar,restaurant|lounge,7-6-19 ソワレド銀座弥生4階
Shanabool Ginza,1,bar,restaurant|lounge,銀座7丁目6-2
NAMIKI667,1,lounge,restaurant,銀座6丁目6-7
ピロポ,1,lounge,bar|restaurant,銀座6丁目6-11
ひめみこ,1,bar,pub|eat_and_drink,銀座6丁目6-9
ソワレ・ド・銀座,1,bar,dance_club|restaurant,銀座6丁目6-9
ふたご屋,1,bar,restaurant|pub,銀座6丁目6-9
交潤社,1,bar,japanese_restaurant|social_service_organizations,銀座6丁目6-9
Mur,1,bar,lounge,銀座6丁目5-14
チルドレン,1,pub,bar|restaurant,銀座6丁目6-9
竹取百物語,1,japanese_restaurant,restaurant|diner,銀座6丁目5-15
茂松,1,restaurant,japanese_restaurant|asian_restaurant,東京都中央区銀座６丁目５−１５
セン,1,bar,dance_club|restaurant,銀座6丁目5-16
Ginza Cotohi,1,japanese_restaurant,restaurant|asian_restaurant,銀座6丁目5-17
コルザ,1,restaurant,,銀座6丁目5-15 銀座能楽堂ビルB1F
アムルーズ,1,restaurant,wine_bar|japanese_restaurant,銀座6丁目5-17
肉屋田中,1,japanese_restaurant,steakhouse|restaurant,6丁目4-3
玉亭,1,japanese_restaurant,asian_restaurant|restaurant,
華縁,1,bar,japanese_restaurant,"Ginza, 6 Chome−6−19 若松ビル 3階"
アシーム,1,bar,restaurant|gastropub,銀座6丁目5-16
銀座 瑞花,1,japanese_restaurant,,銀座6-4-7
エスタシオン,1,bar,,銀座6丁目6-19
Restaurant Fukasaku,1,japanese_restaurant,restaurant,銀座5丁目3-13
Route251,1,bar,lounge,東京都中央区銀座5丁目4-14国松ビル3F
Ladybird,1,bar,lounge,銀座5丁目4-15
盡,1,restaurant,,銀座5-4-15
Seabird Colony 銀座本店,1,restaurant,diner,"西五ビル, 3F, 5 Chome-4-15 Ginza"
銀座 こじま屋,1,japanese_restaurant,restaurant,"Ginza, 5 Chome−4−15 エフローレ銀座５ ２階"
銀座海人,1,japanese_restaurant,,銀座5丁目4-15
Tokyo Craft Land,1,restaurant,bar|cafe,銀座5丁目4-15
カモメセラー,1,bar,restaurant|bar_and_grill_restaurant,"Ginza, 6 Chome−7−19 ミクニビル 4階"
ぴの,1,restaurant,bar|pub,銀座6丁目7-19
銀座 花大根,1,japanese_restaurant,,銀座6-7-4
銀座ゆたか,1,japanese_restaurant,steakhouse|restaurant,銀座6-7-6
あかどら1000,1,japanese_restaurant,,銀座6丁目8-17
Hakkoku,1,japanese_restaurant,asian_restaurant|restaurant,"Ginza, 6 Chome−7−6 ラペビル ３F"
Ginza Hotaru,1,japanese_restaurant,restaurant,"Ginza, 6 Chome−7−6 ラペビル 1F"
晩風 銀座店,1,restaurant,bar|eat_and_drink,東京都中央区銀座６丁目７−１８
銀座百楽,1,japanese_restaurant,,銀座6-7-18
ひごや,1,japanese_restaurant,restaurant,銀座6丁目7-6
銀座安久,1,japanese_restaurant,,銀座6-8-7
おだし 加茂家,1,bar,,東京都中央区銀座6-7-9 4階
エル・コンドル,1,bar,grocery_store,銀座6丁目9-16
六覺燈,1,japanese_restaurant,restaurant|asian_restaurant,銀座6丁目8-7
一宝 東京店,1,restaurant,japanese_restaurant|asian_restaurant,銀座六丁目八－七　交詢ビルディング五階
和三盆銀座店,1,restaurant,,東京都
中嶋,1,japanese_restaurant,asian_restaurant|restaurant,銀座6丁目9-13
いちばち,1,japanese_restaurant,restaurant|bar,銀座8丁目6-18
八景,1,japanese_restaurant,restaurant|asian_restaurant,銀座6丁目9-13
フィル,1,pub,bar|dance_club,銀座6丁目9-13
Haru,1,lounge,sake_bar|eat_and_drink,"Ginza, 6 Chome−9−13 第一ポールスタービル 3F"
羅豚銀座本店,1,japanese_restaurant,chinese_restaurant|restaurant,銀座7丁目8-1
GinzaEdit,1,japanese_restaurant,bar|restaurant,銀座7丁目8-19
三徳堂,1,japanese_restaurant,desserts|restaurant,銀座7丁目8-19
ロングラン,1,bar,cocktail_bar|lounge,銀座7丁目8-1
双寿,1,japanese_restaurant,bar|restaurant,銀座7丁目8-19
ヨシ,1,bar,restaurant|pub,銀座7丁目8-1
銀座 松玄凜,1,japanese_restaurant,,銀座7-8-7
カーサアフェリス銀座,1,restaurant,bar_and_grill_restaurant|pub,銀座7丁目9-15
鳴門ご予約・お問い合わせ,1,japanese_restaurant,restaurant|asian_restaurant,銀座8丁目10-16
野菜の王様,1,japanese_restaurant,health_food_restaurant,銀座8丁目10-17
やさいの王様,1,vegetarian_restaurant,japanese_restaurant|restaurant,銀座8丁目10-17
銀座 ひかり,1,japanese_restaurant,,銀座1-9-12
The Magnus Tokyo,1,lounge,restaurant|bar,銀座7-8-10
1864.,1,restaurant,steakhouse|bar,銀座７丁目８−１０ FUKUHARA GINZA B1
Co-Lab,1,japanese_restaurant,bar|bar_and_grill_restaurant,"Ginza, 7 Chome−7−9 銀座山市ビル B1F"
深津ん家,1,food_and_drink,,銀座7-7-9 山市ビル B1F
響や,1,restaurant,japanese_restaurant|barbecue_restaurant,東京都中央区銀座７丁目８−１４
夢屋銀兵衛 虎夢,1,japanese_restaurant,restaurant,銀座8丁目5-15
Tsubamesanjo Bit Ginza,1,restaurant,,銀座7-8-8
mu-MU Nana,1,japanese_restaurant,restaurant|asian_restaurant,銀座7丁目8-7
アマニ,1,restaurant,theme_restaurant,銀座7丁目8-16
歓,1,japanese_restaurant,restaurant|asian_restaurant,銀座7丁目8-16
LUCE,1,lounge,,銀座7-8-15
いな多,1,japanese_restaurant,asian_restaurant|restaurant,"Ginza, 7 Chome−7−6 Aster Plaza Building, 1階"
純水,1,lounge,bar|cocktail_bar,銀座7丁目8-18
アン・ヴェール,1,bar,pub|cocktail_bar,銀座7丁目8-18
炭焼き 銀座まつもと,1,bar_and_grill_restaurant,steakhouse|restaurant,銀座7-7-19
響銀座3丁目店,1,bar,,銀座3丁目5-4 十字屋ビル3F
マルコメエックス,1,bar,restaurant|pub,銀座7丁目7-19 
銀座いろ葉,1,restaurant,,東京都中央区銀座7-7-19ニューセンタービルB1
都築,1,bar,restaurant|pub,7 Chome-7-19 Ginza
Baron,1,bar,cocktail_bar|pub,"Ginza, 7 Chome−7−6 Aster Plaza Building, 1F"
銀花,1,bar,lounge|cocktail_bar,7 Chome-7-6 Ginza
やなせ,1,pub,bar|dance_club,"Ginza, 7 Chome−7−16 4階"
CARA,1,bar,pub,7 Chome-7-16-15 Ginza
Ginza Bustle,1,lounge,bar|restaurant,銀座7丁目7-16
銀座 RIKI,1,lounge,bar,銀座7-6-16銀座金田中ビル3階
銀座安達直人,1,japanese_restaurant,restaurant|diner,銀座7丁目6-5
おかえりなさいさつま二,1,bar,private_association|restaurant,銀座7丁目6-7
五色,1,bar,dance_club|restaurant,銀座7丁目6-16
フェドーラ,1,bar,dance_club|pub,銀座7丁目6-16
串処最上銀座店,1,japanese_restaurant,restaurant|diner,銀座7丁目6-9
From North,1,bar,restaurant,東京都中央区銀座７丁目６−７
扇,1,restaurant,japanese_restaurant|diner,"1階, 7 Chome-7-15 Ginza"
Ginza Steps,1,food_and_drink,european_restaurant,7 Chome-7-12 Ginza
マルキーズ,1,bar,dance_club|pub,銀座7丁目7-14
竹川,1,japanese_restaurant,restaurant,銀座7丁目7-12
味岡,1,japanese_restaurant,,銀座7丁目7-12 ニューコンバルビル6F
坂,1,restaurant,japanese_restaurant|sushi_restaurant,銀座7丁目7-12
きたむら,1,japanese_restaurant,restaurant,7 Chome-7-14 Ginza
maekawa,1,japanese_restaurant,restaurant,"Ginza, 7 Chome−6−10 アソルティ銀座 花椿通りビル 11F"
GINZA BRIO,1,restaurant,,銀座7-6-10
ぎんざ 貴舟,1,japanese_restaurant,sushi_restaurant|asian_restaurant,銀座7丁目6-10
AZUMAN,1,japanese_restaurant,restaurant|steakhouse,銀座7丁目6-10
Ginza The Emperor,1,japanese_restaurant,halal_restaurant|restaurant,"Ginza, 7 Chome−6−10 アソルティ銀座 花椿通りビル 6階"
神在月,1,lounge,tea_room,"Ginza, 8 Chome−7−22 23 Polestar, 5階"
salon du coeur,1,bar,,銀座8丁目7-22 銀座ゴルフビルB1F
カンパーナ,1,bar,,8 Chome-7-22 Ginza
ぎんざ小町,1,japanese_restaurant,bar|asian_restaurant,"23 Polestar, 8 Chome-7-22 Ginza"
BLANCO,1,bar,boutique,"Ginza, 8 Chome−８−7-22 23 Polestar, 6階"
MOMOKI,1,bar,,銀座8-7-22
ロゼ,1,bar,restaurant|pub,銀座7丁目6-12
こむろ,1,bar,dance_club|restaurant,銀座7丁目6-14
AceGINZA,1,bar,sake_bar,"Ginza, 7 Chome−6−9 誠和ビル 5F"
須彌山,1,bar,japanese_restaurant|restaurant,"Ginza, 7 Chome−5−10 第2一越ビル 5 階"
銀座 和乃匠,1,japanese_restaurant,,銀座7-5-10
銀座 よし田,1,japanese_restaurant,,銀座7-5-10
志良田,1,japanese_restaurant,asian_restaurant|restaurant,銀座7丁目5-12
かこい亭,1,japanese_restaurant,chicken_restaurant|restaurant,"Ginza, 7 Chome−5−12 ニューギンザビル 8号館 地下 1 階"
Shirata,1,japanese_restaurant,restaurant|asian_restaurant,"Ginza, 7 Chome−5−12 ニューギンザビル 8号館 B1"
吟漁亭保志乃,1,japanese_restaurant,bar|restaurant,銀座7丁目5-12
Yamagata,1,japanese_restaurant,restaurant|diner,銀座8丁目5-1
Destiny Stone Ginza,1,bar,cocktail_bar,"Ginza, 8 Chome−5−1 プラザ G8 4F ビル"
Reverence R,1,restaurant,diner|european_restaurant,"Ginza, 8 Chome−5−5 Ms First Bldg., 2階"
徳,1,japanese_restaurant,restaurant|asian_restaurant,8 Chome-6-22 Ginza
オルフェ・マティオ,1,pub,bar|dance_club,銀座8丁目6-24
銀座 ひょうたん,1,japanese_restaurant,asian_restaurant|restaurant,築地5丁目2-1
鬨銀座,1,restaurant,japanese_restaurant|bar,東京都中央区銀座８丁目６−５
Luna Piena,1,lounge,bar|italian_restaurant,銀座8-6-24銀座会館ビル7F
我家我家,1,bar,japanese_restaurant|asian_restaurant,銀座8丁目6-2
あずき,1,bar,dance_club|arts_and_entertainment,8 Chome-6-4 Ginza
リトル,1,bar,dance_club|eat_and_drink,銀座8丁目7-21
はろばろ,1,bar,lounge|pub,銀座8丁目7-21
万里鈴,1,bar,restaurant|asian_restaurant,銀座8丁目7-21
スラッグス,1,bar,restaurant|japanese_restaurant,銀座8丁目7-6
HAPPYぐっどまん,1,restaurant,bar|japanese_restaurant,銀座8丁目7-6
流石 Le蔵,1,japanese_restaurant,restaurant,"Ginza, 8 Chome−7−7 Juno Ginza Seiwa Bldg., ６Ｆ"
柳本,1,restaurant,bar|cafe,8 Chome-7-7 Ginza
BooZZ,1,bar,lounge,銀座8丁目7-7
銀座 KEIJI,1,restaurant,,銀座8丁目7-7 JUNO 銀座誠和ビル8階
二代目 あわもり,1,japanese_restaurant,,"Ginza, 8 Chome−7−20 belle 銀座 5 ２階"
くしろ,1,japanese_restaurant,restaurant|asian_restaurant,銀座8丁目7-20
宮古路,1,japanese_restaurant,restaurant|asian_restaurant,銀座8丁目7-20
すヾの樹,1,restaurant,asian_restaurant|japanese_restaurant,東京都　中央区　銀座７－６－１９　ソワレ　ド　銀座弥生ビル　６F
ジョニー,1,bar,pub|cocktail_bar,銀座8丁目6-22
ヴィラバローネ,1,bar,dance_club|arts_and_entertainment,銀座8丁目6-21
mizutamari,1,bar,karaoke|pub,東京都中央区銀座８丁目６−２１
Masters Ginza,1,bar,restaurant,"Ginza, 8 Chome−6−7 1-A 1F奥"
ROSY別邸,1,bar,cocktail_bar,"Ginza, 8 Chome−6−8 フローレンスビル 2F"
いなむらや,1,bar,restaurant|pub,"Ginza, 8 Chome−7−18 かなめ屋ビル4階"
ちゃこ,1,restaurant,bar|japanese_restaurant,銀座8丁目7-4
ぼとるさんて,1,bar,pub|cocktail_bar,"Ginza, 8 Chome−7−18 月光荘ビル"
はないわみ,1,japanese_restaurant,comfort_food_restaurant|restaurant,8 Chome-7-18 Ginza
月のはなれ,1,cajun_and_creole_restaurant,restaurant|diner,銀座8丁目7-18
未能一,1,japanese_restaurant,restaurant|eat_and_drink,8 Chome-7-19 Ginza
Sunds,1,bar,cocktail_bar,"bell 銀座一ビル 2階, 8 Chome-7-19 Ginza"
えでーず銀座,1,bar,cocktail_bar|lounge,銀座8丁目7-18
苗,1,pub,bar|lounge,銀座8丁目7-18
わらじ家,1,japanese_restaurant,comfort_food_restaurant,銀座8丁目7
フラット銀座ナイン,1,bar,pub|cocktail_bar,銀座8-7先銀座ナイン2号館
MEGA,1,bar,restaurant|pub,8 Chome-7-9 Ginza
九州の旅,1,bar,restaurant|pub,8 Chome-7-10-4F Ginza
えざわ,1,japanese_restaurant,restaurant|asian_restaurant,8 Chome-7-10 Ginza
東尋坊,1,restaurant,japanese_restaurant|bar,銀座8-7
Luke House,1,bar,pub|beer_bar,銀座8丁目7-16
あある,1,restaurant,dance_club|bar,銀座8丁目7-16
タキタキ,1,bar,french_restaurant|restaurant,東京都中央区銀座８丁目７−１６
里山,1,japanese_restaurant,steakhouse|barbecue_restaurant,
かいど 銀座,1,japanese_restaurant,restaurant|sushi_restaurant,銀座8丁目7-16
シェリー,1,restaurant,dance_club|bar,銀座8丁目7-16
銀座けせらせら,1,restaurant,diner|eat_and_drink,銀座8丁目7-11
花いろ,1,bar,dance_club|pub,"Ginza, 8 Chome−7−11 ソワレ・ド・銀座㐧2弥生ビル"
匠苑 にくいち,1,japanese_restaurant,restaurant|diner,銀座8丁目8-11
銀座 創作料理 櫻,1,japanese_restaurant,restaurant|diner,東京都中央区銀座８丁目７−８
華蓮銀座店,1,japanese_restaurant,restaurant,銀座8丁目8-8
胡桃や,1,bar,dance_club|eat_and_drink,銀座8丁目8-7
美登里,1,japanese_restaurant,asian_restaurant|restaurant,銀座7丁目8-17
Who Knows,1,bar,,8 Chome-8-7 Ginza
エスタード銀座店,1,restaurant,karaoke|bar,銀座8丁目8-8
みな,1,bar,dance_club|japanese_restaurant,銀座8丁目8-7
Ginza Koso,1,japanese_restaurant,asian_restaurant|restaurant,"Ginza, 8 Chome−8−8 Ginza 888, 8F Ginza888 Bid 8F 8-8Ginza, Chuoku"
巴里夕顔銀座,1,restaurant,french_restaurant|japanese_restaurant,銀座8丁目8-8
Kagoshima Karen Ginza,1,japanese_restaurant,,銀座8丁目8-8
藤壷,1,japanese_restaurant,,銀座8丁目8-8 銀座888ビル6F
イル,1,bar,restaurant|italian_restaurant,"Ginza, 8 Chome−7−6 平つかビル"
笑座こんぱる,1,bar,pub|event_planning,銀座8丁目7-5
ジン,1,bar,restaurant,銀座8丁目8-19
銀座福樹,1,japanese_restaurant,restaurant|asian_restaurant,銀座8丁目8-19
九献,1,japanese_restaurant,restaurant|asian_restaurant,"Ginza, 8 Chome−8−18 新倉ビル"
銀座三河屋,1,japanese_restaurant,supermarket|grocery_store,銀座8丁目8-18
Angel Blueberry Club,1,restaurant,,銀座 8丁目8-17
KM Restaurant,1,theme_restaurant,french_restaurant|european_restaurant,8 Chome-8-19 Ginza
Ginza Ishizaki,1,japanese_restaurant,restaurant,"Ginza, 8 Chome−7−2 Horikoshi. Bldg, ４階"
銀座わかまつ,1,restaurant,bar,銀座8丁目8-6
新橋 あんどう,1,japanese_restaurant,bar|restaurant,新橋1丁目7-11
Komyuniti(コミュニティ)YOTEL東京銀座,1,restaurant,diner,1 Chome-7-7 Shinbashi
伍法,1,japanese_restaurant,noodles_restaurant|restaurant,銀座8丁目10-8
銀座羅豚 はなれ,1,japanese_restaurant,restaurant|diner,銀座8丁目10-8
Garden Of Four Seasons,1,japanese_restaurant,,銀座8-10-8
花辰,1,japanese_restaurant,restaurant|asian_restaurant,銀座8丁目17-7
佐たけ,1,restaurant,sushi_restaurant,東京都中央区銀座８丁目１４−９
ぎんざ有季銚,1,japanese_restaurant,,銀座7-13-8
銭形,1,japanese_restaurant,restaurant|asian_restaurant,"Ginza, 7 Chome−11−10 銭形ビル"
別邸入母屋,1,japanese_restaurant,bar,銀座7丁目9-20
L'atelier de oto(ラトリエドオト),1,restaurant,,Ginza 6-10-1 GINZA SIX 6F L'atelier de OTO
IZAMESHI Dish,1,japanese_restaurant,restaurant|diner,"Ginza, 7 Chome−10−1 GINZA innit 1F"
甲梅,1,japanese_restaurant,,銀座6-10-1
The Grand Ginza,1,restaurant,bar,"Ginza, 6 Chome−10−1 ＧＩＮＺＡ ＳＩＸ １３階"
銀座 かつら,1,japanese_restaurant,restaurant,
甚五郎,1,japanese_restaurant,,銀座6-10-1
のんちゃん,1,japanese_restaurant,restaurant,"Ginza, 6 Chome−12−10 B1"
手料理 おおよそ,1,japanese_restaurant,bar|restaurant,銀座7丁目12-4
御用達,1,japanese_restaurant,restaurant,銀座6丁目3-16
あじまぁ,1,japanese_restaurant,restaurant,銀座7丁目13-1
フィオーレ,1,buffet_restaurant,restaurant|cafe,東京都中央区銀座６丁目１４−１０
ユジン,1,japanese_restaurant,indian_restaurant|asian_restaurant,銀座6丁目13-8
こにたん,1,japanese_restaurant,restaurant,銀座7丁目12-4
Restaurant DESTINA,1,restaurant,european_restaurant,"Ginza, 6 Chome−12−12 10F 右手E.V"
野巣里,1,japanese_restaurant,asian_restaurant,銀座6丁目12-12
銀座 東海林 (Ginza Shoji),1,japanese_restaurant,,"6-12-15 Ginza, Chuo-ku"
ととりべ,1,japanese_restaurant,restaurant,銀座6丁目12-15
熊さわ,1,japanese_restaurant,,銀座6-12-15
銀座志翠,1,restaurant,,銀座6丁目12-14 松岡銀緑館ビル8F
Gyuan Ginza,1,japanese_restaurant,steakhouse|restaurant,6 Chome-13-6 Ginza
銀座匠,1,japanese_restaurant,,"銀座6-8-7 交詢ビル4F, 中央区"
しゃくしゃく,1,japanese_restaurant,,銀座5-9-11
福みみ 銀座,1,restaurant,bar|japanese_restaurant,銀座5丁目10-9
AC Kitchen,1,restaurant,asian_restaurant|asian_fusion_restaurant,銀座6丁目14-7
RISTASIX,1,asian_restaurant,,銀座6-14-10
Ginza Muraki,1,japanese_restaurant,asian_restaurant|restaurant,"Ginza, 6 Chome−14−10 コートヤード・マリオット銀座東武ホテル B1F"
松山,1,japanese_restaurant,restaurant|eat_and_drink,銀座7丁目16-18
藤里,1,japanese_restaurant,,"Ginza, 7 Chome−14−6 ＧＨ東銀座"
木挽町 㐂一,1,japanese_restaurant,,銀座7丁目15-7 クオリア銀座 やま祢ビル B1F 1F
Ginza Kokian,1,japanese_restaurant,restaurant|asian_fusion_restaurant,7 Chome-14-7 Ginza
ぎんざ 山路,1,japanese_restaurant,restaurant|diner,銀座7丁目14-14
ななしゃん (紹介制),1,bar,sake_bar,8 Chome-18-15 Ginza
成冨,1,japanese_restaurant,restaurant,銀座8丁目18-6
銀座柊家,1,japanese_restaurant,restaurant,8 Chome-18-3 Ginza
寛文五年堂 ―かんぶんごねんどう―,1,japanese_restaurant,restaurant|bar,銀座7丁目6-5
花蝶,1,japanese_restaurant,,銀座7丁目16-17
飯家くーた 銀座店,1,japanese_restaurant,asian_restaurant|restaurant,銀座7丁目17-8
銀座米村,1,japanese_restaurant,,7 Chome-17-18 Ginza
あわもり,1,restaurant,bar,東京都中央区銀座７丁目１７−１８
銀座萬菊,1,japanese_restaurant,asian_restaurant|restaurant,銀座6丁目16-6
加津代,1,pub,bar|restaurant,"Ginza, 6 Chome−16−6 坂口銀座ビル"
一瑳,1,japanese_restaurant,sushi_restaurant|restaurant,銀座7丁目15-18
The WAREHOUSE,1,restaurant,,銀座6丁目14-3
ふるさとスタンド,1,restaurant,japanese_restaurant,東京都中央区銀座２丁目１２−１２
Shari Higashiginza,1,japanese_restaurant,restaurant,"Ginza, 5 Chome−13−15 2F Mitsui Garden Hotel Ginza-gochome"
gz,1,japanese_restaurant,asian_restaurant|restaurant,銀座5丁目14-15
キャバレー,1,bar,cocktail_bar|lounge,銀座5丁目14-15
馳創吼龍,1,japanese_restaurant,asian_restaurant|restaurant,銀座5丁目14-14
銀座一匠,1,japanese_restaurant,sushi_restaurant|bar,銀座5丁目14-9
和貴,1,japanese_restaurant,,銀座5-14-9
銀座くどう,1,japanese_restaurant,asian_restaurant|restaurant,銀座5丁目14-14
天檀,1,japanese_restaurant,,
IROGAMI,1,bar,,銀座5-13-19
薩摩,1,bar,restaurant|asian_restaurant,銀座4丁目12-20
井雪,1,japanese_restaurant,sushi_restaurant|restaurant,銀座5丁目14-15
Tempo Primo Japan,1,japanese_restaurant,topic_concert_venue|music_venue,"Ginza, 5 Chome−15−19 銀座三真ビル ４F"
カウンター,1,bar,french_restaurant|restaurant,5 Chome-15-8 Ginza
トランチ 東銀座,1,food_truck_stand,cafe|delicatessen,東京都中央区銀座６丁目１７−２
銀座金時,1,bar,pub,
Biwawa,1,restaurant,,京橋1-1-9 千疋屋ビル２F
ブラザーズ 新富町,1,restaurant,coffee_shop,
Betoya Foods,1,restaurant,,Tsukiji 4-3-12-1006
河庄利宮,1,winery,,築地4-3-9
ツキジキッチン,1,japanese_restaurant,,築地4丁目1-1
鴨亭,1,japanese_restaurant,restaurant|asian_restaurant,築地4丁目2-11
Tsukiji無玄流,1,japanese_restaurant,,築地4-2-11
Wanofu,1,japanese_restaurant,sushi_restaurant|asian_restaurant,4 Chome-2-10 Tsukiji
築地さとう,1,japanese_restaurant,restaurant|sushi_restaurant,築地4丁目2-9
築地  奥の院,1,food_and_drink,restaurant|sushi_restaurant,
てんとう虫,1,restaurant,italian_restaurant|japanese_restaurant,築地4丁目4-5
築地 大谷,1,japanese_restaurant,sushi_restaurant|sake_bar,"Tsukiji, 4 Chome−9−4 築地市場 5-2-1ハ-66"
地下の粋,1,japanese_restaurant,,築地4-7-5
ONAKA PECO PECO by るるぶキッチン,1,restaurant,cafe|bar,東京都中央区築地４丁目７−３
鳥慎,1,japanese_restaurant,,築地2-15-15
羅豚(ラブ),1,restaurant,japanese_restaurant|bar,
Tsukiji Bunkajin,1,japanese_restaurant,noodles_restaurant|restaurant,1 Chome-12-16 Tsukiji
つきじ 文化人,1,japanese_restaurant,restaurant,築地1丁目12-16
三ツ田,1,japanese_restaurant,restaurant|asian_restaurant,築地1丁目12-15
ラサ,1,restaurant,asian_restaurant|japanese_restaurant,東京都中央区築地１丁目１２−２２
Komedokoron Ginza 3chome,1,restaurant,bar|cocktail_bar,銀座8-3-12
Osaka Kitchen Honten,1,japanese_restaurant,restaurant,"Ginza, 4 Chome−14−19 銀座グレートビル ２階"
平成オペラ座,1,bar,restaurant|theatre,銀座4丁目13-3
Ginnoto Main Building,1,japanese_restaurant,restaurant,"Ginza, 4 Chome−13−6 協和"
白金や,1,japanese_restaurant,sushi_restaurant|restaurant,銀座4丁目13-16
いけ田,1,japanese_restaurant,bar|restaurant,銀座4丁目14-8
木挽町 藤内,1,restaurant,,東京都中央区銀座4-13-7 木挽町會所 3F
アルコ・イリス 銀座店,1,mediterranean_restaurant,,銀座4-13-11
蜂の家銀座本店,1,japanese_restaurant,restaurant|diner,銀座4丁目13-11
越後屋八十吉,1,japanese_restaurant,restaurant|diner,銀座4丁目13-11
銀座やまう,1,japanese_restaurant,retail,4 Chome-13-13 Ginza
KEYAKI 欅,1,bar,restaurant,銀座3丁目3-11 稲垣ビル B1F
恵川,1,japanese_restaurant,restaurant|asian_restaurant,銀座4丁目12-4
三宅本店銀座店,1,bar,japanese_restaurant|sushi_restaurant,4丁目12-1
銀座かしわ,1,japanese_restaurant,,銀座4-12-1
Ginza Wakyo,1,japanese_restaurant,asian_restaurant|restaurant,"Ginza, 4 Chome−12−1 VORT銀座イーストⅡ 10階"
暫亭,1,japanese_restaurant,restaurant|eat_and_drink,東京都中央区銀座４丁目１１−１２
Shibarakutei Kibikicho,1,japanese_restaurant,restaurant|diner,"Ginza, 4 Chome−11−12 港北ビル"
桂庵,1,japanese_restaurant,restaurant|eat_and_drink,銀座3丁目10-14
銀座もちふじ,1,japanese_restaurant,,銀座3-11-18
時喰み,1,restaurant,japanese_restaurant|comfort_food_restaurant,銀座3丁目11-6
Stand By Farm,1,vegetarian_restaurant,restaurant|bar,銀座3丁目12-7
木挽町よしや,1,japanese_restaurant,hospital,東京都中央区銀座３丁目１２−９
徳うち山,1,japanese_restaurant,restaurant,銀座3丁目12-9
離亭三ぶん,1,japanese_restaurant,,銀座3-11-7
ぺるしい,1,bar,restaurant|french_restaurant,銀座3丁目11-8
カミーユ・フォルネジャポン,1,japanese_restaurant,,銀座3丁目13-11
Sugaya,1,japanese_restaurant,restaurant|asian_restaurant,"Ginza, 3 Chome−14−13 B1"
グランソレイユ,1,restaurant,,東京都中央区銀座３丁目１１−１９
レフ アオキ,1,restaurant,,中央区銀座3-12-6
遊食倶楽部,1,bar,japanese_restaurant|restaurant,銀座3丁目13-6
Restaurant Fumi,1,restaurant,european_restaurant,"Ginza, 3 Chome−14−16 第２ミズホビル 7F"
銀座 すが家,1,japanese_restaurant,,銀座3-14-13
Jararu,1,restaurant,bar,
銀座八五,1,japanese_restaurant,asian_restaurant|restaurant,銀座3丁目14-2
いしだや,1,restaurant,japanese_restaurant|asian_restaurant,東京都中央区銀座３丁目１３−２
Ginza Hachiban,1,pub,restaurant|asian_restaurant,2 Chome-14-9 Ginza
ヨシモリ,1,japanese_restaurant,restaurant|chicken_restaurant,銀座2丁目14-8
森川,1,japanese_restaurant,chicken_restaurant|restaurant,銀座2丁目13-17
船見坂,1,japanese_restaurant,,銀座2丁目12-11
銀座 まんぷく,1,food_and_drink,japanese_restaurant,
萬福,1,japanese_restaurant,asian_restaurant,銀座2丁目13-13
TASTE THE WORLD,1,breakfast_and_brunch_restaurant,,銀座2-12-12
銀座ふくよし,1,japanese_restaurant,,銀座3-12-19
だるま亭,1,asian_restaurant,restaurant|diner,銀座3丁目12-18
Funamizaka,1,restaurant,japanese_restaurant|asian_restaurant,銀座2-12-11
しょうがの香り。暖 銀座店,1,japanese_restaurant,,銀座2-11-19
銀座座屋,1,japanese_restaurant,restaurant|asian_restaurant,銀座2丁目11-2
座屋(イザリヤ),1,restaurant,,
Nelson,1,bar,cafe|coffee_shop,1 Chome-14-10 Ginza
快席銀座よし田,1,japanese_restaurant,restaurant,銀座1丁目14-9
しのだ家,1,japanese_restaurant,asian_restaurant|restaurant,銀座2丁目12-6
銀座グランブルー,1,restaurant,french_restaurant|japanese_restaurant,銀座1丁目20-11
おにく 花柳 (Oniku Karyu),1,japanese_restaurant,,銀座1-14-6
飯場銀座店,1,japanese_restaurant,restaurant|diner,銀座1丁目15-2
銀座さとう,1,japanese_restaurant,restaurant|eat_and_drink,銀座1丁目14-1
食医心方,1,restaurant,theme_restaurant|health_food_store,東京都中央区銀座１丁目１３−１５
いしづか,1,japanese_restaurant,asian_restaurant|restaurant,銀座1丁目13-8
銀座 よし澤,1,japanese_restaurant,,銀座1-13-8
Bagus,1,restaurant,dance_club|bar,銀座1丁目13-13
Gallery Tokizo/時間蔵,1,bar,,東京都中央区銀座1-9-8 奥野ビル6F
銀座ひかり,1,japanese_restaurant,restaurant,銀座1丁目9-12
銀座梵天,1,japanese_restaurant,noodles_restaurant,東京都中央区銀座１丁目９−１２
ぎんざ歌茶屋,1,japanese_restaurant,sushi_restaurant,銀座2丁目11-13
飯家くーた 銀座二丁目店,1,restaurant,bar,東京都中央区銀座２丁目１０−５
吉澤,1,japanese_restaurant,restaurant|diner,銀座3丁目9-19
キムラヤ,1,restaurant,japanese_restaurant,
青山,1,japanese_restaurant,,銀座2-8-5
銀座ロビー,1,restaurant,,銀座2丁目7-7
銀座越後屋 本店,1,japanese_restaurant,,2 Chome-6-5 Ginza
ボンシャン,1,japanese_restaurant,restaurant,銀座3丁目7-20
山形田,1,japanese_restaurant,restaurant|diner,銀座3丁目8-15
Sophie,1,restaurant,,2-8-13 Ginza
初代 おかわりや,1,japanese_restaurant,,銀座7-2-14
銀座 菊正,1,japanese_restaurant,restaurant|asian_restaurant,"Ginza, 3 Chome−8−17 B1F, 2F"
囃shiya,1,japanese_restaurant,,銀座3-8-13
きつね庵,1,japanese_restaurant,restaurant,銀座3丁目8-13
Le chic unjour,1,buffet_restaurant,,3 Chome-8-13 Ginza
Furutoshi,1,japanese_restaurant,restaurant,"Ginza, 4 Chome−9−2 2F"
田中,1,japanese_restaurant,restaurant|eat_and_drink,銀座3丁目10-15
石松亭,1,japanese_restaurant,restaurant|asian_restaurant,"Ginza, 3 Chome−10−14 東銀 1 ビル B１F"
銀座道玄,1,japanese_restaurant,restaurant,
銀座 塒,1,japanese_restaurant,,銀座4-10-1
Afuune,1,japanese_restaurant,restaurant|thai_restaurant,銀座4丁目10-3
かめ幸,1,japanese_restaurant,restaurant|diner,銀座4丁目10-6
リズラボキッチン銀座,1,restaurant,coffee_shop|fast_food_restaurant,銀座4丁目10-5
寛幸,1,restaurant,japanese_restaurant|asian_restaurant,東京都中央区銀座４丁目１０−１
百百川東京,1,japanese_restaurant,,銀座4-10-14
こはち,1,restaurant,salad_bar,銀座4丁目8-11
焼やちょいちょい,1,japanese_restaurant,asian_restaurant|restaurant,"Ginza, 4 Chome−8−13 2F"
マルニウメバチ,1,bar,restaurant|pub,銀座4丁目8-13
で,1,japanese_restaurant,restaurant|asian_restaurant,銀座3丁目8-10
別邸竹の庵,1,japanese_restaurant,restaurant,銀座3丁目7-13
東家,1,japanese_restaurant,asian_restaurant|restaurant,銀座3丁目7-13
香嵐,1,japanese_restaurant,,東京都 中央区 銀座3-7-13 成田屋ビル7階 
銀ちゃん家,1,bar,real_estate,銀座3丁目7-14
赤道倶楽部,1,bar,,銀座1-13-8
GINZA SAI,1,restaurant,cafe|coffee_shop,銀座5丁目11-1
NAPA,1,winery,,銀座5丁目9-1
A Votre Sante Endo,1,restaurant,italian_restaurant|asian_restaurant,"Ginza, 5 Chome−9−5 田創館ビル 2F"
よしの,1,japanese_restaurant,bar|lounge,銀座5丁目9-5
のぼせもん,1,japanese_restaurant,bar_and_grill_restaurant|restaurant,銀座5丁目9-5
のと半島時代屋,1,japanese_restaurant,,銀座5-10-11
こうみてい,1,restaurant,,銀座5丁目9-5
Gramercy Table,1,restaurant,french_restaurant,5 Chome-9-5 Ginza
京都花背石楠花,1,japanese_restaurant,,銀座4丁目6-16
いさみや 銀座店,1,japanese_restaurant,,銀座4丁目6-16
銀座みつばち,1,japanese_restaurant,eat_and_drink,銀座4丁目6-18
オアシス,1,bar,beauty_and_spa|lounge,銀座4丁目6-18
離,1,japanese_restaurant,restaurant,銀座4丁目6-18
Tabasa Ginzaten,1,japanese_restaurant,,"Ginza, 3 Chome−4−8 銀座Ｋビル 1-2F"
香家銀座店,1,japanese_restaurant,seafood_restaurant|restaurant,銀座3丁目4-1
銀座花郷,1,japanese_restaurant,,銀座2-5-11
BLD未来食品事業部,1,restaurant,,銀座2丁目4-9
Ginza Nichigekka,1,japanese_restaurant,sushi_restaurant,
Marunouchibarusen Sen,1,asian_restaurant,japanese_restaurant|restaurant,丸の内3-1-1
日月火銀座店,1,japanese_restaurant,asian_restaurant|restaurant,銀座3丁目3-1
GINZA Mizuno,1,japanese_restaurant,restaurant|asian_restaurant,銀座3丁目4-5
麹蔵銀座店,1,japanese_restaurant,asian_restaurant|restaurant,銀座3丁目4-6
裏NO庭,1,japanese_restaurant,bar|asian_restaurant,銀座3丁目4-17
銀座かみしろ,1,restaurant,,"銀座3丁目4-17, 銀座オプティカビル5F"
おにわか,1,japanese_restaurant,restaurant,銀座3丁目4-15
銀座ふじやま (Ginza Fujiyama),1,japanese_restaurant,,銀座3-3-6
DisGOONieS,1,restaurant,,銀座3-3-1
シャトーT.S,1,restaurant,italian_restaurant|diner,銀座2丁目2-18
ひまり商店 銀座/有楽町店,1,japanese_restaurant,,"Ginza, 2 Chome−2−14 マロニエゲート銀座1 10F"
Feed ME Apple,1,restaurant,,"銀座西2-2, 銀座インズ21号機"
銀座道しるべ,1,japanese_restaurant,restaurant,銀座2丁目2-2
Ginza Roots Tokyo,1,bar,japanese_restaurant|restaurant,銀座2丁目4-18
Sapphire by Rage,1,bar,restaurant|italian_restaurant,東京都中央区銀座２丁目３−１８
Nanaya Ginza,1,japanese_restaurant,sushi_restaurant,銀座2丁目4-6
涵梅舫 銀座店,1,restaurant,cafe,
HAKOBUNE PLATINUM,1,bar,,銀座2丁目4-6 銀座ベルビア館7F
ahill ginza,1,japanese_restaurant,french_restaurant|steakhouse,"Ginza, 2 Chome−4−6 銀座 Velvia館 8F"
ホナイコカ,1,bar,pub|beer_bar,銀座2丁目5-16
我路,1,japanese_restaurant,,銀座4丁目10-12 銀座サマリヤビルB1
The Room Ginza Maruushi,1,japanese_restaurant,restaurant,"Ginza, 1 Chome−5−10 Ginza 1st.5 Bldg, 9階"
伊万里櫓庵治銀座店,1,japanese_restaurant,restaurant|asian_restaurant,銀座2丁目5-19
鳥番屋,1,japanese_restaurant,restaurant,東京都中央区銀座１丁目５−１０
舞桜,1,japanese_restaurant,restaurant,"Ginza, 1 Chome−5−10 Ginza 1st.5 Bldg, 6F"
シャルマン,1,restaurant,dance_club|bar_and_grill_restaurant,1 Chome-6-7 Ginza
いのうえ銀座店,1,restaurant,,東京都中央区銀座１丁目６−６
IJ,1,japanese_restaurant,restaurant,1 Chome-6-14 Ginza
銀座遠音近音,1,japanese_restaurant,restaurant|asian_restaurant,銀座1丁目6-10
い組,1,japanese_restaurant,restaurant|sushi_restaurant,"Ginza, 1 Chome−5−7 ANNEX 2 FUKUJIN BLDG. 3階"
大坪,1,restaurant,japanese_restaurant,銀座1丁目5-1
座 エッグ 銀座,1,japanese_restaurant,restaurant|diner,"Ginza, 1 Chome−6−17 TheBuilding1階"
次男坊,1,japanese_restaurant,asian_restaurant|restaurant,銀座1丁目5-16
銀座 Sun-mi,1,japanese_restaurant,restaurant|sushi_restaurant,銀座6丁目3-9
かざくら 隠れ家,1,restaurant,asian_restaurant|japanese_restaurant,銀座7丁目6-14
銀座ささ花,1,japanese_restaurant,,銀座1-4-9
Ginza Ugai 銀座 有涯,1,japanese_restaurant,,銀座1-4-6
逢初 あいそめ,1,japanese_restaurant,asian_restaurant|restaurant,"Ginza, 1 Chome−4−8 ビッグウエストビル 8F"
ぎんざ春日,1,japanese_restaurant,restaurant|bar,1 Chome-4-6 Ginza
OLD MAN'S UN 丸の内,1,buffet_restaurant,,丸の内1-11-1
ブー丸の内,1,restaurant,bar|french_restaurant,丸の内1丁目10-7
Budōnomori Godanya,1,buffet_restaurant,restaurant|bar,丸の内2-7-3
Shichi Jyu Ni Kou,1,japanese_restaurant,restaurant|asian_restaurant,"Marunouchi, 1 Chome−9−1 東京ステーションホテル B1F"
新丸ビル こなから,1,bar,cafe|beer_bar,1丁目5-1
Amagokoro,1,restaurant,italian_restaurant|candy_store,丸の内1-9-1
Toubei,1,japanese_restaurant,delicatessen|caterer,1 Chome-9-1 Marunouchi
七代目卯兵衛,1,japanese_restaurant,asian_restaurant|restaurant,丸の内1丁目9-1
Frigo Repos,1,restaurant,pub|bar,丸の内1丁目11-1
北海道チューボー,1,japanese_restaurant,restaurant|diner,丸ノ内1丁目9-2
鐵 - くろがね,1,japanese_restaurant,,
TOKYO Mar Mare Yaesu,1,japanese_restaurant,restaurant|diner,八重洲2丁目5-12
金獅子 東京ミッドタウン八重洲店,1,japanese_restaurant,restaurant,"Yaesu, 2 Chome−2−1 東京ミッドタウン八重洲 2階 パブリック内"
Chiso Zanmai,1,buffet_restaurant,restaurant|asian_restaurant,9
Tokyo Beer,1,restaurant,,丸の内1-9-1
八重洲クラブ,1,japanese_restaurant,music_school,
梅もと 八重洲店,1,japanese_restaurant,restaurant,八重洲2-1
游亀亭,1,japanese_restaurant,restaurant|asian_restaurant,八重洲2-1
はつふじ,1,bar,,
2foods,1,vegan_restaurant,,八重洲2-1
Tokyo Station Buffet 馳走三昧,1,buffet_restaurant,japanese_restaurant|restaurant,丸の内1丁目9-1
四季の歌,1,japanese_restaurant,restaurant|diner,"Yaesu, 1 Chome−7−17 八重洲ロータリービル"
金八,1,japanese_restaurant,restaurant|asian_restaurant,1 Chome-7-3 Yaesu
八重洲・静,1,japanese_restaurant,restaurant|asian_restaurant,八重洲1丁目7-3
ふくじゅう,1,japanese_restaurant,eat_and_drink,八重洲2丁目1
Lohas Jスタイル 八重洲店,1,japanese_restaurant,restaurant|fast_food_restaurant,
結月庵八重洲南口店,1,japanese_restaurant,restaurant|asian_restaurant,八重洲2丁目1-1
ASTERISCO,1,restaurant,,"中央区八重洲2丁目1-1, YANMAR TOKYO 2F"
MOTO TOKYO モトトウキョウ,1,bar,,八重洲2丁目2-1 ミッドタウン八重洲セントラルタワ-3階3-8
八重洲ザイオン,1,food_and_drink,japanese_restaurant|restaurant,八重洲2-3-11
栄一,1,japanese_restaurant,restaurant,東京都中央区京橋１丁目５−１
世界食,1,restaurant,,3 Chome-7-1 Kyobashi
串処 すぎのこ,1,japanese_restaurant,,京橋3-1-1
わんぱく,1,japanese_restaurant,island,八重洲2-8-10
大阪鶴橋 きっちん,1,restaurant,japanese_restaurant,京橋3丁目1-1
ちよまんみ,1,bar,restaurant|eat_and_drink,京橋3丁目1-1
どんとね 東京八重洲店,1,japanese_restaurant,restaurant,京橋3丁目1-1
京橋婆娑羅,1,japanese_restaurant,restaurant,京橋3丁目1-1
馬関,1,japanese_restaurant,asian_restaurant|restaurant,京橋3-1
北海道銀座店,1,japanese_restaurant,,銀座1丁目2-4
松若,1,japanese_restaurant,restaurant,京橋3丁目3-10
銀Zero,1,bar,restaurant|asian_restaurant,京橋3丁目4-4
ぎんざ姿,1,japanese_restaurant,,銀座1丁目9-18
京橋 山登,1,japanese_restaurant,asian_restaurant,東京都中央区京橋３丁目６−２１
京ばし松輪,1,restaurant,japanese_restaurant|diner,京橋3丁目6-1
Alice Aqua Garden Tokyo Ginza,1,restaurant,event_planning,"Kyobashi, 3 Chome−7−1 B1"
卯ノ月,1,japanese_restaurant,restaurant|diner,銀座1丁目13-4
imachika DX-lab,1,restaurant,,銀座1丁目16-7 銀座大栄ビル
くふ楽銀座店,1,japanese_restaurant,restaurant|diner,銀座1丁目16-1
京橋テラス,1,restaurant,bar_and_grill_restaurant|bar,東京都中央区京橋３丁目９−６
京橋きむら,1,japanese_restaurant,,京橋3-9-7
間借りキッチン マカローネ,1,bar,whiskey_bar|pub,京橋2-11-10
僖ニ成ル食 京橋,1,japanese_restaurant,restaurant|diner,"Kyobashi, 2 Chome−7−8 FPGlinks KYOBASHI 1F"
奥むら,1,japanese_restaurant,restaurant,八重洲2丁目2-1
桃六,1,japanese_restaurant,candy_store|restaurant,京橋2丁目9-1
ちょぼや,1,japanese_restaurant,restaurant|asian_restaurant,京橋1丁目14-1
仙次郎,1,japanese_restaurant,restaurant|asian_restaurant,京橋1丁目6-11
京橋紅葉川,1,japanese_restaurant,,京橋2-8-10
Kyobashi moto,1,restaurant,asian_restaurant|japanese_restaurant,京橋2丁目6-13
ドブロ,1,restaurant,eat_and_drink,京橋2丁目6-14
無花果京橋店,1,bar,japanese_restaurant|asian_restaurant,京橋2丁目6-16
京橋モルチェ,1,japanese_restaurant,,京橋2-2-1
旬味京橋本店,1,japanese_restaurant,restaurant|asian_restaurant,京橋1丁目3-1
Tajimaya Shibuya,1,japanese_restaurant,restaurant|asian_restaurant,宇田川町12-9
三六八重洲店,1,japanese_restaurant,restaurant|diner,八重洲2-1
北大路八重洲茶寮,1,japanese_restaurant,restaurant|diner,京橋1丁目2-5
喜八堂,1,japanese_restaurant,,八重洲2‐1
炭火職人,1,japanese_restaurant,barbecue_restaurant|restaurant,"Nihonbashi, 3 Chome−3−17 財成八重洲ビル"
東八,1,japanese_restaurant,restaurant|bar,八重洲1丁目7-12
宝山邸,1,japanese_restaurant,bar|restaurant,八重洲1東京都中央区八重洲1丁目7-12
東竜八重洲店,1,asian_restaurant,restaurant|diner,八重洲1丁目7-13
海老秀,1,restaurant,noodles_restaurant|thai_restaurant,東京都中央区八重洲１丁目６−４
米 in Kitchen,1,japanese_restaurant,,八重洲1丁目5-10
だぼ鯊,1,japanese_restaurant,restaurant,日本橋3丁目3-14
日本橋老舗屋,1,japanese_restaurant,restaurant|diner,日本橋3丁目3-4
日本橋山田屋,1,japanese_restaurant,restaurant|diner,日本橋3丁目1-15
守破離,1,japanese_restaurant,french_restaurant|sushi_restaurant,日本橋
フィリー,1,japanese_restaurant,,日本橋3丁目2-13 中條ビル1 2F
ウメ子の家日本橋店,1,japanese_restaurant,asian_restaurant|restaurant,日本橋2丁目3-18
いし井,1,japanese_restaurant,restaurant|asian_restaurant,日本橋2丁目2-15
花楓,1,japanese_restaurant,,日本橋3丁目6-2
Kaede,1,japanese_restaurant,,日本橋3-6-2
ビバリー日本橋店,1,bar,american_restaurant|diner,東京都中央区日本橋３ー６ー２
一平日本橋店,1,japanese_restaurant,asian_restaurant|restaurant,日本橋3丁目4-10
日本橋本陣房,1,japanese_restaurant,restaurant|sushi_restaurant,日本橋２－２－１６共立日本橋ビル１階
良庭,1,japanese_restaurant,sushi_restaurant|restaurant,日本橋3丁目7-9
日本橋良庭,1,japanese_restaurant,,日本橋3-7-9
宝月,1,japanese_restaurant,asian_restaurant|restaurant,日本橋3丁目7-8
米夢,1,restaurant,theme_restaurant,日本橋3丁目7-7
Shima,1,restaurant,steakhouse|american_restaurant,"Nihonbashi, 3 Chome−5−12 平和不動産日本橋ビル B１"
冨和利,1,bar,japanese_restaurant|restaurant,日本橋3丁目8-3-B1F日本橋通りビル
Restaurant Rose,1,theme_restaurant,japanese_restaurant|restaurant,"Nihonbashi, 2 Chome−4−1 髙島屋S.C 本館 地下2F"
美国屋,1,japanese_restaurant,restaurant,日本橋2丁目5-11
365 Days,1,japanese_restaurant,restaurant|diner,"Nihonbashi, 2 Chome−5−1 日本橋高島屋S.C.新館1階"
鶏匠はしぐち,1,fast_food_restaurant,restaurant|chicken_restaurant,2 Chome-4-1 Nihonbashi
Kiccho,1,japanese_restaurant,bakery|restaurant,2 Chome-4-1 Nihonbashi
ウェスタ,1,japanese_restaurant,restaurant|diner,日本橋3丁目8-13
Pariya,1,restaurant,japanese_restaurant|diner,"Nihonbashi, 2 Chome−5−1 高島屋S.C B1階"
ショナルガ,1,japanese_restaurant,restaurant|diner,日本橋2丁目8-10
京都標識 八重洲支店,1,japanese_restaurant,,日本橋3丁目13-11
八丁堀朋,1,japanese_restaurant,asian_restaurant|sushi_restaurant,八丁堀2丁目1-9
クイントアロー,1,bar,japanese_restaurant|pub,八丁堀3丁目7-7
八丁堀 ぜん,1,japanese_restaurant,asian_restaurant|restaurant,八丁堀3丁目1-5
牛まい豚まい,1,restaurant,,
桂庵八丁堀店,1,japanese_restaurant,asian_restaurant,八丁堀3丁目10-3
さくら橋丸や,1,japanese_restaurant,noodles_restaurant|sushi_restaurant,東京都中央区八丁堀３丁目９−１０
ロダン,1,japanese_restaurant,european_restaurant|restaurant,八丁堀3丁目8-4
仲宮里,1,japanese_restaurant,restaurant|supermarket,新富1丁目11-3
うら銀座くらぶ,1,japanese_restaurant,restaurant,"Shintomi, 1 Chome−9−4 1階"
仙厓,1,japanese_restaurant,,1-9-4 Shin-Tomi Chuoku
とみ信,1,japanese_restaurant,restaurant|diner,新富1丁目9-12
はたり,1,japanese_restaurant,restaurant|sake_bar,新富2丁目11-6
市むら,1,japanese_restaurant,restaurant|asian_restaurant,新富2丁目11-6
くふ楽 銀座店,1,restaurant,japanese_restaurant|asian_restaurant,銀座1丁目16-1 東貨ビルB1
上藤,1,japanese_restaurant,restaurant|asian_restaurant,新富2丁目10-1
RINDO,1,japanese_restaurant,restaurant|diner,新富2丁目10-10
久丹,1,japanese_restaurant,restaurant|asian_restaurant,新富2丁目5-5
フローラ,1,japanese_restaurant,,築地2-1-4
一枠,1,japanese_restaurant,restaurant|asian_restaurant,"Tsukiji, 2 Chome−1−17 陽光築地ビル 地下1階"
Alaska+築地店,1,restaurant,,
さそねっと,1,food_and_drink,restaurant|japanese_restaurant,銀座7-13-21銀座sinrokusyuビル２階
岡喜 日本橋店,1,japanese_restaurant,sushi_restaurant|restaurant,東京都中央区日本橋1-4-1-4F
ヤナギ,1,japanese_restaurant,restaurant|diner,築地2丁目1-12
ネコシャク,1,restaurant,,八丁堀2-21-5 西勘ビル 1F・2F
人形町 梅田,1,japanese_restaurant,,日本橋人形町３丁目４−２ 第一白石ビル
勝善,1,japanese_restaurant,,東日本橋3-4-1
プレニチュード,1,restaurant,european_restaurant|diner,"Shintomi, 1 Chome−6−11 ロイヤルプラザ新富 １階"
新富きた福,1,restaurant,,新富1-7-9
新富 なぐも,1,japanese_restaurant,restaurant,新富1丁目7-6
杏,1,breakfast_and_brunch_restaurant,,新富1-2-13
サ嘉ダチ ニ太キ,1,japanese_restaurant,restaurant|bar,新富1丁目4-1
みくり,1,japanese_restaurant,restaurant|diner,銀座1丁目27-11
PAKA,1,japanese_restaurant,bar|restaurant,"Shintomi, 2 Chome−1−3 siena st"
天朝,1,japanese_restaurant,restaurant|asian_restaurant,銀座1丁目27-8
備長炭や いこる銀座店,1,japanese_restaurant,,"Ginza, 1 Chome−19−3 1階"
大海,1,japanese_restaurant,restaurant|diner,銀座1丁目19-9
銀座水野,1,restaurant,japanese_restaurant,東京都中央区銀座1-19-14広徳ビル1階
Furuta,1,asian_restaurant,restaurant|diner,1 Chome-21-14 Ginza
木挽町ふなちゅう,1,japanese_restaurant,restaurant|diner,銀座1丁目22-12
木挽町湯津上屋,1,japanese_restaurant,restaurant,銀座1丁目22-14
銀座胡椒亭,1,restaurant,sushi_restaurant|bar,22 Ginza
銀つね,1,japanese_restaurant,restaurant|asian_restaurant,銀座1丁目24-11
雪の下,1,restaurant,,
O's Party,1,bar,sake_bar|lounge,"Ginza, 2 Chome−16−3 大澤ビル 1F"
Ginza Ibuki,1,japanese_restaurant,asian_restaurant|restaurant,"Ginza, 2 Chome−14−6 第２松岡ビル B1F"
ぎんざ 一二岐,1,japanese_restaurant,restaurant|diner,銀座2丁目14-6
麹也,1,japanese_restaurant,sushi_restaurant,銀座2丁目14-5
FLATTO,1,restaurant,diner,銀座2丁目16-7
白檀,1,bar,cafe|coffee_shop,築地1丁目5-4
浮舟,1,restaurant,bar,
Chirihama,1,restaurant,bar,
たべろ屋 つきぢ 百八,1,japanese_restaurant,restaurant|bar,"Tsukiji, 2 Chome−11−10 K1ビル 4F"
82築地店,1,restaurant,,築地2丁目12-14 フェニックス東銀座第3ビル 1F
築地 Azami,1,restaurant,sake_bar|bar,東京都中央区築地１丁目１０−７
Mitsuta,1,restaurant,bar,築地1丁目12-15
旬味亭満,1,bar,japanese_restaurant|asian_restaurant,築地2丁目14-1
築地藤田,1,japanese_restaurant,restaurant,"Tsukiji, 2 Chome−14−1 新井ビル"
大砲家,1,japanese_restaurant,bicycle_shop|bar,東京都中央区築地２丁目１２−１５
築地和み,1,japanese_restaurant,sushi_restaurant,東京都中央区築地２丁目１４−１１
クニザケヤ,1,bar,,2-14-4 6F
つきじ やまもと (Tsukiji Yamamoto),1,japanese_restaurant,,築地2-15-4
Takatanido,1,restaurant,candy_store|gelato,築地2-14-4
えにかいたもち,1,japanese_restaurant,,築地4-7-5
井上,1,japanese_restaurant,restaurant|diner,築地4丁目9-16
つきじ近富,1,restaurant,diner,築地4丁目8-1
衣屋,1,japanese_restaurant,,築地4−11−10
Solatsuki,1,japanese_restaurant,,築地4-11-10
一体感,1,theme_restaurant,restaurant|japanese_restaurant,東京都中央区築地４丁目１１−１０
清壽,1,restaurant,japanese_restaurant|asian_restaurant,東京都中央区築地４丁目１０−１７
Seiju,1,japanese_restaurant,restaurant|asian_restaurant,"Tsukiji, 3 Chome−16−9 アーバンメイツビル B1F"
LUNA HALA,1,restaurant,coffee_shop|bar,築地3-17-10
ほっとたいむ,1,bar,eat_and_drink|japanese_restaurant,築地3丁目10-9
ルマックプクプ,1,bar,restaurant|cafe,築地3丁目10-7
築地 和光,1,japanese_restaurant,,築地6-2-4
上松マルシェ&スタンド上松,1,japanese_restaurant,bar|restaurant,築地3-12-1多喜川ビル1F
辰の字,1,japanese_restaurant,bar,東京都中央区築地３丁目１４−５
築地んち,1,japanese_restaurant,eat_and_drink|asian_restaurant,
Vinefru TOKYO,1,restaurant,cafe|smoothie_juice_bar,築地 2丁目9-9
心の巣,1,bar,restaurant|lounge,築地2丁目10-1
幸田,1,japanese_restaurant,restaurant|asian_restaurant,東京都中央区築地２丁目６−２
安達屋とうふ店,1,food_and_drink,,
SOYA,1,restaurant,,銀座5丁目1-16
Moegi Kuriya,1,japanese_restaurant,restaurant|diner,築地3丁目3-1
あかねくりや,1,japanese_restaurant,restaurant,築地3丁目1-5
貴の,1,japanese_restaurant,sushi_restaurant|restaurant,"Tsukiji, 7 Chome−4−11 1階"
キ ンサ うおぬま,1,japanese_restaurant,restaurant|asian_restaurant,東京都中央区築地７丁目４−４
築地ふく,1,japanese_restaurant,bar|restaurant,築地7丁目11-11
築地やまはら,1,japanese_restaurant,asian_restaurant|retail,築地7丁目12-6
築地加賀屋,1,japanese_restaurant,restaurant|asian_restaurant,築地7丁目15-10
たべんば,1,japanese_restaurant,restaurant,築地7丁目16-9
食良品店 Food Lab,1,restaurant,food_delivery_service|food_beverage_service_distribution,東京都中央区築地６丁目１３−９
丈参,1,japanese_restaurant,,築地6-12-10
肉十八番屋 人形町,1,restaurant,,日本橋堀留町２丁目１－２
幸軒,1,japanese_restaurant,asian_restaurant|restaurant,築地6丁目6-3
元禄 隠居,1,japanese_restaurant,,築地6-6-12
六寛,1,japanese_restaurant,restaurant|asian_restaurant,東京都中央区築地６丁目６−６
築地 山田屋,1,japanese_restaurant,sushi_restaurant|shopping,築地6-2-2
岩田,1,restaurant,coffee_shop|cafe,東京都中央区築地６丁目４−５
鯔背屋,1,japanese_restaurant,,築地6-5-5
築地 いま津,1,restaurant,bar|japanese_restaurant,築地6丁目5-4
nude,1,restaurant,bar,築地6丁目10-3
天竹,1,japanese_restaurant,sushi_restaurant|restaurant,築地6丁目16-6
Ginza_Yuzan,1,restaurant,,"6-8-7 Kojun Bldg. 4F, Ginza, Chuo 104-0061 Tokyo Prefecture"
Tsukiji Ebikin,1,restaurant,asian_restaurant|japanese_restaurant,築地6丁目23-5
多け乃,1,japanese_restaurant,sushi_restaurant|asian_restaurant,築地6丁目21-2
築地気まぐれ屋,1,restaurant,cafe|sandwich_shop,築地6丁目21-6
築次郎,1,japanese_restaurant,,築地4-12-6
TSUKIJIRO,1,japanese_restaurant,seafood_restaurant|restaurant,4 Chome-12-6 Tsukiji
伊八,1,restaurant,sushi_restaurant,築地4丁目10-10
フオーシーズン,1,restaurant,japanese_restaurant,築地4丁目14-18
とと一築地店,1,japanese_restaurant,grocery_store|sushi_restaurant,築地4丁目14-15
南ばら亭,1,japanese_restaurant,restaurant,築地4丁目14-14
UTB,1,japanese_restaurant,,東京都中央区築地６丁目２７−１
大定,1,japanese_restaurant,restaurant|diner,築地4丁目13-11
築地漣,1,japanese_restaurant,chinese_restaurant|restaurant,築地4丁目10-5
斎藤水産,1,food_and_drink,japanese_restaurant|asian_restaurant,
築地にっしん太助,1,japanese_restaurant,sushi_restaurant,築地4-13-18
築地虎杖マーケット,1,japanese_restaurant,,築地4-13-17
築地虎杖 裏店,1,japanese_restaurant,,築地4-9-6
吟ぽて,1,restaurant,japanese_restaurant,東京都中央区築地４丁目９−６
築地牛武 Tsukiji Ushitake,1,japanese_restaurant,,4 Chome-10-11 Tsukiji
虎杖 表店,1,japanese_restaurant,,築地4-9-7
つながる和,1,asian_restaurant,japanese_restaurant,銀座7-13-6　サガミビル2階
Moon Light  Ginza,1,bar,restaurant|lounge,銀座 7-3-14  月光ビル 4F
多か浜,1,japanese_restaurant,restaurant|asian_restaurant,築地5丁目3-3
どんまい 築地店,1,japanese_restaurant,,築地5-6-10
猪子家,1,japanese_restaurant,chinese_restaurant,豊海町5-1
薪男,1,restaurant,,勝どき３－８－８
銀座おだまり,1,bar,restaurant|japanese_restaurant,
庫裏銀座,1,food_and_drink,restaurant,
勝どき輿,1,bar,restaurant|japanese_restaurant,勝どき5丁目3-9
カチトリ,1,japanese_restaurant,asian_restaurant|restaurant,勝どき3丁目8-8
ゆうりの家,1,bar,pub,１−１
濠,1,japanese_restaurant,sushi_restaurant,東京都千代田区丸の内１丁目１−１
SCEnT house den Marunouchi,1,asian_restaurant,,丸の内1-1-3
SCeNT HOUSE DEN Marunouchi,1,japanese_restaurant,bar|restaurant,丸の内1丁目1-3
Mon Circulo,1,restaurant,bar|cocktail_bar,"Marunouchi, 1 Chome−4−5 Mitsubishi Ufj Trust and Banking Bldg., B１F"
ワンズドライブ,1,restaurant,burger_restaurant|cafe,丸の内1丁目5-1
Mon an Marunouchi,1,restaurant,diner,"Marunouchi, 1 Chome−5−1 Shin-Marunouchi Building, 5階"
石月,1,japanese_restaurant,,5-1 Marunouchi 1-Chōme
来夢来人,1,bar,arts_and_entertainment|restaurant,東京都千代田区丸の内１丁目５−１
恵比寿笹岡新丸ビル店,1,japanese_restaurant,restaurant|sushi_restaurant,丸の内1丁目5-1
KONAKARA,1,japanese_restaurant,restaurant|bar,"Marunouchi, 1 Chome−5−1 Shin-Marunouchi Building, 5F"
金子苑,1,japanese_restaurant,,東京都千代田区神田佐久間町2-10-2
新御茶ノ水 萬龍,1,restaurant,,東京都 
コ テ ィハ 新丸ヒ ル店,1,restaurant,,新丸の内ビルディング 東京都千代田区丸の内1-5-1
串菜,1,restaurant,japanese_restaurant,浜松町1－19－12
The Innocent Carvery,1,japanese_restaurant,barbecue_restaurant|asian_restaurant,"Marunouchi, 1 Chome−5−1 Shin-Marunouchi Building, 5F"
MUSMUS,1,japanese_restaurant,asian_restaurant|restaurant,丸の内1丁目5-1
BARBARA Market Place,1,japanese_restaurant,restaurant|asian_restaurant,"Marunouchi, 1 Chome−5−1 Shin-Marunouchi Building, B1"
ポールスター,1,restaurant,japanese_restaurant|asian_restaurant,丸の内1丁目4-5
さわり大黒,1,bar,,東京都千代田区丸の内１丁目４−１
Marunouchi Base,1,theme_restaurant,american_restaurant|diner,丸の内1丁目3-4
鳩乃湯 大手町店,1,japanese_restaurant,fast_food_restaurant|restaurant,東京都千代田区大手町１丁目６−１
笹八大手町店,1,japanese_restaurant,,大手町1-6-1
ごちとん 大手森店,1,japanese_restaurant,eat_and_drink,"Ōtemachi, 1 Chome−5−5 The Otemachi Tower, B2F"
Gent ゲント 大手町店,1,restaurant,,
油ゃ 大手町ビル店,1,bar,,
よね蔵,1,japanese_restaurant,bar,東京都千代田区大手町１丁目７−２
GARB Cheers OTEMACHI,1,restaurant,japanese_restaurant,"Ōtemachi, 1 Chome−9−7 1F"
九志焼亭,1,japanese_restaurant,restaurant|diner,大手町1丁目9-2
をどり,1,japanese_restaurant,bar|restaurant,大手町1丁目9-2
壌 大手町,1,bar,restaurant|sake_bar,東京都千代田区大手町１丁目１−１
博多Nikonne,1,japanese_restaurant,,大手町1-3-2
ルンゴ,1,japanese_restaurant,sake_bar|restaurant,大手町1丁目1-1
サラダイス 大手町パークビル店,1,restaurant,,大手町1丁目1-1 大手町パークビル
楡大手町店,1,japanese_restaurant,,大手町1丁目1-3
四季交楽・然,1,japanese_restaurant,restaurant|asian_restaurant,神田錦町3丁目13
結ぶ食房 しまゆし,1,restaurant,japanese_restaurant|cafe,神田錦町3-21
君とkimito,1,food_and_drink,restaurant,吾妻１丁目10番１
美味これくしょん神田倶楽部,1,restaurant,italian_restaurant|french_restaurant,神田錦町2丁目7-22
Chat,1,restaurant,comfort_food_restaurant,2 Chome-9 Kanda Nishikicho
貴石,1,restaurant,japanese_restaurant|asian_restaurant,"Ōtemachi, 1 Chome−3−2 カンファレンスセンタ B１F"
白銀屋大手町分店,1,japanese_restaurant,restaurant|diner,内神田1丁目2-16
江戸しぐさ,1,japanese_restaurant,bar,神田錦町1-21
神田洞門,1,japanese_restaurant,restaurant|bar,内神田1丁目12-3
Rio,1,restaurant,latin_american_restaurant|bar,内神田1丁目14-14
わらく,1,japanese_restaurant,diner|restaurant,神田錦町1-9
時津洋,1,japanese_restaurant,chinese_restaurant|restaurant,神田錦町1-21
かつぎや,1,japanese_restaurant,chinese_restaurant,神田錦町2-2
LYFE,1,japanese_restaurant,pub,"Kanda Nishikicho, 2 Chome ダヴィンチ小川町"
ゆかり酉,1,japanese_restaurant,asian_restaurant,"Kanda Nishikicho, 2 Chome−2−11 1F"
龍岡,1,japanese_restaurant,restaurant,神田錦町1-4
江戸や,1,japanese_restaurant,bar,神田錦町1丁目4-8
河北や,1,japanese_restaurant,restaurant|diner,神田錦町1-2
兎屋小川町店,1,restaurant,japanese_restaurant|sushi_restaurant,神田錦町1丁目16-2
いろにしき,1,japanese_restaurant,restaurant|bar,"Kanda Nishikicho, 1 Chome−１４−11 伊東ビル 1F"
東京厨房神田小川町店,1,japanese_restaurant,asian_restaurant|restaurant,神田小川町2丁目1-7
福の花 神田小川町店,1,japanese_restaurant,,神田小川町2-1-13
ガヤ,1,bar,restaurant|cocktail_bar,神田小川町2丁目1-9
牡舌亭,1,japanese_restaurant,restaurant|butcher_shop,神田小川町2-8
ブランダンレノア,1,restaurant,,神田小川町2丁目8 1F
龍雲庵,1,japanese_restaurant,asian_restaurant,東京都千代田区神田小川町２丁目６
十三や,1,japanese_restaurant,restaurant|sake_bar,神田小川町2-4
マプラー,1,restaurant,,神田小川町3丁目2-1
味のふたば,1,restaurant,japanese_restaurant,3 Chome-2-6 Kanda Ogawamachi
紫紺館椿山荘,1,restaurant,,神田小川町3-22-14
たな一,1,japanese_restaurant,asian_restaurant|restaurant,神田小川町3丁目11-2
Eblack,1,japanese_restaurant,restaurant|bar,神田小川町3-11
のりよし,1,bar,japanese_restaurant|beer_garden,神田小川町3-11
武膳,1,japanese_restaurant,,神田小川町3-11-2
菜時季 大原,1,japanese_restaurant,restaurant|asian_restaurant,
如月,1,restaurant,,神田錦町2丁目3-10
牛愛,1,restaurant,barbecue_restaurant|steakhouse,3-12-6
狐兎,1,japanese_restaurant,asian_restaurant|restaurant,神田小川町3丁目7-1
Zino 秋葉原昭和通り店,1,bar,,東京都千代田区神田佐久間町１丁目２４　Gato 秋葉原ビル8階
エーヤナディーキッチン,1,asian_restaurant,,神田神保町1丁目19-1
はちまき,1,japanese_restaurant,restaurant,神田神保町1丁目19
みさち屋,1,diner,japanese_restaurant|bar,神田神保町1丁目1-17
restaurant Kiro;,1,restaurant,diner|caterer,"Kanda Jinbocho, 1 Chome−３７−1 Redo神保町 1F"
神保町はせ部,1,japanese_restaurant,restaurant|asian_restaurant,東京都千代田区神田神保町１丁目３９
オオドリー,1,japanese_restaurant,asian_restaurant|restaurant,神田神保町1丁目25
神田 しど,1,japanese_restaurant,sushi_restaurant|restaurant,神田神保町1-25
かねいち,1,japanese_restaurant,asian_restaurant|restaurant,神田神保町1-25
Re Mare,1,food_and_drink,bar|pub,"Kanda Jinbocho, 1 Chome−２７−4 ワイズビル ２F"
旬の海と土が料理人,1,vegan_restaurant,,神田神保町1-15-2
まれびと,1,japanese_restaurant,sushi_restaurant,神田神保町1-13
阿希ぼ乃,1,restaurant,,神田神保町1丁目11
サケクジラとぼてふり,1,bar,sake_bar|japanese_restaurant,神田神保町1丁目31-3
神保町トンちゃん,1,japanese_restaurant,sake_bar|bar,神田神保町1-103
神保町柳屋,1,japanese_restaurant,restaurant,神田神保町1-103
Ono Grill Tokyo,1,japanese_restaurant,restaurant,"Kanda Jinbocho, 1 Chome−103 東京パークタワー 1階"
GARB pintino,1,restaurant,bar,神田錦町3-22
アルケミスタ 青二才,1,restaurant,,神田錦町3-22
にしき家,1,bar,restaurant|japanese_restaurant,神田錦町3丁目17
たけはし,1,japanese_restaurant,restaurant|sushi_restaurant,大手町1丁目4-1
橋畔亭,1,japanese_restaurant,,"Hitotsubashi, 2 Chome−1−1 如水会ビルディング 3階"
まる竹竹橋店,1,bar,restaurant|asian_restaurant,一ツ橋1丁目1-1
タカサゴ,1,restaurant,japanese_restaurant,一ツ橋1丁目1-1
竹はし,1,japanese_restaurant,restaurant|diner,一ツ橋1丁目1-1
加賀廣,1,japanese_restaurant,asian_restaurant|restaurant,神田神保町2丁目17
マンダラ,1,japanese_restaurant,restaurant|diner,神田神保町2丁目17
げんぱち,1,japanese_restaurant,restaurant,神田神保町2丁目21-6
喜山倶楽部,1,restaurant,diner|french_restaurant,一ツ橋2丁目6-2
森のブッチャーズ,1,restaurant,butcher_shop,一ツ橋2丁目6-5
Misty,1,bar,,神田神保町2-4
神保町傳,1,japanese_restaurant,asian_restaurant|restaurant,神田神保町2丁目2-32
明治屋,1,japanese_restaurant,restaurant|bar,"Kanda Jinbocho, 2 Chome−１２−6 石井ビル"
喜道庵神保町店,1,japanese_restaurant,restaurant,神田神保町2丁目12-8
蘭奢待,1,japanese_restaurant,restaurant|chicken_restaurant,神田神保町2丁目12-3
Front Du CHATON,1,restaurant,japanese_restaurant,神田神保町2丁目12-9
うどの,1,japanese_restaurant,bar|wine_bar,東京都千代田区神田神保町２丁目１８
ぼんちゃん,1,japanese_restaurant,restaurant|diner,神田神保町2丁目20-13
わたる,1,japanese_restaurant,restaurant,神田神保町2-28
男子厨房,1,japanese_restaurant,bar|sake_bar,西神田2丁目2-1
豚や 西神田店,1,japanese_restaurant,restaurant,2 Chome-1-11 Nishikanda
神保町 花家,1,japanese_restaurant,asian_restaurant|restaurant,東京都千代田区西神田２丁目１−６
エイト,1,japanese_restaurant,restaurant,西神田2丁目1-13
桂庵水道橋店,1,japanese_restaurant,restaurant|asian_restaurant,西神田2丁目1-13
ランディ,1,restaurant,bar_and_grill_restaurant|cafe,
Osacanajack,1,bar,restaurant|seafood_restaurant,神田神保町2丁目48
まあまあ屋神保町店,1,japanese_restaurant,,東京都千代田区神田神保町２丁目４８
座楽,1,restaurant,japanese_restaurant|sushi_restaurant,神田神保町2丁目24-8
石黒商店 みそとスパイス,1,japanese_restaurant,restaurant,2 Chome-24 Kanda Jinbocho
遊月亭,1,japanese_restaurant,,
萱,1,japanese_restaurant,bar|pub,神田神保町1-64
仙臺,1,restaurant,japanese_restaurant|european_restaurant,東京都千代田区神田神保町１丁目６４−１
加賀亭みなみ,1,japanese_restaurant,bar|restaurant,神田神保町1丁目14
サディの木 神保町店,1,japanese_restaurant,restaurant,"Kanda Jinbocho, 2 Chome−１４"
卯佐,1,japanese_restaurant,restaurant|asian_restaurant,神田神保町2丁目16-2
ダビングタクト,1,bar,karaoke|coffee_shop,神田神保町2-14
Jimbocho Den,1,japanese_restaurant,restaurant|diner,神田神保町2丁目2-32
ペロちゃん,1,bar,restaurant,2－2－15
Korenbo,1,japanese_restaurant,bar,神田神保町2-1
セルジュ,1,bar,speakeasy|cafe,神田神保町1-12
肆 YON,1,bar,,神田神保町1-9-23
いちこう,1,japanese_restaurant,restaurant|asian_restaurant,神田神保町1丁目12-3
ペルソナ,1,japanese_restaurant,restaurant,神田神保町1丁目28-9
ささ吟,1,japanese_restaurant,asian_restaurant|restaurant,神田神保町1丁目16-6
伯耆,1,japanese_restaurant,restaurant|asian_restaurant,神田神保町1丁目26
鶏華,1,japanese_restaurant,,神田神保町1-4
八羽,1,japanese_restaurant,sake_bar|womens_clothing_store,東京都千代田区神田神保町１丁目４
神保町グルメ,1,restaurant,asian_restaurant|japanese_restaurant,神田神保町1-4
チャボ,1,japanese_restaurant,restaurant,神田神保町1-3
鴨ときどき馬,1,japanese_restaurant,,神田神保町1-2-12
ベー太,1,bar,,神田小川町3丁目16-1
Mr. Happy 神保町店,1,japanese_restaurant,restaurant|bar,東京都千代田区神田神保町１丁目４
直白,1,japanese_restaurant,restaurant,猿楽町1丁目5-3
大宣,1,japanese_restaurant,asian_restaurant|noodles_restaurant,猿楽町1丁目4-4
らいす倶楽部,1,fast_food_restaurant,japanese_restaurant|sushi_restaurant,猿楽町1丁目3-6
Muusa,1,restaurant,coffee_shop|cafe,猿楽町1丁目3-5
ディゾン 神保町,1,bar,restaurant|fast_food_restaurant,神田神保町1-24
たけなわ 闌,1,japanese_restaurant,restaurant|bar,神田神保町1-38
松翁,1,japanese_restaurant,restaurant,猿楽町2丁目1-7
VSoP,1,restaurant,bar,神田駿河台2-3-15
柳宇 Suidoubashi,1,restaurant,bar|diner,住友不動産猿楽町ビル 東京都千代田区神田猿楽町2-8-8
富多葉,1,japanese_restaurant,restaurant,猿楽町2丁目2-9
SAINO,1,japanese_restaurant,bar|restaurant,2 Chome-6-5 Sarugakucho
Yumegan Diner,1,bar,asian_restaurant|pub,三崎町1丁目1-14
Yukuri,1,japanese_restaurant,restaurant|sushi_restaurant,"Misakicho, 1 Chome−1−16 1F"
あひる,1,bar,sake_bar|japanese_restaurant,三崎町1丁目2-2
キッチン麦畑,1,restaurant,delicatessen|cafe,本郷4丁目7-4
菊坂のやさしいごはん,1,restaurant,,
キッチンまつば,1,japanese_restaurant,restaurant,本郷4丁目34-17
Nomina︎,1,restaurant,cafe,2-35-10 hongo
本郷菊坂町camos,1,bar,liquor_store|professional_services,本郷5-1-2 シャープ本郷1階
牛家兄弟 東大赤門店,1,halal_restaurant,,本郷4-1-6
ぎおん,1,japanese_restaurant,restaurant|asian_restaurant,本郷5丁目1-16
みつざわキッチン,1,japanese_restaurant,restaurant|diner,本郷4丁目37-17
羅針盤,1,japanese_restaurant,restaurant|asian_restaurant,4 Chome-2-1 Hongo
P3,1,bar,pub,本郷2丁目38-21
こくわがた,1,restaurant,japanese_restaurant,本郷2丁目39-7
福十八,1,japanese_restaurant,restaurant,東京都文京区本郷2丁目26-9
八八八,1,bar,japanese_restaurant|seafood_restaurant,本郷2丁目22-11
季よし,1,japanese_restaurant,restaurant|asian_restaurant,東京都文京区本郷２丁目２４−２
Akatsuki,1,japanese_restaurant,asian_restaurant|restaurant,2 Chome-30-9 Hongo
Taizan,1,restaurant,diner,本郷2丁目12-9
江戸銀,1,bar,restaurant|japanese_restaurant,本郷3丁目5-6
Eigetsu,1,japanese_restaurant,restaurant,"Hongo, 3 Chome−8−5 園田邸 1階"
琴海本郷店,1,japanese_restaurant,noodles_restaurant,本郷3丁目18-8
まさむら,1,japanese_restaurant,asian_restaurant|restaurant,本郷3丁目17-7
竹子,1,japanese_restaurant,restaurant|chinese_restaurant,本郷2丁目26-9
やき龍本郷店,1,japanese_restaurant,,本郷3-31-15
塩梅本郷店,1,japanese_restaurant,restaurant,本郷3丁目30-10
た喜ち,1,japanese_restaurant,restaurant|bed_and_breakfast,本郷3丁目31-6
田奈部,1,japanese_restaurant,restaurant,本郷3丁目35-6
慶乃亭 本郷3丁目店,1,japanese_restaurant,,本郷3-34-4
バクバク,1,japanese_restaurant,restaurant|bar,本郷4丁目1-6
春木町 おかづ,1,japanese_restaurant,restaurant|eat_and_drink,3 Chome-37-1 Hongo
本郷忍庭いち,1,japanese_restaurant,eat_and_drink|bar,3 Chome-25-9 Hongo
神勢,1,restaurant,japanese_restaurant,東京都文京区本郷３丁目３９−９
CAROpotentia,1,restaurant,,東京都文京区本郷３－４４－７ １階
Fire Chicken,1,restaurant,,3-22-9
津々美,1,japanese_restaurant,restaurant|asian_restaurant,湯島2丁目2-8
あるめいだ,1,japanese_restaurant,restaurant|cafe,湯島1丁目5-45
えびず 御茶ノ水店,1,japanese_restaurant,,神田駿河台2丁目6-3
ピン,1,japanese_restaurant,restaurant|bar,神田駿河台2-4
スカイルーム 太陽,1,restaurant,bar|cafe,神田駿河台2丁目4-3
Restaurant Hilltop,1,japanese_restaurant,restaurant|diner,本郷3丁目1-3
Ochanomizu Terrace SUPER DRY,1,restaurant,italian_restaurant|bar,2 Chome-1-20 Kanda Surugadai
ももや 御茶ノ水,1,bar,japanese_restaurant|sushi_restaurant,神田駿河台2丁目1-29
祭,1,japanese_restaurant,restaurant,神田駿河台1丁目5-6
モンカーブ,1,restaurant,italian_restaurant|bar,神田駿河台1-1
花子神保町店,1,japanese_restaurant,,東京都千代田区神田小川町３丁目２２
ヒナタ屋,1,japanese_restaurant,,神田小川町3-10
神田 いるさ,1,japanese_restaurant,restaurant|asian_restaurant,都千代田区神田小川町3丁目14-3
さいまや,1,japanese_restaurant,asian_restaurant|restaurant,神田小川町3丁目14-11
Pine,1,restaurant,bar|burger_restaurant,神田小川町3丁目10
モリちゃん 御茶ノ水店,1,restaurant,japanese_restaurant,東京都千代田区神田小川町３丁目１０−１１
三月の水,1,bar,restaurant|pub,神田小川町3丁目14-2
億萬神保町店,1,bar,japanese_restaurant|eat_and_drink,神田小川町3丁目10-26
座135 神田神保町,1,asian_restaurant,restaurant|bar,"Kanda Ogawamachi, 3 Chome−10 新駿河台ビルヂング 2-4F"
さらさら,1,bar,japanese_restaurant|restaurant,神田小川町3-26
りょく 御茶ノ水,1,bar,,神田駿河台3-7神田旅館組合ビル1 神田旅館ビル1.2F
面,1,japanese_restaurant,restaurant|asian_restaurant,神田駿河台3丁目5
土桜,1,japanese_restaurant,restaurant|diner,3 Chome-5-7 Kanda Surugadai
サル ド ルポ,1,restaurant,italian_restaurant|coffee_shop,3 Chome-3-8 Kanda Surugadai
オレゴンマジック,1,theme_restaurant,bar,2 Chome-10-5 Kanda Surugadai
咲くら さくら,1,japanese_restaurant,eat_and_drink|smoothie_juice_bar,神田駿河台2丁目10-5
東京コトブキ 御茶ノ水店,1,restaurant,japanese_restaurant|bar,神田駿河台2丁目10-5
サブロッソ,1,japanese_restaurant,sushi_restaurant|restaurant,神田駿河台2丁目10-5
Vegetus Plus,1,restaurant,fast_food_restaurant,3-1-8 Misaki-cho
渡部商店,1,bar,sake_bar,"Kanda Surugadai, 3 Chome EVE BUILDING 1F"
京乃菜,1,japanese_restaurant,asian_restaurant|restaurant,神田駿河台3丁目3
竹一郎,1,japanese_restaurant,asian_restaurant|restaurant,神田駿河台3-1
多酒菜菜,1,bar,wine_bar|tapas_bar,神田駿河台3丁目1-13
わだつみ,1,japanese_restaurant,,神田駿河台3-1-1
狩の川,1,japanese_restaurant,asian_restaurant|restaurant,神田小川町2丁目14-6
別邸 ここり,1,japanese_restaurant,restaurant|sake_bar,
暫,1,japanese_restaurant,restaurant,神田駿河台3丁目2-11
GINGEMBRE,1,restaurant,,神田淡路町1-21 青木 ビル1F
季の庭,1,japanese_restaurant,bar|restaurant,神田淡路町1丁目11-3
浜町亭駿河台店,1,japanese_restaurant,,神田駿河台3-6
Terrace 8890,1,bar,cocktail_bar|beer_bar,神田淡路町2-101
はちまる,1,bar,japanese_restaurant,神田淡路町2丁目21-20
あがらっし,1,bar,sake_bar|pub,神田淡路町2-1
Baruru,1,bar,cocktail_bar|wine_bar,"Kanda Awajicho, 1 Chome−９−11"
Be in,1,bar,restaurant,神田淡路町1丁目9-7
しんえつ,1,bar,japanese_restaurant|restaurant,神田淡路町1-9
頓珍館〜とんちんかん〜,1,restaurant,fast_food_restaurant,1-2-3
ブルース,1,restaurant,wholesale_store|japanese_restaurant,神田淡路町1丁目4-4
三日酔,1,bar,whiskey_bar|sake_bar,"Kanda Awajicho, 2 Chome−４"
神楽坂翔山亭神田淡路町店,1,japanese_restaurant,restaurant,神田淡路町2丁目8-5
はちや,1,japanese_restaurant,bar|restaurant,神田須田町1丁目19-9
吟ばん,1,japanese_restaurant,,神田須田町1-17
フードドリンクスいながき,1,restaurant,japanese_restaurant|sushi_restaurant,東京都千代田区神田須田町1丁目13-4
Koby's Ranch,1,asian_restaurant,barbecue_restaurant|eat_and_drink,神田須田町1-3第9NSビル1F
アールツータウン,1,bar,,神田須田町1-3 第9NSビル 1F
秀丸亭,1,restaurant,,1-5-11
Sta. Kanda,1,restaurant,japanese_restaurant|sushi_restaurant,"Kanda Sudacho, 1 Chome−25−4 マーチエキュート神田万世橋1F"
Eternal Nigote,1,bar,,"Sotokanda, 1 Chome−3−4 第IIIナガシマビル 2F"
秋葉原 丸五,1,japanese_restaurant,sushi_restaurant|asian_restaurant,
オークス,1,japanese_restaurant,,神田淡路町2丁目10-6 オークラプラザ1F
百彩健美 あけびの実,1,japanese_restaurant,restaurant,神田淡路町2-9
新開花,1,japanese_restaurant,restaurant|asian_restaurant,外神田2丁目8-14
丸五,1,restaurant,japanese_restaurant,東京都千代田区外神田1
MOCO(モコ)秋葉原店,1,bar,,外神田3-1-15
とりまつ,1,bar,sake_bar|italian_restaurant,外神田3丁目1-8
たどん,1,japanese_restaurant,asian_restaurant|restaurant,外神田3丁目3-16
炭の魂,1,bar,restaurant|sake_bar,外神田3丁目1-3
AKIBA No.1,1,restaurant,cafe|japanese_restaurant,外神田3丁目1-3
秋葉原トリプルセブン,1,bar,,外神田3-1-2
アマステージ,1,bar,topic_concert_venue|cafe,東京都千代田区外神田３丁目３−５
高まり研究所,1,bar,,外神田3-6-17
ちぇりっしゅ,1,bar,cafe|coffee_shop,"Sotokanda, 3 Chome−5−5 末広町ハイム"
左々舎,1,japanese_restaurant,restaurant|seafood_restaurant,外神田2丁目10-2
章太亭,1,japanese_restaurant,restaurant|asian_restaurant,外神田2丁目8-7
あさ野,1,japanese_restaurant,,外神田2丁目11-7
座SHOW,1,theme_restaurant,,外神田2-16-2
The Show,1,japanese_restaurant,theme_restaurant|topic_concert_venue,"Sotokanda, 2 Chome−16−2 地下1階 文化交流館"
串よし御茶ノ水店,1,japanese_restaurant,restaurant,"Sotokanda, 2 Chome−1−6 法生ビル 1F"
竹や,1,japanese_restaurant,restaurant,湯島1丁目9-15
なか野,1,japanese_restaurant,asian_restaurant|restaurant,湯島1丁目10-8
青林檎,1,restaurant,japanese_restaurant|asian_restaurant,湯島1丁目11-8
ワールドテーブル,1,restaurant,italian_restaurant,湯島3丁目3-4
つかさ 湯島本店,1,japanese_restaurant,chinese_restaurant|restaurant,湯島２－１５－３
湯島ひよこ堂,1,japanese_restaurant,restaurant,湯島2丁目33-10
和灯ろ,1,japanese_restaurant,restaurant,"Yushima, 2 Chome−33−9 小河原ビル"
楽 はせ川,1,japanese_restaurant,,池之端1-1-1
囲炉り,1,japanese_restaurant,taiwanese_restaurant|asian_restaurant,池之端1丁目1-1
隠れ家雲仙,1,restaurant,sake_bar,東京都文京区湯島３丁目４７−８
The Planet EVE,1,bar,cafe,東京都文京区湯島3-45-5ギャラン湯島3F THE PLANET EVE
気絶,1,bar,,"Yushima, 3 Chome−46−6 TS天神下ビル6F"
一輪咲いても花は花,1,japanese_restaurant,restaurant,湯島3丁目46-8
フィフティ・ワン,1,bar,pub,
湯島春近,1,japanese_restaurant,restaurant|diner,湯島3丁目47-10
天神町 藤しの,1,japanese_restaurant,grocery_store|sushi_restaurant,湯島3丁目34-11
Jammy,1,bar,cafe,"Yushima, 3 Chome−36−5 Mビル 1F"
天神下 炭屋,1,japanese_restaurant,restaurant,"Yushima, 3 Chome−32−14 三王湯島ビル 1F"
Baidam,1,asian_restaurant,restaurant|diner,湯島3丁目25-11
Blind Water Melon,1,asian_restaurant,cafe,東京都台東区上野１丁目７−３
中坂下 ちそう,1,japanese_restaurant,restaurant|diner,1 Chome-6-4 Ueno
ふたかわ,1,japanese_restaurant,restaurant|asian_restaurant,湯島3丁目10-8
丸しま,1,japanese_restaurant,asian_restaurant,湯島3丁目13-8
泉味,1,restaurant,japanese_restaurant,文京区湯島3丁目17-13
湯島半之助,1,japanese_restaurant,delicatessen|asian_restaurant,湯島3丁目19-4
妻恋坂酒趣,1,restaurant,,"湯島3丁目7-1, シャンティ湯島B1"
Uchida,1,japanese_restaurant,fast_food_restaurant|restaurant,6 Chome-2-1 Sotokanda
妻恋坂 けい吾,1,japanese_restaurant,asian_restaurant|noodles_restaurant,湯島3丁目10-10
おに平,1,japanese_restaurant,asian_restaurant|restaurant,外神田6丁目5-11
Ishibashi,1,japanese_restaurant,restaurant|asian_restaurant,3 Chome-6-8 Sotokanda
アイキッチン 秋葉原店,1,restaurant,indian_restaurant|bar,外神田3丁目6-5
いし橋,1,japanese_restaurant,restaurant|diner,外神田3丁目6-8
天想伝楽 がく,1,japanese_restaurant,asian_restaurant,外神田3丁目8-7
ブラウニー,1,japanese_restaurant,restaurant|diner,外神田3丁目7-9
ひみつきち,1,bar,cafe|sake_bar,外神田6丁目12-8
Iv Akihabara,1,bar,,東京都千代田区外神田
百年本舗秋葉原総本店,1,japanese_restaurant,diner|restaurant,外神田3丁目8-9
ブラウンシュガー,1,bar,,外神田5丁目2-14
豚蜂,1,restaurant,bar|active_life,東京都千代田区外神田5丁目2 3
神田末広町店,1,fast_food_restaurant,,東京都千代田区外神田５－２－１
花ぶさ,1,japanese_restaurant,restaurant|asian_restaurant,外神田6丁目15-5
オレンチ,1,bar,restaurant|italian_restaurant,外神田6丁目16-3
八四六,1,japanese_restaurant,bar,外神田5丁目2-10
さくま亭,1,bar,japanese_restaurant|restaurant,上野1丁目2-10
瓢箪御徒町,1,restaurant,chinese_restaurant|japanese_restaurant,北上野2丁目3-1
起英ファミリー,1,japanese_restaurant,restaurant|diner,上野1丁目2-5
Gimmick,1,bar,,外神田6-10-8
きくち,1,japanese_restaurant,restaurant,上野1丁目12-2
きたろう,1,japanese_restaurant,bar|restaurant,上野1丁目8-7
穀物祭,1,japanese_restaurant,asian_restaurant|restaurant,上野1丁目9-8
かず味家,1,bar,,上野1丁目11-9 イマスサニービル 1F
さんつぼ,1,bar,japanese_restaurant,東京都台東区上野１丁目１１−５
スタッズ,1,bar,dance_club|korean_restaurant,1 Chome-16-1 Ueno
はな,1,japanese_restaurant,asian_restaurant|restaurant,湯島3丁目37-3
萬カドヤ,1,bar,sake_bar,3 Chome-37-9 Yushima
湯島三冨魯久汁八,1,japanese_restaurant,,湯島3丁目37-3
どるちぇ,1,japanese_restaurant,restaurant|bar,3 Chome-37-8 Yushima
章,1,bar,japanese_restaurant,湯島3丁目36-3
Sel,1,restaurant,japanese_restaurant|french_restaurant,"Yushima, 3 Chome−36−1 TOYOTOMIビル 1F"
黒門市場,1,asian_restaurant,chinese_restaurant|restaurant,上野1丁目16-12
彩とう,1,japanese_restaurant,bar,上野1丁目15-7
SHITAN'S,1,japanese_restaurant,restaurant|wine_bar,湯島3丁目36-3
こんごう庵湯島店,1,japanese_restaurant,restaurant|asian_restaurant,湯島3丁目36-3
ゆしま串本 本店,1,japanese_restaurant,bar,湯島3丁目36-8
小粋,1,bar,dance_club|restaurant,3 Chome-36-8 Yushima
ささり,1,bar,,湯島3丁目35-9 白川ビル1階
Tokyo In Next,1,bar,,湯島3-35-11
高やま,1,japanese_restaurant,asian_restaurant|restaurant,3 Chome-35-13 Yushima
Super Freak,1,restaurant,,湯島3丁目35-13
ヴォーノ,1,bar,dance_club|pub,湯島3丁目35-10
夢心,1,restaurant,eat_and_drink|japanese_restaurant,湯島3丁目46-2
キッチンカドヤ,1,restaurant,japanese_restaurant|bar,湯島3-46-9
ACE,1,japanese_restaurant,steakhouse|asian_restaurant,湯島3丁目46-9
くり,1,bar,restaurant|pub,湯島3丁目46-9
湯島タケウチ,1,japanese_restaurant,restaurant|diner,湯島3丁目35-8
HACCi,1,bar,arcade|amusement_park,湯島3丁目46-3
角ヤ,1,bar,restaurant|pub,湯島3丁目45-3
JJ Ueno,1,bar,,"Yushima, 3 Chome−45−10 3Fabc室"
松浦,1,japanese_restaurant,restaurant|asian_restaurant,湯島3丁目45-10
アンヤマニー,1,bar,restaurant|asian_restaurant,湯島3丁目45-10
創作鉄板じゅうじゅう,1,japanese_restaurant,restaurant,
多古久,1,japanese_restaurant,restaurant|eat_and_drink,東京都台東区上野２丁目１１−８
Chopsticks,1,bar,japanese_restaurant,3 Chome-43-8 Yushima
Kei,1,japanese_restaurant,restaurant|asian_restaurant,"Ueno, 2 Chome−11−2 NSテトラビル"
Chanfe Tokyo,1,restaurant,,3-44-9
ういすぱー,1,bar,restaurant|pub,湯島3丁目44-9
板倉茶屋要,1,japanese_restaurant,tea_room|restaurant,湯島3丁目44-9
Monstera,1,bar,,湯島3-43-11 2F
三六湯島店,1,japanese_restaurant,restaurant|diner,湯島3丁目42-2
あし柄,1,japanese_restaurant,caterer|asian_restaurant,湯島3丁目42-9
Trash,1,bar,pub,3 Chome-42-6 Yushima
是非に及ばず,1,lounge,bar,湯島3-38-11 エスパス広小路7F
盛り盛り 東京,1,japanese_restaurant,sake_bar|bar,"Yushima, 3 Chome−38−9 B1F"
みよし 卯ノ方,1,japanese_restaurant,restaurant,湯島3丁目38-5
絆屋,1,japanese_restaurant,asian_restaurant|restaurant,湯島3丁目37-9
味の上田,1,japanese_restaurant,restaurant|diner,"Yushima, 3 Chome−38−3 １階"
桑名,1,japanese_restaurant,asian_restaurant|restaurant,"Yushima, 3 Chome−38−3 まつばビル １階"
玉善,1,japanese_restaurant,asian_restaurant|restaurant,3 Chome-38-11 Yushima
Femme Fatale,1,bar,,湯島3-38-15
トントンびょうし,1,bar,japanese_restaurant|restaurant,湯島3丁目39-9
上野世紀,1,bar,hotel|pub,
とれび庵上野,1,restaurant,,上野2丁目3-4
味噌坐玉響,1,japanese_restaurant,restaurant|asian_restaurant,上野2丁目4-4
長岡商事,1,restaurant,japanese_restaurant|diner,"Ueno, 2 Chome−10−7 かきくけこビル 1・2・3階"
エル,1,japanese_restaurant,restaurant,2 Chome-12-16 Ueno
リバティハウス,1,bar,restaurant|japanese_restaurant,上野2丁目12-16
サンクチュアリ,1,bar,,上野2-10-9
SHA-LA-LA,1,bar,,"Ueno, 2 Chome−4−5 3 エクセル上野３号館 B1"
Rose,1,bar,cocktail_bar|lounge,2 Chome-4-2 Ueno
千代本,1,japanese_restaurant,sushi_restaurant|restaurant,上野2丁目3-9
昭和99年,1,bar,,上野2丁目5-3
Kamimori,1,bar,karaoke|lounge,上野2丁目5-7
RE-BORN,1,bar,restaurant|pub,上野2丁目5-4-G
Fabsta,1,bar_and_grill_restaurant,gastropub|pub,上野2丁目9付近
club Capone,1,bar,dance_club|arts_and_entertainment,"Ueno, 2 Chome−8−4 日栄ビル1番館 ４階"
SARU,1,bar,japanese_restaurant|restaurant,上野2丁目9-2
DANDAN,1,bar,japanese_restaurant|sushi_restaurant,上野2丁目8-4
Tamura,1,japanese_restaurant,barbecue_restaurant|restaurant,"Ueno, 2 Chome−8−4 日栄ビル1番館"
とんちゃん 上野店,1,japanese_restaurant,restaurant|diner,上野2丁目8-7
とり日和東京本店,1,japanese_restaurant,restaurant|diner,上野2丁目8-1
シマ,1,bar,karaoke|lounge,上野2丁目2-4
フロントナイン,1,bar,dance_club|restaurant,上野2丁目1-5
あにすた,1,bar,pub|japanese_restaurant,"Ueno, 2 Chome−1−3 5F D棟 88 Bldg."
鉄板焼き ぐりぐり,1,restaurant,japanese_restaurant,東京都台東区上野２丁目２−３
Blues,1,bar,,"Ueno, 2 Chome−2−4 ＴＳビル ４階"
狸狐猫豚,1,japanese_restaurant,,湯島3-41-3
樽平,1,japanese_restaurant,sushi_restaurant|asian_restaurant,湯島3丁目40-7
辻が花 上野店,1,japanese_restaurant,restaurant,上野1丁目20-11
大地の贈り物,1,buffet_restaurant,vegetarian_restaurant|health_food_restaurant,上野1丁目20-11
空,1,japanese_restaurant,restaurant,湯島3丁目39-15-A
絵馬亭,1,japanese_restaurant,asian_restaurant|restaurant,湯島3丁目39-3
俺の生きる道 上野店,1,japanese_restaurant,restaurant,東京都台東区上野３丁目２３−３
まつうら,1,japanese_restaurant,restaurant,上野3丁目23-11
朱鷺,1,japanese_restaurant,sushi_restaurant|asian_restaurant,上野3丁目19-7
アルサスローレン上野,1,diner,restaurant,上野3丁目29-5
北海道 くろまる 上野店,1,japanese_restaurant,burger_restaurant|restaurant,東京都台東区上野３丁目２４−６
Kaname,1,restaurant,european_restaurant|retirement_home,上野1丁目20-10
プロースト東京,1,bar_and_grill_restaurant,gastropub|european_restaurant,
Molecu-L,1,molecular_gastronomy_restaurant,restaurant|french_restaurant,上野2丁目1-9
酒悦本店,1,bar,eat_and_drink,上野2丁目7-11
ミート菜ビール,1,restaurant,,"上野4丁目5-2, 坂前ビル"
ひむろ上野店,1,japanese_restaurant,restaurant,上野4丁目5-2
まんぷく,1,japanese_restaurant,restaurant,上野4丁目1-5
たかはし 上野店,1,japanese_restaurant,noodles_restaurant|restaurant,上野4丁目1-5
ゆず家上野御徒町店,1,bar,,上野4-2-6 上野西田ビル 5F
黒潮海閤 上野店,1,japanese_restaurant,asian_restaurant|restaurant,"Ueno, 4 Chome−3−8 4F"
みさき屋商店,1,food_and_drink,,
Voyage,1,bar,lounge,"Ueno, 4 Chome−5−9 三州屋ビル 5F"
Hachinoki,1,japanese_restaurant,asian_restaurant|restaurant,"Ueno, 4 Chome−7−3 2F・3F"
Canalclub,1,bar,professional_services,上野 5-25-1 イトウビル1F
若狭家上野店,1,japanese_restaurant,restaurant,上野4丁目6-7
三幸商店,1,restaurant,sake_bar,上野6丁目10-4
阿美横燒,1,japanese_restaurant,food_stand|eat_and_drink,4 Chome-1-9 Ueno
味の笛,1,japanese_restaurant,,5 Chome-27-8 Ueno
佐原屋本店,1,japanese_restaurant,sushi_restaurant|asian_restaurant,上野5丁目27-5
エニシスタンド 御徒町店,1,restaurant,noodles_restaurant,東京都台東区上野３丁目２７−１２
Dippalace Okachimachi,1,restaurant,,上野3丁目27-12 御徒町吉池本店ビル 8F
こがね屋御徒町,1,japanese_restaurant,restaurant,上野3丁目21-10
徳ちゃん 御徒町店,1,bar,sake_bar|wine_bar,上野5丁目20-5
熱狂道とん堀御徒町店,1,japanese_restaurant,restaurant|diner,上野5丁目20-3
ポラム,1,japanese_restaurant,bar|sake_bar,
喜代松,1,japanese_restaurant,asian_restaurant|restaurant,上野5丁目19-6
R.G.B.Tokyo,1,bar,music_venue|dance_club,上野5丁目18-7
チラナイサクラ,1,japanese_restaurant,restaurant|diner,上野5丁目10-14
むす美,1,japanese_restaurant,sushi_restaurant,東京都台東区上野３丁目２０−１０
九州 力,1,japanese_restaurant,,"Ueno, 3 Chome−19−1 2階"
豚っく,1,japanese_restaurant,restaurant|diner,上野3丁目18-4
咲彩,1,bar,,上野3丁目14-5 ヴェルコ黒門ビル B1F
LUNA PRDX85,1,theme_restaurant,,外神田5-4-5
Masa,1,restaurant,bar|barbecue_restaurant,5丁目4-13
東京ノーブル,1,japanese_restaurant,,上野5丁目9-19
遊食家Boo,1,japanese_restaurant,restaurant|bar,"2k540 Aki-Oka Artisan, N4, 5 Chome-9-19 Ueno"
どんべ,1,japanese_restaurant,asian_restaurant|restaurant,上野5丁目8-1
Neko Jalala,1,restaurant,bar,
東京厨房,1,restaurant,,神田練塀町3
Ohashi Akihabara Living,1,restaurant,asian_restaurant|bar,外神田 1-18-18
たん之助,1,japanese_restaurant,,都千代田区神田花岡町1-1
アキバ海岸,1,restaurant,japanese_restaurant|landmark_and_historical_building,外神田4丁目14-1
未来屋台おとめし,1,food_truck_stand,,神田練塀町13-1
Kufuku,1,restaurant,french_restaurant,外神田4丁目11-8
ばりとんっ飯田橋,1,asian_restaurant,restaurant|japanese_restaurant,飯田橋4-9-7
King&Queen,1,bar,,4-7 外神田4丁目
かむげん,1,japanese_restaurant,,外神田4-14-1
Rabbit Castle,1,theme_restaurant,,外神田4-4-8
ローズキャンベル,1,theme_restaurant,,外神田4-4-8
幽遊屋敷,1,bar,,外神田4-4-7
Eternal Stage,1,bar,,外神田4-4-3
小悪魔の宴 Little BSD,1,theme_restaurant,bar|restaurant,外神田3丁目7-12
夜宴迷宮,1,bar,beer_garden|pub,外神田3-10-5　T＆K　AKIBABLDG　2F
誠酒屋,1,bar,cafe,
B-cats,1,bar,restaurant|eat_and_drink,外神田3丁目4-16
あだち,1,japanese_restaurant,restaurant|asian_restaurant,外神田3丁目11-6
ひろし秋葉原店,1,japanese_restaurant,restaurant|bar,外神田3丁目1-12
松楽,1,japanese_restaurant,restaurant,外神田1丁目11-9
Beef Skewers Maruju Meat Shop,1,japanese_restaurant,asian_restaurant|restaurant,"Sotokanda, 4 Chome−3−3 ドン・キホーテ秋葉原店"
Shōraku,1,restaurant,asian_restaurant|japanese_restaurant,外神田1-11-9
Fukushimaya Akihabara,1,japanese_restaurant,restaurant,"Sotokanda, 4 Chome−14−1 秋葉原UDX1F"
大門福あげ,1,japanese_restaurant,sushi_restaurant|diner,東京都千代田区外神田４丁目１４−１
ゆかり Akiba-Ichi,1,japanese_restaurant,asian_restaurant|restaurant,外神田4丁目14-1
The Granvania,1,restaurant,cafe|asian_restaurant,外神田1丁目14-3
Akiba Kurofune,1,restaurant,japanese_restaurant|barbecue_restaurant,外神田1丁目13-7
呉越同舟,1,restaurant,beer_garden|bar,神田須田町2-21
エア・ホープ,1,food_and_drink,shopping,外神田3-3-5
やすべい,1,japanese_restaurant,sushi_restaurant,外神田1-15-11 秋葉原西川ビルB1F
スパイスファクトリー Tfb秋葉原店,1,japanese_restaurant,,
一のや,1,japanese_restaurant,restaurant,東京都千代田区神田佐久間町１丁目６−５
秋葉原ガーデンファーム,1,japanese_restaurant,asian_restaurant,東京都千代田区神田佐久間町１丁目１３
GABURICO,1,japanese_restaurant,,神田佐久間町1-13
チェルシーマーケット,1,bar_and_grill_restaurant,american_restaurant|restaurant,神田花岡町1-9
但馬屋,1,japanese_restaurant,restaurant,
BunnyPalace,1,bar,hookah_bar,701 1 Chome-16-1 Kanda Sakumacho
煉 神田店,1,japanese_restaurant,restaurant|bar,神田須田町2丁目13-10
神田岩本町style,1,japanese_restaurant,restaurant|bar,神田須田町2丁目13-1
インアウト,1,restaurant,bar|japanese_restaurant,神田岩本町1
シイナノゴハン,1,restaurant,japanese_restaurant|fast_food_restaurant,"Kanda Higashimatsushitacho, 12-1 トナカイ神田タワー 1F"
Ome Farm Kitchen,1,restaurant,cafe|bar,"Kanda Sudacho, 2 Chome−８−19 Palet Dor Kanda, 101号"
こば屋本店 東京神田店,1,japanese_restaurant,,神田富山町6-2
Kirari,1,japanese_restaurant,asian_restaurant|restaurant,"Kanda Konyacho, 46 松見ビル １F"
マーハイ,1,japanese_restaurant,bar|restaurant,神田富山町20-1
輝〜きらり〜,1,japanese_restaurant,,神田紺屋町46
べっぴん,1,bar,restaurant|sushi_restaurant,神田紺屋町46
喜久むら,1,japanese_restaurant,restaurant|asian_restaurant,鍛冶町2丁目8-10
サスティナブルキッチン ロージー,1,vegetarian_restaurant,health_food_restaurant|restaurant,神田北乗物町11
Jam9,1,bar,italian_restaurant|pub,神田紺屋町46 風月堂ビル
Bi-Go,1,bar,japanese_restaurant|restaurant,"Kanda Kitanorimonocho, 18-5 ダイユー神田 1F"
富士屋商店,1,restaurant,food_beverage_service_distribution,千代田区神田淡路町1-15
おきばり屋,1,japanese_restaurant,restaurant,神田紺屋町39
ゑーもん神田店,1,japanese_restaurant,asian_restaurant|restaurant,神田西福田町4
神田集村,1,bar,,神田美倉町4-6
K's Crew,1,bar,restaurant|asian_restaurant,神田美倉町4
東京星夜,1,bar,,東京都
Tono 3 (トノミー),1,bar,lounge|beer_garden,東京都
なみのうえ,1,bar,pub,東京都
てっぱん523,1,bar,,東京都
国分寺猿酔家,1,bar,,東京都
みそら屋はなれ,1,restaurant,bar,東京都
ROOKStand,1,bar,topic_concert_venue,
玉金 tamakin,1,restaurant,bar,東京都
Good mood encounter,1,bar_and_grill_restaurant,restaurant,東京都港区六本木5-18-22
利喜笑店,1,bar,beer_garden|lounge,南町2-7
黒てつ家,1,japanese_restaurant,restaurant|diner,神田美倉町9 神田美倉町ビル
吾妻家,1,japanese_restaurant,sushi_restaurant,日本橋本町4丁目7-6
肉鮮問屋佐々木,1,japanese_restaurant,restaurant,日本橋本町4丁目2-3
もみじ,1,japanese_restaurant,sushi_restaurant|restaurant,日本橋本町4丁目2-13
かめ清,1,bar,restaurant|pub,日本橋室町4丁目6-8
匠上日本橋室町本家,1,japanese_restaurant,restaurant,日本橋室町4丁目6-5
乃の木日本橋本町店,1,bar,japanese_restaurant|restaurant,日本橋本町4丁目4-2
箸庵,1,japanese_restaurant,,鍛冶町1-9-19
神田おかめ,1,japanese_restaurant,,鍛冶町1-10-8
Stonegrill あいらむゆ〜,1,bar,bar_and_grill_restaurant|diner,鍛冶町1-9-11 石川COビルB1F
神田ゴタル,1,japanese_restaurant,sake_bar|bar,神田紺屋町6 松本ビル1F エリア: 神田
かをる,1,japanese_restaurant,sake_bar|restaurant,"Kanda Konyacho, 6-1 大湯ラッキービル"
又衛門,1,japanese_restaurant,bar|pub,神田紺屋町6 松本ビル
いのね,1,bar,japanese_restaurant|sushi_restaurant,鍛冶町2丁目5-14
うまたまや,1,restaurant,asian_restaurant|health_and_medical,鍛治町2-13-24
堀堀,1,bar,japanese_restaurant|asian_restaurant,鍛冶町2丁目2-9
跳人,1,japanese_restaurant,restaurant|asian_restaurant,鍛冶町2丁目2-9
添い寝女子,1,bar,,
夢の郷,1,japanese_restaurant,bar|restaurant,鍛冶町1丁目7-7
リード,1,bar,,鍛冶町2丁目3-1 神田高野ビル
Roz,1,restaurant,asian_restaurant|bar,鍛冶町1丁目8-2
神田箸庵,1,japanese_restaurant,noodles_restaurant|restaurant,鍛冶町1丁目9-19
もろみ家,1,japanese_restaurant,restaurant|sushi_restaurant,"Nihonbashimuromachi, 4 Chome−3−14 日本橋北村ビル 6F"
ハラカラ,1,japanese_restaurant,restaurant|chicken_restaurant,"Nihonbashimuromachi, 4 Chome−3−14 泉澤ビル 1・2F"
くろてつ,1,japanese_restaurant,restaurant|asian_restaurant,"Kanda Mikuracho, ９"
室町三谷屋,1,japanese_restaurant,asian_restaurant|restaurant,日本橋室町4丁目3-10
亀とみ,1,japanese_restaurant,asian_restaurant|restaurant,4 Chome-1-13 Nihonbashimuromachi
蔵賀,1,japanese_restaurant,sake_bar|restaurant,1 Chome-5-13 Kajicho
しんどう,1,japanese_restaurant,restaurant,日本橋室町4丁目2-6
あじ兎,1,japanese_restaurant,,鍛冶町1-7-15
ほまれ,1,bar,japanese_restaurant|asian_restaurant,鍛冶町1丁目6-7
だるま神田,1,restaurant,japanese_restaurant|soul_food,鍛冶町1丁目6-7
KO-IKI,1,japanese_restaurant,restaurant|diner,"Kajicho, 1 Chome−6−5 三州屋ビル"
尾張家,1,japanese_restaurant,restaurant|diner,鍛冶町1丁目6-4
神田味喜庵,1,japanese_restaurant,asian_restaurant|restaurant,鍛冶町1丁目6-17
花夢,1,restaurant,asian_restaurant|japanese_restaurant,東京都千代田区鍛冶町１丁目７−４
神田ぼんてん,1,japanese_restaurant,asian_restaurant|restaurant,鍛冶町1丁目7-19
神田 寅鈴,1,japanese_restaurant,,"Kajicho, 1 Chome−5−2 鍛冶町ビル 1F"
ふくい軒,1,bar,japanese_restaurant|comfort_food_restaurant,日本橋本石町4丁目4-16
Setouchi Lemon Restaurant Kanda,1,japanese_restaurant,restaurant|diner,"Nihonbashihongokucho, 4 Chome−4−13 １階"
花羽,1,japanese_restaurant,bar|restaurant,日本橋本石町4丁目5-15
朝日夜,1,japanese_restaurant,restaurant|asian_restaurant,"Nihonbashihongokucho, 4 Chome−5−8 1F"
よる,1,bar,korean_restaurant,日本橋本石町4丁目6-21
友家神田店,1,japanese_restaurant,korean_restaurant|asian_restaurant,1 Chome-1-6 Kajicho
蔵門,1,bar,,
MOMENT 神田南口店,1,bar,,鍛冶町1-4-3
仙人宮ちゃん,1,bar,restaurant|japanese_restaurant,鍛冶町2丁目14-8
馬力神田店,1,japanese_restaurant,restaurant|asian_restaurant,鍛冶町2丁目14-3
大観,1,japanese_restaurant,sake_bar|bar,2 Chome-14-7 Kajicho
矢まと,1,bar,restaurant|sake_bar,
ロッシ,1,bar,wine_bar|japanese_restaurant,鍛冶町2丁目2-9
もじ焼や,1,japanese_restaurant,asian_restaurant|eat_and_drink,鍛冶町2丁目13-25
ブレイク,1,bar,,鍛冶町2-13-24
旬彩庭,1,bar,tapas_bar|shopping_center,鍛冶町2丁目13-24
美味卵家,1,restaurant,japanese_restaurant|diner,鍛冶町2丁目13-24
鳥牛,1,japanese_restaurant,chicken_restaurant,内神田3丁目18-8
保夜萬歩,1,japanese_restaurant,restaurant|diner,内神田3丁目12-10
まる豚,1,japanese_restaurant,restaurant|asian_restaurant,"Uchikanda, 3 Chome−18−8 内神田ビル 1F"
かぶき 南口店,1,bar,eat_and_drink|sushi_restaurant,内神田3丁目22-10
神田 カミヤ,1,restaurant,japanese_restaurant|asian_restaurant,東京都千代田区内神田三丁目18番7号
さよなら 神田店,1,bar,pub,内神田3丁目21-3
むら治屋,1,japanese_restaurant,restaurant|asian_restaurant,東京都千代田区内神田３丁目２１−２
さつま,1,bar,japanese_restaurant|restaurant,内神田3丁目21-2
めろう屋 田,1,bar,,鍛冶町3-21-5
Ocean Breeze,1,restaurant,japanese_restaurant|bar,内神田3丁目21-5
花子神田店,1,japanese_restaurant,restaurant|diner,内神田3丁目22-9
隠れ房 ねぎし,1,japanese_restaurant,bar,神田鍛冶町3-7
岬,1,japanese_restaurant,sake_bar|bar,神田鍛冶町3-3ニュー神田ビル
Komi'z,1,japanese_restaurant,,"Kanda Kajicho, 3 Chome−3−1 カリガネビル 2階"
神田厨房,1,japanese_restaurant,asian_restaurant|noodles_restaurant,内神田3丁目20-6
伊勢 本店,1,japanese_restaurant,restaurant,2 Chome-12-13 Kajicho
治味家,1,japanese_restaurant,asian_restaurant|restaurant,2 Chome-7-3 Kajicho
おてだま,1,japanese_restaurant,restaurant|diner,鍛冶町2丁目9-17
満なかや,1,japanese_restaurant,restaurant,2 Chome-8-3 Kajicho
かんだ光壽,1,japanese_restaurant,,鍛冶町2-9-7
鳥のかけ橋,1,japanese_restaurant,restaurant,東京都千代田区鍛冶町２丁目１１−１９
神田基地夢来の樹レジェルム,1,bar,cafe|topic_concert_venue,東京都千代田区鍛冶町２丁目１２−８
Kitchen 723,1,japanese_restaurant,,"Kajicho, 2 Chome−11−17 Ｃ３"
タウメー,1,restaurant,asian_restaurant|beer_bar,東京都千代田区神田東松下町４９
無銘,1,japanese_restaurant,restaurant,神田東松下町49-8
神八,1,bar,sake_bar|lounge,神田東松下町49千代田ビル
むめい,1,japanese_restaurant,restaurant,東京都千代田区神田東松下町
レスト,1,restaurant,sake_bar|japanese_restaurant,神田須田町2丁目12
カイテイエン,1,japanese_restaurant,restaurant|diner,神田須田町1丁目18-2
恵比元,1,japanese_restaurant,sushi_restaurant|restaurant,神田須田町1-24
寄り本舗神田店,1,japanese_restaurant,barbecue_restaurant|restaurant,神田鍛冶町3丁目3-9
とうきょう,1,bar,restaurant|asian_restaurant,神田須田町1-14
めんや,1,japanese_restaurant,,神田須田町1-14
良心的な店 あさひ,1,bar,japanese_restaurant|restaurant,神田須田町1丁目12-6
亀の子,1,japanese_restaurant,restaurant|comfort_food_restaurant,1 Chome-26-2 Kanda Sudacho
カープ,1,japanese_restaurant,restaurant|diner,神田鍛冶町3丁目5
元希,1,japanese_restaurant,restaurant|barbecue_restaurant,"Kanda Kajicho, 3 Chome−５−4"
まる家,1,japanese_restaurant,restaurant|bar,"Kanda Kajicho, 3 Chome−７−2"
ツバキ 神田鍛冶町,1,restaurant,,神田鍛冶町3丁目5-3
月の蛙エニシ,1,restaurant,comfort_food_restaurant|bar,神田多町2丁目4-2
ラ・リヴィエール,1,restaurant,diner,神田多町2丁目2
なんでや総本店,1,japanese_restaurant,bar|restaurant,内神田3丁目17-8
蔵 KOKORI,1,japanese_restaurant,restaurant|diner,内神田3丁目17-8
裏神田自然生村,1,japanese_restaurant,chinese_restaurant|cafe,内神田3丁目17-6
まないた,1,japanese_restaurant,restaurant|asian_restaurant,神田多町2丁目1-1
頑虎,1,restaurant,bar|japanese_restaurant,"Uchikanda, 3 Chome−23−3 大原第７ビル B1F"
保夜萬歩II,1,japanese_restaurant,restaurant|asian_restaurant,神田多町2丁目7-7
巴里の介,1,japanese_restaurant,restaurant|diner,神田司町2丁目14-7
八ツ手屋,1,japanese_restaurant,restaurant,神田司町2丁目16
からつ,1,japanese_restaurant,restaurant|bar,"Kanda Tacho, 2 Chome−３−5 森屋ビル １階"
百蔵,1,japanese_restaurant,asian_restaurant|restaurant,神田司町2丁目6
みずむら,1,japanese_restaurant,asian_restaurant|restaurant,神田司町2丁目10
もつ処楽,1,japanese_restaurant,asian_restaurant|restaurant,神田多町2丁目8-8
味覚永,1,japanese_restaurant,restaurant|asian_restaurant,"Kanda Sudacho, 1 Chome−10-8 大熊ビル"
やまいち,1,japanese_restaurant,asian_restaurant|restaurant,神田須田町1丁目8-4
ジンコック,1,restaurant,indian_restaurant|cafe,神田須田町1丁目2-3
星ノ灯,1,japanese_restaurant,,神田須田町1=2
Banju,1,restaurant,korean_restaurant|bar,神田小川町1丁目1-15
はなくま,1,japanese_restaurant,restaurant,神田小川町1丁目1
LT 神田小川町,1,japanese_restaurant,,神田小川町1-1-15
くしふく,1,japanese_restaurant,,神田淡路町1-19
淡路町 ゆう庵,1,japanese_restaurant,restaurant|bar,東京都千代田区神田淡路町１丁目２１−４
ちょいくら,1,bar,restaurant|diner,神田淡路町1丁目19
博多満月小川町店,1,bar,restaurant|barbecue_restaurant,神田小川町1丁目8-3
嵯峨谷小川町店,1,japanese_restaurant,restaurant|cafe,神田小川町1丁目8-3
和伊まる,1,japanese_restaurant,bar_and_grill_restaurant|restaurant,神田小川町1丁目7-9
じろ銀,1,japanese_restaurant,restaurant|bar,"Kanda Ogawamachi, 1 Chome−7−14 神田小川町ハイツ"
Xibi,1,bar,japanese_restaurant|restaurant,神田小川町1丁目7-4
福すい,1,japanese_restaurant,chinese_restaurant|asian_restaurant,1 Chome-11-37 Kanda Ogawamachi
欧風屋,1,bar,music_venue|dance_club,神田司町2-21
花かご,1,bar,japanese_restaurant|womens_clothing_store,神田司町2丁目5-3
cozy,1,restaurant,japanese_restaurant|diner,2 Chome-12-3 Uchikanda
小舟津,1,japanese_restaurant,bar,2 Chome-11-9 Uchikanda
藤田酒店,1,japanese_restaurant,bar,"Uchikanda, 2 Chome−10−2 不動前ビル 3A"
万花衣内神田二丁目店,1,restaurant,accommodation|bar,内神田2丁目6-8
MANNISH,1,japanese_restaurant,restaurant,内神田1丁目9-10
ゐの上,1,japanese_restaurant,restaurant|asian_restaurant,内神田1丁目9-13
葉菜海家,1,japanese_restaurant,restaurant|bar,"Uchikanda, 1 Chome−9 ＴＹＤビル"
ALBA,1,restaurant,bar|japanese_restaurant,内神田1丁目11-10
旨家,1,restaurant,,東京都千代田区内神田1丁目11-7
七條,1,japanese_restaurant,restaurant|diner,内神田1丁目15-7
内神田 うてな,1,japanese_restaurant,sushi_restaurant|eat_and_drink,内神田1丁目11-5
ホイッスル,1,restaurant,medical_service_organizations,内神田2-7-9  浅野屋ビル5F
にんにく,1,restaurant,japanese_restaurant,内神田2-7-9  浅野屋ビル5F
玄気,1,japanese_restaurant,asian_restaurant|restaurant,内神田1丁目10-5
あぶくま亭,1,japanese_restaurant,restaurant|bar,東京都千代田区内神田１丁目７−７
桃山大手町店,1,japanese_restaurant,restaurant,内神田1丁目4-2
Vege Labo,1,vegetarian_restaurant,health_food_restaurant|restaurant,内神田2丁目7-2
Tokyo OVEN,1,bar_and_grill_restaurant,bar|restaurant,
三馬路,1,japanese_restaurant,,東京都千代田区内神田２丁目９−６
木花別邸 つぼみ,1,japanese_restaurant,restaurant|diner,内神田2丁目12-2
話食 ごはち,1,japanese_restaurant,restaurant|comfort_food_restaurant,内神田2丁目15-2
楮山 神田店,1,japanese_restaurant,,内神田2-15-2
個室 オータ ーメイト コース 内神田 なか い,1,restaurant,asian_restaurant|chicken_restaurant,"""13-8, 千代田区内神田2"""
神田ルー・ド・メール,1,restaurant,diner,内神田2丁目14-3
かめや神田西口店,1,japanese_restaurant,restaurant,内神田2丁目13-1
小船津,1,japanese_restaurant,sushi_restaurant|asian_restaurant,内神田2丁目18-9
エンデイー,1,restaurant,asian_restaurant|japanese_restaurant,東京都千代田区内神田２丁目８−３
神田 木花,1,japanese_restaurant,,内神田3-5-3
木花はなれ,1,japanese_restaurant,restaurant,"Uchikanda, 3 Chome−5−5 大同ビル ２F"
このじょ,1,japanese_restaurant,bar|asian_restaurant,内神田3丁目5-5
かぶき 本店,1,japanese_restaurant,restaurant|asian_restaurant,内神田3丁目5-5
夢いち輪,1,japanese_restaurant,restaurant|diner,"Uchikanda, 3 Chome−10−10 Snビル 1階"
ひょうたん,1,restaurant,japanese_restaurant|bar,内神田3丁目10-2
トリプルワン,1,bar,,東京都千代田区内神田3-17-6 2f
オボンジップ神田,1,restaurant,,"内神田3-17-9, オボンジップ神田"
灯り家,1,japanese_restaurant,bar|sushi_restaurant,内神田3丁目17-10
コーラク,1,bar,japanese_restaurant|restaurant,内神田3丁目12-6
音Stage,1,bar,music_venue|event_planning,内神田3丁目7-4
アデーレ,1,bar,bar_and_grill_restaurant|restaurant,3 Chome-11-1 Uchikanda
憩庵ぼたっ子,1,japanese_restaurant,restaurant|asian_restaurant,3 Chome-8-1 Uchikanda
匠 新八,1,japanese_restaurant,seafood_restaurant|restaurant,東京都千代田区内神田３丁目４−１１
Big-Pig神田カープ本店,1,japanese_restaurant,restaurant,東京都千代田区内神田３丁目４−６
Kurara 神田,1,japanese_restaurant,sake_bar|bar,鍛冶町1丁目1-6
えびず 大手町店,1,japanese_restaurant,asian_restaurant|restaurant,大手町2丁目5-12
みとう庵大手町店,1,japanese_restaurant,restaurant,大手町1丁目9-5
あおぞらきっちん,1,restaurant,asian_restaurant|japanese_restaurant,東京都千代田区大手町1 9-5
山長大手町店,1,japanese_restaurant,restaurant,大手町1丁目9-7
ぴゅあ 大手町店,1,restaurant,eat_and_drink,大手町フィナンシャルシティ 千代田区大手町1-9-7
Kikkon TOKYO Otemachi,1,asian_restaurant,restaurant|japanese_restaurant,東京都千代田区大手町１丁目７−２
吉今東京 大手町,1,bar,japanese_restaurant|sushi_restaurant,大手町1丁目7-2
多々美,1,japanese_restaurant,restaurant,大手町1丁目7-2
かかや 大手町店,1,japanese_restaurant,restaurant,大手町1丁目5-5
霧笛屋 新大手町ビル店,1,restaurant,eat_and_drink|arts_and_entertainment,東京都千代田区大手町２丁目２−１
LEVEL 21,1,restaurant,bar|theme_restaurant,大手町2丁目2-2
季響,1,japanese_restaurant,restaurant|diner,大手町2丁目3-1
大手町浅田,1,japanese_restaurant,sushi_restaurant,東京都千代田区大手町２丁目３−１
梯子,1,japanese_restaurant,,大手町2-3-1
Grand Central,1,diner,american_restaurant|bar,"Ōtemachi, 2 Chome−2−2 1F"
FISH 丸の内店,1,japanese_restaurant,asian_restaurant|restaurant,"丸の内オアゾ B1F, 1 Chome-6-4 Marunouchi"
FISH,1,japanese_restaurant,,丸の内1-6-4
NINJA TOKYO,1,japanese_restaurant,,大手町2-2-1
東京コトブキ はなれ 丸の内センタービル店,1,restaurant,,丸の内1丁目6-1 丸の内センタ-ビルB1F
旬彩庵丸の内店,1,bar,japanese_restaurant|sushi_restaurant,丸の内1丁目6-1
かこいや,1,japanese_restaurant,,丸の内1-6-2
Xex大丸東京,1,restaurant,bar|fast_food_restaurant,
祇園う桶や,1,restaurant,bar,東京都千代田区六番町１−７
膳まい東京駅京葉ストリート店,1,restaurant,,丸の内1丁目9-1 東京駅 京葉ストリート
ウォルプタス,1,japanese_restaurant,,丸の内1丁目9-1 グランルーフ内
穂まれや,1,japanese_restaurant,,丸の内1-9-1
ホ ム タ タ ン,1,restaurant,french_restaurant|italian_restaurant,東京都千代田区丸の内１丁目６−３
しみる 丸の内,1,restaurant,,東京駅北口高架下 千代田区丸の内1-7-3
Depot,1,bar,cafe|gastropub,1 Chome-9-1 Marunouchi
龍潭 東京駅店,1,japanese_restaurant,comfort_food_restaurant|bar,丸の内1-9-1
出店 二ぶん半,1,restaurant,japanese_restaurant|asian_restaurant,東京駅 東京都千代田区丸の内1-9-1
La Cleante,1,buffet_restaurant,bar|japanese_restaurant,
The Old Station Tokyo,1,japanese_restaurant,restaurant|bar,"2F 北町酒場 東京駅 Yaesu North Exit, 1 Chome-9-1 Marunouchi"
羅かん,1,bar,japanese_restaurant|restaurant,丸の内1丁目9-1
東京壽,1,japanese_restaurant,asian_restaurant|restaurant,丸の内1丁目9-1
華祭,1,japanese_restaurant,bar|pub,東京都千代田区丸の内１丁目９−１
Casual Teppan Date,1,japanese_restaurant,asian_restaurant|restaurant,"Marunouchi, 1 Chome−9−1 東京駅一番街 2F"
アトリウム,1,breakfast_and_brunch_restaurant,restaurant|diner,丸の内1丁目9-1
zen eashion,1,japanese_restaurant,restaurant|sushi_restaurant,丸の内1丁目9-1
ゑびすダイコク,1,restaurant,,丸の内1-9-1 大丸東京店 B1F
阿さま,1,japanese_restaurant,asian_restaurant,丸の内1丁目8-2
いぶき 東京駅 TEKKO avenue,1,restaurant,sushi_restaurant|japanese_restaurant,東京都千代田区丸の内１丁目８−２
う,1,japanese_restaurant,restaurant|bar,東京都中央区八重洲１丁目５−２１
花ごよみ 東京,1,japanese_restaurant,buffet_restaurant|restaurant,八重洲1丁目3-22
みなと屋 八重洲店,1,japanese_restaurant,,八重洲1-4-4
ふじ居,1,japanese_restaurant,restaurant|cafe,八重洲1丁目4-3
ミナミ屋,1,japanese_restaurant,restaurant,八重洲1丁目4-17
炭焼てらまえ,1,japanese_restaurant,restaurant,"Yaesu, 1 Chome−5 ５−１０ 三 新八重洲ビル １Ｆ"
8go,1,restaurant,,八重洲１丁目４−１６ 八重仲ダイニング地下 2階
日本橋 三度,1,restaurant,japanese_restaurant|asian_restaurant,新川2-6-14 新川2-6ビル1F
日本橋 うしやま,1,japanese_restaurant,restaurant,日本橋2丁目2-20
うま粋,1,japanese_restaurant,restaurant,"Yaesu, 1 Chome−4−10 八重洲仲通りビル ３F"
Le Souvenir,1,restaurant,french_restaurant|smoothie_juice_bar,日本橋2丁目2-16
鳥どり 日本橋店,1,japanese_restaurant,chicken_restaurant|restaurant,日本橋2丁目2-16
ジジ&ババ,1,restaurant,japanese_restaurant|diner,日本橋2丁目2-15
酒とスパイス マツコ,1,japanese_restaurant,,2 Chome-2-15 Nihonbashi
日本橋箱根,1,bar,japanese_restaurant|restaurant,日本橋2丁目2-3
串特急八重洲仲通り店,1,japanese_restaurant,restaurant|asian_restaurant,日本橋2丁目2-21
鶏吉,1,japanese_restaurant,,八重洲1丁目3-7 八重洲ファーストフィナンシャルビルB1F
Tsubamesanjo Bit TOKYO,1,japanese_restaurant,restaurant|diner,"Ōtemachi, 2 Chome−6−4 常盤橋タワ 1F"
Beignet,1,japanese_restaurant,asian_fusion_restaurant|restaurant,東京都千代田区大手町２丁目６−４
日本橋 うえの山,1,japanese_restaurant,sushi_restaurant|bar,
USUAL・B,1,bar,restaurant,4 Chome-4-16 Nihonbashihongokucho
日本橋紋,1,bar,restaurant|comfort_food_restaurant,日本橋本石町4丁目4-15
白銀屋室町分店,1,japanese_restaurant,restaurant|asian_restaurant,日本橋本石町4丁目4-15
日本橋 1PPON,1,restaurant,,日本橋室町4丁目1-23
海木,1,japanese_restaurant,asian_restaurant|restaurant,3 Chome-2-1 Nihonbashimuromachi
いい乃じ,1,japanese_restaurant,restaurant|bar,日本橋室町3丁目2-1
こけこっこ 日本橋三越前,1,japanese_restaurant,restaurant|diner,日本橋室町2丁目1-1
神田明神下 みやび,1,restaurant,,日本橋室町1-4-1 日本橋三越本店本館 B1F
サザエ食品 日本橋三越本店,1,japanese_restaurant,,日本橋室町1-4-1
自遊庵嗜み処,1,japanese_restaurant,restaurant|eat_and_drink,日本橋室町1丁目4-1
KITAYA六人衆,1,japanese_restaurant,candy_store|cafe,日本橋室町1丁目4-1
イレール メレ,1,restaurant,diner|japanese_restaurant,日本橋室町1丁目4-1
えど,1,japanese_restaurant,asian_restaurant|cafe,"Nihonbashimuromachi, 1 Chome−4−1 本館 4F 三越"
Osakaきっちん コレド室町店,1,restaurant,bar,中央区日本橋室町3-2-1
櫻川,1,japanese_restaurant,restaurant|asian_restaurant,日本橋室町2丁目1-1
わたす日本橋,1,restaurant,bar|cafe,日本橋室町2丁目1-1
炭焼楽豚,1,japanese_restaurant,barbecue_restaurant|bar,日本橋室町2丁目1-1
maido OSAKAきっちん。,1,japanese_restaurant,,日本橋室町3-2-1
ににぎ,1,gluten_free_restaurant,,日本橋室町3-2-1
サローネ ヴァンドルディ,1,restaurant,,日本橋室町3-4-4
Salone Vendredi,1,restaurant,beauty_salon|italian_restaurant,"Nihonbashimuromachi, 3 Chome−4−4 1階"
Mezzanine,1,bar,restaurant|japanese_restaurant,"Nihonbashimuromachi, 3 Chome−3−1 ２F"
にくtatsu 日本橋室町店,1,restaurant,,東京都中央区日本橋室町2ｰ4ｰ3　日本橋室町野村ビルYUITO3階
離島百貨店,1,japanese_restaurant,restaurant|asian_restaurant,日本橋室町２ｰ４ｰ３ 日本橋室町野村ビル B1F
一献三菜,1,restaurant,japanese_restaurant|bar,日本橋室町2-4-3 YUITO B1階
浜町亭日本橋本町店,1,japanese_restaurant,,日本橋本町2-1-7
Suigian,1,japanese_restaurant,bar|restaurant,"福徳の森 地下, 1階, 2 Chome-5-10 Nihonbashimuromachi"
YonemuraTheStore,1,restaurant,shopping|eat_and_drink,日本橋室町2丁目3-1-B07
大木屋匠,1,japanese_restaurant,restaurant,日本橋室町2丁目3-1
串エ門室町店,1,japanese_restaurant,restaurant,日本橋室町1丁目13-5
ささのま,1,japanese_restaurant,restaurant|diner,1 Chome-13-5 Nihonbashimuromachi
好成軒,1,japanese_restaurant,restaurant|diner,日本橋室町1丁目13-4
日本橋紀ノ重,1,bar,japanese_restaurant|restaurant,日本橋室町2丁目2-1
米祥,1,japanese_restaurant,asian_restaurant|restaurant,日本橋室町2丁目2-1
石川亭 コレド,1,restaurant,japanese_restaurant|diner,日本橋室町1丁目13-7
主水まいもん倶楽部,1,japanese_restaurant,restaurant|asian_restaurant,
味蔵,1,bar,japanese_restaurant|barbecue_restaurant,日本橋室町1丁目5-2
室町東洋,1,restaurant,asian_restaurant|japanese_restaurant,日本橋室町1-5-2
日本橋 おにく,1,restaurant,japanese_restaurant|barbecue_restaurant,1-5-15 真光ビル 1F
ムロマチ,1,bar,,1 Chome-12-1 Nihonbashimuromachi
GROWND,1,food_and_drink,,1 Chome-6-7 Nihonbashimuromachi
食工房 あらじん,1,restaurant,diner,日本橋室町1丁目7-2
富山 はま作,1,japanese_restaurant,restaurant,日本橋室町1丁目2-6
紅葉川,1,japanese_restaurant,restaurant,日本橋室町1丁目2-4
セカンド がんも亭,1,japanese_restaurant,restaurant,日本橋室町1丁目1-3
Ken's Table,1,restaurant,,日本橋1-2-2
ROJI,1,japanese_restaurant,sushi_restaurant,日本橋1丁目1-1
ニホンバシ イチノイチノイチ,1,japanese_restaurant,restaurant,日本橋1丁目1-1
畔居,1,asian_restaurant,restaurant|japanese_restaurant,日本橋1丁目2-10
三根倶楽部 みやき,1,restaurant,burger_restaurant|fast_food_restaurant,日本橋1丁目2-15
福蔵 Fukuzo,1,japanese_restaurant,bar|beer_garden,
日本橋ばんばん,1,japanese_restaurant,asian_restaurant|restaurant,日本橋2丁目2-5
いけ増日本橋店,1,japanese_restaurant,asian_restaurant|restaurant,日本橋 2丁目 2-6
アリス日本橋店,1,restaurant,coffee_shop|italian_restaurant,日本橋2丁目1-14
Mizuya,1,bar,restaurant|japanese_restaurant,日本橋2丁目7-1
近江牛もりしま,1,japanese_restaurant,restaurant,"Nihonbashi, 2 Chome−7−1 ここ滋賀 2階"
近江牛岡喜日本橋店,1,japanese_restaurant,steakhouse|asian_restaurant,日本橋1丁目4-1
京都石塀小路豆ちゃ 日本橋,1,restaurant,bar|fast_food_restaurant,日本橋1-4-1 コレド日本橋4F
食楽宝庫,1,restaurant,caterer|cafe,晴海4丁目7-28
Deep tin,1,bar,restaurant|asian_restaurant,勝どき4丁目11-5
レモキチ Rkitchen,1,japanese_restaurant,asian_restaurant|restaurant,2 Chome-12-9 Kachidoki
勝どき かず総,1,japanese_restaurant,restaurant|sushi_restaurant,"Kachidoki, 4 Chome−1−2 シャンボール勝どき 102"
池のや,1,japanese_restaurant,restaurant|comfort_food_restaurant,勝どき3丁目7-10
裏照ラス,1,bar,sake_bar|barbecue_restaurant,勝どき3丁目4-15
ひろ藤,1,bar,restaurant|eat_and_drink,勝どき3丁目5-2
つきじ,1,restaurant,japanese_restaurant|sushi_restaurant,勝どき3丁目5-14
Tokuju,1,japanese_restaurant,,"Kachidoki, 2 Chome−10−4 宮野海運ビル"
遊季亭,1,restaurant,japanese_restaurant|steakhouse,2 Chome-11-2 Kachidoki
勝鬨亭,1,japanese_restaurant,,勝どき2-6-2
フェアレディ,1,bar,cafe|restaurant,勝どき2丁目8-12
ガーデンテラス,1,restaurant,japanese_restaurant|cafe,勝どき2丁目8-12
米くら,1,restaurant,japanese_restaurant|asian_restaurant,勝どき2丁目8-12
Yokatai Kyushu,1,japanese_restaurant,restaurant|asian_restaurant,"Harumi, 1 Chome−8−16 トリトンスクエア ３階"
ぽっぽっ屋,1,japanese_restaurant,asian_restaurant|noodles_restaurant,晴海1丁目8-16
永石商店,1,japanese_restaurant,restaurant|bar,"Harumi, 1 Chome−8−16 晴海トリトンスクエア オフィスタワーW 204"
六角庵,1,japanese_restaurant,bar|counseling_and_mental_health,勝ちどき2-18-1-811
ブリース,1,bar,japanese_restaurant,豊洲2丁目4-9
グランブッフェ豊洲,1,restaurant,buffet_restaurant|italian_restaurant,豊洲2丁目4-9
The Penthouse with weekend terrace ザ ペントハウス ウィズ ウィークエンド テラス,1,restaurant,fast_food_restaurant|cafe,豊洲2-2-1 三井ガーデンホテル豊洲ベイサイドクロス 36階
We Are The Farm 豊洲,1,restaurant,diner,三井ショッピングパーク 江東区豊洲2-2-1
KATOJI,1,bar,childrens_clothing_store,東京都江東区豊洲２丁目４−９
青ゆず 寅豊洲,1,japanese_restaurant,sushi_restaurant|restaurant,豊洲3丁目2-24
ふくよし,1,japanese_restaurant,restaurant|sushi_restaurant,東京都江東区枝川１丁目７−１３
福よし 豊洲店,1,japanese_restaurant,restaurant|diner,豊洲3丁目4-8
五臓六腑豊洲店,1,bar,restaurant|barbecue_restaurant,豊洲3丁目3-9
安庵,1,japanese_restaurant,sushi_restaurant|restaurant,豊洲4丁目6-3
山紫炉,1,japanese_restaurant,restaurant|bar,"Toyosu, 4 Chome−1−1 豊洲ピア21 5F"
せ・ぼん,1,restaurant,coffee_shop|sake_bar,豊洲4丁目1-2
やまざき,1,japanese_restaurant,restaurant|diner,豊洲4丁目1-2
深川 壱番亭,1,japanese_restaurant,restaurant|diner,4 Chome-2-7 Toyosu
万福豊洲駅前店,1,japanese_restaurant,asian_restaurant|restaurant,豊洲5丁目5-1
晴海通り豊洲店,1,fast_food_restaurant,,東京都江東区豊洲４－１－１８
GYOKU,1,japanese_restaurant,restaurant|chinese_restaurant,2 Chome-4-9 Toyosu
西川,1,restaurant,bar,江東区豊洲4-10
炭火工房 あさば 潮見店,1,japanese_restaurant,bar_and_grill_restaurant,"Shiomi, 2 Chome−10−22 2F"
オーパーツ,1,japanese_restaurant,,潮見2-10-22
B級グルメクルーズ 拓海屋,1,restaurant,diner,潮見 1丁目7-11
潮見軒,1,japanese_restaurant,asian_restaurant|restaurant,潮見1丁目6-1
お多福枝川店,1,japanese_restaurant,restaurant,枝川2丁目27-8
無双,1,japanese_restaurant,sushi_restaurant,蒲田4丁目42-12 
三本松中村屋,1,restaurant,,北馬込2-27-13
千愛里,1,bar,restaurant|arts_and_entertainment,大森北1丁目12-9 
フレンズ さんきち,1,restaurant,fast_food_restaurant|bar,西蒲田7丁目67-12 
扇屋,1,asian_restaurant,noodles_restaurant|cafe,幸町2-9-23
Ana Festa 60番ゲートフードショップ 一空,1,restaurant,bakery|eat_and_drink,羽田空港3丁目4-2 東京国際空港第2旅客ターミナルビル 2Fゲートラウンジ 南
旬味彩菜,1,restaurant,delicatessen|caterer,枝川3丁目10-8
スキッパーズ,1,restaurant,diner,潮見2丁目1-10
しおはまダイナー,1,diner,restaurant|fast_food_restaurant,東京都江東区塩浜２丁目１８−１３
洲崎秘密基地,1,bar,bar_and_grill_restaurant|restaurant,東陽1-27-11ＧＨＣ東陽１Ｆ
まごころ厨房,1,japanese_restaurant,restaurant,1 Chome-25-6 Toyo
竹の実,1,japanese_restaurant,restaurant,1 Chome-26-4 Toyo
しょくこうぼう さくら,1,japanese_restaurant,restaurant|asian_restaurant,東陽1丁目25-7
Cor,1,bar,restaurant|pub,東京都江東区東陽１丁目２５−５
平太周 味庵 西大島店,1,japanese_restaurant,,大島4-2-4
亀戸よかもん,1,japanese_restaurant,,亀戸 1-39-7 ヒサマツビル 3階
だん家深川ギャザリア店,1,restaurant,german_restaurant,木場1丁目5-10
SUNRISE 木場店,1,restaurant,,木場1丁目5-10 プラザ棟1 深川ギャザリア内1階
門前仲町 ぼうず,1,restaurant,bar|tapas_bar,東京都江東区1-5-10
ふじ泰,1,japanese_restaurant,food_truck|restaurant,東京都江東区木場６丁目６−３
はりせんぼん,1,japanese_restaurant,restaurant,6 Chome-12-1 Kiba
木場場外市場,1,bar,japanese_restaurant|restaurant,木場6丁目10-6
Girasol,1,restaurant,bar|japanese_restaurant,6 Chome-10-16 Kiba
多治美,1,bar,japanese_restaurant|community_services_non_profits,木場6-7
貫太,1,japanese_restaurant,bar|restaurant,牡丹3丁目19-12
いっき 門前仲町店,1,bar,restaurant|thai_restaurant,古石場2丁目14-1
川越屋,1,japanese_restaurant,bar|sake_bar,3 Chome-22-3 Botan
笑〇,1,bar,japanese_restaurant|restaurant,牡丹3丁目8-8
初乃,1,restaurant,japanese_restaurant|bar,東京都江東区越中島2-14-12
深川  瀬川丸,1,japanese_restaurant,,古石場3-6-6
Yoroginoyakataki Tsukishima,1,japanese_restaurant,restaurant|bar,2 Chome-10-2 Tsukishima
大島や,1,bar,pub|cocktail_bar,月島1丁目5-2
だしとこな,1,restaurant,japanese_restaurant,月島1丁目22番地1 MID TOWER GRAND109
月のよはく,1,bar,,月島1-25-9
Sugawara-ya,1,japanese_restaurant,italian_restaurant|french_restaurant,東京都中央区月島２丁目６−９
白,1,japanese_restaurant,sake_bar|seafood_restaurant,月島2丁目14-5
カモンチ,1,restaurant,comfort_food_restaurant|bar,東京都中央区月島２丁目３−１１
かもん家,1,comfort_food_restaurant,,
年輪,1,japanese_restaurant,restaurant,月島4丁目3-15
とき乃や,1,japanese_restaurant,asian_restaurant|restaurant,月島4丁目3-5
まくら木,1,japanese_restaurant,sushi_restaurant|restaurant,月島4丁目3-17
いし津,1,japanese_restaurant,restaurant|asian_restaurant,月島4丁目3-19
グラス 月島店,1,bar,restaurant|asian_restaurant,月島4丁目13-11
Y Place to Return,1,bar,karaoke,"Tsukishima, 3 Chome−14−8 3F"
アネッソ やまか,1,restaurant,sake_bar|bar,月島 3丁目28-12
よい子,1,japanese_restaurant,,月島3丁目29-5 エリア: 月島
亜伊堂留亭,1,bar,japanese_restaurant|sushi_restaurant,東京都中央区月島４丁目８−１０
ぐりんぐりん,1,japanese_restaurant,noodles_restaurant,月島4丁目16-3
鉄板焼味家,1,japanese_restaurant,restaurant,勝どき2丁目9-2
TWO KINGS,1,bar,liquor_store|restaurant,"Kachidoki, 1 Chome−7−1 B1F"
月源,1,japanese_restaurant,restaurant|bar,1 Chome-7-1 Kachidoki
勝どき橋 まえ田,1,japanese_restaurant,bar|seafood_restaurant,"Kachidoki, 1 Chome−7−1 サン スクエア B101-2"
でるでる壺,1,bar,asian_restaurant|japanese_restaurant,勝どき1丁目7-1
勝鬨 髙はし,1,restaurant,comfort_food_restaurant|asian_restaurant,東京都中央区勝どき１丁目７−１
炭火焼 たい将,1,japanese_restaurant,fast_food_restaurant,1 Chome-8-1 Kachidoki
こがね屋勝どき,1,japanese_restaurant,chicken_restaurant|eat_and_drink,勝どき1丁目8-1
RIZE-8,1,bar,restaurant|pub,勝どき1丁目8-1
幸家,1,japanese_restaurant,,勝どき1丁目8-1-B1F
よつば,1,japanese_restaurant,,勝どき1丁目8-1
いむ田,1,japanese_restaurant,restaurant|asian_restaurant,"Kachidoki, 3 Chome−3−3 勝どき第３関根ビル"
とまり木 銀座,1,bar,japanese_restaurant,銀座７丁目6-19 ソワレ・ド・銀座弥生ビル4階
Egg,1,restaurant,sushi_restaurant|desserts,3 Chome-15-11 Tsukishima
みその,1,japanese_restaurant,restaurant,3 Chome-15-12 Tsukishima
好美家,1,japanese_restaurant,restaurant,3 Chome-15-10 Tsukishima
Grublo,1,japanese_restaurant,restaurant|diner,3 Chome-16-7 Tsukishima
蔵武浪,1,bar,japanese_restaurant|park,月島3丁目16-7
R kitchen,1,diner,restaurant|bar_and_grill_restaurant,3 Chome-15-5 Tsukishima
はざま 支店,1,japanese_restaurant,restaurant,月島3丁目27-3
Phonosheet,1,bar,sake_bar,3 Chome-13-7 Tsukishima
弘,1,japanese_restaurant,sushi_restaurant,月島3丁目18-4
鳥仲商店,1,japanese_restaurant,eat_and_drink,月島3丁目13-1
CITRUS,1,bar,restaurant,"月島3丁目13-4, DEAR月島 2F"
えびす鐵玄,1,japanese_restaurant,bar_and_grill_restaurant|restaurant,東京都中央区月島３丁目１７−５
Denden,1,japanese_restaurant,restaurant|diner,"Tsukishima, 3 Chome−13−1 サンライズ濱田ビル ２階"
George - 月島 - Tsukishima,1,bar,arts_and_entertainment,月島3-11-11-2F
源平,1,japanese_restaurant,thai_restaurant|bar,月島3-11-11
五平,1,japanese_restaurant,restaurant,月島3丁目16-10
夢二,1,japanese_restaurant,,月島3丁目16-9
ひょうきん村,1,bar,restaurant|pub,月島3丁目18-1
1 and 8,1,japanese_restaurant,bar|wine_bar,3 Chome-8-8 Tsukishima
来る実,1,japanese_restaurant,coffee_shop,月島3丁目8-5
パブリック・ガーデン,1,restaurant,pub|bar,月島3-9-5
由庵矢もり,1,japanese_restaurant,restaurant|asian_restaurant,月島3丁目9-7
ほていさん,1,japanese_restaurant,chinese_restaurant|restaurant,月島3丁目9-7
くうや,1,japanese_restaurant,,月島3-9-9
畳屋八角,1,bar,contractor|carpet_store,月島3丁目9-3
ことぶきや,1,japanese_restaurant,restaurant,月島3丁目9-3
Bambi 3,1,japanese_restaurant,barbecue_restaurant|eat_and_drink,3 Chome-4-5 Tsukishima
めんこ,1,japanese_restaurant,dance_club,東京都中央区月島３丁目５−２
まさみ,1,bar,restaurant|japanese_restaurant,月島1丁目22-10
寿々,1,japanese_restaurant,,月島1丁目20-5 エリア: 月島
かつきり,1,japanese_restaurant,restaurant,月島1丁目20-7
築地えぐち,1,comfort_food_restaurant,bar,
つきぢ居場所,1,japanese_restaurant,restaurant|asian_restaurant,7 Chome-15-5 Tsukiji
まあまあ,1,bar,diner|lounge,
はるい,1,japanese_restaurant,bar|restaurant,築地6丁目8-8
ゑん弥,1,asian_restaurant,restaurant|japanese_restaurant,東京都中央区築地７丁目１４−１０
はなふさ,1,japanese_restaurant,seafood_restaurant|restaurant,7 Chome-14-7 Tsukiji
日比谷こまち月島本店,1,japanese_restaurant,restaurant|diner,月島3丁目3-2
のぶ庵,1,japanese_restaurant,sushi_restaurant|restaurant,月島1丁目17-5
亀とき,1,japanese_restaurant,bar|restaurant,月島1丁目16-5
味の王道,1,japanese_restaurant,bar,月島1丁目16-5
Oshio Ataru,1,japanese_restaurant,restaurant,1 Chome-10-4 Tsukishima
BanyaK BanyaK,1,restaurant,cupcake_shop|bakery,"Tsukishima, 1 Chome−5−1 キャピタルゲートプレイス 1F"
Wabi Sabi DX.,1,japanese_restaurant,,1 Chome-10-8 Tsukishima
Uriel Share,1,bar,,105 1 Chome-9-15 Tsukishima
Sonosheet,1,restaurant,wine_bar|bar,佃3丁目5-10
ローブン,1,comfort_food_restaurant,,八丁堀2-16-2
銀座 翔,1,comfort_food_restaurant,,
ひさご家阿部,1,japanese_restaurant,cafe|tea_room,佃3丁目1-12
ぽとす,1,bar,dance_club|pub,銀座6丁目4-10
Ategatte,1,japanese_restaurant,sushi_restaurant|italian_restaurant,"Tsukuda, 2 Chome−8−5 1F"
江戸家,1,bar,japanese_restaurant|restaurant,佃2丁目16-12
幸侍,1,japanese_restaurant,asian_restaurant,佃2丁目16-11
相馬屋,1,japanese_restaurant,bar,佃2丁目6-3
プラシャンティ,1,restaurant,bar|coffee_shop,"Akashicho, 8, 銀座クレストン３２F"
Ginza 禪,1,fondue_restaurant,,
ささもと 銀座店,1,restaurant,eat_and_drink|bar,4-3-7 ginza
ささや,1,japanese_restaurant,sushi_restaurant,
ほの家,1,bar,japanese_restaurant|restaurant,湊3丁目4-8
hashizukushi,1,japanese_restaurant,,湊3丁目5-2 頂ビル 1F
カリアゲ,1,restaurant,coffee_shop|bar,湊3丁目18-20
湊上むら,1,japanese_restaurant,asian_restaurant|restaurant,湊3丁目15-9
味ひろ,1,japanese_restaurant,asian_restaurant|restaurant,湊3丁目13-15
おつり,1,japanese_restaurant,asian_restaurant|sushi_restaurant,湊3丁目12-12
ながおか,1,diner,japanese_restaurant|restaurant,湊3丁目9-7
鉄砲洲双葉,1,japanese_restaurant,asian_restaurant|restaurant,湊2丁目11-5
むら山,1,japanese_restaurant,restaurant|asian_restaurant,湊3丁目1-3
まる屋,1,bar,japanese_restaurant|sushi_restaurant,入船3丁目9-6
義常,1,japanese_restaurant,,入船3-3-12
つきじ 左光,1,japanese_restaurant,restaurant|diner,都中央区入船3丁目1-5
Izumi Takeout,1,japanese_restaurant,restaurant|diner,2 Chome-7-3 Irifune
千米屋,1,japanese_restaurant,delicatessen|sushi_restaurant,"Irifune, 2 Chome−5−1 ノマド飯島"
掃部介,1,japanese_restaurant,asian_restaurant,入船2丁目2-2
さくら家,1,japanese_restaurant,chicken_restaurant,入船1-3-4
永寿家,1,japanese_restaurant,restaurant|bar,"Shintomi, 1 Chome−16−2 永寿家ビル"
桂庵新富店,1,japanese_restaurant,restaurant|clothing_store,新富1丁目18-6
しらゆき,1,japanese_restaurant,restaurant,新富1丁目15-3
カドノ,1,food_truck_stand,bar|restaurant,新富1丁目15-3
博多流斗樹八丁堀店,1,japanese_restaurant,restaurant|diner,新富1丁目19-2
Rakumi,1,bar,sake_bar,1 Chome-2 Irifune
なん八,1,japanese_restaurant,restaurant|asian_restaurant,1 Chome-7-3 Irifune
雛,1,bar,restaurant|cafe,入船1丁目5-4
デ イチバ,1,restaurant,diner,八丁堀2丁目30-17
佃折本,1,japanese_restaurant,,佃1丁目5-3
煤竹(すすたけ),1,restaurant,,東京都江東区古石場１丁目２−１
ぐるりや,1,bar,sake_bar|restaurant,古石場1丁目2-2
鳥末 牡丹,1,japanese_restaurant,,1 Chome-2-1 Botan
金柳,1,japanese_restaurant,restaurant|asian_restaurant,富岡1丁目1-2
玉いち,1,bar,pub|restaurant,富岡1丁目1-4
深川ワイナリー(フカガワワイナリー),1,winery,,
まごろく,1,japanese_restaurant,restaurant|asian_restaurant,牡丹3丁目6-1
わいどぼー,1,bar,restaurant|diner,牡丹2丁目2-6
Saotome-Ke,1,restaurant,asian_restaurant|japanese_restaurant,牡丹3丁目12-8
坊千代,1,restaurant,japanese_restaurant,東京都江東区牡丹２丁目８−４
万年や,1,japanese_restaurant,,牡丹2丁目7-6
せ·ぼん,1,bar,sake_bar|restaurant,2 Chome-4-5 Botan
下町の台所 ラ・ブォーノ,1,diner,sake_bar|bar,牡丹3-9-1
花野菜,1,restaurant,,木場2-1-1
高千穂,1,japanese_restaurant,restaurant|asian_restaurant,木場2丁目8-7
Tsukihana 288,1,japanese_restaurant,bar_and_grill_restaurant|restaurant,木場2丁目8-8
伍月ノ櫻,1,restaurant,italian_restaurant|spanish_restaurant,富岡1丁目22-20
焼匠七枚の鉄板,1,bar,barbecue_restaurant|restaurant,富岡1丁目10-8
寅次郎,1,japanese_restaurant,noodles_restaurant,富岡1丁目24-3
ふく庵,1,japanese_restaurant,restaurant,富岡1丁目22-26
門前仲町 蔵本店,1,japanese_restaurant,restaurant,東京都江東区富岡1-22-28 2F
二ぶん半,1,japanese_restaurant,restaurant|diner,"Tomioka, 1 Chome−22−26 杉田ビル 1階"
翔々や,1,japanese_restaurant,noodles_restaurant,"Tomioka, 1 Chome−22−26 杉田ビル 3階"
まるっと-門前仲町店-,1,japanese_restaurant,bar,東京都江東区富岡１丁目２５−４
チューリップ,1,bar,arts_and_entertainment|park,富岡1丁目25-4
ちゃんねる'80,1,restaurant,bar|asian_restaurant,東京都江東区富岡１丁目２５−３
ささ 谷口屋,1,bar_and_grill_restaurant,bar|restaurant,東京都江東区富岡１丁目２６−１
pang pang,1,bar,pub|cocktail_bar,1 Chome-5-10 Tomioka
深夜の鉄板焼き マンダラ,1,restaurant,bar,"Tomioka, 1 Chome−4−12 K2ビル 1B"
久寿乃葉,1,japanese_restaurant,bar|pub,1 Chome-1-14 Tomioka
菜や おはし,1,restaurant,japanese_restaurant|asian_restaurant,富岡1-3-5
まるお,1,japanese_restaurant,bar|pub,1 Chome-1-10 Tomioka
TORI-TON トリトン,1,japanese_restaurant,,富岡1-1-11
Funx,1,bar,sake_bar|pub,富岡1丁目4-13
多万村,1,japanese_restaurant,restaurant|asian_restaurant,1 Chome-5-13 Tomioka
炭火焼しちりん,1,restaurant,,富岡1丁目5-15
あい,1,japanese_restaurant,restaurant,富岡1丁目5-6
センマイル,1,japanese_restaurant,restaurant|bar,"Tomioka, 1 Chome−5−15 伊藤第一ビル 105"
Sankyuu,1,restaurant,asian_restaurant|japanese_restaurant,富岡1-6-12
門前茶屋,1,japanese_restaurant,restaurant|bar,"Tomioka, 1 Chome−5−1 1F"
門前仲町 三久,1,japanese_restaurant,restaurant|diner,富岡1丁目6-12
炭焼一徹,1,japanese_restaurant,asian_restaurant|bar_and_grill_restaurant,富岡1丁目3-4
オンリー鴨ん,1,restaurant,karaoke|bar,東京都江東区富岡１丁目３−９
猩猩,1,japanese_restaurant,,富岡1-1-6
竜味,1,japanese_restaurant,restaurant,富岡1丁目2-8
幸月,1,japanese_restaurant,restaurant,1 Chome-2-5 Tomioka
D-Trial 門前仲町,1,bar,cafe|lounge,"Tomioka, 1 Chome−6−1 EMISHIA門前仲町 4階"
かね松,1,japanese_restaurant,restaurant|diner,富岡1丁目8-13
マレーゴ,1,bar,cafe|wine_bar,富岡1丁目12-1
花水木,1,japanese_restaurant,restaurant,富岡1丁目12-4
深川しまだ,1,japanese_restaurant,,富岡1-8-2
Natural,1,restaurant,japanese_restaurant|diner,2 Chome-4-5 Monzennakacho
カブリシャス,1,japanese_restaurant,diner|restaurant,富岡1丁目13-1
其角,1,japanese_restaurant,desserts|restaurant,富岡1丁目14-7
お招き屋・ディデアン,1,japanese_restaurant,asian_restaurant|restaurant,1 Chome-15-3 Tomioka
てら田,1,japanese_restaurant,restaurant|asian_restaurant,富岡1丁目11-5
吉田屋門前仲町店,1,japanese_restaurant,asian_restaurant,富岡1丁目11-7
MONPAL,1,restaurant,diner|european_restaurant,富岡1丁目10-3
勇作,1,japanese_restaurant,restaurant,富岡1丁目10-3
栄,1,japanese_restaurant,bar|restaurant,富岡1丁目10-6
Soraya,1,restaurant,cafe|bar,"Tomioka, 2 Chome−4−4 田辺コーポ １階"
太郎,1,bar,japanese_restaurant|sushi_restaurant,東京都江東区深川２丁目１−２０
くぼ金,1,japanese_restaurant,restaurant|diner,富岡1丁目14-4
DEKU,1,bar,fast_food_restaurant,"Monzennakacho, 2 Chome−7−7 2F"
有明,1,japanese_restaurant,restaurant|chicken_restaurant,富岡1丁目14-19
しか野,1,japanese_restaurant,asian_restaurant|restaurant,門前仲町2丁目9-8
ニューもつよし,1,japanese_restaurant,cafe,東京都江東区門前仲町２丁目９−４
門前仲町 朱い華,1,japanese_restaurant,steakhouse|asian_restaurant,2 Chome-9-4 Monzennakacho
大坂屋,1,japanese_restaurant,restaurant,門前仲町2丁目9-12
Okan Kitchen,1,japanese_restaurant,restaurant|diner,2 Chome-9-12 Monzennakacho
ふうすけ,1,restaurant,seafood_restaurant|japanese_restaurant,東京都江東区門前仲町１丁目８−４
カルネトライブ,1,bar,,門前仲町1丁目9-7
エルアルボリート,1,restaurant,mexican_restaurant|italian_restaurant,永代2丁目31-13
Sugiroku,1,japanese_restaurant,asian_restaurant|restaurant,"Monzennakacho, 1 Chome−5−2 山口ビル 1F"
男の台所,1,japanese_restaurant,,門前仲町1-5-6
べにや,1,restaurant,bar|japanese_restaurant,門前仲町2丁目6-2
和イン御ハン,1,bar,japanese_restaurant|pub,2 Chome-9-11 Monzennakacho
三富,1,japanese_restaurant,restaurant|asian_restaurant,門前仲町2丁目9-11
深川夢見月,1,restaurant,bar|sake_bar,門前仲町2丁目9-11
団らん,1,japanese_restaurant,restaurant|asian_restaurant,門前仲町2丁目6-5
いり江,1,japanese_restaurant,desserts|restaurant,門前仲町2丁目6-6
つしま,1,japanese_restaurant,restaurant|asian_restaurant,門前仲町2丁目7-1
くし承,1,japanese_restaurant,restaurant,"Tomioka, 1 Chome−2−3 一の屋ビル"
宙,1,bar,restaurant|japanese_restaurant,門前仲町2丁目2-15
葡萄屋マルシュ,1,japanese_restaurant,bar|restaurant,1 Chome-3-6 Monzennakacho
志づ香,1,japanese_restaurant,restaurant|diner,門前仲町1丁目4-10
きゃべつ,1,japanese_restaurant,restaurant,1 Chome-2-3 Monzennakacho
くさかべ 永代店,1,japanese_restaurant,,永代2-17-10
馬有,1,japanese_restaurant,restaurant|diner,2 Chome-16-5 Eitai
ぽんぽこ八兵衛,1,japanese_restaurant,restaurant|diner,永代2丁目13-5
ピノキオ,1,japanese_restaurant,,永代2-36-7
ふくてい門前仲町店,1,japanese_restaurant,sushi_restaurant|restaurant,福住1丁目2-6
山祐,1,japanese_restaurant,sushi_restaurant,福住1丁目4-6
しょう栄,1,japanese_restaurant,asian_restaurant|restaurant,深川1丁目3-12
わが家の台所,1,japanese_restaurant,diner|restaurant,深川1丁目1-2
武者武者,1,bar,japanese_restaurant|restaurant,深川1丁目1-8
釜焼石,1,japanese_restaurant,asian_restaurant|restaurant,門前仲町1丁目20-7
MARUYU,1,bar,japanese_restaurant|bar_and_grill_restaurant,福住1丁目17-9
味労,1,japanese_restaurant,restaurant|asian_fusion_restaurant,"Fukuzumi, 1 Chome−17−17-10 阿部ビル"
六傳,1,bar,japanese_restaurant|eat_and_drink,東京都江東区永代２丁目３３−７
ウォンテッド,1,japanese_restaurant,restaurant|diner,永代2丁目31-15
出目金,1,japanese_restaurant,bar|restaurant,門前仲町1丁目14-1
yumemidori2021,1,japanese_restaurant,,深川2丁目2-10
こうかいぼう,1,japanese_restaurant,restaurant,深川2丁目13-10
オーエムワン,1,restaurant,japanese_restaurant|diner,冬木14-2
深川茂吉,1,japanese_restaurant,bar|restaurant,2 Chome-10-5 Fukagawa
ふう香,1,japanese_restaurant,restaurant|asian_restaurant,深川2丁目9-5
深川姉御家,1,japanese_restaurant,comfort_food_restaurant|bar,東京都江東区深川２丁目６−２
かまびす,1,restaurant,,深川１−８−１２
おとふけ,1,bar,eat_and_drink|japanese_restaurant,深川2丁目18-12
こまめや,1,japanese_restaurant,restaurant,佐賀1丁目1-3
気ママーニ,1,restaurant,sake_bar|japanese_restaurant,新川1丁目19-10
いしばし,1,japanese_restaurant,restaurant,新川1丁目8-24
かぶき家,1,japanese_restaurant,bar|asian_restaurant,新川1丁目10-2
牛幸本店,1,japanese_restaurant,restaurant,新川1丁目9-8
京八,1,japanese_restaurant,restaurant|asian_restaurant,"Shinkawa, 1 Chome−16−5 京八ビル"
日高,1,japanese_restaurant,restaurant|asian_restaurant,新川1丁目13-3
綾音,1,bar,,銀座8-6-20幸佑ビル地下2階
とうきょうわん,1,japanese_restaurant,restaurant,
ミート&ランチ オダカ,1,japanese_restaurant,restaurant|diner,"Shinkawa, 2 Chome−24−4 長谷川ビル"
Bliss Begins Okinawa,1,restaurant,,
日本橋 八起喜,1,japanese_restaurant,restaurant|asian_restaurant,日本橋茅場町2-14-7
Latino,1,japanese_restaurant,restaurant|mexican_restaurant,"Shinkawa, 2 Chome−7−7 通103"
ラティーノ,1,restaurant,mexican_restaurant|texmex_restaurant,新川2丁目7-7
竹井幸彦 八丁堀茅場町店,1,restaurant,bar,東京都中央区新川２丁目８−１
Noroshi,1,japanese_restaurant,restaurant,2-chōme-8 Shinkawa
いち,1,japanese_restaurant,asian_restaurant|restaurant,八丁堀3丁目27-13
天松,1,japanese_restaurant,restaurant,新川2丁目19-11
SITA Hatchobori,1,japanese_restaurant,asian_restaurant|restaurant,八丁堀4丁目14-1
博多満月八丁堀店,1,bar,restaurant|barbecue_restaurant,八丁堀4丁目9-13
与力屋,1,bar,japanese_restaurant|soup_restaurant,
Hamamori,1,japanese_restaurant,sushi_restaurant|restaurant,東京都中央区八丁堀４丁目８−８
Mosuke,1,restaurant,japanese_restaurant|asian_restaurant,八丁堀3丁目17-16
富貴,1,japanese_restaurant,restaurant|diner,八丁堀3丁目17-19
フクロウ,1,japanese_restaurant,restaurant|bar,八丁堀3丁目22-9
松うら,1,japanese_restaurant,restaurant|diner,八丁堀3丁目23-9
たん助六,1,japanese_restaurant,restaurant|asian_restaurant,八丁堀3丁目20-6
焼ジビエ罠,1,japanese_restaurant,barbecue_restaurant|restaurant,八丁堀3丁目20-11
レイテン,1,bar,pub,八丁堀3丁目20-11 
食楽処すみか,1,japanese_restaurant,sushi_restaurant|restaurant,八丁堀2丁目26-5
一心八丁堀,1,restaurant,asian_restaurant|diner,八丁堀2丁目20-1
思案橋八丁堀店,1,japanese_restaurant,restaurant|asian_restaurant,八丁堀2-19-7-101
ここあがる,1,japanese_restaurant,bar|restaurant,"Hatchobori, 3 Chome−15−11 洋邦ビル 2階"
Rakumi Hatchobori,1,japanese_restaurant,restaurant|storage_facility,"Hatchobori, 3 Chome−16−2 大田ビル 1F"
いちごく八丁堀本店,1,bar,,
Tamaya,1,restaurant,bar|japanese_restaurant,"Hatchobori, 3 Chome−14−2 東八重洲シティービル 1F"
かく山,1,japanese_restaurant,asian_restaurant|restaurant,2 Chome-18-7 Hatchobori
藤川商店,1,japanese_restaurant,bar|restaurant,2 Chome-16-4 Hatchobori
殿長,1,japanese_restaurant,restaurant|asian_restaurant,東京都中央区八丁堀２丁目１６−２
キャプリス,1,restaurant,japanese_restaurant|bar_and_grill_restaurant,八丁堀2丁目10-3
貴膳,1,japanese_restaurant,diner,八丁堀2丁目8-10
ゾイ,1,restaurant,,八丁堀2丁目3-3 第2八丁ビル 1F
志み津,1,japanese_restaurant,asian_restaurant|restaurant,八丁堀2丁目14-9
さとや,1,japanese_restaurant,shopping,
BOS,1,japanese_restaurant,restaurant|bar,八丁堀2丁目15-11
翠幸,1,japanese_restaurant,sushi_restaurant|restaurant,"Hatchobori, 2 Chome−15−6 B1"
柚,1,japanese_restaurant,restaurant|asian_restaurant,八丁堀2丁目21-9
De Ichiba,1,japanese_restaurant,restaurant|bar,八丁堀2丁目30-17
ピラミッド,1,restaurant,german_restaurant,東京都中央区新川２丁目３−７
えちぜん堀,1,bar,japanese_restaurant|sushi_restaurant,新川2丁目7-13
ターBOU,1,japanese_restaurant,,新川2-5-8
Uotoyo,1,restaurant,indonesian_restaurant|latin_american_restaurant,東京都中央区佃１丁目４−５
くにちゃんずキッチン,1,japanese_restaurant,restaurant|diner,新川2丁目1-1
田乃じ,1,japanese_restaurant,bar|restaurant,新川1丁目6-7
無法松,1,bar,restaurant|asian_restaurant,新川1丁目3-23
むすび,1,bar,,"Shinkawa, 1 Chome−7−1 石井ビル 1F"
瓦.Tokyo 茅場町本店,1,japanese_restaurant,restaurant|bar,日本橋茅場町2丁目17-5
串処小林,1,restaurant,japanese_restaurant|bar,日本橋茅場町2-16-8
福ちゃん茅場町店,1,japanese_restaurant,asian_restaurant|restaurant,日本橋茅場町3丁目5-5
蔵一,1,bar,sushi_restaurant|japanese_restaurant,日本橋茅場町3丁目3-2
茅心,1,restaurant,japanese_restaurant|asian_restaurant,日本橋茅場町3丁目2-3
日本橋ほてい,1,japanese_restaurant,restaurant|asian_restaurant,日本橋茅場町3丁目2-2
日本橋蓮,1,japanese_restaurant,restaurant|diner,日本橋茅場町3丁目3-9
ここりこ庵 茅場町,1,japanese_restaurant,restaurant,東京都中央区日本橋茅場町3-7-2
Denshou,1,japanese_restaurant,restaurant|sake_bar,"Nihonbashikayabacho, 3 Chome−8−8 林ビル B1"
ラハレ,1,food_and_drink,,八丁堀4-10-1
串八丁,1,restaurant,japanese_restaurant|bar,1 Chome-4-7 Hatchobori
あ久利,1,bar,restaurant|japanese_restaurant,日本橋兜町21-4
ほたる,1,bar,japanese_restaurant|chicken_restaurant,八丁堀1丁目3-7
紫門,1,pub,bar,八丁堀1丁目1-3
なるとキッチン茅場町店,1,japanese_restaurant,chicken_restaurant,"Nihonbashikabutocho, 16−5 ワイズビル 1階"
ユーザー名なし,1,theme_restaurant,,日本橋兜町16－4
Potato Base,1,restaurant,,"Nihonbashikayabacho, 2 Chome−3−2 平戸ビル １F"
五島伊勢丸,1,bar,japanese_restaurant|restaurant,日本橋茅場町2丁目3-9
酒膳茶屋 FFクラブ,1,japanese_restaurant,asian_restaurant|tea_room,日本橋兜町11-13
夢のつづき,1,japanese_restaurant,restaurant|bar,"Nihonbashikabutocho, 16−1 第１１大協ビル"
日本橋・寛秀,1,japanese_restaurant,restaurant,2 Chome-16-16-4 Nihonbashi
すず航,1,japanese_restaurant,asian_restaurant|restaurant,日本橋茅場町2丁目1-14
松はな,1,japanese_restaurant,restaurant|asian_restaurant,日本橋茅場町2丁目1-11
辰巳,1,japanese_restaurant,restaurant|asian_restaurant,日本橋茅場町2丁目1-9
トム・クリケット,1,restaurant,cafe|fast_food_restaurant,日本橋茅場町2丁目6-5
香味亭,1,japanese_restaurant,restaurant,"Nihonbashikayabacho, 1 Chome−11−2 B1F"
一和,1,japanese_restaurant,asian_restaurant|restaurant,1 Chome-10-6 Nihonbashikayabacho
福の花茅場町店,1,japanese_restaurant,restaurant|diner,"Nihonbashikayabacho, 1 Chome−10−8 グリンヒルビル B１"
博多 ふくや,1,restaurant,,"日本橋茅場町1丁目3-9, 茅場町MYビル B1F"
カヤバヤ 茅場町店,1,restaurant,japanese_restaurant|diner,日本橋茅場町1丁目4-4
キュイボンヌ,1,restaurant,japanese_restaurant|asian_restaurant,日本橋茅場町1丁目4-6
亀島,1,japanese_restaurant,food_stand,日本橋茅場町1-14-2 1F
カミヤ 茅場町支店,1,japanese_restaurant,barbecue_restaurant|bar,"Nihonbashikayabacho, 2 Chome−14−11 日報ビル別館"
えどまつ,1,restaurant,bar|chicken_restaurant,日本橋茅場町2丁目6-9
不二楼,1,japanese_restaurant,restaurant|diner,日本橋茅場町2丁目9-12
ミナト,1,restaurant,bar|eat_and_drink,日本橋茅場町2丁目14-5
よっしゃ,1,bar,japanese_restaurant|restaurant,日本橋茅場町2丁目14-5
GOT Japan,1,japanese_restaurant,fishmonger,東京都中央区新川1-3-2
茅場町朋,1,bar,japanese_restaurant|sushi_restaurant,新川1丁目3-7
レクトン,1,cafeteria,,新川1丁目17-25
よこかわ,1,japanese_restaurant,coffee_shop|eat_and_drink,新川1丁目17-27
東京Juju,1,restaurant,asian_restaurant|japanese_restaurant,東京都中央区新川１丁目１−１
屋台DELi 箱崎,1,restaurant,delicatessen|bar,日本橋箱崎町20-1
つじ村,1,japanese_restaurant,restaurant,日本橋箱崎町27-5
番旬亭,1,restaurant,indian_restaurant|middle_eastern_restaurant,中央区日本橋箱崎27-5
箱や,1,japanese_restaurant,sake_bar|restaurant,日本橋箱崎町17-8
日本橋 ぼんぼり,1,japanese_restaurant,restaurant|diner,日本橋蛎殻町1丁目5-1
pivoine,1,japanese_restaurant,restaurant,"Nihonbashikakigaracho, 1 Chome−20−9 Takagi Bldg."
築地傳本店,1,japanese_restaurant,restaurant|asian_restaurant,日本橋蛎殻町1丁目21-9
PORTO,1,bar,lounge,"Nihonbashikakigaracho, 1 Chome−21−6 コアキナイビル 2F"
L'oiseau,1,japanese_restaurant,restaurant,"Nihonbashikakigaracho, 1 Chome−24−4 井川ビル 1F"
Laurier,1,japanese_restaurant,restaurant|diner,日本橋蛎殻町1丁目22-1
TOP DINER,1,diner,restaurant,101 32-3 Nihonbashihakozakicho
べねぜら,1,restaurant,japanese_restaurant|bagel_shop,32 Nihonbashihakozakichō
うまみ一八,1,japanese_restaurant,bar,日本橋箱崎町32-3
T&M,1,japanese_restaurant,diner|restaurant,"Nihonbashikakigaracho, 1 Chome−37−9 ライオンズマンション日本橋第２"
New club logic,1,bar,dance_club|arts_and_entertainment,日本橋人形町 2-5-2 MID人形町ビル3F
日本橋蛎殻町 さくり,1,japanese_restaurant,,東京都中央区日本橋蛎殻町2-2-4
人形町徳,1,japanese_restaurant,bar|restaurant,日本橋蛎殻町2丁目3-7
メイドイン東京の会,1,food_and_drink,restaurant,日本橋蛎殻町1-30-10
ファンダース日本橋店,1,restaurant,,日本橋蛎殻町1丁目37-4
日勝亭,1,restaurant,japanese_restaurant|european_restaurant,日本橋蛎殻町1丁目32-2
フルール,1,restaurant,coffee_shop|bar,日本橋蛎殻町1丁目26-7
ハシノクチ,1,japanese_restaurant,restaurant,日本橋蛎殻町1丁目19-3
ジャマイカ,1,fast_food_restaurant,restaurant|caterer,日本橋蛎殻町1丁目6-11
喜多村,1,japanese_restaurant,restaurant,1 Chome-28-7 Nihonbashikakigaracho
日本橋 和一,1,japanese_restaurant,,日本橋蛎殻町1-8-4
The Gate,1,restaurant,bar|sake_bar,日本橋蛎殻町1丁目8-3
からっ鳥とさとう農園の台所,1,japanese_restaurant,restaurant|asian_restaurant,日本橋蛎殻町1丁目8-3
味道楽,1,japanese_restaurant,restaurant|asian_restaurant,日本橋小網町11-10
一斗,1,japanese_restaurant,bar|restaurant,日本橋小網町9-6
HATY HATY,1,restaurant,,東京都中央区日本橋本町1丁目8-8金山ビル1F
ナナズキッチン,1,japanese_restaurant,bar|restaurant,1 Chome-5-12 Nihonbashikayabacho
とことん勝家,1,japanese_restaurant,restaurant,日本橋茅場町1丁目5-12
URAROJI,1,japanese_restaurant,seafood_restaurant|steakhouse,"Nihonbashikayabacho, 1 Chome−6−2 スズキビル 2階"
Neki,1,japanese_restaurant,restaurant,"Nihonbashikabutocho, 8−1 兜町第4平和ビル"
Nihonbashi Oikawa,1,japanese_restaurant,restaurant|asian_restaurant,2 Chome-15-8 Nihonbashi
薬味屋,1,restaurant,japanese_restaurant|asian_restaurant,日本橋2丁目9-5
小野屋酒店,1,bar,liquor_store|hotel,日本橋1丁目14-6
きよ川,1,japanese_restaurant,restaurant|asian_restaurant,日本橋1丁目21-4
入金,1,japanese_restaurant,asian_restaurant|restaurant,日本橋1丁目18-12
くろきん 日本橋本店,1,japanese_restaurant,,日本橋1-5-6
味の曙,1,japanese_restaurant,asian_restaurant|restaurant,13-4 Nihonbashikoamicho
天音,1,japanese_restaurant,asian_restaurant|restaurant,日本橋蛎殻町1丁目13-2
萬作東京店,1,restaurant,,日本橋蛎殻町1丁目13-4
人形町高はし,1,japanese_restaurant,restaurant|asian_restaurant,1 Chome-5-2 Nihonbashiningyocho
よし梅芳町亭,1,japanese_restaurant,restaurant|diner,日本橋人形町1丁目5-2
川田,1,restaurant,japanese_restaurant|sushi_restaurant,東京都中央区日本橋人形町1-5-5
三好,1,japanese_restaurant,restaurant|diner,日本橋人形町1丁目5-6
杵しま,1,japanese_restaurant,restaurant|diner,1 Chome-5-5 Nihonbashiningyocho
恭悦,1,japanese_restaurant,asian_restaurant|restaurant,日本橋小舟町15-17
粋つ家,1,bar,restaurant|japanese_restaurant,日本橋小網町18-11
チキンプレイス小舟町店,1,japanese_restaurant,restaurant|chicken_restaurant,日本橋小舟町9-2
小舟町倶楽部,1,restaurant,,1-1 Nihonbashikobunacho
Hounenmanpuku,1,restaurant,asian_restaurant|bar,日本橋室町1-8-6
御清水庵清恵,1,japanese_restaurant,restaurant,1 Chome-8-2 Nihonbashimuromachi
なな蓮,1,japanese_restaurant,,日本橋室町1丁目8-7
五島伊勢丸日本橋室町店,1,japanese_restaurant,restaurant|bar,1 Chome-11-1 Nihonbashimuromachi
食の會日本橋,1,japanese_restaurant,restaurant|diner,"Nihonbashimuromachi, 11−1 11-2 2階"
室町 福は内,1,restaurant,japanese_restaurant,"Nihonbashimuromachi, 1 Chome−11−15 高島ビル 1階"
日本橋殿,1,bar,restaurant|lounge,日本橋室町1丁目11-13
大吉三 日本橋店,1,japanese_restaurant,restaurant|bar,"Nihonbashimuromachi, 1 Chome−11−13 2F"
EDO Edo,1,bar,japanese_restaurant|restaurant,"Nihonbashimuromachi, 1 Chome−11−13 大西ビル B1F"
STOVE,1,restaurant,pub|wine_bar,日本橋室町1丁目11-5
大もり,1,restaurant,japanese_restaurant|eat_and_drink,"Nihonbashimuromachi, 1 Chome−11−4 大森ビル"
日本橋室町 叶和,1,japanese_restaurant,,日本橋室町1-12-14
室町 美はま,1,japanese_restaurant,,日本橋室町1-12-13
いちや 日本橋三越前店,1,japanese_restaurant,,日本橋室町1-12-13
七平,1,bar,restaurant|diner,日本橋室町1丁目12-13
Wakishun.Nihonbashi,1,restaurant,,中央区日本橋本町1-4-15日本橋大勝軒ビル201
One Coin Diet,1,restaurant,,日本橋室町1丁目12-13
マカナン,1,restaurant,cafe|bar,日本橋本町1丁目8-9
おぬま,1,japanese_restaurant,restaurant|asian_restaurant,日本橋小舟町7-10
日本橋柚こう,1,japanese_restaurant,,日本橋本町1丁目4-5
Cuisine SHINGO Nihonbashi,1,japanese_restaurant,asian_restaurant|restaurant,"Nihonbashihoncho, 1 Chome−4−3 ヴィラアート日本橋 2F"
秀峰,1,japanese_restaurant,sushi_restaurant,日本橋本町1丁目4-2
ミル・ニュイ,1,japanese_restaurant,bar_and_grill_restaurant|bar,1 Chome-12-13 Nihonbashimuromachi
鳥市商店,1,japanese_restaurant,,日本橋室町1-12-5
天馬,1,japanese_restaurant,,
Restaurant Katsura,1,restaurant,japanese_restaurant|asian_restaurant,1 Chome-13-7 Nihonbashimuromachi
英遊齋水戯庵,1,restaurant,,日本橋室町2-5-10
灯り家日本橋店,1,japanese_restaurant,asian_restaurant|restaurant,日本橋小舟町11-7
高嶋家,1,japanese_restaurant,restaurant,日本橋小舟町11-5
ニホンバシ ハルヲ,1,japanese_restaurant,,"Nihonbashihoncho, 1 Chome−6−3 日本橋ダイヤモンドマンション １０２"
多賀山,1,japanese_restaurant,restaurant|asian_restaurant,日本橋本町1丁目6-12
日本橋逢坂,1,japanese_restaurant,restaurant,日本橋小舟町6-16
ローカーボ,1,bar,restaurant|bar_and_grill_restaurant,日本橋堀留町1丁目6-12
堀留屋,1,japanese_restaurant,asian_restaurant|restaurant,日本橋堀留町1丁目6-10
こま吉,1,japanese_restaurant,bar|restaurant,日本橋堀留町1丁目6-11
ANOMALY,1,theme_restaurant,,日本橋堀留町1-5-1
ライズ,1,restaurant,bar|pub,日本橋人形町1丁目4-10
あいしてます,1,bar,restaurant|japanese_restaurant,日本橋堀留町2丁目1-2
あしあと,1,japanese_restaurant,bar|restaurant,2 Chome-1-3 Nihonbashihoridomecho
我流,1,bar,pub|restaurant,日本橋堀留町2丁目1-14
ひるがお 人形町店,1,japanese_restaurant,restaurant|asian_restaurant,日本橋人形町3丁目6-7
KUDAN,1,japanese_restaurant,restaurant|bar,日本橋人形町3丁目6-7
時代遅れ 人形町店,1,japanese_restaurant,barbecue_restaurant|restaurant,日本橋人形町3丁目6-6
わかい,1,japanese_restaurant,asian_restaurant,日本橋堀留町1丁目7-16
シチロカ,1,japanese_restaurant,delicatessen,日本橋人形町3丁目5-6
人形町兎屋,1,japanese_restaurant,asian_restaurant|restaurant,日本橋人形町3丁目9-2
ラムレンカイネ,1,restaurant,japanese_restaurant,日本橋人形町３−７−１１
彩旬人形町,1,bar,coffee_shop,日本橋人形町3丁目7-11
あまからくまから,1,japanese_restaurant,restaurant,日本橋人形町3丁目7-11
カミヤ 人形町本店,1,japanese_restaurant,restaurant,日本橋人形町3丁目7-14
Ningyocho Toku,1,bar,restaurant|asian_restaurant,日本橋蛎殻町2-3-7
火の豚人形町駅前店,1,japanese_restaurant,restaurant,人形町3丁目7-14
梅田,1,japanese_restaurant,restaurant,日本橋人形町3丁目4-2
テーブルオブザシーズン,1,restaurant,art_gallery|arts_and_entertainment,東京都中央区日本橋人形町３丁目２−８
清寿軒,1,japanese_restaurant,restaurant|asian_restaurant,東京都中央区日本橋堀留町1-4-16 ピーコス日本橋ビル
衣浦,1,japanese_restaurant,restaurant,日本橋堀留町1丁目1-13
もとじま,1,japanese_restaurant,restaurant|asian_restaurant,日本橋人形町3丁目1-5
味楽奥ののともん,1,bar,japanese_restaurant|sushi_restaurant,日本橋小舟町9-12
Osaka Kitchen Ningyōchō,1,japanese_restaurant,asian_restaurant|restaurant,"Nihonbashiningyocho, 3 Chome−3−10 B1F"
アリシディーク人形町店,1,asian_restaurant,,日本橋人形町3-3-13
江戸路,1,japanese_restaurant,restaurant|barbecue_restaurant,日本橋人形町1丁目19-2
由丸人形町店,1,japanese_restaurant,,日本橋人形町1丁目4-10
けむり 人形町店,1,japanese_restaurant,,日本橋人形町1丁目4-14
りばびれっじ,1,japanese_restaurant,bar|restaurant,日本橋人形町1丁目4-10
いな福,1,japanese_restaurant,restaurant|asian_restaurant,日本橋人形町1丁目4-13
人形町桜坊,1,bar,japanese_restaurant,日本橋人形町1丁目5-8
京和人形町店,1,japanese_restaurant,restaurant|asian_restaurant,日本橋人形町1丁目18-4
nemotora_ningyocho,1,restaurant,specialty_grocery_store|bakery,東京都中央区日本橋人形町2-6-7
Tokyo Dolls,1,bar,bar_and_grill_restaurant|restaurant,2 Chome-5-2 Nihonbashiningyocho
文福,1,japanese_restaurant,asian_restaurant|restaurant,日本橋人形町2丁目6-12
喜扇亭,1,japanese_restaurant,,2 Chome-9-12 Nihonbashiningyocho
日山,1,japanese_restaurant,butcher_shop,日本橋人形町2丁目5-1
双葉,1,japanese_restaurant,restaurant|shopping,日本橋人形町2丁目4-9
人 8888,1,restaurant,sake_bar|japanese_restaurant,2 Chome-11-4 Nihonbashiningyocho
山葵,1,bar,sake_bar|restaurant,日本橋人形町2丁目11-4
柳燕,1,japanese_restaurant,restaurant|diner,日本橋人形町2丁目10-11
On Your Side,1,restaurant,cafe|professional_services,"Nihonbashiningyocho, 2 Chome−10−11 Kyoe Plaza Ningyocho, 2F"
華ほたる,1,japanese_restaurant,bar|sushi_restaurant,2 Chome-20-2 Nihonbashiningyocho
えいと,1,japanese_restaurant,bar|restaurant,"Nihonbashiningyocho, 2 Chome−11−7 ＲＯビル"
ばしらあ,1,japanese_restaurant,restaurant,日本橋人形町2丁目11-8
はすみ,1,japanese_restaurant,restaurant|bar,日本橋人形町2丁目18-8
人形町なかむら,1,japanese_restaurant,,日本橋人形町2-32-12
bhive,1,restaurant,,"Nihonbashiningyocho, 2 Chome−21−11 人形町共同ビル 1F 山竹・井手口"
Ballade,1,bar,restaurant|japanese_restaurant,"Nihonbashiningyocho, 2 Chome−10−7 山田ビル B1"
トワビス,1,bar,restaurant,日本橋人形町2丁目8-7
吉星,1,japanese_restaurant,restaurant,日本橋人形町2丁目21-5
凡味,1,restaurant,japanese_restaurant|sushi_restaurant,2 Chome-32-3 Nihonbashiningyocho
マンツォヴィーノ,1,restaurant,japanese_restaurant|barbecue_restaurant,中央区日本橋人形町2-31-13
日本橋SANO,1,japanese_restaurant,restaurant|diner,2 Chome-31-4 Nihonbashiningyocho
佐々舟,1,japanese_restaurant,restaurant|diner,日本橋人形町2丁目22-6
さのや,1,japanese_restaurant,restaurant|sushi_restaurant,日本橋人形町2丁目7-11
てんみ 人形町店,1,restaurant,bar|coffee_shop,日本橋人形町2丁目8-5
なな福,1,japanese_restaurant,restaurant|diner,"Nihonbashiningyocho, 2 Chome−6−11 五十番ビル"
人形町双庵,1,japanese_restaurant,restaurant,日本橋人形町2丁目6-11
直木亭,1,japanese_restaurant,restaurant|asian_restaurant,日本橋人形町2丁目6-11
礒田,1,japanese_restaurant,,東京都中央区日本橋人形町２丁目６−１１
人形町伊勢利,1,restaurant,diner,日本橋人形町2丁目6-10
きくすい,1,japanese_restaurant,restaurant|diner,日本橋人形町2丁目6-2
本家・正田屋,1,bar,bar_and_grill_restaurant|restaurant,日本橋人形町1丁目19-4
駄目な隣人,1,japanese_restaurant,,日本橋人形町3丁目7-13
せき亭,1,restaurant,bar,"""中央区日本橋人形町1-18-6, 日宝人形町ビル"""
キラク,1,japanese_restaurant,restaurant,日本橋人形町2丁目6-6
なんだかんだ,1,japanese_restaurant,restaurant,日本橋人形町2丁目6-7
VIGARO NIHONBASHI,1,japanese_restaurant,,日本橋人形町2-25-2
祭ヤ,1,bar,japanese_restaurant|restaurant,中央区日本橋人形町3丁目12-11
元淳,1,japanese_restaurant,restaurant|asian_restaurant,日本橋人形町3丁目11-8
Union Sand Yard,1,bar,restaurant|diner,"Nihonbashitomizawacho, 2−5 Su-Bldg, １F"
パーラー305,1,bar,wine_bar|restaurant,2-1 Nihonbashitomizawacho
ふじ井,1,japanese_restaurant,restaurant,日本橋人形町2丁目25-10
菜々くら,1,japanese_restaurant,restaurant|asian_restaurant,日本橋人形町2丁目26-14
ポーカードッグ,1,bar,restaurant|coffee_shop,日本橋人形町2丁目29-6
合家,1,bar,restaurant|japanese_restaurant,日本橋人形町2丁目25-6
松浪,1,japanese_restaurant,restaurant|diner,2 Chome-25-6 Nihonbashiningyocho
人形町多良々,1,japanese_restaurant,sushi_restaurant,日本橋人形町2丁目25-3
人形町楽庵,1,bar,eat_and_drink|japanese_restaurant,日本橋人形町2丁目24-4
はんちか,1,restaurant,bar,日本橋人形町2丁目24-5
ふうれん,1,japanese_restaurant,restaurant|diner,"Nihonbashiningyocho, 2 Chome−30−5 エイム人形町 １F"
人形町 花,1,japanese_restaurant,sushi_restaurant|chicken_restaurant,"Nihonbashiningyocho, 2 Chome−29−3 2F"
リフレスカ明治座前,1,restaurant,,"日本橋浜町2丁目16-5, 東味ﾋﾞﾙﾃﾞｨﾝｸﾞ1F"
招福庵,1,japanese_restaurant,restaurant,日本橋浜町2丁目17-6
神港浜町店,1,japanese_restaurant,sushi_restaurant,日本橋浜町2丁目29-1
熊はん,1,restaurant,japanese_restaurant|asian_restaurant,日本橋浜町２-３６-４五城ビル１階
おもいやり,1,japanese_restaurant,asian_restaurant|restaurant,日本橋浜町2丁目19-9
Normal,1,bar,pub|restaurant,2 Chome-32-6 Nihonbashiningyocho
篠,1,japanese_restaurant,bar|restaurant,日本橋人形町2丁目32-4
人形町 味いな村,1,japanese_restaurant,restaurant|diner,"Nihonbashiningyocho, 2 Chome−33−5 ＯＴＡＹＡビル"
ほしみ屋日本橋浜町店,1,japanese_restaurant,,日本橋浜町2丁目24-8
フラックス,1,bar,restaurant|diner,日本橋浜町３−２２−１日本橋浜町Fタワープラザ１F
味蕾,1,japanese_restaurant,sushi_restaurant,"Nihonbashihamacho, 3 Chome−21−1 Nihonbashi Hamacho F Tower, 1F"
しばらく 日本橋店,1,japanese_restaurant,restaurant|diner,日本橋蛎殻町2丁目14-4
日本ばし さく間,1,japanese_restaurant,sushi_restaurant|asian_restaurant,日本橋蛎殻町2丁目14-11
谷や,1,japanese_restaurant,restaurant,日本橋人形町2丁目15-17
Sakura Nihombashi,1,japanese_restaurant,sake_bar,2 Chome-34-12 Nihonbashiningyocho
一,1,japanese_restaurant,restaurant|asian_restaurant,日本橋人形町2丁目16-7
Sloppy,1,bar,restaurant|pub,日本橋人形町2丁目3-5
みなもと屋 人形町店,1,japanese_restaurant,sushi_restaurant,"Nihonbashiningyocho, 2 Chome−3−5 2F"
Kiara,1,bar,restaurant|arts_and_entertainment,日本橋人形町2丁目3-4
美奈福,1,japanese_restaurant,asian_restaurant|restaurant,日本橋人形町2丁目11-12
坪根,1,bar,japanese_restaurant|sushi_restaurant,日本橋人形町2丁目11-11
串八,1,japanese_restaurant,asian_restaurant|restaurant,日本橋人形町2丁目11-7
いわ瀬,1,japanese_restaurant,restaurant|bar,日本橋人形町1丁目5-10
きく家,1,japanese_restaurant,restaurant,1 Chome-5-10 Nihonbashiningyocho
ラムラムラム,1,japanese_restaurant,,日本橋人形町1-5-12
十四郎,1,japanese_restaurant,restaurant,日本橋人形町1丁目5-14
富士喜人形町,1,japanese_restaurant,restaurant,日本橋人形町1丁目5-14
田酔,1,bar,restaurant|japanese_restaurant,日本橋人形町1丁目7-6
Luxaxe,1,bar,pub,"玉英 堂 ビル 4F, 2 Chome-3-2 Nihonbashiningyocho"
かくれんぼ,1,bar,japanese_restaurant|restaurant,日本橋人形町2丁目3-2
鳥正,1,japanese_restaurant,,日本橋人形町1-16-4
プチ・ニース,1,japanese_restaurant,,日本橋人形町1丁目9-2
人形町 やま田,1,japanese_restaurant,restaurant,日本橋人形町1丁目9-2
あをき,1,japanese_restaurant,restaurant,日本橋人形町1丁目11-8
一天張,1,japanese_restaurant,,東京都中央区2-2-8
サクライロガーデン,1,bar,restaurant|pub,日本橋人形町2丁目2-10
常とん,1,japanese_restaurant,restaurant|bar,2 Chome-14-12 Nihonbashiningyocho
Uokushi,1,restaurant,,
かねき亭,1,japanese_restaurant,restaurant,日本橋人形町1丁目11-5
風貴,1,japanese_restaurant,restaurant|asian_restaurant,"Nihonbashikakigaracho, 1 Chome−13−7 日本橋人形町プレイス ７階"
心天,1,japanese_restaurant,restaurant,日本橋蛎殻町1丁目14-7
コスモ,1,food_and_drink,food_beverage_service_distribution,1 Chome-11-2 Nihonbashiningyocho
だんまり,1,japanese_restaurant,restaurant|asian_restaurant,日本橋人形町1丁目12-11
明水然・楽,1,japanese_restaurant,restaurant,"Nihonbashiningyocho, 1 Chome−12−11 リガーレ日本橋人形町 2F 2A-204"
二平日本橋人形町,1,japanese_restaurant,restaurant,日本橋人形町1丁目12-11
アロハブルーキッチン,1,restaurant,eat_and_drink|cafe,日本橋蛎殻町1丁目39-5
三つはし,1,japanese_restaurant,restaurant|asian_restaurant,日本橋蛎殻町2丁目7-12
Plaisir,1,bar,pub|french_restaurant,日本橋人形町2-7-2　コスモVビル2F
アールイズ,1,restaurant,tapas_bar|bar,日本橋蛎殻町2丁目11-8
みやこ亭,1,japanese_restaurant,restaurant,日本橋蛎殻町2丁目5-8
aruhi.,1,japanese_restaurant,restaurant|coffee_shop,1 Chome-1-1 Tokiwa
Ritikukutokyo,1,restaurant,,日本橋浜町3-9-5
四季彩 北千住店,1,japanese_restaurant,bar|sushi_restaurant,千住3-35-2 こべに屋千住第一ビル 1階2階
Saitaniya,1,japanese_restaurant,restaurant,"Shinohashi, 1 Chome−1−6 フラッツ新大橋１ Ⅰ 102"
Pigeon California Cuisine,1,bar,cocktail_bar|lounge,"Shinohashi, 3 Chome−7−3 上亀ビル"
月と亀,1,japanese_restaurant,,新大橋3-7-3
三徳,1,bar,restaurant|japanese_restaurant,東京都江東区常盤２丁目１１−１
麺工房どいち,1,japanese_restaurant,restaurant,東京都江東区常盤２丁目１０−１
ダンボ・ツー,1,pub,bar|restaurant,常盤2丁目10-3
ラハン,1,japanese_restaurant,restaurant|diner,森下2丁目4-5
陸中,1,japanese_restaurant,sushi_restaurant|restaurant,森下2丁目1-4
なかちょう,1,bar,speakeasy|sake_bar,新大橋3丁目3-12
漢,1,japanese_restaurant,restaurant,2 Chome-2-5 Morishita
杉,1,japanese_restaurant,restaurant|asian_restaurant,1 Chome-5-7 Morishita
栄ちやん,1,japanese_restaurant,asian_restaurant|restaurant,森下3丁目14-1
Muu×じゃぱりあ 三座布,1,restaurant,diner,"Morishita, 3 Chome−14−1 1F"
清澄高橋店,1,fast_food_restaurant,,東京都江東区高橋１２－１
Organico,1,bar,arts_and_entertainment,"Takabashi, 11−1 〒135-0006"
山椒庵,1,japanese_restaurant,shopping|diner,常盤２−４−８　クレアローズ１０２
little iki,1,asian_fusion_restaurant,asian_restaurant|cafe,"Tokiwa, 2 Chome−2−12 2F"
梅仁,1,japanese_restaurant,asian_restaurant|restaurant,2 Chome-8-5 Shirakawa
たぁぼぉ,1,japanese_restaurant,,2 Chome-13-3 Miyoshi
きくちゃん,1,japanese_restaurant,restaurant|sake_bar,三好2丁目13-3
いちばん星,1,japanese_restaurant,eat_and_drink,白河1丁目4-18
福佐家,1,japanese_restaurant,restaurant,三好2丁目11-4
初音,1,japanese_restaurant,restaurant|asian_restaurant,白河1丁目3-34
紺青,1,japanese_restaurant,sushi_restaurant|restaurant,白河1丁目3-21
富時葉山清澄白河店,1,japanese_restaurant,restaurant|asian_restaurant,清澄3丁目4-18
Park Stand Tokyo - Kiyosumi Shirakawa,1,japanese_restaurant,restaurant,3 Chome-4-20 Kiyosumi
くし家清澄白河店,1,japanese_restaurant,restaurant|asian_restaurant,清澄3丁目4-16
est tokyo uno et001,1,restaurant,japanese_restaurant|italian_restaurant,"Kiyosumi, 3 Chome−4−18 パークサイド清澄第１ 1F"
株式会社ささき,1,japanese_restaurant,eat_and_drink,清澄3-4-18
ふじ乃,1,restaurant,japanese_restaurant,東京都江東区清澄3丁目9 12
清澄たか原,1,restaurant,,東京都江東区清澄2-15-4
ドラゴ 横綱通り店,1,japanese_restaurant,barbecue_restaurant|restaurant,清澄2丁目9-11
Ginger.Tokyo,1,restaurant,cafe|coffee_shop,平野1丁目8-1
片山,1,japanese_restaurant,restaurant,平野1丁目14-2
くさかべ,1,japanese_restaurant,restaurant,三好1丁目8-6
あやめ,1,japanese_restaurant,asian_restaurant,三好2丁目1-3
Rose E,1,piano_bar,,赤坂8丁目13-19
Nonbirina,1,japanese_restaurant,restaurant,"Miyoshi, 3 Chome−3−9 仲沢ビル2階"
喜のした,1,japanese_restaurant,restaurant,千田7-14
食工房 とび田,1,restaurant,japanese_restaurant|asian_restaurant,東京都江東区千田６−２
丸貞,1,japanese_restaurant,diner|sushi_restaurant,2 Chome-4-6 Ogibashi
310,1,restaurant,sake_bar,扇橋２−４−４
深川柳家,1,asian_restaurant,restaurant|japanese_restaurant,扇橋1丁目8-3
肉の田じま,1,japanese_restaurant,restaurant,扇橋1丁目4-1
心らん,1,japanese_restaurant,asian_restaurant|eat_and_drink,三好4丁目9-8
深川亭,1,diner,restaurant|japanese_restaurant,白河4丁目1-18
赤坂 百咲(もも),1,japanese_restaurant,bar|restaurant,東京都港区赤坂３丁目７−９
そら豆,1,japanese_restaurant,eat_and_drink|cafe,東京都江東区三好３丁目１０−５
Ball,1,restaurant,,3 Chome-8-3 Miyoshi
深川日和,1,japanese_restaurant,bar|cafe,三好3丁目8-3
やすだ,1,japanese_restaurant,asian_restaurant|restaurant,白河3丁目2-2
山の上,1,japanese_restaurant,,白河3-6-1
幸菜庵,1,restaurant,cafe|cooking_school,東京都江東区白河３丁目５−１３
和よしの,1,japanese_restaurant,,森下4丁目8-8
みおちゃん,1,japanese_restaurant,bar|sake_bar,1 Chome-13-14 Sumiyoshi
食力,1,japanese_restaurant,sake_bar|diner,2 Chome-8-1 Sarue
万葉,1,restaurant,bar_and_grill_restaurant|eat_and_drink,東京都江東区扇橋１丁目１２−３
みづほ,1,japanese_restaurant,restaurant,扇橋2丁目7-2
ヤマネ肉店 住吉店,1,japanese_restaurant,sake_bar,2 Chome-12-5 Ogibashi
ポイント,1,restaurant,european_restaurant|italian_restaurant,扇橋2丁目17-3
とんり,1,japanese_restaurant,barbecue_restaurant|bar,2 Chome-5-6 Ogibashi
G-Love,1,bar,monument|cocktail_bar,
友膳,1,japanese_restaurant,diner,北砂3丁目17番17号
かかや,1,japanese_restaurant,barbecue_restaurant,北砂2丁目13-9
和風や 食道楽,1,japanese_restaurant,asian_restaurant|restaurant,北砂2丁目17-1
北砂アリオ店,1,fast_food_restaurant,,東京都江東区北砂２－１７－１アリオ北砂１階フードコート
はおん,1,bar,lounge,扇橋3丁目2-3
一輝,1,japanese_restaurant,restaurant|diner,14-16 Umibe
岡田屋製麺所,1,japanese_restaurant,,南砂1丁目10-9
天兵,1,japanese_restaurant,sushi_restaurant,東京都江東区北砂４丁目２−８
銀座ホール,1,japanese_restaurant,restaurant|diner,北砂3丁目33-20
進,1,japanese_restaurant,restaurant,北砂4丁目10-8
Gofuku,1,restaurant,smoothie_juice_bar,3 Chome-32-18 Kitasuna
Ōfuna,1,restaurant,asian_restaurant|bar,北砂4-10-5
グルメ,1,restaurant,japanese_restaurant,北砂4丁目18-20
永らく,1,japanese_restaurant,restaurant|asian_restaurant,北砂2丁目1-27
金星,1,bar,shopping,千田町3-9-1
木場くぼ,1,japanese_restaurant,comfort_food_restaurant|bar,木場3丁目13-5
Ayatori,1,japanese_restaurant,bar|asian_restaurant,"Toyo, 5 Chome−26−5 朝倉ビル 1F"
流石,1,japanese_restaurant,,東陽5丁目3-9
ハコバタキッチン 木場店,1,restaurant,cafe,木場5丁目5-13
深川京のや,1,bar,asian_restaurant|japanese_restaurant,木場2丁目7-21
まんぷく屋騏乃嵐,1,japanese_restaurant,restaurant|asian_restaurant,木場5丁目1-4
東屋,1,bar,japanese_restaurant|restaurant,木場5丁目3-5
木場 柳家,1,japanese_restaurant,sushi_restaurant,木場5-10-12
四代目 木場紀伊国屋,1,restaurant,,木場 5-10-13
紀伊国屋別館,1,japanese_restaurant,bar|eat_and_drink,木場5丁目6-42
Kon,1,japanese_restaurant,restaurant,5 Chome-12-3 Kiba
やおらぁーな,1,japanese_restaurant,sake_bar|restaurant,3 Chome-9-2 Toyo
Rojiura,1,japanese_restaurant,bar|restaurant,3 Chome-3-7 Toyo
花村,1,japanese_restaurant,asian_restaurant|restaurant,東陽3丁目5-8
深川鳩貝,1,japanese_restaurant,restaurant|asian_restaurant,東陽3丁目17-10
コクリコ,1,bar,,東陽3丁目17-13
まるむら 東陽町店,1,japanese_restaurant,restaurant,東陽3丁目17-14
炭火焼 isshi,1,bar,bar_and_grill_restaurant|japanese_restaurant,東陽3丁目16-5
パパ,1,restaurant,diner|japanese_restaurant,東陽3丁目14-5
じねん,1,japanese_restaurant,noodles_restaurant,東陽5丁目17-2
串Labo バブルドラゴン,1,japanese_restaurant,restaurant|diner,東陽2丁目5-18
ひのとり 東京東陽町本店,1,japanese_restaurant,restaurant,東陽2丁目5-18
桔郷,1,bar,japanese_restaurant,2 Chome-5-18 Toyo
習志野庵,1,japanese_restaurant,restaurant,東陽3丁目28-9
クレア 東陽町店,1,pub,,東陽4-1-20
アメリカ亭,1,bar,japanese_restaurant|restaurant,東陽4丁目1-20
丸味屋,1,asian_restaurant,restaurant|bar,東陽4丁目6-17
アスタンプ,1,restaurant,japanese_restaurant,南砂2丁目1-3
大学,1,bar,restaurant|sake_bar,東陽4丁目1-23
加留美亭,1,japanese_restaurant,restaurant|korean_restaurant,4 Chome-1-23 Toyo
いなりや,1,japanese_restaurant,restaurant,南砂4丁目7-25
和・平田屋,1,japanese_restaurant,asian_restaurant|restaurant,南砂3丁目4-1
カウベル,1,japanese_restaurant,restaurant|cafe,南砂2丁目37-12
和ごころ燈,1,japanese_restaurant,restaurant|diner,6 Chome-11-29 Minamisuna
かち馬南砂町店,1,bar,japanese_restaurant|restaurant,南砂7丁目6-17
小川,1,japanese_restaurant,asian_restaurant|restaurant,南砂3丁目12-3 
遠野屋,1,restaurant,japanese_restaurant|asian_restaurant,南砂6丁目3-4
丸喜家,1,japanese_restaurant,restaurant|asian_restaurant,東京都江東区東砂６丁目２−１
砂町昭和の味竹鈴,1,japanese_restaurant,restaurant|diner,東砂6丁目1-1
めいちゃん,1,japanese_restaurant,barbecue_restaurant,東京都江東区東砂７丁目２−１１
カタッチ庵,1,japanese_restaurant,eat_and_drink|shopping,
うだがわ,1,japanese_restaurant,restaurant|bar,西葛西1丁目12-20
喜界,1,japanese_restaurant,restaurant|bar,東京都江戸川区北葛西２丁目２３−１９
大一,1,japanese_restaurant,asian_restaurant|restaurant,東砂5丁目4-16
トンチンカン,1,japanese_restaurant,asian_restaurant|restaurant,東砂6丁目14-3
宮元製麺,1,japanese_restaurant,,"Higashisuna, 5 Chome−1−11 ジェイズクレイドル"
どんど,1,japanese_restaurant,restaurant|diner,東砂7丁目17-22
とうかんや,1,japanese_restaurant,asian_restaurant|restaurant,南砂5丁目21-4
松ばや,1,restaurant,delicatessen,北砂4丁目7-19
Nature,1,restaurant,fast_food_restaurant|bar,江東区亀戸５－２９－３
照る照る房主,1,japanese_restaurant,bar,7 Chome-3-10 Kitasuna
こまや,1,bar,japanese_restaurant|restaurant,北砂4丁目40-18
もとじ,1,bar,restaurant,北砂5丁目1-32
竹沢商店,1,japanese_restaurant,chicken_restaurant|food_stand,東京都江東区北砂４丁目４０−１１
とんち,1,japanese_restaurant,restaurant,北砂6丁目1-30
深川,1,bar,,江東区北砂6丁目2-1
さいだいにんぐ,1,bar,,北砂5丁目16-11 エリア: 船堀 瑞江
ドラゴン砂町店,1,japanese_restaurant,restaurant|asian_restaurant,北砂5丁目18-2
仙台屋,1,bar,japanese_restaurant|barbecue_restaurant,北砂5丁目18-11
510 Hot,1,bar,cafe|japanese_restaurant,8 Chome-1-10 Ojima
キッチン やわた,1,japanese_restaurant,asian_restaurant|restaurant,2 Chome-5-4 Higashisuna
なかざと,1,japanese_restaurant,asian_restaurant|restaurant,船堀2丁目10-5
田中や,1,restaurant,eat_and_drink|food_beverage_service_distribution,船堀6丁目1-10
弁富,1,japanese_restaurant,restaurant|diner,船堀6丁目2-13
岩珠旨,1,japanese_restaurant,restaurant|chinese_restaurant,4 Chome-15-10 Funabori
Kitchen 七彩,1,bar_and_grill_restaurant,restaurant|cafe,東京都江戸川区船堀3-12-10フォルトゥーナ船堀1F
たんたん,1,restaurant,fast_food_restaurant|japanese_restaurant,東京都江戸川区船堀２丁目１２−１２
いなほ,1,japanese_restaurant,restaurant|diner,船堀2丁目23-9
オハナキッチン,1,bar,restaurant|comfort_food_restaurant,船堀1丁目8-19
船堀店,1,fast_food_restaurant,,東京都江戸川区船堀４－２－２
味へい,1,japanese_restaurant,asian_restaurant|restaurant,船堀1丁目7-6
のほほん,1,restaurant,cafe|asian_restaurant,船堀1丁目7-19
としのや,1,japanese_restaurant,restaurant|asian_restaurant,船堀4丁目12-21
丸,1,bar,restaurant|asian_restaurant,船堀5丁目6-17
おん,1,japanese_restaurant,restaurant|asian_restaurant,一之江7丁目44-19
しゃから,1,restaurant,cafe|coffee_shop,一之江8丁目13-14
しゃばだば YO,1,bar,music_venue,"Ichinoe, 8 Chome−17−3 しゃばだば YO"
ミッキー&ネプチューン,1,bar,active_life|pool_billiards,東京都江戸川区一之江８丁目４−３
栗城,1,restaurant,japanese_restaurant|eat_and_drink,一之江8丁目3-6
たぬき茶屋,1,bar,restaurant|asian_restaurant,西瑞江4丁目25-1
クラーレ,1,bar,restaurant|asian_restaurant,西瑞江4丁目25-1
池の屋,1,japanese_restaurant,restaurant|bar,西瑞江5丁目2-1
KAI&D-bullet,1,bar,restaurant|coffee_shop,中葛西7-9-16
伊し田,1,japanese_restaurant,breakfast_and_brunch_restaurant,西瑞江5-19-36
鶴家,1,japanese_restaurant,restaurant|asian_restaurant,船堀7丁目10-11
いっき,1,bar,restaurant|asian_restaurant,宇喜田町1364-11
由松,1,japanese_restaurant,restaurant,"Kitakasai, 5 Chome−30−9 サニーフラット"
三つ岡,1,japanese_restaurant,restaurant|asian_restaurant,
新川,1,bar,restaurant, 
東葛西店,1,fast_food_restaurant,,東京都江戸川区東葛西５－１９－１０
巓,1,japanese_restaurant,restaurant,東葛西2丁目26-12
真海,1,japanese_restaurant,bar|restaurant,"Higashikasai, 5 Chome−13−1 マインコーポ葛西1号"
桃水,1,japanese_restaurant,restaurant|indian_restaurant,中葛西5丁目43-1
K's Diner in Tokyo,1,diner,social_service_organizations|restaurant,
づめかん 葛西店,1,bar,restaurant|sushi_restaurant,中葛西5丁目19-17
まるしま,1,japanese_restaurant,bar|restaurant,中葛西5丁目19-20
La Face,1,bar_and_grill_restaurant,bar|restaurant,中葛西3丁目35-18
関場屋,1,japanese_restaurant,bar|restaurant,東京都江戸川区中葛西３丁目１−１５
中葛西 ごっさん,1,japanese_restaurant,restaurant|diner,"Nakakasai, 3 Chome−1−15 ＭＫマンション 1F"
HARE GINZA,1,japanese_restaurant,,"Nakakasai, 5 Chome−15−9 ＳＳハイム １０２"
B'FLATT,1,restaurant,bar,中葛西5丁目32-2
Baby's Breath,1,restaurant,pancake_house|beauty_salon,東葛西6丁目2-5
海のYey,1,japanese_restaurant,bar|asian_restaurant,東葛西6丁目1-13
もり長,1,restaurant,bar|diner,東葛西6丁目1-10
Tetsu坊,1,japanese_restaurant,restaurant,"Nakakasai, 5 Chome−41−3 エクセル葛西 1F"
やす吉,1,japanese_restaurant,sake_bar|barbecue_restaurant,5 Chome-26-16 Nakakasai
だるまのめ 西葛西店,1,japanese_restaurant,cafe,中葛西6丁目3-5
ゆうけん,1,bar,japanese_restaurant,中葛西5丁目3-5
橘屋,1,japanese_restaurant,noodles_restaurant|cafe,"Nishikasai, 6 Chome−17−12 第三関口ビル 1F"
たかし屋西葛西店,1,japanese_restaurant,restaurant,西葛西6丁目15-20
モア,1,restaurant,coffee_shop|diner,西葛西6丁目14-1
明日のじょう,1,japanese_restaurant,restaurant|bar,5 Chome-6-20 Nishikasai
古萩,1,japanese_restaurant,asian_restaurant,西葛西5丁目6-17
エビス 西葛西総本店,1,japanese_restaurant,sushi_restaurant|restaurant,西葛西5丁目6-11
伍之伍之十六夜,1,japanese_restaurant,restaurant,西葛西5丁目5-16
梅ひさ,1,japanese_restaurant,sushi_restaurant|asian_restaurant,西葛西5丁目5-17
みと,1,japanese_restaurant,restaurant|asian_restaurant,3 Chome-18-15 Nakakasai
幸家義太郎,1,japanese_restaurant,restaurant|sushi_restaurant,中葛西3丁目34-6
Glitter,1,bar,music_venue|arts_and_entertainment,中葛西3丁目33-18
ボラーチョ,1,bar,arts_and_entertainment|italian_restaurant,中葛西3丁目33-18
炭リッチ 葛西店,1,bar,restaurant|italian_restaurant,中葛西3丁目35-3
千里,1,japanese_restaurant,chinese_restaurant|asian_restaurant,中葛西3丁目35-12
松本,1,japanese_restaurant,restaurant|asian_restaurant,中葛西3丁目30-10
悠々亭,1,bar,japanese_restaurant|restaurant,中葛西3丁目25-16
ばっちばち,1,restaurant,barbecue_restaurant|eat_and_drink,中葛西3丁目26-6
串や,1,japanese_restaurant,restaurant,東葛西5丁目4-6
葫,1,japanese_restaurant,noodles_restaurant|restaurant,東京都江戸川区東葛西５丁目５−１
関甚,1,japanese_restaurant,sushi_restaurant,3 Chome-25-9 Nakakasai
まるたま,1,bar,japanese_restaurant|diner,
笑じろー,1,bar,restaurant|pub,西葛西3丁目22-6
そらのいろ 西葛西店,1,japanese_restaurant,restaurant,"Villa Lupinus, 3 Chome-22-22 Nishikasai"
風の盆,1,japanese_restaurant,restaurant|bar,3 Chome-13-2 Nishikasai
屋台めし,1,japanese_restaurant,asian_restaurant,西葛西3丁目16-17
ヨシベー 西葛西,1,restaurant,japanese_restaurant,東京都江戸川区西葛西５丁目６−２４
ioriさ藤,1,bar,,西葛西5-1-3 ライオンズマンション西葛西202
しゅもん,1,japanese_restaurant,restaurant|asian_restaurant,西葛西5丁目2-15
江の本,1,japanese_restaurant,home_goods_store|gardener,東京都江戸川区西葛西３丁目１５−１３
ビーフラボ,1,diner,gastropub|comfort_food_restaurant,
やまがみ,1,japanese_restaurant,restaurant|asian_restaurant,西葛西6丁目7-1
こしょうや,1,japanese_restaurant,restaurant,東砂8丁目13-7
楽顔亭南砂町駅前店,1,japanese_restaurant,restaurant|bar,新砂3丁目3-53
マ・メゾン,1,japanese_restaurant,,新砂3-4-31
三代目月見軒,1,japanese_restaurant,,新砂3丁目4-31
Azzurro520,1,japanese_restaurant,restaurant|sushi_restaurant,西葛西6丁目13-11
銀の杵西葛西店,1,japanese_restaurant,asian_restaurant|restaurant,西葛西6丁目15-1
京都きん家,1,japanese_restaurant,restaurant|diner,6 Chome-13-14 Nishikasai
麺ソーレ きよ,1,japanese_restaurant,bar,"Nishikasai, 6 Chome−13−14 丸清ビル"
サイセリア,1,restaurant,cafe|commercial_industrial,西葛西7丁目5-17 
Marina & Grill,1,bar_and_grill_restaurant,restaurant|diner,"Yumenoshima, 3 Chome−2−1 2F"
かやの実,1,bar,restaurant|pub,南葛西2丁目3-18
発見きち,1,japanese_restaurant,park,
とんとんみ,1,bar,asian_restaurant|japanese_restaurant,西葛西8丁目8-17
葛西ホームズ店,1,fast_food_restaurant,,東京都江戸川区東葛西９－３－６
清かわ,1,restaurant,japanese_restaurant,東京都江戸川区南葛西２丁目２２−１
葛西アリオ店,1,fast_food_restaurant,,東京都江戸川区東葛西９－３－３アリオ葛西店１階フードコート
ユウジン,1,asian_restaurant,restaurant|diner,日本橋小舟町12-9
しせいどう,1,bar,restaurant|asian_restaurant,日本橋本町3丁目4-18
Commissary Nihonbashi,1,japanese_restaurant,taco_restaurant|eat_and_drink,"Nihonbashihoncho, 3 Chome−11−5 ライフサイエンスビル ２ １F"
月のうたた寝どころ,1,bar,,"Nihonbashihoridomecho, 1 Chome−2−9 DIG DUG 1F #B"
Gatagato,1,bar,pub|lounge,1 Chome-2-9 Nihonbashihoridomecho
JUAS,1,food_truck_stand,bar,日本橋堀留町2-4-3
大斗人形町店,1,japanese_restaurant,bar,日本橋堀留町2丁目8-4
一ゆう,1,japanese_restaurant,eat_and_drink,日本橋堀留町1丁目9-6
Yamato,1,japanese_restaurant,sushi_restaurant|restaurant,16-3 Nihonbashitomizawacho
Bonte,1,restaurant,japanese_restaurant|european_restaurant,2 Chome-11-2 Nihonbashihamacho
大金,1,japanese_restaurant,restaurant|diner,日本橋浜町2丁目10-6
新田,1,bar,pub|cocktail_bar,日本橋浜町2丁目38-10
西むら,1,japanese_restaurant,restaurant|asian_restaurant,日本橋浜町2丁目33-4
浜町 ふじ田,1,japanese_restaurant,,日本橋浜町2-34-3
まる竹,1,japanese_restaurant,restaurant,"Nihonbashihamacho, 2 Chome−35−4 1F"
森ッ田,1,japanese_restaurant,restaurant,"Nihonbashihamacho, 2 Chome−34−4 桜ヒルズ 日本橋浜町 １F"
Burst,1,restaurant,italian_restaurant|wine_bar,"Nihonbashihamacho, 2 Chome−60−2 パークサイド日本橋"
ハング,1,restaurant,eat_and_drink,"Nihonbashihamacho, 2 Chome−60−2 パークサイド日本橋"
とくいちの屋,1,bar,japanese_restaurant|sushi_restaurant,日本橋浜町2丁目36-4
ALLEGRIA,1,bar,,日本橋浜町2丁目36-3 木村ビル 1F
さくたろう,1,japanese_restaurant,,日本橋久松町10-10
きくの家,1,japanese_restaurant,restaurant|asian_restaurant,日本橋久松町9-8
大申,1,japanese_restaurant,noodles_restaurant,日本橋久松町2-8
炭火焼 登じま,1,japanese_restaurant,bar_and_grill_restaurant|restaurant,"Nihonbashitomizawacho, 10−16 日本橋KKビル1F"
六ちゃん,1,asian_restaurant,restaurant|japanese_restaurant,東京都中央区日本橋浜町１丁目２−４
ユキマル,1,japanese_restaurant,restaurant,日本橋浜町2丁目60-2
六方 北千住,1,restaurant,bar_and_grill_restaurant|japanese_restaurant,千住2-62-9
登じま屋,1,japanese_restaurant,asian_restaurant|restaurant,日本橋久松町13-4
ずずず 東日本橋店,1,japanese_restaurant,,東日本橋1-1-1
火のや 日本橋店,1,japanese_restaurant,,日本橋久松町4-12
はしや東日本橋店,1,japanese_restaurant,restaurant|diner,東日本橋3丁目1-6
J's Diner,1,diner,restaurant|japanese_restaurant,"Nihonbashiodenmacho, 4−5 凰ビル"
ささごと,1,bar,japanese_restaurant|restaurant,日本橋大伝馬町7-9
おっ母さん,1,japanese_restaurant,asian_restaurant|restaurant,日本橋大伝馬町2-8
DO.DON.PA,1,japanese_restaurant,restaurant|bar,1-14 Nihonbashikodenmacho
よつ谷,1,japanese_restaurant,restaurant,"Nihonbashihoncho, 4 Chome−8−14 東京建物第三室町ビル B1"
桔梗屋やゑ八,1,japanese_restaurant,bar|restaurant,3-10 Nihonbashikodenmacho
モーツァルト,1,restaurant,barbecue_restaurant|asian_restaurant,日本橋小伝馬町3-10
Craft dip 3nowa,1,japanese_restaurant,restaurant|diner,"Nihonbashikodenmacho, 2−5 2階"
西澤,1,bar,,日本橋小伝馬町12-5
中村商店 小伝馬町店,1,theme_restaurant,,日本橋小伝馬町12-5
魂の一本,1,japanese_restaurant,sake_bar|bar,日本橋大伝馬町9-7
かわはら,1,japanese_restaurant,restaurant|sushi_restaurant,日本橋大伝馬町12-9
ラーレ秋葉原,1,japanese_restaurant,italian_restaurant|restaurant,神田佐久間町3-37-30
イルマン堂,1,restaurant,cafe|coffee_shop,日本橋小伝馬町11-9
おかズーン,1,bar,pub,日本橋小伝馬町10-8
肉処 にくのすけ,1,restaurant,japanese_restaurant,日本橋小伝馬町10-8
紫苑,1,bar,japanese_restaurant|sushi_restaurant,日本橋小伝馬町10-8
なか,1,bar,restaurant|indian_restaurant,日本橋小伝馬町10-8
馥や,1,japanese_restaurant,restaurant,日本橋小伝馬町14-19
伊勢重,1,japanese_restaurant,restaurant,日本橋小伝馬町14-9
Karyu Hansou,1,bar,department_store|japanese_restaurant,東京都千代田区六番町１−７
菜蔵東日本橋店,1,restaurant,diner|bar,東日本橋3丁目7-7
じろちょう,1,japanese_restaurant,sake_bar|sushi_restaurant,"Nihonbashikodenmacho, 8−4 Bekka(ベッカ)"
伝六,1,bar,restaurant|asian_restaurant,日本橋小伝馬町6-1
一亀,1,japanese_restaurant,bar|comfort_food_restaurant,1 Chome-8-5 Iwamotochō
こし庵,1,japanese_restaurant,sushi_restaurant|restaurant,岩本町1丁目4-6
むらた,1,japanese_restaurant,chinese_restaurant|restaurant,岩本町2丁目7-2
ダルビッシュ,1,restaurant,grocery_store|supermarket,日本橋小伝馬町18-4
味のキッチン たかはら,1,japanese_restaurant,,岩本町1-12-8
三福亭,1,japanese_restaurant,restaurant,日本橋馬喰町1丁目4-10
はしや 馬喰町店,1,japanese_restaurant,,日本橋馬喰町1丁目5-14
エンドレス,1,japanese_restaurant,restaurant,日本橋小伝馬町16-14
ミキスケ,1,restaurant,steakhouse|japanese_restaurant,日本橋小伝馬町7-12
近三,1,japanese_restaurant,,日本橋小伝馬町15-16
Libre,1,bar,,"Nihonbashiyokoyamacho, 3−4 アーバンステージ 1F"
文殊馬喰横山店,1,japanese_restaurant,restaurant,日本橋横山町4-13
Kasato Hearn,1,cajun_and_creole_restaurant,burger_restaurant|american_restaurant,4-10 Nihonbashiyokoyamacho
箸膳,1,japanese_restaurant,sushi_restaurant|restaurant,東日本橋2丁目1-11
三景,1,japanese_restaurant,restaurant|burger_restaurant,"Higashinihonbashi, 3 Chome−9−7 東日ビル"
菜なや,1,japanese_restaurant,restaurant|asian_restaurant,"Higashinihonbashi, 2 Chome−2−4 東日本橋ビル B1F"
富士㐂,1,japanese_restaurant,,日本橋馬喰町1-6-4
Stopover Tokyo,1,bar,,東日本橋3-12-6
bakuro COMMON,1,japanese_restaurant,restaurant|asian_restaurant,"Higashinihonbashi, 3 Chome−12−7 鈴森ビル 1F・2F"
串よし 東日本橋店,1,japanese_restaurant,restaurant|diner,"Higashinihonbashi, 3 Chome−12−11 リブラ東日本橋６"
SATCHMO,1,restaurant,indian_restaurant|cafe,東日本橋3丁目12-9
目と鼻の先,1,japanese_restaurant,restaurant,東日本橋2丁目12-1
なかやま,1,japanese_restaurant,restaurant|asian_restaurant,東日本橋3丁目3-15
ディアレスト,1,japanese_restaurant,restaurant|diner,東日本橋1丁目2-6
Red Ox Higashinihombashi,1,restaurant,theme_restaurant|japanese_restaurant,東日本橋3丁目5-9
釉月,1,restaurant,japanese_restaurant|asian_restaurant,"The Gate Nihonbashi East, 3 Chome-4-1 Higashinihonbashi"
まつおか,1,restaurant,japanese_restaurant|diner,東日本橋1丁目2-16
Ryogoku city,1,speakeasy,bar,
一之橋,1,japanese_restaurant,diner|bar,東京都墨田区千歳１丁目５−１５
越後屋若狭,1,japanese_restaurant,desserts,千歳1丁目8-4
みきや,1,japanese_restaurant,bar|sake_bar,東京都墨田区両国３丁目９−１
Riverside ryogoku,1,japanese_restaurant,restaurant|bar,"Ryogoku, 3 Chome−1−12 1F"
ときせい,1,japanese_restaurant,restaurant,緑1丁目2-2
相生町 喜津屋,1,restaurant,eat_and_drink|japanese_restaurant,東京都墨田区緑１丁目２−２
Butan,1,japanese_restaurant,sushi_restaurant,千歳3丁目5-9
むら田,1,japanese_restaurant,restaurant|asian_restaurant,千歳3丁目5-8
三国屋,1,japanese_restaurant,restaurant|noodles_restaurant,2 Chome-16-5 Shinohashi
三根倶楽部 みやき 新大橋店,1,restaurant,japanese_restaurant|asian_restaurant,"Shinohashi, 1 Chome−8−25 ５Ｆ"
もりした,1,japanese_restaurant,restaurant,森下1丁目10-7
季助,1,bar,restaurant|japanese_restaurant,森下2丁目17-7
十七,1,restaurant,japanese_restaurant|bar,森下2丁目18-2
鍵,1,japanese_restaurant,coffee_shop|cafe,森下2丁目19-1
どんどん亭,1,restaurant,japanese_restaurant|asian_restaurant,東京都江東区森下２丁目１８−１
モンブラン,1,japanese_restaurant,restaurant|diner,森下2丁目19-9
平和閣,1,japanese_restaurant,restaurant|korean_restaurant,2 Chome-19-8 Morishita
Bless,1,japanese_restaurant,restaurant,2 Chome-20-13 Morishita
京金,1,japanese_restaurant,noodles_restaurant|restaurant,"Morishita, 2 Chome−18−2 センテナリー森下 ６階"
ふじたや,1,japanese_restaurant,restaurant|sushi_restaurant,森下1丁目14-5
藤田屋,1,japanese_restaurant,asian_restaurant,東京都江東区森下１丁目１４−５
晃ちんや,1,japanese_restaurant,barbecue_restaurant|asian_restaurant,森下1丁目18-1
深川SALON,1,japanese_restaurant,sake_bar,2 Chome-22-4 Morishita
花鳥風月,1,bar,pub|dance_club,1 Chome-7-10 Kikukawa
のっちょりいの,1,japanese_restaurant,restaurant|diner,3 Chome-6-9 Morishita
時葉山,1,japanese_restaurant,restaurant,森下4丁目24-10
ふくしま,1,japanese_restaurant,restaurant,菊川3丁目7-11
墨田家,1,japanese_restaurant,asian_restaurant,菊川3丁目7-1
味彩 悠,1,restaurant,japanese_restaurant|sushi_restaurant,"Kikukawa, 3 Chome−9−6 シャンボール菊川"
甘者屋,1,bar,pub|bar_and_grill_restaurant,菊川2-18-12-101
天千代,1,japanese_restaurant,asian_restaurant|restaurant,東京都墨田区菊川３丁目１６−１８
菊川駅前店,1,fast_food_restaurant,,東京都墨田区菊川２－６－１１
味三,1,restaurant,japanese_restaurant,東京都墨田区菊川２丁目６−１４
モーリー,1,bar,wine_bar|italian_restaurant,立川3丁目1-2
ねぎぶた翔,1,japanese_restaurant,restaurant,菊川3丁目21-11
とのや,1,japanese_restaurant,restaurant|asian_restaurant,2 Chome-14-2 Sumiyoshi
ラトリエ,1,restaurant,,江東区住吉1 19-1
きぐら茶屋,1,japanese_restaurant,restaurant|asian_restaurant,東京都江東区住吉２丁目１７−１１
くつろぎ家,1,japanese_restaurant,,住吉2-9-3 大光ビル1F
杏の里,1,japanese_restaurant,restaurant,住吉2丁目23-5
三代目藤村商店,1,japanese_restaurant,asian_restaurant,住吉2丁目24-6
ここ天,1,japanese_restaurant,restaurant|diner,住吉2丁目7-9
サッポロ一番,1,japanese_restaurant,asian_restaurant,住吉2丁目10-12
grandpa’s HOMME,1,cafeteria,,15-13 住吉1丁目
なずな,1,japanese_restaurant,desserts,住吉1丁目11-4
la_telier_sumiyoshi,1,restaurant,,住吉1-19-1 ツインタワー住利　住吉館109
杉の子,1,japanese_restaurant,restaurant|bar,東京都江東区住吉１丁目１４−１３
三ツ星村,1,restaurant,cafe|bar,住吉2丁目24-15
西大島 まるし,1,restaurant,,
風の音,1,bar,restaurant|fast_food_restaurant,大島1丁目30-4
BUZZ HOUSE,1,bar,pub|arts_and_entertainment,大島1丁目30-4
あつん家,1,bar,japanese_restaurant,大島3丁目14-10
オダヅモッコ,1,bar,japanese_restaurant|restaurant,大島3丁目14-10
梅乃,1,japanese_restaurant,asian_restaurant|restaurant,大島2丁目38-16
文軒舎,1,japanese_restaurant,eat_and_drink|restaurant,大島2丁目18-17
たま家,1,japanese_restaurant,restaurant,大島2丁目38-10
こん平,1,bar,japanese_restaurant|sake_bar,大島2丁目38-9
岩ちゃん,1,japanese_restaurant,restaurant|bar,大島3丁目27-1
喜望峯,1,asian_restaurant,restaurant|chinese_restaurant,東京都江東区大島２丁目３５−１０
丸玉園,1,japanese_restaurant,restaurant,2 Chome-35-8 Ojima
おかや,1,japanese_restaurant,sushi_restaurant|restaurant,大島2丁目35-8
伊勢屋大島五の橋店,1,restaurant,japanese_restaurant|asian_restaurant,東京都江東区大島２丁目３２−１３
Base Camp Tokyo Kinshicho,1,japanese_restaurant,,2 Chome-10-12 Mori
かくかくしかじか,1,japanese_restaurant,restaurant|barbecue_restaurant,毛利1丁目15-2
ボーケン,1,restaurant,bar|accommodation,
たなべ衛,1,restaurant,bar|sake_bar,毛利1丁目11-13
ひげの平山,1,japanese_restaurant,restaurant,毛利1丁目9-5
SUNPEDAL,1,vegan_restaurant,,立川4-13-9
太郎茶屋,1,japanese_restaurant,cafe|coffee_shop,立川3丁目10-8
味味,1,japanese_restaurant,sushi_restaurant|chinese_restaurant,緑3丁目4-2
グリーン,1,restaurant,cafe,緑4丁目6-1
す吾六,1,japanese_restaurant,asian_restaurant|restaurant,緑4丁目9-1
生駒,1,restaurant,japanese_restaurant,緑4丁目30-9
南山手弐番館,1,bar,museum|hotel,東京都墨田区緑４丁目２４−２０
よりみち屋錦糸町店,1,japanese_restaurant,restaurant|asian_restaurant,江東橋1丁目11-8
七杯,1,bar,restaurant|japanese_restaurant,"Kotobashi, 2 Chome−10−6 ２F"
GINSAI Luce,1,japanese_restaurant,restaurant|diner,江東橋1丁目11-8
四季百選,1,japanese_restaurant,,江東橋2-18-7
串小屋,1,japanese_restaurant,asian_restaurant|restaurant,江東橋2丁目14-1
たかし屋 錦糸町店,1,japanese_restaurant,,"Kotobashi, 2 Chome−16−9 藤岡ビル 1F"
キッチン藤,1,restaurant,japanese_restaurant,江東橋3丁目12-8
RIKIYA,1,japanese_restaurant,restaurant|bar,江東橋4丁目26-17
Ryuduki,1,restaurant,french_restaurant|asian_restaurant,"Kotobashi, 4 Chome−25−5 鈴木ビル 6F"
Zaku 39 Kinshicho,1,bar_and_grill_restaurant,restaurant|bar,4 Chome-21-6 Kotobashi
駒正,1,asian_restaurant,restaurant|japanese_restaurant,東京都墨田区江東橋４丁目２１−６
おいてけ堀,1,bar,,4 Chome-17 Kotobashi
Coccoちゃん,1,bar,restaurant|pub,江東橋4丁目21-6
みこ,1,japanese_restaurant,restaurant,4 Chome-20-13 Kotobashi
焼いた,1,japanese_restaurant,bar|sake_bar,江東橋4丁目19-11
Amanogawa,1,japanese_restaurant,indian_restaurant|sushi_restaurant,江東橋4丁目20-4 
Matsunoya,1,japanese_restaurant,restaurant|asian_restaurant,"1F, 3 Chome-9-15 第3 Kotobashi"
くししき,1,japanese_restaurant,,江東橋3-9-15
29house,1,bar_and_grill_restaurant,bar|japanese_restaurant,
涌谷,1,restaurant,,錦糸2丁目3-2 
シベリア,1,restaurant,indian_restaurant|eastern_european_restaurant,江東橋4丁目18-1
錦糸町 三代目入江,1,japanese_restaurant,restaurant|diner,4 Chome-18-8 Kotobashi
多じ万,1,japanese_restaurant,restaurant|asian_restaurant,東京都墨田区江東橋４丁目１９−１１
忠兵衛,1,restaurant,japanese_restaurant,東京都墨田区江東橋４丁目１８−８
ワイド ビクトリー,1,bar,,江東橋3-5-2
勝手串花火錦糸町本店,1,japanese_restaurant,restaurant,江東橋4丁目12-5
パピーズ,1,bar,music_venue|restaurant,江東橋4丁目13-13
ロタティオン,1,bar,,江東橋3-5-8
タイフー,1,bar,dance_club|restaurant,江東橋3丁目5-10
とらちゃん,1,bar,,江東橋3丁目9-21
錦糸町炭火 成る,1,japanese_restaurant,,江東橋2-7-6
玉金,1,japanese_restaurant,restaurant|diner,江東橋2丁目8-1
零ZERO,1,japanese_restaurant,restaurant|bar,江東橋2丁目8-8
よろずや,1,japanese_restaurant,restaurant,江東橋2丁目6-9
Red Square,1,pub,bar|lounge,東京都墨田区江東橋３丁目５−１
Bambina,1,bar,european_restaurant|restaurant,江東橋2丁目6-14
ナイトライフ,1,bar,,江東橋2-6-13
Pluma Blanca,1,bar,landmark_and_historical_building|karaoke,"Kotobashi, 2 Chome−6−14 エスカイア錦糸町プラザ 3F"
Zousan,1,bar,restaurant|japanese_restaurant,江東橋2丁目6-14
きんちゃん家錦糸町店,1,japanese_restaurant,diner|restaurant,江東橋3丁目1-5
Kinshicho Em,1,bar,,"1f, 4 Chome-6-15 Kotobashi"
錦糸町 リゾートキッチン Umagurui,1,restaurant,,江東橋3丁目3-8 タカヨビル B1F
Doubles,1,bar_and_grill_restaurant,restaurant|diner,江東橋3丁目2-2
もつ蒋,1,japanese_restaurant,restaurant|diner,3 Chome-2-2 Kotobashi
だいにんぐ ひなた,1,japanese_restaurant,bar|restaurant,江東橋4丁目9-4
丸中,1,japanese_restaurant,,江東橋4丁目9-1
もぐら,1,bar,,江東橋4-6-15
エーム เอม,1,bar,pub|beer_garden,
彩遊膳,1,japanese_restaurant,restaurant|eat_and_drink,"Kameido, 6 Chome−7−8 ホテルマイステイズ亀戸 p2"
錦糸町 遊庵,1,japanese_restaurant,restaurant,東京都墨田区太平４丁目１５−７
花道亀戸,1,japanese_restaurant,sushi_restaurant|bar,亀戸6丁目16-8
デリシャス,1,restaurant,indian_restaurant|asian_restaurant,亀戸6丁目10-8
株式会社いこいフーズ,1,bar,restaurant|pub,亀戸5-6-21
和おん,1,japanese_restaurant,cafe|coffee_shop,亀戸6丁目19-8
すえちゃんち,1,japanese_restaurant,restaurant,亀戸6丁目24-8
べ亭,1,japanese_restaurant,asian_restaurant,亀戸6丁目24-8
シャルルボイル,1,bar,restaurant|pub,亀戸6丁目22-10
いぐち式,1,bar,sake_bar,"Kameido, 6 Chome−24−8 ニューハウス亀戸 102"
味苑,1,japanese_restaurant,desserts|sushi_restaurant,東京都江東区亀戸１丁目３５−８
Kamenohe,1,japanese_restaurant,restaurant|bar,1 Chome-36-4 Kameido
どれ味亀戸店,1,japanese_restaurant,restaurant,亀戸1丁目36-4
花八,1,japanese_restaurant,restaurant|asian_restaurant,1 Chome-36-4 Kameido
まだら,1,bar,sake_bar|restaurant,亀戸1丁目39-1
crisp!‐くりすぷ‐,1,japanese_restaurant,restaurant|diner,6 Chome-26-5 Kameido
One,1,restaurant,bar|karaoke,亀戸6丁目26-5
かなで,1,restaurant,bar|pub,亀戸6丁目26-5
のの字,1,restaurant,bar|japanese_restaurant,6 Chome-26-5 Kameido
BooNies,1,diner,bar|bar_and_grill_restaurant,亀戸6丁目28-5
みちくさ,1,bar,,亀戸6丁目23-2 エリア: 亀戸
侍亀戸店,1,restaurant,,亀戸6丁目57-22 サンポウビル2F
ヒナイスタンド亀戸店,1,restaurant,,kameido6-61-5
ほぺった,1,restaurant,,亀戸1丁目40-6 アズ亀戸ビル1F
ふじかつ,1,bar,restaurant|eat_and_drink,亀戸6丁目60-4
いなたや,1,japanese_restaurant,,亀戸5-1-1
奥のほそみち,1,bar,restaurant|japanese_restaurant,亀戸2丁目20-2
黄金の華,1,asian_restaurant,restaurant|diner,亀戸5丁目1-1
Kashunan Kamedo,1,restaurant,fast_food_restaurant,
玄海亀戸店,1,japanese_restaurant,asian_restaurant|restaurant,亀戸5丁目1-1
三代目 まる天,1,japanese_restaurant,sushi_restaurant|restaurant,亀戸5丁目33-12
Sanzenri,1,japanese_restaurant,restaurant|asian_restaurant,"Kameido, 5 Chome−4−3 三京ビル"
亀戸いこい,1,restaurant,japanese_restaurant,亀戸5-6-21 UIW9ビルB1
文鳥,1,japanese_restaurant,restaurant,亀戸2丁目23-10
琴ケ梅,1,japanese_restaurant,restaurant|asian_restaurant,錦糸3丁目4-4
ひょっとこ しま,1,japanese_restaurant,restaurant|asian_restaurant,東京都墨田区錦糸３丁目５−１０
鉄板焼園,1,japanese_restaurant,restaurant,錦糸3丁目5-7
サンタウエスト 錦糸町,1,bar,,錦糸3-8-8
井のなか,1,japanese_restaurant,restaurant|bar,錦糸2丁目5-2
きっちん 浜家,1,japanese_restaurant,restaurant|asian_restaurant,錦糸1丁目8-12
尾長屋錦糸町店,1,japanese_restaurant,restaurant|desserts,錦糸 1-8-2
安芸の膳,1,japanese_restaurant,restaurant,錦糸1丁目4-6
牛若,1,japanese_restaurant,asian_restaurant|restaurant,錦糸2丁目4-3
はし臓,1,restaurant,asian_restaurant|diner,錦糸2丁目4-11
串楽,1,japanese_restaurant,restaurant,錦糸2丁目3-9
プティベール,1,japanese_restaurant,restaurant|diner,錦糸2丁目6-10
シラツユ,1,japanese_restaurant,restaurant,錦糸4丁目1-7
Toki,1,japanese_restaurant,asian_restaurant|restaurant,"Kinshi, 3 Chome−2−1 アルカイーストB1"
寿ぶき,1,japanese_restaurant,sake_bar|bar,錦糸4丁目14-2
源亀,1,japanese_restaurant,,錦糸4-14-9
Roku no TaRazu,1,japanese_restaurant,asian_restaurant|restaurant,"Kinshi, 4 Chome−6−7 万正オンダビル 2F"
デリカップ,1,restaurant,cafe|coffee_shop,東京都墨田区錦糸４丁目１３−６
Ienomi Stand Biyori,1,restaurant,european_restaurant|gastropub,"Kinshi, 4 Chome−12−6 1階"
タコラバンバ,1,bar,sake_bar|cocktail_bar,錦糸4丁目3-3
フォート,1,restaurant,coffee_shop,"Kinshi, 4 Chome−5−2 司ビル"
Onakanomikata,1,japanese_restaurant,restaurant,4 Chome-1-8 Kinshi
もり一,1,japanese_restaurant,sushi_restaurant,錦糸1丁目2-47
ディッシャーズ錦糸町楽天地ビル店,1,japanese_restaurant,restaurant,"Kotobashi, 4 Chome−27−14 楽天地ビル 1F"
北海道キッチンYoshimi,1,japanese_restaurant,restaurant,東京都墨田区江東橋４丁目２７−１４
米助 錦糸町店,1,japanese_restaurant,restaurant,"Kotobashi, 4 Chome−28−2 1F"
楽市錦糸町店,1,bar,,江東橋4丁目27-14
白樺錦糸町テルミナ店,1,japanese_restaurant,,江東橋3-14-5
えびず錦糸町,1,restaurant,,江東橋2-19-1 テルミナ3 2F
てんまい,1,japanese_restaurant,restaurant|diner,江東橋3丁目13-6
手造り 丸源,1,japanese_restaurant,bar|asian_restaurant,江東橋3丁目12-6
トサカモミジ,1,bar,restaurant|sake_bar,江東橋3丁目12-3
鉄板職人,1,japanese_restaurant,restaurant,江東橋3丁目12-5
くっちぃーな,1,restaurant,asian_restaurant|japanese_restaurant,錦糸町
海賊,1,japanese_restaurant,restaurant|diner,江東橋3丁目11-2
とう庵錦糸町店,1,restaurant,bar|eat_and_drink,江東橋3丁目11-3
KAMAKURA,1,japanese_restaurant,restaurant,"Kotobashi, 3 Chome−11−3 ソシアル錦糸町ビル b1"
D1,1,bar,restaurant|diner,東京都墨田区江東橋３丁目１１−９
カドウシ,1,pub,barbecue_restaurant|restaurant,江東橋2丁目18-6
Cayu des Rois,1,japanese_restaurant,restaurant|asian_restaurant,亀沢4丁目17-17
欄久,1,restaurant,eat_and_drink|japanese_restaurant,4 Chome-22-16 Kamezawa
石橋,1,japanese_restaurant,restaurant|asian_restaurant,亀沢2丁目21-9
Anchor Ryogoku Riverside,1,restaurant,,横網1丁目2-13
両国酔歩,1,bar,,横綱1丁目3-20
門前茶屋成る口,1,bar,restaurant|japanese_restaurant,
両国テラス,1,bar,restaurant,横網1丁目3-20
地球屋,1,restaurant,,東京都墨田区亀沢1-3-8
ORI TOKYO,1,restaurant,cafe|coffee_shop,亀沢1丁目3-7
Offin,1,bar,professional_services,"Midori, 1 Chome−24−12 1F"
胡座,1,japanese_restaurant,restaurant|diner,両国4丁目35-1
千代福,1,restaurant,japanese_restaurant,東京都墨田区緑１丁目１８−１
両国TAIKO,1,japanese_restaurant,bar|restaurant,"Ryogoku, 4 Chome−19−7 1F"
わとん,1,japanese_restaurant,bar|restaurant,両国4丁目30-17
喜楽や,1,japanese_restaurant,restaurant|asian_restaurant,4 Chome-20-5 Ryogoku
両国 ももじ,1,japanese_restaurant,eat_and_drink|restaurant,東京都墨田区緑一丁目
かりや,1,japanese_restaurant,restaurant|asian_restaurant,両国1丁目9-8
中じま,1,japanese_restaurant,restaurant|asian_restaurant,両国2丁目16-1
ペア南海,1,japanese_restaurant,restaurant|diner,両国2丁目14-8
欽福,1,japanese_restaurant,sushi_restaurant,両国2丁目12-3
made in 信州,1,restaurant,vegetarian_restaurant|cafe,両国2丁目14-5
うえだ,1,japanese_restaurant,restaurant,両国2丁目18-2
ゆず,1,japanese_restaurant,restaurant|diner,両国2丁目17-10
d collection,1,bar,japanese_restaurant|restaurant,"Ryogoku, 4 Chome−32−16 両国プラザビル １Ｆ"
両國,1,japanese_restaurant,restaurant,両国4丁目32-3
Melting Pot,1,fast_food_restaurant,restaurant,両国 3-21-10
ニュー加賀屋両国店,1,japanese_restaurant,restaurant|asian_restaurant,両国3丁目21-6
コンロ家,1,japanese_restaurant,restaurant|diner,両国3丁目21-8
元気亭,1,vegetarian_restaurant,health_food_restaurant|japanese_restaurant,両国3丁目24-10
友路,1,japanese_restaurant,restaurant|asian_restaurant,両国3丁目24-4
雪だるま 両国部屋,1,japanese_restaurant,restaurant,
神田山,1,bar,restaurant|japanese_restaurant,両国3丁目24-5
アケボノヤ 両国店,1,japanese_restaurant,restaurant|bar,両国3丁目23-9
まるさだ,1,restaurant,japanese_restaurant,東京都墨田区両国3丁目23-11
とんこう,1,food_and_drink,japanese_restaurant,
文珠,1,japanese_restaurant,restaurant,
豚竜,1,japanese_restaurant,asian_restaurant|restaurant,両国4丁目37-2
ミモズキッチン,1,comfort_food_restaurant,,両国4-37-13
かくや 両国店,1,restaurant,japanese_restaurant|noodles_restaurant,横網1丁目3-1
いちかつ,1,japanese_restaurant,restaurant,横網1丁目3-4
両国屋,1,japanese_restaurant,restaurant,横網1丁目3-12
両国 ととがなし,1,japanese_restaurant,restaurant|bar,横網1丁目3-7
ちぎら,1,restaurant,bar|japanese_restaurant,東京都墨田区両国1丁目18-3
両国駅西口店,1,fast_food_restaurant,,東京都墨田区両国２－１３－６
大銀杏,1,japanese_restaurant,,両国2丁目19-1 両国ビューホテル
井筒屋,1,theme_restaurant,restaurant,柳橋1丁目2-3
ベア,1,japanese_restaurant,restaurant|diner,日本橋馬喰町2丁目5-7
東日本橋かどわき,1,bar,japanese_restaurant|restaurant,東日本橋2丁目17-3
丸文,1,japanese_restaurant,asian_restaurant|restaurant,東神田1丁目15-1
佐原屋,1,japanese_restaurant,restaurant|seafood_restaurant,東京都千代田区東神田１丁目１４−１４
馬喰町 Art+Eat,1,diner,art_gallery|cafe,東神田1丁目2-11
はしや,1,japanese_restaurant,restaurant|diner,岩本町1丁目14-3
四代目庄次平,1,japanese_restaurant,asian_restaurant|restaurant,岩本町2丁目17-4
小山商店,1,bar,diner,2 Chome-13-9 Iwamotochō
もみや,1,bar,restaurant|japanese_restaurant,岩本町3丁目3-13
京久家,1,bar,sake_bar|japanese_restaurant,岩本町3丁目3-13
星家,1,japanese_restaurant,,"Iwamotochō, 2 Chome−16−9 大和橋ビル"
はなび 東神田店,1,japanese_restaurant,restaurant|diner,東神田2丁目10-14
はなび東神田はなれ,1,japanese_restaurant,restaurant|diner,"Higashikanda, 2 Chome−6−9 Daiwaプレイス 2 1階"
The Barba Tokyo Meat Meet,1,restaurant,diner,"Iwamotochō, 3 Chome−5−8 1F"
みのがさ 本店,1,japanese_restaurant,restaurant,岩本町3丁目10-5
味いちばん,1,food_truck_stand,japanese_restaurant,東京都千代田区岩本町３丁目１０−９
永山本店,1,japanese_restaurant,,神田岩本町1-13
あべにう,1,japanese_restaurant,seafood_restaurant|restaurant,東京都千代田区神田佐久間河岸８２−５
スワイク,1,restaurant,bar|gastropub,東神田2-7-4ダイアパレス104
Antcicada,1,restaurant,theme_restaurant|molecular_gastronomy_restaurant,日本橋馬喰町2丁目4-6
熊公,1,japanese_restaurant,noodles_restaurant|restaurant,日本橋馬喰町2丁目5-11
浅草橋三浦屋,1,bar,,浅草橋1丁目1-10
えり瀬,1,japanese_restaurant,restaurant,柳橋1丁目3-7
玉椿,1,japanese_restaurant,restaurant,東京都台東区柳橋１丁目６−１
月の井,1,japanese_restaurant,asian_restaurant|restaurant,1 Chome-5-8 Yanagibashi
麺酒房福林,1,japanese_restaurant,bar,柳橋1丁目13-1
肉屋のMusashi,1,restaurant,bar|butcher_shop,柳橋1丁目13-4
福籠,1,japanese_restaurant,restaurant,柳橋1丁目13-4
ぶたいちろう,1,japanese_restaurant,restaurant|diner,1 Chome-9-9 Asakusabashi
Stone,1,japanese_restaurant,restaurant|asian_restaurant,1 Chome-10-12 Asakusabashi
四国のげんさん,1,japanese_restaurant,restaurant|bar,浅草橋1丁目10-7
藤芳駅前店,1,japanese_restaurant,,浅草橋1丁目11-4
ポアル館,1,bar,restaurant|japanese_restaurant,浅草橋1丁目12-8
TRENTA,1,bar,restaurant|italian_restaurant,浅草橋1丁目11-3
浅草橋雪柳,1,japanese_restaurant,restaurant|asian_restaurant,"Asakusabashi, 1 Chome−11−3 小柳ビル"
GANGA,1,japanese_restaurant,,浅草橋1-10-5
浅草橋カミヤ,1,japanese_restaurant,bar|cafe,東京都台東区浅草橋１丁目７−１
七味や,1,japanese_restaurant,restaurant|asian_restaurant,"Asakusabashi, 1 Chome−7−3 リヴァージュ浅草橋 1F"
鈴幸,1,japanese_restaurant,restaurant|asian_restaurant,東神田3丁目6-11
浅草橋 三定,1,japanese_restaurant,,浅草橋1-13-6
たのや,1,japanese_restaurant,restaurant|sushi_restaurant,浅草橋1丁目13-8
ふじ芳,1,japanese_restaurant,restaurant|asian_restaurant,浅草橋4丁目1-2
ロ‐65,1,restaurant,,浅草橋4-1-6
ハル・ボウズ,1,restaurant,bakery,浅草橋1丁目28-1
Choi,1,japanese_restaurant,bar|restaurant,浅草橋1丁目29-3
ロコ・ムーン,1,restaurant,japanese_restaurant|korean_restaurant,浅草橋1丁目19-4
Beads diner,1,restaurant,,浅草橋1-19-10
竹仙,1,comfort_food_restaurant,bar,台東区浅草橋1-20-2
気まぐれキッチン石橋,1,restaurant,bar_and_grill_restaurant|asian_restaurant,東京都台東区浅草橋１丁目２０−１
あらいばる,1,japanese_restaurant,restaurant,浅草橋1丁目20-1
赤文字,1,japanese_restaurant,restaurant,浅草橋1丁目16
幸貴,1,japanese_restaurant,restaurant,浅草橋1丁目16-8
食力 浅草橋店,1,japanese_restaurant,restaurant,1 Chome-11-5 Asakusabashi
浅草橋 Style,1,bar,japanese_restaurant|diner,浅草橋1-10-10S.style2F
Chicken Place,1,japanese_restaurant,chicken_restaurant|restaurant,1 Chome-24-6 Yanagibashi
赤兎,1,japanese_restaurant,asian_restaurant|restaurant,1 Chome-24-5 Yanagibashi
リオ,1,pub,bar|restaurant,"Yanagibashi, 1 Chome−23−23 田中ビル"
浅草橋 串衛門,1,japanese_restaurant,restaurant,"Yanagibashi, 1 Chome−23−3 田中 ビル B1"
東京テラス,1,restaurant,bar_and_grill_restaurant|diner,"Asakusabashi, 1 Chome−29−1 ソリューション浅草橋 4F"
Kuhns,1,bar,restaurant|japanese_restaurant,浅草橋1丁目29-11
Uchinomi,1,japanese_restaurant,restaurant|bar,1 Chome-31-4 Asakusabashi
びんてじ,1,japanese_restaurant,restaurant|bar,"Asakusabashi, 1 Chome−31−4 大原第三ビル 1F"
大樹,1,japanese_restaurant,restaurant|bar,浅草橋1丁目31-1
家酔道,1,bar,restaurant|barbecue_restaurant,柳橋1丁目32-4
Little Yummy,1,japanese_restaurant,restaurant|diner,"Yanagibashi, 2 Chome−3−2 エスポワール浅草橋 １階"
歩 ゚里,1,japanese_restaurant,sushi_restaurant|bar,2 Chome-3-8 Yanagibashi
浅草橋鉄板焼夕煙,1,japanese_restaurant,,浅草橋1丁目33-5
Classical,1,restaurant,bar,浅草橋1-26-1
みなと亭,1,food_and_drink,chinese_restaurant|restaurant,東京都台東区浅草橋４丁目１２−６
Hassen Akihabara,1,japanese_restaurant,restaurant,"Kanda Sakumacho, 3 Chome−28 星野ビル １F"
天神屋,1,japanese_restaurant,restaurant,神田佐久間町3-28
串どころ 摸糊奈,1,japanese_restaurant,restaurant|diner,神田佐久間町2-12
円らく秋葉荘,1,japanese_restaurant,restaurant|accommodation,東京都千代田区神田佐久間町２丁目１２
模糊奈,1,japanese_restaurant,,神田佐久間町2-12
なおじん,1,japanese_restaurant,bar|asian_restaurant,神田佐久間町2丁目8
杉のあかり,1,japanese_restaurant,restaurant|asian_restaurant,神田平河町1-1
めり乃,1,japanese_restaurant,restaurant,神田佐久間町2-11
やまの,1,japanese_restaurant,barbecue_restaurant|restaurant,神田佐久間町1丁目21
極楽家,1,japanese_restaurant,eat_and_drink,神田佐久間町1-21
Restaurant Local,1,restaurant,,2 Chome Kanda Sakumacho
Beef Kitchen Stand,1,bar,gastropub|japanese_restaurant,神田佐久間町2丁目13-20
秋しの,1,japanese_restaurant,restaurant|seafood_restaurant,神田佐久間町3丁目37
焼庵 33番地,1,japanese_restaurant,restaurant,神田佐久間町3-33
つつみ,1,restaurant,japanese_restaurant,神田佐久間町2丁目25
田うち,1,japanese_restaurant,asian_restaurant|restaurant,2 Chome-13-27 Kanda Sakumacho
シュシュ秋葉原店,1,bar,dance_club|pub,神田佐久間町2丁目17
梅もと 秋葉原店,1,japanese_restaurant,asian_restaurant|noodles_restaurant,神田佐久間町1丁目25K.Tビル
Budoya,1,japanese_restaurant,restaurant|asian_restaurant,"Kanda Sakumacho, 2 Chome−18 森本ビル 2F"
職人,1,restaurant,diner,神田佐久間町1-25
シンガリ,1,bar,restaurant,神田佐久間町2-22
殿,1,bar,restaurant|japanese_restaurant,神田佐久間町2-22
日常茶飯事 いづみ,1,japanese_restaurant,cafe|restaurant,東京都千代田区神田和泉町１−１−１５
プリンス&プリンセス,1,restaurant,,1-7-1 アクアシティお台場 6F
ヤミツキヤ,1,restaurant,japanese_restaurant,恵比寿西1-13-3 ROOB6 3階
ミートガーデン,1,japanese_restaurant,steakhouse|restaurant,3 Chome-29 Kanda Sakumacho
もてなしくろ喜,1,japanese_restaurant,sushi_restaurant|asian_restaurant,神田和泉町2-15
克賢,1,japanese_restaurant,restaurant|diner,浅草橋5丁目5-1
あきの店,1,bar,restaurant,神田和泉町1丁目8-14
JB Halal Food,1,halal_restaurant,grocery_store|restaurant," 1-10-4 Hiyakunin Cho,"
はつくら,1,asian_restaurant,restaurant|bar,神田和泉町1丁目7-10
つなぎ庵,1,japanese_restaurant,,東京都千代田区神田和泉町１−７−１０
俵や,1,bar,public_service_and_government|hotel,東京都千代田区神田和泉町１−７−４
Krun117,1,japanese_restaurant,restaurant|bar,神田和泉町1丁目1-7
Tamayose(たまよせ)- 東急プラザ渋谷店,1,japanese_restaurant,bar,道玄坂1-2-3 東急プラザ2階
武膳 ヴィーナスフォート店,1,japanese_restaurant,bar,"1-3-15Venusfort3F,aoumi"
郷味,1,japanese_restaurant,restaurant|sake_bar,"Kanda Izumicho, １−4-1 カーサビアンカ １階"
Daylacittaデイラチッタ,1,restaurant,,東京都千代田区神田和泉町１−９−１
きんぼし,1,bar,restaurant|japanese_restaurant,神田和泉町1丁目10-1
えび一,1,japanese_restaurant,restaurant|bar,"Bldg New Meiji, 1-9-3 Kanda Izumicho"
潮音,1,bar,japanese_restaurant|restaurant,神田松永町17-3
Lunker,1,restaurant,italian_restaurant,1 Chome-7-6 Taito
卍力 秋葉原,1,theme_restaurant,,
やすらぎ処 久(ひさ),1,japanese_restaurant,asian_restaurant|restaurant,1 Chome-12-11 Taito
カリカリ,1,japanese_restaurant,restaurant|cafe,台東1丁目14-11
川一,1,japanese_restaurant,restaurant|diner,台東1丁目2-7
Nobu,1,japanese_restaurant,bar|sake_bar,台東1丁目3-6
蘭ちゃん,1,asian_restaurant,restaurant|diner,台東1丁目19-12
あんばいや,1,japanese_restaurant,asian_restaurant|restaurant,浅草橋5丁目14-5
肉の大和,1,japanese_restaurant,,5 Chome-15-6 Asakusabashi
一新亭,1,japanese_restaurant,restaurant|diner,浅草橋3丁目12-6
めし いわきTV,1,bar,,浅草橋3丁目7-1 浅草橋ビル 2F
わかき,1,japanese_restaurant,restaurant|diner,浅草橋3丁目28-13
夜更けの人々,1,pub,bar|restaurant,浅草橋3丁目24-7
ヤネウラ,1,restaurant,diner,蔵前1丁目5-8
チキンプレイス 蔵前店,1,japanese_restaurant,bar|restaurant,柳橋2丁目15-5
いしくら家,1,restaurant,japanese_restaurant|asian_restaurant,浅草橋2丁目27-10
多奈可家,1,restaurant,japanese_restaurant|eat_and_drink,浅草橋2丁目5-2
味加久,1,bar,,浅草橋2丁目5-3 エリア: 浅草橋
ろく月,1,japanese_restaurant,restaurant|diner,浅草橋2丁目4-5
幅田屋,1,japanese_restaurant,asian_restaurant|restaurant,石原1丁目16-2
こむぎや,1,japanese_restaurant,restaurant,石原1丁目23-5
あづま家,1,japanese_restaurant,asian_restaurant,3 Chome-18-1 Ishiwara
ペーパームーン,1,bar,restaurant|asian_restaurant,東京都墨田区石原２丁目１８−７
豆源郷,1,japanese_restaurant,shopping|sushi_restaurant,東京都墨田区石原３丁目２９−１
滝乃屋,1,japanese_restaurant,asian_restaurant|restaurant,東京都墨田区石原１丁目２８−４
うえき,1,japanese_restaurant,restaurant|sushi_restaurant,横網2丁目10-6
ブリス,1,bar,japanese_restaurant|restaurant,2 Chome-2-6 Kuramae
竹若,1,japanese_restaurant,sake_bar|restaurant,東京都墨田区本所２丁目１０−６
ケット,1,bar,restaurant,2 Chome-14-11 Honjo
きまま,1,japanese_restaurant,asian_restaurant|bar,東京都墨田区本所１丁目３４−１１
フシヤン亭,1,japanese_restaurant,restaurant|sushi_restaurant,
烏 Karasu,1,restaurant,professional_services|bar,蔵前2-5-4
松紀,1,bar,restaurant|japanese_restaurant,蔵前3丁目4-3
元楽フードサービス,1,japanese_restaurant,restaurant,蔵前2丁目7-5
Nob's,1,bar,japanese_restaurant,1 Chome-10-3 Misuji
架 Kakeru,1,japanese_restaurant,,鳥越2-13-15
Sugiei,1,restaurant,noodles_restaurant|asian_restaurant,3 Chome-34-8 Asakusabashi
鳥越 まめぞ,1,japanese_restaurant,bar|restaurant,鳥越1丁目1-5
港家,1,japanese_restaurant,restaurant,東京都台東区鳥越１丁目１５−１
いちがいもん,1,japanese_restaurant,bar|eat_and_drink,1 Chome-14-1 Torigoe
味農家,1,vegetarian_restaurant,japanese_restaurant|restaurant,鳥越1丁目5-5
佳照庵,1,restaurant,,台東2-3-7
みのがさ蔵前橋通り店,1,japanese_restaurant,asian_restaurant|restaurant,台東1丁目36-6
秋葉原 蔵よし,1,bar,,
キッチンさゆ,1,restaurant,fast_food_restaurant,浅草橋5丁目22-3
野むら,1,japanese_restaurant,restaurant|diner,浅草橋5丁目20-8
満瑠賀,1,japanese_restaurant,restaurant,台東1丁目26-6
チキンプレイス 秋葉原店,1,japanese_restaurant,bar,台東1丁目31-9
ウミのチカラ,1,japanese_restaurant,fast_food_restaurant,台東1丁目32-6
たまねぎ本舗 さすらい屋,1,japanese_restaurant,,台東2-5-3
さくらスタイル,1,japanese_restaurant,bar,"Taito, 2 Chome−3−7 日興パレス秋葉原 102"
太幸結,1,restaurant,japanese_restaurant|comfort_food_restaurant,台東2丁目10-9
富白,1,japanese_restaurant,restaurant,東京都台東区台東３丁目１４−１０
おかちまちレスト,1,restaurant,asian_restaurant|eat_and_drink,東京都台東区台東3-14-6大黒ビル１階
フェット ドゥ ヴァン,1,restaurant,japanese_restaurant|bar,台東3丁目16-4
かめや御徒町店,1,japanese_restaurant,restaurant,台東3丁目41-4
はやし亭,1,japanese_restaurant,noodles_restaurant|restaurant,台東3丁目25-1
粋酔,1,japanese_restaurant,restaurant|bar,台東3丁目24-3
日向酒,1,restaurant,,東京都台東区三筋2-4-2
蔵前いせや,1,japanese_restaurant,restaurant,蔵前4丁目37-9
ミスジ,1,japanese_restaurant,sushi_restaurant|restaurant,東京都台東区三筋２丁目２４−１０
Okachi 20,1,japanese_restaurant,restaurant|bar,"Misuji, 2 Chome−20−8 ツルヤビル １階"
鶯谷 七面鳥,1,restaurant,diner,1
Downtown Kitchen,1,restaurant,diner|japanese_restaurant,4 Chome-23-4 Taito
松井商店,1,bar,liquor_store|shopping,台東4丁目6-7
くら鳥,1,japanese_restaurant,restaurant,4 Chome-6-1 Taito
HOOK,1,bar,restaurant|asian_restaurant,台東3丁目42-2
NEO TOKYO,1,bar,lounge,東京都台東区上野５丁目１６−９
吉仙,1,japanese_restaurant,restaurant|diner,台東4丁目8-5
こんごう庵御徒町店,1,japanese_restaurant,restaurant,上野5丁目22-4
やひこ,1,japanese_restaurant,asian_restaurant|restaurant,台東4丁目11-1
カナルクラブ,1,restaurant,automotive_repair,東京都台東区上野５丁目２５−１
房家 上野六丁目店 ボウヤ,1,japanese_restaurant,,
旬菜圭,1,japanese_restaurant,restaurant|seafood_restaurant,台東4丁目19-15
てっち屋,1,japanese_restaurant,,"Taito, 4 Chome−19−15 泰平ビル 1F"
ザ ハーブス アンド スパイシーズ 上野御徒町,1,restaurant,,東上野1丁目8-3
樹下夢,1,japanese_restaurant,chinese_restaurant|asian_restaurant,東上野1丁目4-1
フォンテ,1,restaurant,wholesale_store|italian_restaurant,東上野3-16-2ベンスビル5階
Core Do宮崎,1,japanese_restaurant,restaurant|asian_restaurant,東京都台東区東上野１丁目６−８
和楽庵 はなれ,1,japanese_restaurant,restaurant,"Taito, 4 Chome−31−6 松田ビル １階"
仲御徒町店,1,fast_food_restaurant,,東京都台東区台東４－３３－１クロスポイント御徒町１Ｆ
えんや,1,japanese_restaurant,,"Ueno, 5 Chome−25−8 御徒町グランディアビル 3階"
Hitch x Kakeru,1,pub,gastropub|bar,"2F, 6 Chome-2-2 Ueno"
心洗庵,1,japanese_restaurant,restaurant,上野6丁目1-6
あいだや,1,japanese_restaurant,,上野6-1-6御徒町グリーンハイツ101B
カナピナ,1,japanese_restaurant,restaurant|diner,東上野1丁目19-3
プティ ボヌール,1,restaurant,,台東区東上野1-15-1
山海亭上野,1,japanese_restaurant,asian_restaurant|restaurant,東上野1丁目17-6
和光,1,japanese_restaurant,barbecue_restaurant|asian_restaurant,上野6丁目3-6
好養軒,1,restaurant,japanese_restaurant|asian_restaurant,東京都台東区上野６丁目５−１
Bou-ya Uenorokuchometen,1,japanese_restaurant,asian_restaurant|restaurant,"Ueno, 6 Chome−6−6 小湊ビル 1~2F"
Luke,1,bar,,"Ueno, 6 Chome−9−1 内山ビル B1F"
御徒町とら八,1,japanese_restaurant,restaurant,上野6丁目8-2
マルミヤ亭上野店,1,japanese_restaurant,korean_restaurant,"Ueno, 6 Chome−8−4 黒川ビル"
さかのうえ,1,bar,japanese_restaurant|barbecue_restaurant,上野6丁目8-4
Casual Restaurant ONE,1,restaurant,japanese_restaurant,上野6丁目9-23
えんぱち,1,japanese_restaurant,restaurant,6 Chome-9-22 Ueno
あいちゃん,1,bar,restaurant|asian_restaurant,上野6丁目9-23
肉の梁川,1,restaurant,korean_restaurant,2 Chome-15-4 Higashiueno
鳥乃壱 上野本店,1,restaurant,,東京都台東区東上野2-15-8
Pa Pa 88,1,restaurant,,東上野2丁目13-2 クリアル上野
章力,1,japanese_restaurant,restaurant|sushi_restaurant,東上野2丁目11-1
二羽,1,chicken_wings_restaurant,,東上野2-2-8
博多 からくさや,1,restaurant,chinese_restaurant|japanese_restaurant,東上野2丁目5-16
鶏ジロー東上野,1,bar,chicken_restaurant|beer_garden,
寺町二条,1,japanese_restaurant,restaurant|asian_restaurant,東上野2丁目2-4
株式会社 zans,1,bar,restaurant,〒110-0015 東京都台東区東上野1-25-12 熊切ビル1F
稲廼屋,1,japanese_restaurant,restaurant|asian_restaurant,元浅草3丁目18-10
芳屋,1,food_and_drink,food_beverage_service_distribution|bakery,1
京都あやむや,1,japanese_restaurant,chicken_restaurant,東京都台東区元浅草３丁目１０−３
庭食柊,1,japanese_restaurant,restaurant|asian_restaurant,寿1丁目6-4
山乃家,1,japanese_restaurant,restaurant|diner,寿3丁目9-3
大嶋屋恩田,1,japanese_restaurant,,駒形2丁目6-6
味友伊勢龍,1,japanese_restaurant,shopping|restaurant,駒形1丁目5-6
有限会社 トライ,1,food_and_drink,restaurant,橋場2-11-10
浅草 ミクロ,1,bar,,"浅草ミクロ,森ビル1F,浅草3-31-9"
The One,1,bar,cafe,寿1丁目-19-8 AIFLAT浅草1F
ゆうこと渚,1,japanese_restaurant,,
Unspecified POI 101,1,restaurant,,"Kotobuki, 2 Chome−2−9 アゴーラ・プレイス浅草 1F"
浅草城下町,1,bar,restaurant,寿4丁目14-10
Asari 111,1,restaurant,asian_fusion_restaurant|japanese_restaurant,1 Chome-1-1 Kaminarimon
ことよん,1,japanese_restaurant,restaurant|bar,東京都台東区寿４丁目２−５
ノマンカクワンカ,1,restaurant,sake_bar|bar,東京都台東区寿４丁目１２−７
駒形町伊東屋,1,japanese_restaurant,restaurant|diner,東京都台東区駒形１丁目９−１
水もと,1,restaurant,japanese_restaurant|asian_restaurant,東京都墨田区吾妻橋１丁目７−５
ちゃんと亭,1,japanese_restaurant,sushi_restaurant|cafe,東駒形2丁目21-6
こんぶの岩崎,1,japanese_restaurant,restaurant|diner,1 Chome-4-3 Azumabashi
ジュジュ焼,1,japanese_restaurant,asian_restaurant,東駒形2丁目20-9
SoleiL-ソレイユ,1,bar,restaurant|bar_and_grill_restaurant,東駒形3-24-1
のろし,1,japanese_restaurant,bar|restaurant,東駒形1丁目11-10
ささのや,1,japanese_restaurant,restaurant|sushi_restaurant,駒形2丁目1-13
浅草ツリーハウス,1,restaurant,diner|bar,駒形2丁目1-13
マイネクライネ,1,restaurant,german_restaurant|bar,寿3丁目3-4
Living Za Garden,1,japanese_restaurant,asian_restaurant|restaurant,3 Chome-17-4 Kuramae
おいわ木,1,japanese_restaurant,asian_restaurant|restaurant,"Kotobuki, 3 Chome−6−14 オノビル"
ボン花火,1,japanese_restaurant,restaurant|bar,駒形2丁目1-7
吟しゃも,1,japanese_restaurant,sake_bar|restaurant,東京都台東区駒形２丁目３−４
今井総本店,1,japanese_restaurant,asian_restaurant|restaurant,蔵前4丁目23-1
スイートハート,1,restaurant,sake_bar|cafe,蔵前3丁目7-1
山やす,1,japanese_restaurant,restaurant|diner,蔵前3丁目6-8
リバヨン,1,bar,lounge,蔵前2丁目15-5
わくい亭,1,japanese_restaurant,bar|restaurant,本所3丁目22-12
十彩(といろ) 吾妻橋,1,restaurant,,吾妻橋2-2-4フェスティワンビル3Ｆ
テコ×テコ,1,japanese_restaurant,steakhouse,東京都墨田区横川５丁目５−２
枯朽,1,restaurant,,横川2丁目13-9
ホワイトロータス,1,bar,,業平3丁目4-12
克芳,1,japanese_restaurant,restaurant|diner,業平5丁目2-3
ちゃぁの家,1,japanese_restaurant,restaurant,"Narihira, 4 Chome−1−7 1F"
業平 仁,1,japanese_restaurant,restaurant,3 Chome-2-1 Narihira
峰屋,1,japanese_restaurant,restaurant|asian_restaurant,東駒形3丁目19-13
山介,1,japanese_restaurant,restaurant|bar,東駒形3丁目20-6
大東縁,1,japanese_restaurant,restaurant|diner,吾妻橋2丁目2-5
Kipposhi,1,restaurant,japanese_restaurant|theme_restaurant,本所吾妻橋3丁目1-17
ボヤージュ サイド,1,food_and_drink,,吾妻橋3-1-7-101
Chico,1,japanese_restaurant,restaurant|asian_restaurant,102 3 Chome-6-16 Azumabashi
おきまろ,1,bar,restaurant|cafe,東京都墨田区業平１丁目１８−４
なりひら,1,japanese_restaurant,restaurant|asian_restaurant,業平1丁目18-9
多か将,1,japanese_restaurant,bar|restaurant,"Narihira, 1 Chome−12−5 福助ビル １階"
ぜん波,1,japanese_restaurant,asian_restaurant|restaurant,業平1丁目12-4
北三,1,japanese_restaurant,chinese_restaurant,業平1丁目15-4
Kirakuen,1,japanese_restaurant,asian_restaurant,1 Chome-10-5 Narihira
江戸匠苑,1,japanese_restaurant,restaurant,業平2丁目19-3
海乃,1,restaurant,eat_and_drink,東京都墨田区業平１丁目８−９
ENRICH,1,restaurant,,業平4-15-9
押上よしかつ,1,japanese_restaurant,restaurant,業平5丁目10-2
Unchain Diner,1,diner,bar_and_grill_restaurant|beer_bar,"Narihira, 2 Chome−5−7 税理士会館ビル １F ※ラストオーダーは閉店時間の30分前となります。"
松ちゃん 東あずま店,1,restaurant,diner|comfort_food_restaurant,立花1丁目23-5
たちばな亭,1,restaurant,japanese_restaurant|asian_restaurant,東京都墨田区立花１丁目２３−２
ちんこい店まちこ,1,restaurant,bar,文花2丁目4-14
炭火炙garfden 卍風,1,restaurant,bar_and_grill_restaurant|diner,業平4-6-9
せん,1,restaurant,bar|eat_and_drink,亀戸4丁目36-6
たか田,1,japanese_restaurant,restaurant|asian_restaurant,亀戸3丁目48-3
山長,1,japanese_restaurant,,亀戸3-60-21
kadan,1,restaurant,japanese_restaurant|sushi_restaurant,3-chōme-4 Kameido
よねさん,1,japanese_restaurant,restaurant|bar,亀戸3丁目45-15
Saboo,1,japanese_restaurant,barbecue_restaurant|restaurant,"Yokokawa, 3 Chome−2−7 イーストビル錦糸町 Ⅲ1F"
Watanabe,1,japanese_restaurant,bar,"Yokokawa, 3 Chome−1−5 石野ビル 1F"
錦糸町高はし,1,japanese_restaurant,restaurant|asian_restaurant,太平3丁目2-1
エコー,1,restaurant,cafe|japanese_restaurant,横川2丁目7-11
三州家,1,japanese_restaurant,restaurant|asian_restaurant,4 Chome-17-3 Honjo
博ちゃん,1,japanese_restaurant,retail|shopping,3 Chome-3-5 Honjo
あかふじ,1,bar,restaurant|comfort_food_restaurant,本所3丁目3-5
晴天家,1,japanese_restaurant,,"Ishiwara, 3 Chome−29−9 明日香ビル 1F"
川勇,1,japanese_restaurant,restaurant,3 Chome-30-9 Ishiwara
在月,1,restaurant,sake_bar|japanese_restaurant,東京都墨田区太平３丁目１４−１
万事屋藤吉,1,japanese_restaurant,restaurant|diner,太平2丁目19-2
寿々キ,1,japanese_restaurant,asian_restaurant,東京都墨田区太平３丁目１８−８
那須乃,1,japanese_restaurant,restaurant,太平4丁目14-4
前山,1,japanese_restaurant,restaurant|asian_restaurant,太平4丁目17-14
UZU,1,japanese_restaurant,restaurant|bar,墨田区太平3丁目9-9
錦糸町オリナス店,1,fast_food_restaurant,,東京都墨田区太平４－１－５オリナスコアＢ１Ｆ
ニュー鳥平,1,japanese_restaurant,restaurant|diner,3 Chome-8-10 Taihei
アルデスト,1,japanese_restaurant,,太平3丁目8-3 ATビル1F101
Chibita,1,restaurant,bar|italian_restaurant,"Taihei, 1 Chome−22−1 Solana錦糸町 103"
だいにんぐ龍仙山,1,japanese_restaurant,chinese_restaurant|restaurant,"Taihei, 1 Chome−21−4 樫村ビル 1階"
なんでやねん,1,japanese_restaurant,asian_restaurant|restaurant,石原3丁目20-10
福井庵,1,restaurant,japanese_restaurant|antique_store,石原4丁目24-4
カーサ錦糸町,1,bar,,錦糸1丁目12-15 
くり家,1,japanese_restaurant,restaurant,錦糸1丁目12-2
鉄板料理研究倶楽部 錦糸町,1,japanese_restaurant,,
一喝錦糸町店,1,japanese_restaurant,restaurant,錦糸2丁目9-5
茂原,1,bar,restaurant|pub,錦糸2丁目10-7 
CAYU des ROIS,1,japanese_restaurant,,錦糸2-11-6
つか家,1,japanese_restaurant,restaurant|diner,錦糸2丁目12-9
坊々樹,1,japanese_restaurant,restaurant|asian_restaurant,"Kinshi, 3 Chome−11−1 ＫＯＷＡビル １階"
錦彩,1,japanese_restaurant,restaurant|asian_restaurant,錦糸2丁目12-2
かんつばき,1,japanese_restaurant,restaurant|asian_restaurant,"Taihei, 2 Chome−1−3 川島ビル"
琴,1,japanese_restaurant,bar|sake_bar,2 Chome-1-3 Taihei
石窯料理秀らん,1,restaurant,,錦糸3丁目14-7
Smoke Base,1,restaurant,barbecue_restaurant|japanese_restaurant,3 Chome-13-12 Kinshi
スキマハル 錦糸町店,1,japanese_restaurant,,錦糸3丁目13-10 高橋ビル 1F
なぎ,1,japanese_restaurant,bar|asian_restaurant,錦糸3丁目13-2
とんつう,1,japanese_restaurant,restaurant,太平3丁目3-2
みのと,1,bar,japanese_restaurant,錦糸3丁目12-3
弥次郎,1,japanese_restaurant,asian_restaurant|restaurant,錦糸3丁目8-12
Isataco,1,japanese_restaurant,restaurant,2 Chome-30-9 Kameido
きのめ亭,1,restaurant,japanese_restaurant,亀戸2丁目13-10
Briller parfum,1,restaurant,,亀戸 2-12-1
二升五合,1,bar,comfort_food_restaurant|japanese_restaurant,亀戸2丁目12-1
ベア亀戸店,1,diner,restaurant|steakhouse,亀戸2丁目12-5
とん皇,1,japanese_restaurant,,亀戸2丁目12-5
多肴,1,food_and_drink,japanese_restaurant|asian_restaurant,"Kameido, 2 Chome−41−1 ヴィラ宇都宮"
山本,1,japanese_restaurant,restaurant|asian_restaurant,亀戸5丁目21-9
やじろべえ,1,japanese_restaurant,,亀戸5丁目29-4
平ざん,1,japanese_restaurant,asian_restaurant|restaurant,5 Chome-14-3 Kameido
でかんしょ,1,bar,sake_bar|restaurant,亀戸5丁目13-4
たかの,1,restaurant,sushi_restaurant|bar,亀戸5丁目13-7
すーさんの台所,1,japanese_restaurant,restaurant|asian_restaurant,亀戸5丁目9-5
亀Hameha,1,bar,sake_bar|restaurant,亀戸5丁目13-2
酒様,1,pub,,東京都亀戸5-13-2
縁 えにし 亀戸,1,restaurant,bar,亀戸5丁目13-2
T-MONKEY,1,diner,restaurant|japanese_restaurant,亀戸5丁目13-6
夢の樹,1,japanese_restaurant,asian_restaurant|restaurant,亀戸5丁目14-11
鉄板処 紫苑,1,japanese_restaurant,restaurant|diner,亀戸5丁目14-11
喜九蔵,1,bar,asian_restaurant|japanese_restaurant,亀戸2丁目27-15
ととらく 亀戸,1,japanese_restaurant,sushi_restaurant,亀戸5丁目5-2
Gadget.1,1,bar,japanese_restaurant|restaurant,亀戸5丁目5-4
Baluck,1,restaurant,japanese_restaurant|bar,5 Chome-5-5 Kameido
う成ル,1,restaurant,japanese_restaurant|bar,東京都江東区亀戸５丁目１１−１
ラ·ロンド,1,pub,bar|restaurant,"Kameido, 5 Chome−4−6 亀戸ダイヤモンドマンション"
亀戸たあとる,1,restaurant,bar,5-29-25
たあとる,1,japanese_restaurant,,亀戸5丁目29-25 和久井ビル1F
つくし野,1,japanese_restaurant,restaurant|barbecue_restaurant,平井3丁目13-15
日光や,1,japanese_restaurant,,平井3丁目22-13
愛徳,1,bar,restaurant|arts_and_entertainment,平井3丁目24-21
味の道 なごみ,1,japanese_restaurant,sushi_restaurant|restaurant,東京都江戸川区平井３丁目２６−８
ラベンダー,1,pub,bar|chinese_restaurant,平井3丁目28-5
クラウドナイン,1,bar,bar_and_grill_restaurant|automotive,3 Chome-28-9 Hirai
きんめ家,1,bar,restaurant|japanese_restaurant,平井3丁目24-19
さん亭,1,japanese_restaurant,restaurant|asian_restaurant,平井3丁目23-12
SELF茶屋金八,1,bar,restaurant|cafe,東京都江戸川区平井４丁目９−４
食彩厨房,1,japanese_restaurant,,平井3-30-2
三姉妹,1,japanese_restaurant,restaurant,平井3丁目30-2
鶏のチョモランマ 平井店,1,japanese_restaurant,restaurant|asian_restaurant,平井4丁目11-11
じゅん平,1,japanese_restaurant,restaurant,平井4丁目12-17
平井店,1,fast_food_restaurant,,東京都江戸川区平井４－１２－１
Mu-Ja-Ki,1,japanese_restaurant,bar|lounge,5 Chome-12-1 Hirai
G.M.J.,1,japanese_restaurant,restaurant,5 Chome-9-5 Hirai
joint__hearts,1,restaurant,asian_restaurant,
喰って家,1,japanese_restaurant,asian_restaurant|restaurant,立花4丁目23-4
Chako de tyokora,1,bar,pub|dance_club,東京都墨田区文花３−２４−１５ 1F
じゅうべえ,1,japanese_restaurant,,平井5丁目20-13
東東,1,japanese_restaurant,asian_restaurant,5 Chome-32-11 Hirai
福こぼし,1,japanese_restaurant,restaurant|diner,平井5丁目21-12
やなか草,1,japanese_restaurant,noodles_restaurant|restaurant,平井5丁目20-13
つばめ,1,japanese_restaurant,eat_and_drink,"Hirai, 5 Chome−21−2 クレア平井ビル 1F"
炭火厨房・鳳,1,japanese_restaurant,asian_restaurant|restaurant,平井6丁目15-2
S家,1,comfort_food_restaurant,bar,
寿賀多,1,japanese_restaurant,restaurant|asian_restaurant,1 Chome-41-23 Matsushima
金時,1,restaurant,japanese_restaurant,東京都江戸川区松島１丁目４１−１４
荒川,1,japanese_restaurant,restaurant,東京都江戸川区中央４丁目２５−２２
やざわ,1,japanese_restaurant,restaurant,松島1丁目41-23
えくぼ,1,japanese_restaurant,restaurant|diner,"Central, 1 Chome−25−2 シルバーコーポ"
天喜代 東京駅,1,japanese_restaurant,restaurant,
翔,1,japanese_restaurant,asian_restaurant,大杉5丁目35-13
すずこう酒店,1,japanese_restaurant,liquor_store|shopping,大杉５－２－１３
だい八,1,bar,restaurant|pub,東京都江戸川区中央２丁目２３−５
いちのみや,1,japanese_restaurant,,
ラ・フィーユ,1,restaurant,coffee_shop|eat_and_drink,東京都江戸川区一之江7-38-8 1F
しれとこ,1,japanese_restaurant,restaurant|asian_restaurant,新堀1丁目2-1
ぴめんと,1,restaurant,italian_restaurant|cafe,中央2丁目26-1
香寿海,1,japanese_restaurant,bar|eat_and_drink,1 Chome-32-4 Matsushima
福佐屋,1,asian_restaurant,japanese_restaurant|restaurant,西小松川町24-6
八丁堀 朋,1,japanese_restaurant,restaurant|sushi_restaurant,八丁堀2-1-9
Ghorer SHAD,1,japanese_restaurant,asian_restaurant|indian_restaurant,2-25-15 Hirai 
ぐらんど,1,bar,restaurant|sushi_restaurant,西小岩4ｰ1ｰ22武田小岩ビル8階
Kanna/カンナ,1,restaurant,retail|shopping,平井３−３０−２　ビューネタワー平井１F
秀作,1,japanese_restaurant,restaurant|asian_restaurant,松江4丁目12-15
たかちゃん,1,japanese_restaurant,comfort_food_restaurant,松江3丁目7-11
Saei,1,japanese_restaurant,restaurant,4 Chome-9-37 Nishiichinoe
左榮,1,japanese_restaurant,asian_restaurant|restaurant,西一之江4丁目9-37
伊勢周,1,bar,restaurant|spas,松江3丁目3-4
大きい虹,1,japanese_restaurant,,松江2丁目4-2
愛知,1,japanese_restaurant,restaurant,亀戸7丁目37-7
新花,1,japanese_restaurant,restaurant,7 Chome-9 Kameido
自由時間,1,restaurant,japanese_restaurant|asian_restaurant,7 Chome-39-5 Kameido
豆厨 ゆばせい 大島店,1,japanese_restaurant,,大島7丁目12-1
大島家,1,japanese_restaurant,restaurant,大島7丁目8-3
Spice Home Ojima,1,japanese_restaurant,,6 Chome-23-9-102 Ojima
味雅,1,bar,food_beverage_service_distribution|sake_bar,大島6丁目24-7
兼吉,1,japanese_restaurant,restaurant,大島6丁目27-6
味園,1,japanese_restaurant,restaurant|asian_restaurant,"Ojima, 6 Chome−28−6 土生ビル"
なつ風,1,bar,eat_and_drink|pub,大島7丁目23-11
ヒイラギ,1,restaurant,japanese_restaurant,東京都江東区大島９丁目３−１２
カラオケ1・2・3,1,bar,restaurant|carpenter,大島7丁目22-16
大伊乃,1,japanese_restaurant,asian_restaurant|restaurant,大島6丁目30-17
チコちゃん,1,japanese_restaurant,asian_restaurant|restaurant,大島6丁目9-3
福太郎,1,bar,japanese_restaurant|asian_restaurant,大島6丁目9-15
counter P...,1,bar,restaurant,"大島6丁目9-13, 朝烏ビルB棟"
いなば,1,japanese_restaurant,restaurant|asian_restaurant,大島4丁目8-13
じま,1,japanese_restaurant,restaurant|bar,東京都江東区大島５丁目１０−１０
まりこ屋,1,japanese_restaurant,restaurant,大島5丁目35-4
大城屋,1,japanese_restaurant,restaurant,5 Chome-35-4 Ojima
開廣亭,1,japanese_restaurant,,大島8-4-3
武乃庵,1,restaurant,japanese_restaurant|asian_restaurant,大島8丁目33-37
おか わ,1,japanese_restaurant,asian_restaurant|noodles_restaurant,東京都江戸川区小松川１丁目４−１
若蔵,1,japanese_restaurant,restaurant,東小松川3丁目35-13
紅屋,1,japanese_restaurant,restaurant|asian_restaurant,松江7丁目28-13
鉄板焼いなか,1,japanese_restaurant,asian_restaurant,一之江４－１０－１３
味路,1,restaurant,bar|japanese_restaurant,7 Chome-29-23 Ichinoe
こたな木,1,japanese_restaurant,asian_restaurant|restaurant,一之江6丁目17-16
マホロヴァ,1,japanese_restaurant,bar|asian_restaurant,一之江4丁目1-24
おおさわ,1,bar,japanese_restaurant|sushi_restaurant,本郷5丁目28-5
すずきの,1,japanese_restaurant,sushi_restaurant,東京都文京区本郷５丁目２５−１１
半,1,bar,japanese_restaurant|lounge,本郷5丁目22-15
IZASA,1,japanese_restaurant,restaurant|asian_restaurant,"Hongo, 5 Chome−25−17 ドミネンス本郷"
もり川,1,japanese_restaurant,restaurant|comfort_food_restaurant,本郷5丁目30-16
Emma Sumibi and Kanmi,1,japanese_restaurant,restaurant|diner,6 Chome-17-2 Hongo
あさひや,1,restaurant,japanese_restaurant|asian_restaurant,本郷6丁目17-6
まるそ,1,japanese_restaurant,restaurant|diner,本郷6丁目17-8
山猫軒,1,restaurant,european_restaurant|chinese_restaurant,本郷6丁目24-5
織恩,1,japanese_restaurant,asian_restaurant,西片2丁目19-23
カンキツノモリ,1,restaurant,,東京都文京区向丘１丁目１−１
山ぎし 西片店,1,japanese_restaurant,restaurant,西片2丁目18-20
食事処旬悦,1,japanese_restaurant,restaurant|sushi_restaurant,向丘2丁目15-19
ひらみつ,1,japanese_restaurant,bar|asian_restaurant,本郷2-20-11
Komatsu-an,1,restaurant,bar,    
夢境庵,1,japanese_restaurant,asian_restaurant,弥生1丁目6-4
根津雙柿庵,1,japanese_restaurant,restaurant,根津2丁目28-8
根津くらぶ,1,restaurant,japanese_restaurant|eat_and_drink,東京都文京区根津２丁目３０−２
芋甚,1,japanese_restaurant,restaurant,根津2丁目30-4
炭焼 まつい,1,japanese_restaurant,restaurant,2 Chome-29-3 Nezu
よし房凛,1,japanese_restaurant,restaurant|asian_restaurant,根津2丁目36-1
一卵亭,1,restaurant,comfort_food_restaurant|breakfast_and_brunch_restaurant,根津2丁目37-1
いかるが,1,japanese_restaurant,asian_restaurant|restaurant,根津2丁目37-12
根の津,1,japanese_restaurant,restaurant|diner,根津1丁目23-16
ひみつくじら,1,japanese_restaurant,restaurant|asian_restaurant,根津1丁目27-7
とん花,1,japanese_restaurant,restaurant|asian_restaurant,千駄木2丁目6-4
豆腐 room Dy's,1,vegetarian_restaurant,japanese_restaurant|diner,千駄木2丁目48-18
味工房パルミエ,1,diner,restaurant|eat_and_drink,千駄木2丁目43-4
ダモンデ,1,bar,restaurant|lounge,千駄木2-11-17モンテベルデ千駄木101
利さく,1,japanese_restaurant,restaurant|cafe,千駄木2丁目31-6
琴の音 千駄木,1,restaurant,japanese_restaurant|health_and_medical,文京区千駄木２丁目２３−３
マリアン,1,bar,pub|cocktail_bar,2 Chome-33-1 Sendagi
春,1,bar,sake_bar|restaurant,千駄木2丁目21-2
鳥安,1,japanese_restaurant,restaurant,"Sendagi, 2 Chome−13−1 2階 2階29号室"
Restaurant Ryu,1,japanese_restaurant,asian_restaurant|restaurant,"Sendagi, 3 Chome−37−17 1F"
金澤亭,1,japanese_restaurant,restaurant,千駄木2丁目42-1
三里,1,japanese_restaurant,restaurant|asian_restaurant,根津2丁目33-9
みぢゃげど,1,japanese_restaurant,restaurant|asian_restaurant,谷中2丁目5-10
やま,1,japanese_restaurant,,谷中2-18-6
木鶏,1,japanese_restaurant,bar,東京都台東区谷中３丁目１−３
成こう亭,1,japanese_restaurant,sushi_restaurant|asian_restaurant,根津2丁目15-9
鷹匠,1,japanese_restaurant,,根津2-32-8
おお田,1,japanese_restaurant,asian_restaurant|restaurant,根津2丁目31-1
La Cuji,1,pub,bar|lounge,2 Chome-26-1 Nezu
ヒダマリ,1,bar,pub,根津2丁目25-7
気生根,1,japanese_restaurant,restaurant|sake_bar,"Nezu, 2 Chome−22−10 カノン"
ねづくりや,1,japanese_restaurant,event_planning|cafe,東京都文京区根津２丁目２２−１０
なっかーさ,1,japanese_restaurant,restaurant|bar,根津2丁目25-6
車屋,1,japanese_restaurant,restaurant|bar,根津2丁目18-2
大多安,1,japanese_restaurant,bar|eat_and_drink,根津2丁目21-17
ひのき,1,japanese_restaurant,asian_restaurant|restaurant,根津1丁目16-13
しつらえや,1,japanese_restaurant,restaurant|diner,根津1丁目5-13
駅馬車,1,bar,japanese_restaurant|restaurant,根津1丁目5-13
Kizuka,1,restaurant,french_restaurant|eat_and_drink,"Nezu, 1 Chome−5−11 キヅカホーム"
岡村屋,1,japanese_restaurant,restaurant,弥生2丁目12-3
根津の谷,1,vegetarian_restaurant,health_food_restaurant|organic_grocery_store,根津1丁目1-14
タマヤ 根津店,1,restaurant,french_restaurant|european_restaurant,根津1丁目1-6
フレンディー,1,japanese_restaurant,restaurant|sushi_restaurant,根津2丁目18-12
nezz,1,bar,dive_bar,2 Chome-16-2 Nezu
根津組,1,restaurant,bar|pub,"Nezu, 2 Chome−16−3 ハイツ玉川"
根津音,1,bar,music_venue|cafe,"14, 根津2-14-7 中嶋ビル1階"
根津たけもと,1,japanese_restaurant,restaurant|diner,根津2丁目14-10
Downtown B's,1,asian_restaurant,,根津2-15-14
瞬彩 真,1,japanese_restaurant,restaurant,1 Chome-3-4 Yanaka
ラ・ファーメ 根津,1,restaurant,italian_restaurant|cafe,谷中1-2-10
九条Tokyo,1,japanese_restaurant,bar|restaurant,谷中1丁目2-10
Kujo Tokyo,1,japanese_restaurant,bar_and_grill_restaurant|restaurant,"Yanaka, 1 Chome−2−10 ２Ｆ"
楽聞,1,japanese_restaurant,sake_bar|bar,根津2丁目6-6
日増屋,1,japanese_restaurant,restaurant|asian_restaurant,池之端2丁目7-14
照隅,1,japanese_restaurant,,根津1-1-21
Nezu Terusumi,1,japanese_restaurant,restaurant|chicken_restaurant,"Nezu, 1 Chome−1−21 ゼネラル根津"
池之端 松島,1,japanese_restaurant,bar,池之端2-7-5
五十蔵,1,japanese_restaurant,sushi_restaurant,2 Chome-7-5 Ikenohata
池之端柏家,1,japanese_restaurant,asian_restaurant,池之端2丁目3-11
かどや山上亭,1,japanese_restaurant,,本郷7丁目3-1 山上会館B1
ハーモニー,1,lounge,,本郷7-3-1
海燕亭上野店,1,japanese_restaurant,asian_restaurant|restaurant,池之端1丁目4-33
かもめ亭,1,japanese_restaurant,restaurant|diner,池之端2丁目1-6
NC,1,japanese_restaurant,vegetarian_restaurant|restaurant,根津2丁目2-12
Shogetsu,1,restaurant,bar|sake_bar,3 Chome-4-8 Ikenohata
西園休憩所,1,cafeteria,,上野公園9-83
Cise,1,japanese_restaurant,asian_restaurant|restaurant,3 Chome-4-19 Ikenohata
Bird Song,1,fast_food_restaurant,,上野公園9-83
ラキシス,1,bar,,上野2-11-20
MOMOTARO,1,japanese_restaurant,sushi_restaurant,上野2丁目12-7
㐂千屋,1,bar,lounge,上野2-12-4 レインボータワービル1F
池之端 かめや 一睡亭,1,japanese_restaurant,restaurant,上野2丁目13-2
Papillon,1,bar,,
しおり上野駅前店,1,restaurant,bar|japanese_restaurant,東京都台東区上野２丁目１４−３１
どん太鼓上野公園ルエノ店,1,food_truck_stand,restaurant|diner,上野公園1-57
喜乃字屋,1,japanese_restaurant,wine_bar|restaurant,上野公園1-54
TOWA The World End -Japanese Craft-,1,pub,,上野6-11-12
食道楽上野店,1,restaurant,bar|sake_bar,上野6丁目12-12
きわみや,1,restaurant,japanese_restaurant|asian_restaurant,
Shoryu,1,japanese_restaurant,restaurant|asian_restaurant,6 Chome-10-14 Ueno
Derecho,1,japanese_restaurant,,
森の茶屋,1,japanese_restaurant,restaurant|cafe,上野6丁目11-19
ニューフルーツ,1,restaurant,retail|cafe,東京都台東区上野６丁目１１−２
豚坊,1,japanese_restaurant,restaurant|diner,上野6丁目11-6
スタートライン66,1,bar,,上野6-11-16 エリア: 上野
キュイジーヌ!上野,1,japanese_restaurant,,"Ueno, 4 Chome−10−6 7F ビッグエコー上野駅前店内"
かるた家,1,restaurant,eat_and_drink|desserts,上野4丁目9-13
"日本1100005 Tokyo, Taito City, Ueno, 4 Chome96 ナガフジビル別館 B1f",1,japanese_restaurant,,牛たん 荒 上野店  4 Chome−9−6 ナガフジビル別館 B1F
香家‐KOUYA‐ 上野中央通り店,1,japanese_restaurant,,上野4-9-6
うみぶた,1,japanese_restaurant,grocery_store|health_food_store,"東京都台東区上野4-8-9　OAKビル１F,２F"
AgrabaR,1,lounge,bar,"Ueno, 6 Chome−9−11 三真ビル 3F"
Ag Ueno,1,japanese_restaurant,bar,"Ueno, 6 Chome−9−10 富田ビル 2,3F"
uncle Joe Toast,1,restaurant,,上野6丁目10-7 アメ横プラザ B棟56号
ドゥービーズ,1,japanese_restaurant,,上野6丁目9-5 清光ビル1F
ます家上野店,1,japanese_restaurant,,上野6丁目8-7
Ichigorou Ueno,1,fast_food_restaurant,bar,
AndU,1,lounge,bar,上野6丁目16-7
美味亭,1,japanese_restaurant,restaurant|asian_restaurant,上野6丁目9-11
スプラッシュマウンテン,1,bar,french_restaurant|restaurant,上野6丁目9-11
夜行列車,1,bar,japanese_restaurant|restaurant,上野6丁目13-4
Hanako's Ueno,1,restaurant,bar|eat_and_drink,6 Chome-13-2 Ueno
マノンジ,1,asian_restaurant,restaurant,上野6丁目13-6
Tonton,1,japanese_restaurant,restaurant,"Ueno, 6 Chome−13−7 １Ｆ"
ピンクエレファント,1,bar,dance_club|pub,6 Chome-14-1 Ueno
"Isshin Tan Suke, Ueno",1,vegetarian_restaurant,restaurant|fast_food_restaurant,
竈屋,1,bar,,上野6丁目13-9
ジェネシス,1,restaurant,bar|sports_bar,上野6丁目16-7
びびび,1,bar,pub|restaurant,上野6丁目16-5
北畔,1,japanese_restaurant,restaurant|diner,上野6丁目7-10
ふみ作,1,japanese_restaurant,restaurant|asian_restaurant,上野6丁目7-10
松,1,restaurant,cafe|desserts,"Ueno, 6 Chome−7−6 ２階"
肉maroおとんば 東上野店,1,bar,restaurant|sake_bar,東上野2丁目18-1
一の倉,1,japanese_restaurant,bar|restaurant,東上野3丁目16-5
上野京都三條,1,diner,restaurant|delicatessen,
Issho Ueno,1,japanese_restaurant,seafood_restaurant|restaurant,"Ueno, 7 Chome−2−4 FUNDES ８F"
Gohan,1,restaurant,japanese_restaurant|asian_restaurant,上野7丁目2-1
東京豚バザール,1,japanese_restaurant,restaurant,"Ueno, 7 Chome−3−2 ５Ｆ"
東北 むつ味,1,japanese_restaurant,restaurant|diner,上野7-2
和の食 Hako,1,bar,japanese_restaurant|restaurant,上野7丁目2-16
牛の力,1,japanese_restaurant,restaurant,上野6丁目14-7
串八珍上野店,1,japanese_restaurant,barbecue_restaurant,上野6丁目14-6
玄蔵上野本店,1,japanese_restaurant,,上野6丁目14-6
上野グリーンサロン,1,japanese_restaurant,beauty_salon|cafe,上野公園7-47
膳まいエキュート上野店,1,restaurant,,上野7丁目1-1 エキュート上野 JR東日本 上野駅構内 3F
みどりのキッチン,1,japanese_restaurant,sushi_restaurant|asian_restaurant,上野7丁目1-1
はいり屋,1,japanese_restaurant,restaurant|bar,上野7丁目1-1
東照宮第1売店,1,japanese_restaurant,sushi_restaurant|eat_and_drink,上野公園9-86
Restaurant Muse,1,restaurant,european_restaurant,上野公園8-36
Geidai Living,1,cafeteria,,上野公園12-8
ホテルオークラ ガーデンテラス,1,restaurant,,上野公園13-9
ビクトリア 鶯谷,1,bar_and_grill_restaurant,bar,
いっちょらい,1,japanese_restaurant,restaurant|bar,根岸1丁目8-3
ネーブル,1,bar,restaurant|pub,根岸1丁目10-13
サーラス,1,pub,bar|restaurant,根岸1丁目10-12
筆や,1,japanese_restaurant,restaurant|asian_restaurant,谷中7丁目4-1
菜の花,1,japanese_restaurant,restaurant|delicatessen,上野桜木1丁目10-26
清水町,1,japanese_restaurant,bar|sushi_restaurant,池之端4丁目10-1
ふるかわ庵,1,japanese_restaurant,restaurant|asian_restaurant,東京都台東区池之端４丁目１５−７
下町・根津の北野屋商店,1,bar,shopping|wholesale_store,根津2-32-6
ねづ味,1,japanese_restaurant,,池之端4丁目24-5
まめたん,1,japanese_restaurant,restaurant|asian_restaurant,谷中1丁目2-16
甚三紅,1,japanese_restaurant,asian_restaurant|restaurant,谷中1丁目1-21
礪波,1,restaurant,,谷中2丁目18-6 
町人,1,japanese_restaurant,bar,谷中5丁目2-1
千根や,1,japanese_restaurant,restaurant,5 Chome-9-25 Yanaka
あさと,1,japanese_restaurant,,谷中7丁目18-13
谷中の雀,1,japanese_restaurant,asian_restaurant|restaurant,谷中7丁目18-13
セッキー,1,bar,restaurant|fast_food_restaurant,谷中7-18-13 初音小路
たんぴょう亭,1,japanese_restaurant,restaurant|asian_restaurant,谷中7丁目18-21
川むら,1,japanese_restaurant,restaurant|diner,西日暮里3丁目2-1
谷中フーズ アサヒヤ,1,japanese_restaurant,restaurant|asian_restaurant,谷中5丁目11-17
ヤナカ スギウラ,1,japanese_restaurant,restaurant|diner,谷中5丁目9-23
湯気,1,japanese_restaurant,,東京都荒川区西日暮里５丁目２１−１
めん処 かみや,1,japanese_restaurant,,西日暮里5-23-1
たぎつ屋,1,japanese_restaurant,,西日暮里5-15-13
氣まぐれ,1,japanese_restaurant,restaurant|bar,2 Chome-21-6 Nishinippori
景虎,1,japanese_restaurant,restaurant,西日暮里2丁目22-1
日暮里串まる,1,japanese_restaurant,asian_restaurant|restaurant,西日暮里2丁目52-3
三幸園,1,japanese_restaurant,restaurant|eat_and_drink,2 Chome-54-8 Nishinippori
笑元,1,japanese_restaurant,restaurant,2 Chome-54-8 Nishinippori
カトレア,1,bar,restaurant|asian_restaurant,西日暮里2丁目49-9
青い地球,1,bar,japanese_restaurant|restaurant,西日暮里2丁目25-1
日暮里焼マル,1,bar,japanese_restaurant|asian_restaurant,西日暮里2丁目25-1
太宝家,1,japanese_restaurant,restaurant|asian_restaurant,西日暮里2丁目18-7
夢船,1,japanese_restaurant,asian_restaurant|restaurant,西日暮里2丁目18-12
蒸し料理とら,1,japanese_restaurant,restaurant,"Nishinippori, 2 Chome−18−2 イトウビル 7F"
シャォウェイヤーボー,1,pub,,
ぶらり,1,japanese_restaurant,restaurant|diner,東日暮里5丁目52-5
とお山,1,japanese_restaurant,restaurant|diner,東日暮里6丁目60-10
けん太,1,japanese_restaurant,restaurant|asian_restaurant,東日暮里5丁目51-14
となり,1,japanese_restaurant,restaurant,東日暮里5丁目51-14
やじろう 日暮里本店,1,japanese_restaurant,restaurant|diner,東日暮里5丁目51-1
Ox,1,japanese_restaurant,restaurant|diner,"Higashinippori, 5 Chome−48−5 光陽社"
あげは,1,japanese_restaurant,asian_restaurant|restaurant,東日暮里5丁目54-5
ハラール サクラ,1,halal_restaurant,,根岸2-18-11
小藤屋日暮里店,1,restaurant,asian_restaurant|japanese_restaurant,東京都荒川区東日暮里５丁目２３−７
月うさぎ 日暮里店,1,japanese_restaurant,restaurant|diner,東日暮里5丁目30-1
黒さわ,1,japanese_restaurant,restaurant,東日暮里6丁目38-7
Dondon-kan,1,japanese_restaurant,barbecue_restaurant|restaurant,東日暮里6丁目33-6
とよだや,1,bar,restaurant|japanese_restaurant,東日暮里6丁目60-11
丸政,1,japanese_restaurant,,西日暮里1-42-2
喜世,1,japanese_restaurant,restaurant,3 Chome-68-7 Arakawa
どやじ,1,asian_restaurant,korean_restaurant|restaurant,東京都荒川区西日暮里１丁目
味楽亭,1,restaurant,korean_restaurant|japanese_restaurant,東京都荒川区西日暮里６丁目５−７
どんまい亭,1,japanese_restaurant,restaurant|asian_restaurant,東京都荒川区西日暮里６丁目２８−６
菊一,1,japanese_restaurant,restaurant|asian_restaurant,西日暮里5丁目6-10
やす,1,japanese_restaurant,restaurant|bar,"Nishinippori, 5 Chome−11−1 野田ビル"
年に8日だけ営業 じょじょ家,1,bar,japanese_restaurant|restaurant,西日暮里5-26-9
宴客西日暮里店,1,japanese_restaurant,asian_restaurant|restaurant,西日暮里5丁目12-10
はやしや,1,bar,sake_bar,東京都荒川区西日暮里５丁目１３−９
えどもんど,1,japanese_restaurant,,西日暮里5丁目31-9
今昔庵龍馬,1,japanese_restaurant,,西日暮里5丁目34-3
串道楽,1,japanese_restaurant,,西日暮里5-33-5
童心舎,1,japanese_restaurant,restaurant|asian_restaurant,西日暮里6丁目52-6
ぶすとろ,1,pub,bar,田端新町1-27-7
こたつ屋,1,japanese_restaurant,asian_restaurant|restaurant,東京都北区田端新町２丁目２６−４
恋湊,1,bar,japanese_restaurant|sushi_restaurant,東田端1丁目7-10
古民家友,1,bar,restaurant|pub,東田端1丁目14-11
かしやま,1,japanese_restaurant,noodles_restaurant|restaurant,東田端1丁目17-20
初恋屋,1,restaurant,japanese_restaurant|asian_restaurant,東京都北区東田端１丁目１２−１
八天将,1,japanese_restaurant,restaurant|diner,東田端1丁目12-2
Argent(あるじゃん),1,bar,,西日暮里4-1-20
花ゆず,1,japanese_restaurant,sake_bar|bar,西日暮里3丁目5-1
大沢製麺所,1,food_and_drink,food_beverage_service_distribution|diner,東京都台東区谷中３丁目１４−７
満満堂,1,japanese_restaurant,restaurant|diner,西日暮里3丁目15-4
吉里,1,japanese_restaurant,restaurant,谷中3丁目2-6
かなかな,1,japanese_restaurant,clothing_store|shopping,谷中３－２－９
谷中ときわ,1,japanese_restaurant,restaurant|asian_restaurant,3 Chome-2-9 Yanaka
谷中冨じ家,1,japanese_restaurant,asian_restaurant,千駄木3丁目42-16
マロ,1,restaurant,accommodation,千駄木3丁目41-12
三陽食品,1,japanese_restaurant,health_food_store|sushi_restaurant,東京都台東区谷中３丁目８−９
初音家,1,japanese_restaurant,food_stand,谷中3丁目13-4
千尋,1,japanese_restaurant,restaurant,谷中3丁目13-22
小奈や,1,japanese_restaurant,,千駄木3-43-10
山ぎし,1,japanese_restaurant,restaurant,谷中3丁目13-9
囲味屋,1,japanese_restaurant,,千駄木3丁目44-16
Vespera,1,vegetarian_restaurant,cafe,3 Chome-44-1 Sendagi
たまゆら亭,1,bar,restaurant|bar_and_grill_restaurant,千駄木3丁目44-1
いわて,1,japanese_restaurant,asian_restaurant|restaurant,3 Chome-44-16 Sendagi
にしきや,1,japanese_restaurant,sushi_restaurant|restaurant,東京都文京区千駄木３丁目３４−７
どど彦,1,japanese_restaurant,barbecue_restaurant,東京都文京区千駄木３丁目３６−１１
今風庵,1,vegetarian_restaurant,japanese_restaurant|restaurant,千駄木3丁目36-12
三忠,1,japanese_restaurant,restaurant,千駄木3丁目1-17
Isego,1,japanese_restaurant,restaurant,3 Chome-3-13 Sendagi
アールズキッチン,1,restaurant,italian_restaurant|cafe,東京都文京区千駄木３丁目２３−６
西菜亭,1,japanese_restaurant,restaurant|diner,千駄木3丁目50-15
にしくら,1,bar,restaurant|japanese_restaurant,千駄木3丁目44-10
エデン日暮里,1,bar,,千駄木3-44-9
砺波,1,japanese_restaurant,sushi_restaurant,千駄木3丁目45-10
狩野川,1,japanese_restaurant,asian_restaurant|restaurant,谷中3丁目19-7
キタキタ,1,asian_restaurant,korean_restaurant|eat_and_drink,西日暮里4丁目23-1
鳥花,1,japanese_restaurant,asian_restaurant|restaurant,西日暮里4丁目23-1
シルクロード,1,restaurant,indian_restaurant,西日暮里4丁目23-1
神名備,1,japanese_restaurant,restaurant,千駄木4丁目21-3
かむなび,1,japanese_restaurant,asian_restaurant|restaurant,千駄木4-21-3
一二三庵,1,japanese_restaurant,asian_restaurant|restaurant,千駄木4丁目2-18
わらしっ子,1,japanese_restaurant,restaurant,本駒込4丁目35-19
清風明月,1,restaurant,,東京都北区田端１丁目５−３
田端三好弥,1,japanese_restaurant,,1 Chome-12-13 Tabata
ハッピーシェイク,1,fast_food_restaurant,,田端1-19-11
がらんす,1,japanese_restaurant,restaurant|diner,田端1丁目15-16
らきいたろう,1,japanese_restaurant,bar|restaurant,田端2丁目7-26
和伊創彩 まったり菜,1,japanese_restaurant,restaurant|diner,1 Chome-20-26 Tabata
あぶりゃんせ 百干,1,japanese_restaurant,sushi_restaurant,東田端1丁目17-2
田端駅前店,1,fast_food_restaurant,,東京都北区田端１－２１－８
おたまじゃくし,1,pub,bar|restaurant,田端6丁目5-1
明治通り尾久店,1,fast_food_restaurant,,東京都北区昭和町１－１－１５
そえすsource,1,japanese_restaurant,bar|restaurant,東田端2丁目3-4
ビアド,1,bar,bar_and_grill_restaurant|japanese_restaurant,東田端2丁目9-1
八天将パート1,1,restaurant,bar|asian_restaurant,東京都北区田端新町３丁目１５−１６
ほしかわ,1,pub,bar|restaurant,3 Chome-32-6 Tabatashinmachi
天はる,1,japanese_restaurant,sushi_restaurant,3 Chome-37-13 Tabatashinmachi
Miyoshi,1,restaurant,cafe|coffee_shop,2 Chome-10-1 Nishiogu
Minaminomomoka,1,restaurant,desserts|ice_cream_shop,东京都荒川区西尾久1丁目11-5
あらゆぅ,1,bar,restaurant|pub,西尾久1丁目13-5
浜作 小台店,1,japanese_restaurant,restaurant,1 Chome-28-6 Nishiogu
暮らしの思想,1,cafeteria,,12-34 西尾久4丁目
Tenfuji,1,japanese_restaurant,,1 Chome-32-7 Nishiogu
梅京,1,japanese_restaurant,sushi_restaurant,4 Chome-13-2 Nishiogu
ひろと家,1,japanese_restaurant,asian_restaurant|restaurant,西尾久2丁目29-8
香り家,1,japanese_restaurant,,2 Chome-28 Nishiogu
大清,1,japanese_restaurant,restaurant,2 Chome-34-13 Nishiogu
新世界,1,restaurant,sake_bar|asian_restaurant,東京都荒川区西尾久３丁目２１−１６
熱海,1,japanese_restaurant,restaurant|asian_restaurant,西尾久3丁目19-3
冬将軍,1,japanese_restaurant,restaurant|bar,"Nishiogu, 2 Chome−8−3 親松ビル"
どん平,1,japanese_restaurant,restaurant,東京都荒川区西尾久２丁目２−５
永新,1,japanese_restaurant,asian_restaurant|restaurant,西尾久2丁目1-15
灯明,1,comfort_food_restaurant,sake_bar,
キッチンピーナッツ,1,restaurant,coffee_shop|diner,西尾久6丁目18-1
ふく扇,1,japanese_restaurant,,西尾久6丁目29-7
悠悠宴,1,japanese_restaurant,barbecue_restaurant|restaurant,7 Chome-5-9 Nishiogu
みつぐるま,1,japanese_restaurant,,東京都荒川区西尾久５丁目２７−１０
こどもの家 きくや,1,japanese_restaurant,restaurant,32
こいちゃん,1,japanese_restaurant,bar|restaurant,江北2丁目24-35
ほのか奈,1,japanese_restaurant,restaurant|bankruptcy_law,扇1丁目20-7
素材屋 縁,1,japanese_restaurant,restaurant|bar,2 Chome-4-27 Ogi
鈴亀亭,1,japanese_restaurant,chicken_restaurant|restaurant,"Ogi, 2 Chome−4−27 第二アドバンス1f"
きよみず,1,japanese_restaurant,restaurant,扇2丁目31-8
山中房,1,japanese_restaurant,asian_restaurant|restaurant,"Ogi, 2 Chome−46−13 ケーアンドエー高野ビル 1F"
尾久橋通り江北店,1,fast_food_restaurant,,東京都足立区江北１－２１－１２
いこい港,1,japanese_restaurant,restaurant|asian_restaurant,扇2-26-41
山惣熊の前本店,1,japanese_restaurant,restaurant|diner,東尾久8丁目20-2
くるまだ,1,japanese_restaurant,restaurant|asian_restaurant,東尾久5丁目9-6
熊野前駅前店,1,fast_food_restaurant,,東京都荒川区東尾久８ー１４ー５
Large,1,restaurant,asian_restaurant|japanese_restaurant,5 Chome-11-2 Higashiogu
Narrow,1,bar,sake_bar|cafe,6 Chome-39-16 Higashiogu
鳳月,1,japanese_restaurant,asian_restaurant|restaurant,"Higashiogu, 2 Chome−49−11 グランプリエ"
七彩社,1,bar,,東尾久３−１７−９
美国家,1,japanese_restaurant,asian_restaurant|restaurant,東尾久5丁目26-1
もりやま,1,japanese_restaurant,restaurant,東尾久5丁目32-20
まる文,1,japanese_restaurant,cafe,東尾久2丁目49-9
都電テーブル 東尾久三丁目,1,japanese_restaurant,restaurant,"Higashiogu, 3 Chome−11−17 有馬マンション"
よろこびの実,1,japanese_restaurant,noodles_restaurant|restaurant,6 Chome-5-6 Higashiogu
セカンドらいふ,1,japanese_restaurant,restaurant|diner,東尾久3丁目2-8
まちや 卵月,1,japanese_restaurant,restaurant|asian_restaurant,東尾久3丁目2-8
花栄,1,bar,restaurant|asian_restaurant,町屋2丁目20-15
沢庵,1,restaurant,bar|eat_and_drink,
和 の か け ら,1,japanese_restaurant,,荒川6-17-2  1階　ほしな
Momiji,1,japanese_restaurant,restaurant,7 Chome-35-2 Arakawa
雪月花 乃ん喜庵,1,japanese_restaurant,restaurant,荒川区荒川6-5-4
大内,1,japanese_restaurant,restaurant|asian_restaurant,東京都荒川区荒川６丁目４−９
町屋店,1,fast_food_restaurant,,東京都荒川区荒川７－５０－９センターまちや１Ｆ
鶴一,1,restaurant,eat_and_drink|steakhouse,東京都荒川区町屋２丁目１−２
伴,1,bar,japanese_restaurant|sushi_restaurant,町屋2丁目15-3
天元,1,japanese_restaurant,restaurant,町屋2丁目4-18
鳥膳,1,japanese_restaurant,asian_restaurant|restaurant,町屋3丁目3-18
くるか菜,1,japanese_restaurant,restaurant,町屋3丁目1-14
市川,1,japanese_restaurant,asian_restaurant|restaurant,町屋3丁目1-14
原価堂,1,japanese_restaurant,restaurant,町屋3丁目8-16
Kumanomi,1,bar,,東京都荒川区荒川6-21-1
上総湊,1,bar,restaurant|sushi_restaurant,町屋3丁目1-13
yukari,1,japanese_restaurant,restaurant|bar,"Machiya, 3 Chome−1−13 ファイブワンビル 2F"
花火町屋本店,1,restaurant,bar|arts_and_entertainment,町屋3丁目1-14
マチヤ熟成uro,1,japanese_restaurant,restaurant|diner,東京都荒川区町屋１丁目２１−１４
町屋どじょっこ,1,japanese_restaurant,restaurant|asian_restaurant,町屋1丁目17-6
Tokyo Local Base,1,restaurant,cafe|diner,"Machiya, 1 Chome−3−12 COSA ON204"
うみまる,1,bar,sushi_restaurant|restaurant,町屋1丁目2-6
舎楽,1,japanese_restaurant,restaurant|coffee_shop,町屋1丁目20-7
善哉,1,japanese_restaurant,restaurant|diner,町屋1丁目20-7
和のかけら ほしな,1,japanese_restaurant,,町屋1-20-10
炭火焼 ペンザンス 絆,1,japanese_restaurant,barbecue_restaurant|restaurant,町屋1丁目20-9
でこ助,1,bar,restaurant|japanese_restaurant,荒川7丁目22-5
なぎぞう,1,bar,comfort_food_restaurant|restaurant,荒川7丁目22-3
ピテカントロプス,1,bar_and_grill_restaurant,,
DAIKON,1,restaurant,vietnamese_restaurant,荒川7丁目39-2
Zooooo,1,bar,lounge|pub,荒川7丁目39-2
憩い名,1,bar,restaurant|diner,町屋1丁目27-10
当どろき,1,japanese_restaurant,restaurant|bar,1 Chome-13-4 Machiya
笑顔,1,japanese_restaurant,bar|grocery_store,町屋8丁目1-9
ニュー阿波屋,1,bar,professional_services,
麦麦,1,japanese_restaurant,restaurant|bar,町屋7丁目1-6
Molty Node,1,vegetarian_restaurant,cafe|restaurant,3 Chome-23-18 Machiya
タナカタロウ,1,japanese_restaurant,noodles_restaurant,町屋8丁目4-8
とっぽけん,1,restaurant,japanese_restaurant|sushi_restaurant,町屋8丁目4-11
ぶんぶく亭,1,japanese_restaurant,restaurant,"Machiya, 7 Chome−3−5 トンヨシ"
千秋庵,1,japanese_restaurant,restaurant|asian_restaurant,町屋5丁目7-27
菊英,1,japanese_restaurant,restaurant|cafe,1 Chome-18-26 Okino
長興屋,1,japanese_restaurant,asian_restaurant,興野1丁目13-17
平ちゃん,1,bar,restaurant|asian_restaurant,本木南町21-15
おかめや,1,restaurant,chinese_restaurant,東京都足立区本木南町１４−１６
風月,1,japanese_restaurant,restaurant|asian_restaurant,本木1丁目21-15
こんちゃん,1,japanese_restaurant,asian_restaurant|restaurant,梅田6丁目32-4
けんしん,1,bar,restaurant|japanese_restaurant,梅田7丁目34-11
夢一輪,1,japanese_restaurant,restaurant|bar,1 Chome-33-8-101 Umeda
ウチワラベ,1,japanese_restaurant,seafood_restaurant|restaurant,千住寿町14-7
らくや,1,bar,restaurant|asian_restaurant,千住中居町25-10
Charcoal Grill Orto,1,restaurant,,26-13 Senjumiyamotocho
北千住 つばめ,1,japanese_restaurant,restaurant|diner,17-7 Senjutatsutacho
朝日軒本店,1,japanese_restaurant,restaurant|bar,千住柳町4-6
しの咲き,1,japanese_restaurant,,千住柳町14-11 エリア: 北千住
のれん亭,1,bar,pub,千住元町17-3
ま,1,restaurant,japanese_restaurant,東京都足立区千住龍田町２８−１８
Climb,1,bar,restaurant|diner,千住桜木2丁目7-3
ポタジェニスタ,1,restaurant,,千住橋戸町21 ラルーチェ 1F
サクラプレイス,1,breakfast_and_brunch_restaurant,,東京都足立区千住宮本町14-1
バオバブ,1,restaurant,cafe|bar,千住1-22-7
キッチンガレージ,1,bar,,東京都荒川区南千住７丁目１８−１０
もん鉄,1,japanese_restaurant,restaurant,南千住7丁目17-3
パワーブレンド タナカ,1,japanese_restaurant,restaurant,東京都荒川区南千住７丁目４−７
植木屋,1,japanese_restaurant,asian_restaurant|restaurant,南千住5丁目11−14−101
次郎長,1,japanese_restaurant,,7 Chome-28-4 Minamisenju
いわさわ,1,japanese_restaurant,sushi_restaurant|restaurant,南千住7丁目28-2
ごっつり 南千住店,1,restaurant,japanese_restaurant,東京都荒川区南千住７丁目２９−２
Roaster BASE,1,bar,bar_and_grill_restaurant|restaurant,2 Chome-31-6 Minamisenju
婦久助,1,japanese_restaurant,restaurant|asian_restaurant,日本堤1丁目25-1
シャトレ,1,restaurant,,東京都台東区日本堤1丁目3
あつみや,1,japanese_restaurant,restaurant|asian_restaurant,日本堤1丁目8-4
菜コロ「サイコロ」,1,restaurant,asian_restaurant|comfort_food_restaurant,日本堤2-22-6
堤や,1,japanese_restaurant,bar,千束4丁目37-12
キッチンはづき,1,japanese_restaurant,,千束4丁目51-8
はやせ,1,japanese_restaurant,restaurant|asian_restaurant,"Senzoku, 4 Chome−50−5 佐藤ビル"
昇亭,1,japanese_restaurant,restaurant,5 Chome-29-3 Minamisenju
SeaOnion,1,japanese_restaurant,restaurant,5 Chome-5-6 Minamisenju
すばる,1,japanese_restaurant,bar|restaurant,南千住1丁目32-11
吉まぐれ屋,1,japanese_restaurant,restaurant,南千住1丁目16-8
三ノ輪家,1,japanese_restaurant,,
満天,1,restaurant,eat_and_drink|bar_and_grill_restaurant,東京都台東区三ノ輪２丁目１５−８
Rodeoの心,1,restaurant,japanese_restaurant,2 Chome-10-9 Minowa
かのうや,1,japanese_restaurant,restaurant,日本堤2丁目39-6
Bon,1,japanese_restaurant,restaurant|vegetarian_restaurant,竜泉1-2-11
まんだな,1,japanese_restaurant,restaurant|asian_restaurant,竜泉3丁目16-2
Colors,1,bar,restaurant|pub,1 Chome-20-3 Minowa
おじゃり 三ノ輪本店,1,bar,restaurant|chicken_restaurant,三ノ輪1丁目20-3
すばる 三ノ輪駅前支店,1,japanese_restaurant,bar|restaurant,三ノ輪1丁目21-2
ぴっといん,1,japanese_restaurant,asian_restaurant,三ノ輪1丁目8-5
しいちゃん焼,1,bar,restaurant,竜泉3丁目22-4
まるきん,1,bar,restaurant,東日暮里1丁目16-8
多美,1,japanese_restaurant,restaurant,5 Chome-20-4 Negishi
呑気豊亭,1,japanese_restaurant,delicatessen|grocery_store,5 Chome-21-5 Negishi
麦の市,1,japanese_restaurant,restaurant,1 Chome-17-8
鈴ノ屋,1,japanese_restaurant,bar|desserts,
おおもり,1,japanese_restaurant,restaurant,南千住6丁目26-12
しづ,1,japanese_restaurant,eat_and_drink,"Minamisenju, 1 Chome−10−1 しづ"
森島屋,1,restaurant,bar|asian_restaurant,荒川1丁目21-12
友民,1,japanese_restaurant,restaurant,荒川3丁目21-2
柳光,1,japanese_restaurant,restaurant|asian_restaurant,2 Chome-59-15 Arakawa
ツンボール,1,bar,lounge|beer_garden,東京都荒川区荒川４丁目５４−８
キッチン妻,1,japanese_restaurant,,荒川4丁目53-10
K-FIVE,1,bar,restaurant|pub,荒川7丁目33-2
キッチンカタヤマ,1,restaurant,eat_and_drink,東京都墨田区東向島4-2-6
キッチントマト,1,restaurant,japanese_restaurant|asian_restaurant,荒川3丁目62-4
二代目にゃがにゃが亭,1,japanese_restaurant,restaurant,荒川3丁目61-6
山奥,1,bar,japanese_restaurant|restaurant,4 Chome-1-5 Arakawa
アポカリ,1,asian_restaurant,,荒川1-31-7
大宝家,1,japanese_restaurant,,日暮里2-18-7
カドヤ,1,japanese_restaurant,,東京都荒川区東日暮里３丁目１４−１５
いなのや,1,restaurant,japanese_restaurant|asian_restaurant,東日暮里6丁目2-1
ちゃかす,1,restaurant,japanese_restaurant|asian_restaurant,東京都荒川区東日暮里６丁目６−７
くま男爵,1,japanese_restaurant,restaurant,東日暮里3丁目43-9
びすとり,1,japanese_restaurant,restaurant,6 Chome-6-2 Higashinippori
アンブッシュ,1,bar,cafe,東日暮里6丁目15-8
田丸庵,1,restaurant,japanese_restaurant|sushi_restaurant,東日暮里3丁目45-4 
雅と光,1,japanese_restaurant,bar,東日暮里3丁目31-1
Kitchen One,1,restaurant,bar|asian_restaurant,東京都荒川区東日暮里６丁目１０−１
楓御堂本店,1,bar,,東日暮里4丁目33-7
ニューマルヤ,1,japanese_restaurant,restaurant,6 Chome-15-4 Higashinippori
快食倶楽部万年,1,japanese_restaurant,asian_restaurant|restaurant,東日暮里4丁目35-16
さとうともや,1,japanese_restaurant,restaurant|bar,4 Chome-35-15 Higashinippori
う ゙ぃう ゙ぃ庵,1,japanese_restaurant,asian_restaurant|restaurant,東日暮里3丁目46-10
花山,1,japanese_restaurant,restaurant,東日暮里2丁目49-8
ねぎし丸昇,1,japanese_restaurant,desserts|ice_cream_shop,東京都荒川区東日暮里４丁目２−１
根ぎし侘助,1,japanese_restaurant,restaurant|asian_restaurant,4 Chome-3-3 Negishi
興,1,japanese_restaurant,,東日暮里1丁目32-3 1F
おおつか,1,bar,japanese_restaurant|seafood_restaurant,下谷3丁目11-9
焼鮮(yakisen),1,bar,pub,東京都台東区
大阪や,1,japanese_restaurant,,竜泉1丁目29-4
東鳩屋,1,japanese_restaurant,,
ツインツリー,1,diner,bar_and_grill_restaurant,東京都台東区竜泉１丁目２７−６
世話,1,restaurant,indian_restaurant|asian_restaurant,下谷3丁目1-25
楽亀,1,japanese_restaurant,restaurant,1 Chome-31-7 Iriya
Hokkaido Dish Living,1,restaurant,diner,竜泉1丁目9-2
茉莉花,1,restaurant,karaoke|furniture_store,入谷1丁目33-5
ラジャヴェッタ上野店,1,restaurant,,入谷2丁目27-4
Iriya Kuriya,1,restaurant,soul_food|japanese_restaurant,2-17-10 Iriya
じゅぼう,1,japanese_restaurant,restaurant|bar,入谷1丁目16-2
Hengen,1,asian_restaurant,,北上野2-20-2
Mitouya,1,restaurant,asian_restaurant|japanese_restaurant,北上野2-31-6
第三基地,1,japanese_restaurant,cafe|theme_restaurant,下谷2丁目21-12
Lucky Dragon,1,bar,restaurant|cafe,下谷2丁目14-2
からくさ,1,japanese_restaurant,restaurant|asian_restaurant,下谷2丁目9-7
加藤,1,restaurant,bar|barbecue_restaurant,東京都台東区入谷１丁目１８−５
我が家,1,bar,japanese_restaurant|restaurant,入谷1丁目27-5
満寿多,1,japanese_restaurant,restaurant|asian_restaurant,根岸4丁目1-18
ミステリーカラオケ輝,1,bar,karaoke|restaurant,下谷3丁目3-5
ほしのま,1,japanese_restaurant,,
いちくら,1,bar,japanese_restaurant|restaurant,根岸3丁目18-16
玉勝,1,japanese_restaurant,restaurant,根岸3丁目2-12
DEN,1,restaurant,coffee_shop,根岸3丁目3-18
鴬谷 寿々㐂,1,japanese_restaurant,shopping|retail,3 Chome-1-6-102 Negishi
城門,1,japanese_restaurant,restaurant|asian_restaurant,根岸3丁目24-18
根ぎし tatu‐や,1,japanese_restaurant,restaurant|diner,根岸3丁目12-18
まつかげ庵,1,japanese_restaurant,comfort_food_restaurant,根岸3丁目25-6
大つか,1,japanese_restaurant,asian_restaurant|restaurant,根岸3丁目10-2
金太郎飴・本店,1,bar,restaurant|pub,根岸5丁目16-12
おに平末広町鶯谷根岸店,1,restaurant,bar|pub,根岸1丁目5-13
関所,1,japanese_restaurant,bar|restaurant,根岸1丁目7-3
ソイギンタ,1,bar,restaurant|pub,根岸1丁目2-12
ヨーカンチャン,1,pub,bar|restaurant,"Negishi, 1 Chome−2−12 坂本ビル"
月うさぎ鶯谷店,1,bar,barbecue_restaurant|restaurant,根岸3丁目7-2
いちふく,1,japanese_restaurant,restaurant,根岸3丁目6-1
うさぎさん,1,restaurant,cafe|coffee_shop,東京都台東区根岸３丁目５−４
Landabout Table,1,restaurant,cafe|diner,"Negishi, 3 Chome−4−5 ランダバウト東京 1階"
イリス,1,restaurant,cafe|diner,根岸1丁目2-21
Jasmine,1,restaurant,thai_restaurant|adult_entertainment,東京都台東区根岸１丁目１−１７
鶯谷天風,1,japanese_restaurant,,根岸1-1-15
ココニモ,1,bar,pub|sake_bar,根岸1丁目1-15
Sea Garden,1,asian_restaurant,seafood_restaurant,1 Chome-3-21 Negishi
GENKI,1,bar,lounge|pub,根岸1丁目3-20
あじさい茶屋鶯谷店,1,restaurant,asian_restaurant|japanese_restaurant,根岸1丁目4-1
プライム,1,restaurant,coffee_shop|cafe,下谷1丁目3-4
ほてい,1,bar,japanese_restaurant|restaurant,下谷1丁目8-20
麦わら帽子,1,bar,,下谷１丁目１２−２５−１０１\n\n
チーズ谷,1,restaurant,cheese_shop|bar,東京都台東区下谷２丁目３−１
BiriBiri+Plus〜ビリビリプラス〜,1,vegan_restaurant,,下谷1-11-17
米酵母,1,japanese_restaurant,bar|eat_and_drink,下谷1丁目11-14
Restaurant 由,1,restaurant,chinese_restaurant,東京都台東区北上野２丁目１４−３
元治郎,1,japanese_restaurant,restaurant,2 Chome-8-7 Kitaueno
榮久堂,1,japanese_restaurant,,蔵前4-37-9
湯島ちそう 1号店 2号店,1,japanese_restaurant,sushi_restaurant|restaurant,2号店:湯島駅6番口徒歩0分、1号店：東京都文京区湯島天神近く、
私のハーモニカ,1,bar,restaurant|arts_and_entertainment,上野2-10-4 3F　
荻野,1,japanese_restaurant,eat_and_drink|bar,
翔太,1,japanese_restaurant,asian_restaurant,東上野5丁目10-11
タチバナ製麺所,1,japanese_restaurant,asian_restaurant|restaurant,5 Chome-21-9 Higashiueno
Guruatsu,1,vegetarian_restaurant,grocery_store|health_food_store,東京都台東区東上野４丁目２１−６
かくれんぼ@北上野,1,bar,restaurant|japanese_restaurant,東京都台東区北上野１丁目８−２
つたや,1,japanese_restaurant,restaurant,上野7丁目10-6
パゴダ東京,1,restaurant,bar|pub,東京都台東区上野７丁目１０−５
ししまる,1,bar,,"Ueno, 7 Chome−10−5 シャトウ上野ビル 4F"
上州男,1,restaurant,bar,"Ueno, 7 Chome−7−11 伸栄ビル 501"
かかし,1,japanese_restaurant,restaurant|diner,上野7-7-5-202
リトス 上野店,1,japanese_restaurant,sushi_restaurant|restaurant,上野7丁目8-1
エッコエッコ,1,japanese_restaurant,restaurant|diner,東上野4丁目10-8
歌屋,1,pub,bar|karaoke,"Higashiueno, 4 Chome−10−9 吉岡ビル"
上野寄せ家,1,japanese_restaurant,bar|asian_restaurant,東上野4丁目12-1
도쿄의 혼이 깃든 곳,1,japanese_restaurant,community_services_non_profits,4-5-6 Higashi-ueno
蔵人 上野,1,bar,lounge|pub,東上野３−３６−７ 地下1階
海藤,1,bar,restaurant|japanese_restaurant,東上野3丁目36-5
Kinack,1,restaurant,bar_and_grill_restaurant|music_venue,東京都台東区東上野4丁目3-8
みの房,1,japanese_restaurant,asian_restaurant|restaurant,東京都台東区上野７丁目３−９
ヤスキチ,1,japanese_restaurant,pub|asian_restaurant,上野7丁目4-10
上野全家,1,asian_restaurant,grocery_store|restaurant,
花の華上野店,1,japanese_restaurant,asian_restaurant,東上野4丁目3-1
Najirane,1,bar,pub,"Higashiueno, 3 Chome−14−12 101号室"
串金,1,bar,restaurant|japanese_restaurant,東上野3丁目17-5
水車本店,1,japanese_restaurant,restaurant|asian_restaurant,東上野2丁目21-11
虎の子,1,bar,restaurant|asian_restaurant,東上野2丁目20-9
アルペン,1,bar,restaurant|asian_restaurant,東上野2丁目20-11
椀久,1,bar,,東上野3丁目14-9 上野フジヤビルB1F
Enn,1,bar,french_restaurant|restaurant,東上野3丁目12-8
う舞堂,1,japanese_restaurant,asian_restaurant|restaurant,"Higashiueno, 3 Chome−25−2 鈴木ビル 1F"
さんじ,1,japanese_restaurant,asian_restaurant,東上野3丁目25-12
Hinano,1,bar_and_grill_restaurant,bar|burger_restaurant,"Higashiueno, 2 Chome−23−23 廣田ビル 2F"
たむら,1,japanese_restaurant,restaurant|asian_restaurant,"Higashiueno, 3 Chome−28−4 上野スカイハイツ"
ちょうさん,1,restaurant,asian_restaurant|japanese_restaurant,4-chōme-16 Higashiueno
AND?,1,japanese_restaurant,restaurant|cafe,東上野4ー16ー2 宮角ビル1F
鉄板焼き TENJIN 天神,1,japanese_restaurant,,東上野5-7-2
加賀廣稲荷町,1,japanese_restaurant,asian_restaurant|restaurant,東上野5丁目7-10
たまちゃん 稲荷町本店,1,bar,,東上野5-4-3 ザ・パークハウス102
鉄釜家,1,bar,chinese_restaurant,元浅草2丁目7-10
天三,1,japanese_restaurant,restaurant,元浅草2丁目8-8
鯉作,1,japanese_restaurant,restaurant|asian_restaurant,元浅草2丁目1-19
武乃蔵,1,bar,restaurant|japanese_restaurant,東上野6丁目1-17
ひふ味,1,bar,japanese_restaurant|restaurant,北上野2丁目11-3
えびす丸,1,japanese_restaurant,restaurant|sushi_restaurant,"Matsugaya, 3 Chome−8−6 センチュリー東上野 101"
のりきっちん,1,restaurant,,東京都台東区松が谷３丁目４−１
aida,1,food_and_drink,sake_bar,"Matsugaya, 3 Chome−16−8 並木ビル ２階"
蝦寿丸,1,bar,japanese_restaurant|sushi_restaurant,松が谷3丁目13-1
ヒノデ,1,japanese_restaurant,restaurant|sake_bar,107 1 Chome-5-14 Nishiasakusa
西浅草 しば田 和助,1,japanese_restaurant,restaurant|sushi_restaurant,1 Chome-5-14 Nishiasakusa
Kaminarimon Kisuke,1,restaurant,bar|pub,1
イトノワ,1,restaurant,,1
Moto Asakusa 102,1,bar,professional_services,"Motoasakusa, 4 Chome−4−15 小野ビル 102号室"
Art Shop Na,1,bar,fashion|clothing_store,1 Chome-8-12 Matsugaya
浅草 ひら山,1,restaurant,japanese_restaurant,東京都台東区西浅草１丁目３−１４
Mifumi Sango,1,japanese_restaurant,bar|comfort_food_restaurant,1 Chome-3-17 Nishiasakusa
Dumbo,1,bar,,2 Chome-7-8 Nishiasakusa
Fukuoka,1,japanese_restaurant,restaurant|asian_restaurant,2 Chome-7-8 Nishiasakusa
かさねや 浅草店,1,restaurant,diner,西浅草2丁目8-8
Oto's Table,1,japanese_restaurant,restaurant|diner,西浅草2丁目9-5
ひで吉,1,japanese_restaurant,restaurant,西浅草1丁目9-7
新月,1,japanese_restaurant,,東京都台東区西浅草１丁目９−１０
Menkobo,1,japanese_restaurant,noodles_restaurant|home_goods_store,2 Chome-2-3 Nishiasakusa
濱清,1,japanese_restaurant,restaurant|sushi_restaurant,西浅草2丁目2-10
Cowabunga,1,bar,pub,"Nishiasakusa, 2 Chome−2−6 マスヤビル"
西浅草 カミナリ軒,1,japanese_restaurant,chicken_restaurant,2 Chome-10-3 Nishiasakusa
Pure's Sound Market,1,bar,arts_and_entertainment|restaurant,"Nishiasakusa, 2 Chome−10−11 B1F"
喜多屋浅草別邸,1,japanese_restaurant,restaurant|hotel,西浅草2丁目12-8
TOKIO,1,bar,restaurant|asian_restaurant,西浅草2丁目12-8
我まんま,1,japanese_restaurant,restaurant|bar,西浅草2丁目1-8
やすらぎ,1,bar,pub|cocktail_bar,西浅草2丁目1-4
Fujifuku,1,vegetarian_restaurant,japanese_restaurant|restaurant,"Nishiasakusa, 2 Chome−2−2 １NATビル 102"
浅草ロゼ,1,bar,cafe|sake_bar,西浅草2丁目2-1
たぬき田原町店,1,japanese_restaurant,bar|restaurant,西浅草1丁目8-9
豪熊,1,bar,restaurant|japanese_restaurant,西浅草1丁目7-2
アメッツ,1,restaurant,spanish_restaurant|bar,西浅草1丁目1-12
かづ,1,japanese_restaurant,bar|sushi_restaurant,西浅草1丁目6-16
2 Villege,1,restaurant,bar|cafe,西浅草1丁目6-2
神楽乃うさぎ,1,japanese_restaurant,asian_restaurant|restaurant,寿2丁目9-16
ラッキーロイヤルガーデン,1,restaurant,thai_restaurant|indian_restaurant,寿2丁目10-11
十五夜,1,restaurant,bar|japanese_restaurant,"Kotobuki, 10, 2…10-11 仙石ビル3F"
一丁目一番地,1,restaurant,japanese_restaurant|liquor_store,東京都台東区西浅草１丁目１−１３
柿汁,1,japanese_restaurant,restaurant|bar,1 Chome-7-8 Kaminarimon
Bōju,1,restaurant,asian_restaurant|bar,浅草1-8-5
エテルナ,1,bar,dance_club|pub,雷門1丁目8-6
雷門パラダイス,1,bar,speakeasy|adult_entertainment,雷門1丁目9-2
あかし,1,japanese_restaurant,restaurant,雷門1丁目16-1
森田屋浅草総本店,1,japanese_restaurant,restaurant,雷門1丁目15-10
稲,1,bar,cafe,雷門1丁目9-4
シナノヤ酒店,1,bar,liquor_store|hotel,雷門1丁目5-9
浅草焼や,1,restaurant,japanese_restaurant|barbecue_restaurant,雷門1丁目3-7
はぎわら,1,restaurant,japanese_restaurant|bar,雷門1丁目12-12
浅草 いづ美,1,restaurant,cafe|eat_and_drink,東京都台東区浅草１丁目８−６
歩盃,1,japanese_restaurant,restaurant|asian_restaurant,雷門1丁目11-12
座江戸,1,japanese_restaurant,,浅草1-8-4
Asakusa Izumi,1,restaurant,diner,"Asakusa, 1 Chome−8−6 Famille浅草一丁目"
よこい,1,japanese_restaurant,,浅草1丁目13-1
た菜肴わ,1,restaurant,japanese_restaurant,浅草1丁目8-4
asakusa_shimasho,1,restaurant,,浅草1-12-8 大山ビル地下1F
穂里,1,japanese_restaurant,restaurant|coffee_shop,浅草1丁目13-3
酒冨士,1,bar,restaurant|asian_restaurant,浅草1丁目14-6
フリッツ・ブルージュ,1,food_and_drink,,東京都台東区浅草１丁目１４−１
鉄板焼き コジロー,1,japanese_restaurant,restaurant,浅草1丁目14-1
江戸定,1,japanese_restaurant,restaurant|asian_restaurant,浅草1丁目8-6
かりい乃,1,restaurant,coffee_shop|cafe,東京都台東区浅草１丁目８−６
Tokyo Knowledge,1,bar,pub|cafe,1 Chome-7-1 Asakusa
吾妻屋,1,bar,japanese_restaurant|sushi_restaurant,浅草1丁目6-2
昭和屋,1,restaurant,steakhouse|burger_restaurant,浅草1丁目7-5
Misojyu,1,japanese_restaurant,soup_restaurant|restaurant,1 Chome-7-5 Asakusa
大長,1,japanese_restaurant,asian_restaurant|restaurant,浅草1丁目14-10
酒富士,1,bar,sake_bar,浅草1丁目6-1
Sakafuji,1,japanese_restaurant,restaurant,1 Chome-6-1 Asakusa
ぱいち,1,japanese_restaurant,restaurant,浅草1丁目15-1
浅草聚楽 (じゅらく),1,japanese_restaurant,,浅草1-23-9
イロリア,1,restaurant,barbecue_restaurant,浅草1丁目23-1
金楽,1,japanese_restaurant,barbecue_restaurant|asian_restaurant,浅草1丁目15-4
晴光,1,japanese_restaurant,restaurant,浅草1丁目14-8
Tip Top Diner,1,diner,restaurant|bar,"Asakusa, 1 Chome−39−5 澤田屋ビル B1"
肉のスタミナ屋,1,japanese_restaurant,steakhouse|restaurant,浅草1丁目40-2
鳩ぽっぽ,1,japanese_restaurant,restaurant|asian_restaurant,浅草1丁目40-5
Godchappie,1,bar,pub|eat_and_drink,浅草１−４１−５
浅草DON,1,japanese_restaurant,beer_garden|eat_and_drink,"Asakusa, 1 Chome−41−7 ポセイドンソシアル 2F"
呑匠zono,1,bar,,浅草5-66-5
浅草ロックス店,1,fast_food_restaurant,,東京都台東区浅草１－２４－１
Malins Kitchen Car,1,food_truck_stand,,浅草1-25-15
ひとにぎり,1,japanese_restaurant,,浅草1-24-1
鳥元浅草店,1,japanese_restaurant,chicken_restaurant|restaurant,浅草1丁目9-8
香味家浅草雷門通り店,1,japanese_restaurant,barbecue_restaurant|restaurant,浅草1丁目10-2
Ocomo 浅草,1,japanese_restaurant,restaurant,浅草1丁目10-5
多から家,1,japanese_restaurant,restaurant,浅草1丁目11-6
多津美,1,japanese_restaurant,restaurant|asian_restaurant,浅草1丁目10-4
但馬庵,1,japanese_restaurant,restaurant|noodles_restaurant,浅草1丁目10-2
浅草東京亭,1,japanese_restaurant,asian_restaurant|restaurant,西浅草1丁目8-13
Okura,1,restaurant,diner,西浅草2丁目27-1
和風処 うさぎ,1,japanese_restaurant,restaurant|diner,西浅草2丁目26-1
あな太朗,1,japanese_restaurant,restaurant|asian_restaurant,西浅草2丁目26-1
表乃蔵,1,bar,japanese_restaurant|restaurant,西浅草2丁目27-1
Ton teki Genki x Asakusa Chankobajo,1,restaurant,bar|american_restaurant,西浅草2丁目27-10
浅草MJ,1,japanese_restaurant,restaurant,西浅草2丁目27-11
浅草いちずみ,1,japanese_restaurant,asian_restaurant|restaurant,西浅草3丁目3-1
Kikyou,1,japanese_restaurant,restaurant|bar,3 Chome-3-9 Nishiasakusa
Asok.O2,1,bar,restaurant|diner,"Nishiasakusa, 3 Chome−16−10 浅草高洋ビル4F"
じゃん腹,1,japanese_restaurant,restaurant,西浅草3丁目16-9
水喜,1,japanese_restaurant,,西浅草3-16-11
本とさや,1,japanese_restaurant,restaurant,西浅草3丁目1-9
居ざっく雅麗華の店,1,bar,japanese_restaurant|lounge,西浅草3丁目1-9
みそら屋,1,japanese_restaurant,restaurant|diner,2 Chome-10-14 Asakusa
hinata_asakusa,1,restaurant,,東京都台東区浅草２丁目１０−５
浅草ゴールデンタイガー,1,bar,music_venue|lounge,"Asakusa, 2 Chome−11−1 青木ビル 3階"
皐月浅草店,1,japanese_restaurant,restaurant|barbecue_restaurant,浅草2丁目11-5
ZEN,1,asian_fusion_restaurant,,浅草2丁目11-4 5F
浅草相撲部屋,1,japanese_restaurant,,浅草2-10-12
神豚,1,japanese_restaurant,,浅草2-6-7
いづも,1,japanese_restaurant,,浅草2-6-7
ユラユラ,1,japanese_restaurant,,浅草2-6-7
れんまる,1,japanese_restaurant,desserts|cafe,浅草2丁目6-7
鳶牛肉衛門,1,japanese_restaurant,barbecue_restaurant|asian_restaurant,浅草2丁目4-8
荒井屋へその店,1,japanese_restaurant,restaurant|asian_restaurant,2 Chome-4-8 Asakusa
一八,1,japanese_restaurant,restaurant|food_stand,浅草2丁目5-5
ローヤルセカンド 浅草,1,japanese_restaurant,restaurant,浅草3丁目37-3
徳仙,1,japanese_restaurant,restaurant,浅草2丁目4-4
中むらや,1,japanese_restaurant,asian_restaurant|restaurant,浅草2丁目5-8
あるぷす,1,japanese_restaurant,restaurant|diner,浅草2丁目5-3
Zenpin 300 Yen Ya,1,japanese_restaurant,restaurant,"Asakusa, 2 Chome−5−3 浅草金ちゃん"
浅草 つばめ屋,1,japanese_restaurant,,浅草2丁目4-10
Motsukushi,1,japanese_restaurant,sushi_restaurant|restaurant,2 Chome-3-16 Asakusa
鈴芳,1,bar,restaurant|japanese_restaurant,浅草2丁目5-1
鐡屋 くろがねや 浅草,1,japanese_restaurant,restaurant|bar,浅草2丁目5-13
天藤代永,1,japanese_restaurant,restaurant|asian_restaurant,浅草2丁目5-9
浅草 しまだ,1,japanese_restaurant,restaurant|sushi_restaurant,浅草2丁目6-7
花本,1,japanese_restaurant,bar|sake_bar,浅草2丁目7-14
赤かぶ,1,restaurant,eat_and_drink|bar,東京都台東区浅草２丁目７−１７
夏の家,1,japanese_restaurant,asian_restaurant,浅草2丁目7-19
目から鱗浅草店,1,japanese_restaurant,restaurant,浅草2丁目17-4
メンマル,1,japanese_restaurant,cafe|asian_restaurant,台東区浅草2-15-2
浅草 Bull Dog 38,1,bar,,浅草2-17-9
浅草つむぎ,1,japanese_restaurant,restaurant|asian_restaurant,東京都台東区浅草２丁目２２−１２
和牛の刀 ひさご通り店,1,japanese_restaurant,,浅草2-25-5
タケヤ,1,restaurant,bar|comfort_food_restaurant,浅草2丁目25-5
浅草 ふくじゅ,1,japanese_restaurant,asian_restaurant|restaurant,浅草3丁目10-1
よたか,1,pub,,浅草2-21-1
浅草みくも,1,japanese_restaurant,restaurant|asian_restaurant,浅草2丁目21-3
Okabe,1,japanese_restaurant,restaurant,2 Chome-21-3 Asakusa
浅草 おかべ,1,japanese_restaurant,,浅草2-21-3
華矢式,1,bar,restaurant|asian_restaurant,浅草2丁目17-5
梅ちゃん,1,japanese_restaurant,clothing_store|shopping,2-chōme-17 Asakusa
Miuraya,1,japanese_restaurant,seafood_restaurant|restaurant,2 Chome-19-9 Asakusa
太熊BEAR,1,bar,,浅草2-19-3
喜久,1,japanese_restaurant,restaurant,浅草2丁目19-2
利右衛門,1,bar,noodles_restaurant|restaurant,浅草2丁目13-1
一村,1,restaurant,diner,2 Chome-13-3 Asakusa
鉄板焼き 穂浅草本店,1,japanese_restaurant,restaurant,浅草2丁目13-4
Sky Grill Buffet Musashi,1,buffet_restaurant,japanese_restaurant|restaurant,3 Chome-17-1 Nishiasakusa
歌留多,1,japanese_restaurant,,西浅草3-17-1
武藏,1,restaurant,bar,西浅草3丁目17-1
浪花屋,1,restaurant,,
たんじろう,1,restaurant,barbecue_restaurant,東京都台東区西浅草３丁目２−９
飯田屋別館,1,japanese_restaurant,,3 Chome-3-11 Nishiasakusa
佐藤,1,japanese_restaurant,restaurant,東京都台東区西浅草２丁目２５−１２
かづや,1,japanese_restaurant,restaurant|asian_restaurant,西浅草3丁目3-4
カナメキッチン,1,japanese_restaurant,bar|restaurant,西浅草2丁目25-13
トウキョー ビアジラ,1,restaurant,,西浅草2丁目25-13 石山ビル102号
おざわ,1,japanese_restaurant,restaurant|diner,西浅草2丁目25-15
Wazn,1,restaurant,steakhouse|burger_restaurant,西浅草2丁目16-9
城山,1,restaurant,japanese_restaurant|comfort_food_restaurant,西浅草3丁目4-3
ちゃま,1,japanese_restaurant,restaurant|diner,3 Chome-14-6 Nishiasakusa
ピーター,1,japanese_restaurant,restaurant|coffee_shop,西浅草3丁目13-1
七五三,1,restaurant,japanese_restaurant,西浅草2丁目23-7
sizzle,1,japanese_restaurant,italian_restaurant|restaurant,西浅草2丁目23-9
レプリゼント,1,bar,restaurant|clothing_store,西浅草3丁目23-14
竜泉大和田,1,japanese_restaurant,buddhist_temple,竜泉3丁目13-3
でんだんどん,1,japanese_restaurant,bar,3 Chome-33-6 Senzoku
隠れ家かず,1,bar,japanese_restaurant|pub,2 Chome-25-4 Senzoku
いせや千束,1,japanese_restaurant,restaurant|asian_restaurant,千束2丁目23-5
鈴乃音,1,japanese_restaurant,coffee_shop|asian_restaurant,千束3丁目21-14
Amie,1,bar,,竜泉3丁目10-4 三好ビル 1F
国松,1,restaurant,japanese_restaurant,千束3丁目30-11
京まち,1,japanese_restaurant,asian_restaurant|restaurant,3 Chome-28-14 Senzoku
Ganesa,1,bar,japanese_restaurant|diner,千束3丁目6-8
ゆうゆの家,1,bar,,3 Chome-4-8 Senzoku
満水屋,1,restaurant,japanese_restaurant,"Senzoku, 3 Chome−6−8 スカイコート入谷"
Carne Station Buffet Asakusa,1,buffet_restaurant,restaurant|barbecue_restaurant,
がんこ屋,1,japanese_restaurant,restaurant|asian_restaurant,千束3丁目8-7
ねぎどん,1,japanese_restaurant,restaurant|noodles_restaurant,千束1丁目17-9
紅,1,japanese_restaurant,restaurant,千束1丁目15-8
浅草ハム 株式会社,1,food_and_drink,delicatessen,千束1-2-5
北の杜,1,japanese_restaurant,asian_restaurant,千束1丁目1-12
鮒金,1,japanese_restaurant,eat_and_drink,浅草3丁目13-3
弥生,1,japanese_restaurant,,浅草3-12-4
紋,1,japanese_restaurant,restaurant,"Asakusa, 3 Chome−41−2 こうづき"
ソリアーノ・モジャ,1,bar,,浅草3丁目41-3
KenBoo Chanploo,1,bar,,寿4-2-5 KOTOYON
三千世堺,1,japanese_restaurant,restaurant|chicken_restaurant,浅草3丁目40-1
一文無し,1,bar,restaurant|pub,浅草3丁目16-1-E
草津亭,1,japanese_restaurant,restaurant|diner,浅草3丁目18-10
ホーム,1,bar,,浅草3-18-9
浅草あさの,1,japanese_restaurant,,東京都台東区浅草３丁目１８−６
おりべ,1,japanese_restaurant,restaurant,浅草3丁目37-3
浅草 粋種,1,japanese_restaurant,,浅草3-38-5
鳥小,1,japanese_restaurant,asian_restaurant|restaurant,浅草4丁目21-9
Caril,1,restaurant,japanese_restaurant,4 Chome-17-3 Asakusa
楽や,1,japanese_restaurant,bar|restaurant,4 Chome-17-2 Asakusa
初代ちょべりば,1,bar,theme_restaurant|japanese_restaurant,浅草4丁目19-5
喜美松,1,japanese_restaurant,bar|chicken_restaurant,東京都台東区浅草４丁目３８−２
BLACK PAPA,1,japanese_restaurant,,"Asakusa, 4 Chome−18−7 メゾンフジ"
紅の灯ノヴ,1,comfort_food_restaurant,,
汰鐘奈,1,japanese_restaurant,restaurant|diner,"Asakusa, 4 Chome−16−2 大貫ビル 1F"
たまや,1,japanese_restaurant,restaurant,浅草3丁目37-8
Asakusa kanna,1,japanese_restaurant,,"Asakusa, 3 Chome−20−8 コーポ秋山 1F"
丹想庵健次郎,1,japanese_restaurant,restaurant,浅草3丁目35-3
hmmm asakusa,1,japanese_restaurant,fashion|eat_and_drink,3 Chome-35-2 Asakusa
にし座わ,1,japanese_restaurant,,浅草3-34-10
瓢庵,1,japanese_restaurant,restaurant|asian_restaurant,浅草3丁目34-11
弁天,1,japanese_restaurant,restaurant|barbecue_restaurant,浅草3丁目21-8
よし膳,1,japanese_restaurant,restaurant|asian_restaurant,3 Chome-33-2 Asakusa
三豊,1,japanese_restaurant,restaurant|asian_restaurant,4 Chome-10-2 Asakusa
とり幸,1,japanese_restaurant,sushi_restaurant|asian_restaurant,浅草3丁目33-7
浅草 永見,1,japanese_restaurant,sushi_restaurant|restaurant,4-43-6　1階西公道
細井,1,japanese_restaurant,,浅草4-39-9
ちゃこーる,1,japanese_restaurant,restaurant|barbecue_restaurant,浅草4丁目14-6
みかん,1,bar,restaurant,浅草4丁目15-10
PQ’s,1,vegetarian_restaurant,restaurant|fast_food_restaurant,東京都台東区浅草４丁目３８−７
Anela,1,bar,beauty_salon|arts_and_entertainment,浅草4丁目37-2
醍菜,1,japanese_restaurant,bar,浅草４丁目３７番１号
天国,1,japanese_restaurant,sushi_restaurant,
浅草じゅうろく,1,japanese_restaurant,sushi_restaurant|restaurant,浅草4丁目37-8
つち田,1,japanese_restaurant,sushi_restaurant|seafood_restaurant,浅草5丁目9-7
クワサル,1,japanese_restaurant,eat_and_drink,浅草5丁目20-3
喜林,1,japanese_restaurant,pub|bar,"Asakusa, 5 Chome−37−1 浅５ビル １階"
新ちゃん,1,japanese_restaurant,restaurant|barbecue_restaurant,浅草5丁目29-4
山口家,1,japanese_restaurant,restaurant|diner,浅草5丁目30-10
Koko,1,japanese_restaurant,bar,5 Chome-16-14 Asakusa
浅魂,1,japanese_restaurant,restaurant|bar,浅草5丁目10-14
末っ子,1,japanese_restaurant,restaurant|asian_restaurant,浅草5丁目17-8
能登屋支店,1,japanese_restaurant,asian_restaurant|restaurant,浅草4丁目36-5
ミモザ,1,restaurant,cafe|coffee_shop,東京都台東区浅草４丁目３８−６
とりたつ,1,japanese_restaurant,restaurant,浅草5丁目10-16
ダイマス,1,japanese_restaurant,,浅草4丁目23-8
Kankokuen,1,restaurant,cafe,1
Odetter,1,food_and_drink,restaurant,5 Chome-31-8 Asakusa
Village 5333,1,bar,diner|restaurant,5 Chome-33-3 Asakusa
幸鶴,1,japanese_restaurant,restaurant|delicatessen,4 Chome-31-4 Senzoku
川風,1,japanese_restaurant,,浅草3丁目34-11
川喜多,1,japanese_restaurant,cafe|restaurant,浅草5丁目56-4
浅草山ほ,1,japanese_restaurant,seafood_restaurant|restaurant,浅草5丁目34-2
Chanbow,1,japanese_restaurant,restaurant,5 Chome-47-10 Asakusa
ころろ,1,restaurant,coffee_shop|cafe,東京都台東区浅草４丁目４６−９
百作,1,japanese_restaurant,asian_restaurant|restaurant,"Asakusa, 4 Chome−7−12 アビタシオン浅草３"
Kashima,1,bar,cafe|tea_room,4 Chome-7-3 Asakusa
花櫚,1,japanese_restaurant,restaurant|asian_restaurant,東京都台東区浅草３丁目３１−３
浅草ミクロ,1,pub,,浅草3-31-9
居ZACKゴルゴ,1,bar,lounge|pub,浅草3丁目30-6
もがみや,1,japanese_restaurant,seafood_restaurant|asian_restaurant,浅草4丁目6-8
塩埜,1,japanese_restaurant,desserts|restaurant,浅草3丁目28-9
スプランドール,1,bar,pub|cocktail_bar,浅草4丁目49-8
林檎や,1,japanese_restaurant,restaurant|diner,浅草3丁目27-11
うりんぼ,1,japanese_restaurant,asian_restaurant|restaurant,花川戸2丁目21-7
炭火酔家 さと,1,japanese_restaurant,chicken_restaurant,東京都台東区花川戸２丁目２０−２
Et vous? エヴ?,1,restaurant,,花川戸2-9-11
辻むら 別館,1,japanese_restaurant,sushi_restaurant,浅草3-34-6
石の舟,1,bar,,花川戸1-14
雷一茶,1,japanese_restaurant,,花川戸1-15-9
櫻花,1,restaurant,pub,浅草2丁目33-7
自雷也,1,bar,restaurant|asian_restaurant,浅草2丁目34-11
竹三郎,1,japanese_restaurant,restaurant,花川戸1丁目15-4
鳥多古,1,japanese_restaurant,barbecue_restaurant|restaurant,浅草2丁目32-1
丸太ごうし,1,japanese_restaurant,restaurant|bar,浅草2丁目32-11
馬呂,1,lounge,bar|restaurant,浅草3丁目29-4
いち条,1,japanese_restaurant,restaurant|asian_restaurant,浅草3丁目30-12
婦志多,1,japanese_restaurant,restaurant|asian_restaurant,浅草3丁目22-5
酔花,1,japanese_restaurant,sake_bar|bar,浅草4丁目34-6
パロミータス 浅草工場直売,1,restaurant,,浅草3丁目5-4
浅草みちびき花の辻,1,japanese_restaurant,asian_restaurant|restaurant,
ベニラン,1,pub,bar|restaurant,浅草3丁目21-9
ウデヨリ,1,japanese_restaurant,comfort_food_restaurant|bar,
一直,1,japanese_restaurant,restaurant|asian_restaurant,浅草3丁目8-6
千葉屋,1,japanese_restaurant,restaurant|food_beverage_service_distribution,東京都台東区浅草３丁目９−１０
宿六,1,japanese_restaurant,sushi_restaurant|restaurant,浅草3丁目9-10
こへると,1,restaurant,japanese_restaurant|bar,東京都台東区浅草３丁目９−１０
さわぎ,1,japanese_restaurant,sushi_restaurant|indian_restaurant,浅草2丁目28-1
February Kitchen,1,restaurant,asian_fusion_restaurant|cafe,2 Chome-29-6 Asakusa
浅草製作所,1,food_and_drink,japanese_restaurant,東京都台東区浅草２丁目７−１３
浅草天ちゃ,1,japanese_restaurant,bar|bar_and_grill_restaurant,浅草２丁目７－２１
Yohei,1,japanese_restaurant,desserts,2 Chome-2-7 Asakusa
吉幸,1,japanese_restaurant,restaurant,浅草2丁目2-13
Yoroiya,1,japanese_restaurant,asian_restaurant|noodles_restaurant,1 Chome-36-7 Asakusa
Umetohoshi,1,japanese_restaurant,restaurant|diner,2 Chome-2-4 Asakusa
梅と星,1,japanese_restaurant,,浅草2-2-4
のぶ,1,restaurant,japanese_restaurant|steakhouse,浅草1丁目36-7
まさる,1,japanese_restaurant,restaurant|diner,浅草1丁目32-2
ひろ里,1,japanese_restaurant,asian_restaurant|restaurant,浅草1丁目32-13
東京浅草浪漫,1,restaurant,,浅草1丁目32-7
Asakusaedotoyo,1,restaurant,landmark_and_historical_building|diner,1丁目32-6
麻鳥,1,japanese_restaurant,restaurant|asian_restaurant,浅草1丁目31-2
Asadori,1,japanese_restaurant,asian_restaurant|restaurant,1 Chome-31-2 Asakusa
秋月,1,restaurant,japanese_restaurant|asian_restaurant,東京都台東区浅草１丁目３０−２
Kanesoh,1,bar,eat_and_drink|restaurant,東京都台東区浅草１丁目１８−１２
あまからくまから 浅草,1,comfort_food_restaurant,,浅草1-20-5
浅草安心や,1,japanese_restaurant,diner|restaurant,浅草2丁目3-3
東京浅草豊福,1,japanese_restaurant,,浅草2丁目3-4
平泉,1,japanese_restaurant,restaurant|asian_restaurant,浅草1丁目39-9
ふじでん,1,japanese_restaurant,sushi_restaurant,浅草1丁目39-10
十味小野屋,1,japanese_restaurant,asian_restaurant|sushi_restaurant,浅草1丁目39-9
香味家浅草新仲見世通り店,1,japanese_restaurant,,"Asakusa, 1 Chome−39−5 澤田屋ビル 2階"
Larousse,1,restaurant,diner,1 Chome-39-2 Asakusa
浅草清雅堂,1,bar,sake_bar|seafood_restaurant,浅草1丁目28-2
Rokumonsen Honten,1,restaurant,japanese_restaurant|diner,1 Chome-16-9 Asakusa
津久志,1,japanese_restaurant,restaurant|eat_and_drink,浅草1丁目16-3
浅草長屋,1,japanese_restaurant,restaurant|asian_restaurant,東京都台東区浅草１丁目５−９
ベル,1,restaurant,cafe|japanese_restaurant,浅草1丁目29-9
Koyanagi,1,japanese_restaurant,restaurant,1 Chome-29-11 Asakusa
小柳,1,japanese_restaurant,restaurant,東京都台東区浅草１丁目２９−１１
Asakusa Amairo,1,japanese_restaurant,restaurant|asian_restaurant,1 Chome-20-7 Asakusa
浅草スタンド,1,bar,restaurant|cafe,浅草1丁目18-8
鈴楼,1,bar,bar_and_grill_restaurant|beauty_and_spa,浅草1丁目18-9
酔虎,1,japanese_restaurant,sushi_restaurant|seafood_restaurant,浅草1丁目4-10
浅草若鹿,1,japanese_restaurant,restaurant|asian_restaurant,雷門1丁目13-13
十駒,1,japanese_restaurant,bar|restaurant,雷門2丁目8-8
あっぷる亭,1,japanese_restaurant,restaurant|cafe,雷門2丁目9-2
まる吉八,1,bar,restaurant|asian_restaurant,雷門2丁目11-7
しげ正,1,japanese_restaurant,restaurant|bar,雷門2丁目17-13
Sea one 浅草 シーワン,1,japanese_restaurant,restaurant|fast_food_restaurant,浅草2丁目21-1
planetboy,1,bar,pub,"Kaminarimon, 2 Chome−17−13 雷門ウスイビル"
うおさい,1,japanese_restaurant,sushi_restaurant|bar,東京都
クラウン,1,restaurant,diner|cafe,浅草1丁目2-13
串助,1,japanese_restaurant,,浅草1-2-12
Torasuzu,1,japanese_restaurant,restaurant,1 Chome-2-13 Asakusa
雷門き介,1,bar,japanese_restaurant|restaurant,雷門2丁目3-12
海峡,1,bar,restaurant|japanese_restaurant,浅草1丁目1-16
あさくさ商店,1,japanese_restaurant,,"Asakusa, 1 Chome−1−17 増田ビル B1F"
志ぶや,1,bar,restaurant|japanese_restaurant,浅草1丁目1-6
雑派Asakusa,1,bar,pub,東京都台東区浅草１丁目１−１２
福ちゃん,1,japanese_restaurant,restaurant|diner,浅草1丁目1-12
たいざん桜,1,japanese_restaurant,halal_restaurant|restaurant,東京都台東区浅草１丁目３３−８
御門内東南屋,1,japanese_restaurant,restaurant|asian_restaurant,1 Chome-33-5 Asakusa
MUSUBI,1,japanese_restaurant,restaurant,浅草1丁目34-6
坊,1,japanese_restaurant,bar|restaurant,浅草2丁目1-5
馬道,1,bar,restaurant|japanese_restaurant,浅草2丁目1-2
花みずき,1,restaurant,bar|japanese_restaurant,浅草2丁目1-15
光家,1,japanese_restaurant,restaurant|asian_restaurant,花川戸1丁目6-5
浅草生田庵,1,japanese_restaurant,chinese_restaurant,東京都台東区花川戸１丁目６−４
editor's fav「るるぶキッチン」,1,restaurant,bar|cafe,花川戸1-4-1　浅草エキミセ7Ｆ
鶴亀屋,1,japanese_restaurant,restaurant|asian_restaurant,"Hanakawado, 1 Chome−4−1 ＥＫＩＭＩＳＥ 7F"
Asakusa-Ushimitsu,1,japanese_restaurant,,花川戸1-2-8
Injoy Yomitan,1,vegetarian_restaurant,chinese_restaurant|restaurant,"Hanakawado, 1 Chome−9−1 浅草駅前北口ビル ３階"
浅草昭和軒,1,japanese_restaurant,restaurant,花川戸1丁目8-13
Suke6 Diner,1,diner,cafe|restaurant,"Hanakawado, 1 Chome−11−1 あゆみビル"
郡八,1,japanese_restaurant,asian_restaurant|restaurant,鹿浜4丁目26-7
Gunpachi,1,japanese_restaurant,restaurant|diner,4 Chome-26-7 Shikahama
助兆,1,japanese_restaurant,eat_and_drink,9 Chome-15-28 Iriya
浜忠,1,japanese_restaurant,asian_restaurant|restaurant,3-chōme-13 Iriya
プラスアルファー,1,japanese_restaurant,fishmonger|cafe,加賀1丁目18-19
黒田家,1,japanese_restaurant,restaurant|sushi_restaurant,加賀1丁目20-11 
ごん兵衛,1,japanese_restaurant,restaurant|asian_restaurant,2 Chome-18-11 Tsubaki
なすや,1,restaurant,japanese_restaurant|diner,入谷7丁目6-16
安吉,1,japanese_restaurant,restaurant|asian_restaurant,鹿浜6丁目36-2
あいちゃく亭,1,japanese_restaurant,asian_restaurant|restaurant,入谷2丁目24-10
剣軒,1,japanese_restaurant,restaurant,入谷2丁目12-14
珍千炉鈴,1,bar,restaurant|asian_restaurant,鹿浜7丁目9-8
ちぇじゅ,1,restaurant,eat_and_drink,
ゴードン・ケータリングサービス,1,restaurant,cafe,東京都足立区皿沼３丁目２０−２２
和行,1,japanese_restaurant,restaurant|asian_restaurant,5 Chome-16-11 Toneri
濱之家入谷店,1,japanese_restaurant,restaurant,入谷2丁目1-4
田口屋,1,asian_restaurant,restaurant|japanese_restaurant,東京都足立区舎人５丁目１１−１４
toricky,1,bar,restaurant|japanese_restaurant,谷在家3丁目20-1
田奈加,1,japanese_restaurant,asian_restaurant|restaurant,西新井7丁目4-6
なごみ処 いろは,1,restaurant,comfort_food_restaurant,1-chōme-7 Toneri
善,1,japanese_restaurant,sushi_restaurant,古千谷本町1丁目14-35
釜福西新井店,1,japanese_restaurant,,西新井本町2丁目5-5
みかく,1,japanese_restaurant,bar,6 Chome-43-3 Nishiarai
善zen,1,bar,cafe|japanese_restaurant,1-14-35
彦川,1,japanese_restaurant,restaurant|asian_restaurant,西伊興2丁目1-30
味良,1,japanese_restaurant,barbecue_restaurant|restaurant,西新井5丁目42-24
びんちょう,1,asian_restaurant,restaurant|bar,西新井本町1丁目17-34
かどや飲食店,1,restaurant,japanese_restaurant|sushi_restaurant,東京都足立区西新井1丁目7 12
三ッ峰,1,japanese_restaurant,restaurant,1 Chome-10-7 Nishiaraihoncho
Ninotori Nishiarai Daishimae,1,restaurant,,
まめ屋 西新井大師店,1,japanese_restaurant,,西新井一丁目9-13
うずき,1,japanese_restaurant,restaurant|asian_restaurant,東京都足立区古千谷本町４丁目７−８
ひよこ西新井大師前店,1,bar,restaurant|asian_restaurant,西新井本町1丁目16-10
みずとくじら,1,japanese_restaurant,restaurant,西新井1丁目5-9
北新地,1,bar,cafe,西新井本町1丁目11-7
あずみ野,1,japanese_restaurant,restaurant|asian_restaurant,西新井本町1丁目16
めぐみ,1,japanese_restaurant,,4 Chome-4-32 Nishiaraihoncho
とさきや,1,japanese_restaurant,restaurant|asian_restaurant,西新井2丁目31-7
あしかが,1,pub,bar|restaurant,5 Chome-13-8 Nishiaraihoncho
喜多家 西新井店,1,japanese_restaurant,,西新井1-38-20
六紋亭,1,japanese_restaurant,noodles_restaurant|restaurant,西新井本町1丁目15-9
あいこで処,1,bar,restaurant|pub,西新井1丁目16-18
大成軒,1,japanese_restaurant,theme_restaurant|restaurant,西新井本町5丁目2-6
ごっつ庵,1,japanese_restaurant,sushi_restaurant|restaurant,栗原3丁目30-9
Kauntabaadoragon,1,bar,dance_club|restaurant,栗原3丁目30-9
うまげな アリオ西新井店,1,japanese_restaurant,noodles_restaurant|restaurant,"Nishiaraisakaecho, 1 Chome−20−1 アリオ西新井 1F フードコート"
まるか家,1,restaurant,noodles_restaurant|cafe,4 Chome-8-15 Higashiiko
キッチンラッキー,1,japanese_restaurant,restaurant|sushi_restaurant,伊興3丁目20-10
尾竹橋通り栗原店,1,fast_food_restaurant,,東京都足立区栗原４－１８－１８
田中商店 本店,1,japanese_restaurant,,
SUSMA,1,restaurant,,
浜町,1,japanese_restaurant,bar|asian_restaurant,西竹の塚1丁目16-4
まるみ,1,bar,,東京都足立区西竹の塚２丁目４−１９
たけづか,1,japanese_restaurant,sushi_restaurant,西竹の塚1丁目16-3
J+,1,bar,restaurant|diner,伊興本町1丁目1-2
すみちゃん,1,restaurant,japanese_restaurant,西新井栄町2丁目7-6
エビス参竹ノ塚店,1,bar,liquor_store|bakery,西竹ノ塚1丁目12-13
アイショウ,1,asian_restaurant,indian_restaurant|bar,1 Chome-12-22-101 Kurihara
KOSATO,1,japanese_restaurant,restaurant|diner,"Nishiaraisakaecho, 2 Chome−6−3 江口ビル 3F"
とらぢや,1,asian_restaurant,restaurant|japanese_restaurant,関原3丁目29-3
ゆきひろ,1,japanese_restaurant,restaurant|asian_restaurant,西新井栄町2丁目3-11
エパレット,1,japanese_restaurant,,栗原2丁目19-7 101
アポロ,1,restaurant,dance_club|bar,東京都足立区竹の塚1丁目28-17
The四季處 飛来,1,japanese_restaurant,restaurant|asian_restaurant,東京都足立区竹の塚１丁目２８−１３
総作料理 おーる,1,japanese_restaurant,,竹の塚1丁目28-4
鉄板焼英,1,japanese_restaurant,asian_restaurant|restaurant,"Takenotsuka, 1 Chome−28−4 MIYABIビル 1F"
直千,1,bar,restaurant|japanese_restaurant,竹の塚1丁目28-4
ナオセン,1,bar,restaurant|asian_restaurant,竹の塚1丁目28-4
桔梗と空,1,japanese_restaurant,cafe,西新井栄町1丁目12-8
純,1,pub,bar|restaurant,西新井栄町1丁目14-15
味香和,1,restaurant,eat_and_drink|diner,竹の塚1丁目24-7
串処たけ,1,japanese_restaurant,sushi_restaurant,1 Chome-28-18 Takenotsuka
NEW ZION,1,bar,dance_club|topic_concert_venue,"Takenotsuka, 1 Chome−29−8 6F CENTRAL BUILDING"
旅する蒸留所 Ginpsy,1,distillery,liquor_store,竹の塚1-40-15 庄栄ビル５階 ＢＰＴ
トリあえず,1,bar,restaurant,竹の塚1丁目30-12
ペンギン商店,1,diner,,梅島3-33
甲斐路,1,japanese_restaurant,restaurant|asian_restaurant,梅島3丁目31-13
汐路,1,japanese_restaurant,restaurant|asian_restaurant,竹の塚6丁目4-4
ホトリ,1,japanese_restaurant,restaurant,竹の塚6丁目5-3
加賀廣竹の塚店,1,japanese_restaurant,restaurant|asian_restaurant,竹の塚1丁目30-17
よつ家,1,japanese_restaurant,restaurant|diner,竹の塚6-8-10-103
竹ノ塚カントリークラブ,1,bar,driving_range|community_services_non_profits,"Takenotsuka, 6 Chome−14−5 古川ビル 2F 第二"
希泉,1,japanese_restaurant,restaurant|asian_restaurant,梅島3丁目31-16
ベジ吉おかめ,1,japanese_restaurant,grocery_store|restaurant,栗原２－１９－７
人暖楽,1,bar,restaurant|asian_restaurant,竹の塚6丁目14-2
たまも,1,japanese_restaurant,restaurant|diner,島根4丁目6-1
まるげん 頃場,1,japanese_restaurant,grocery_store,竹の塚1-28-17ハーモニーベルタケノツカ1F
でりたま屋,1,bar,japanese_restaurant|restaurant,竹の塚6丁目13-15
しおの風,1,japanese_restaurant,restaurant,竹の塚6丁目24-16
キッチン・エスプレッソ,1,restaurant,coffee_shop|japanese_restaurant,"Takenotsuka, 5 Chome−4−8 清水コーポ 102"
福ろう,1,japanese_restaurant,restaurant|bar,竹の塚5丁目8-15
五呂八,1,japanese_restaurant,eat_and_drink|restaurant,5 Chome-14-10 Takenotsuka
ふうりゅう,1,japanese_restaurant,chinese_restaurant|noodles_restaurant,梅田8丁目3-11
キッチンエレファント,1,japanese_restaurant,asian_restaurant|restaurant,竹の塚2丁目32-12
沢田商店,1,restaurant,home_goods_store|gardener,竹の塚2丁目17-6
梅島駅前店,1,fast_food_restaurant,,東京都足立区梅田７－３６－５
花の木,1,japanese_restaurant,restaurant|diner,梅田7丁目34-13
茶の間,1,japanese_restaurant,restaurant|asian_restaurant,竹の塚3丁目5-2
よかにせ,1,japanese_restaurant,restaurant|diner,西保木間1丁目23-10
ミッドナイト,1,pub,bar|restaurant,"Takenotsuka, 3 Chome−20−11 正華ビル 2F"
えんらく 環七梅島店,1,japanese_restaurant,,島根1丁目9-5 エリア: 西新井
深水,1,japanese_restaurant,restaurant|asian_restaurant,1 Chome-15-1 Umejima
太閣殿下,1,bar,sake_bar|restaurant,梅島1丁目15-1
どんどん 梅島店,1,japanese_restaurant,barbecue_restaurant|restaurant,梅島2丁目35-13
Azumabashi A's,1,bar,,2 Chome-10-1 Azumabashi
美膳,1,restaurant,,吾妻橋2丁目18-16
LAND A,1,restaurant,cafe|tea_room,向島1丁目2-4
ourbs,1,restaurant,cafe|bar,1 Chome-12-4 Hanakawado
山之宿,1,japanese_restaurant,restaurant|asian_restaurant,花川戸2丁目17-2
木むら,1,japanese_restaurant,bar|sake_bar,花川戸2丁目11-9
ぶんすけ,1,japanese_restaurant,noodles_restaurant,花川戸2丁目15-6
cacom,1,restaurant,diner|japanese_restaurant,2 Chome-15-6 Hanakawado
むうや,1,restaurant,cafe|bakery,東京都墨田区向島１丁目２−１２
ゆう庵,1,japanese_restaurant,restaurant,吾妻橋2丁目9-8
ササエル,1,bar,,向島1-23
おぼろけ,1,bar,,東京都墨田区向島１丁目３３−３
さつま屋,1,japanese_restaurant,eat_and_drink,押上2丁目1-1
新鮮家,1,japanese_restaurant,,押上2-1-1
Grill Kakiyasu,1,japanese_restaurant,sushi_restaurant|asian_restaurant,押上1丁目1-2
Kitchen 634 Musashi(キッチンムサシ),1,japanese_restaurant,restaurant,
スギモト本店,1,restaurant,japanese_restaurant,押上1丁目1-2
國見,1,japanese_restaurant,restaurant|diner,押上1丁目1-2
CLOUD NINE,1,bar,,業平4-3-10
ありあけ,1,japanese_restaurant,restaurant|asian_restaurant,向島1丁目29-10
とねや,1,restaurant,japanese_restaurant|asian_restaurant,東京都墨田区向島３丁目４−２
向じま 花由,1,japanese_restaurant,,向島2丁目14-14
上総屋,1,japanese_restaurant,restaurant|asian_restaurant,向島2丁目2-10
向じま 千穂 せんすい,1,japanese_restaurant,restaurant|diner,2 Chome-9-3 Mukojima
向島七福すずめの御宿,1,japanese_restaurant,restaurant|asian_restaurant,向島2丁目9-2
久茂登,1,japanese_restaurant,restaurant|asian_restaurant,向島2丁目15-2
波むら,1,japanese_restaurant,restaurant|diner,向島2丁目15-8
こくぼ,1,japanese_restaurant,restaurant,東京都墨田区向島３丁目６−５
向嶋 だるま,1,japanese_restaurant,noodles_restaurant,向島4丁目1-11
道成寺,1,japanese_restaurant,,向島5丁目32-1
umitoyama,1,restaurant,asian_restaurant|indian_restaurant,向島5丁目30-15
櫻茶ヤ,1,japanese_restaurant,restaurant|diner,向島5丁目24-10
月笛,1,japanese_restaurant,,向島5丁目29-9 エリア: 押上
千代田,1,japanese_restaurant,asian_restaurant|restaurant,向島5丁目20-13
水の登,1,japanese_restaurant,restaurant|asian_restaurant,向島5丁目17-13
ふ多葉,1,japanese_restaurant,restaurant|asian_restaurant,向島5丁目24-13
河原のあべ,1,japanese_restaurant,restaurant,向島5丁目24-2
おがわさんち,1,restaurant,japanese_restaurant|accommodation,
朝日山,1,japanese_restaurant,,浅草6丁目1-3
きさんじ,1,japanese_restaurant,,"Asakusa, 6 Chome−20−2 内田ビル 1F"
いいま,1,japanese_restaurant,eat_and_drink|restaurant,浅草6丁目5-10
丸花,1,japanese_restaurant,restaurant|diner,浅草6丁目32-3
加代,1,japanese_restaurant,restaurant|bar,東京都台東区清川１丁目８−８
四分一,1,bar,,今戸
山海,1,japanese_restaurant,restaurant|asian_restaurant,橋場1丁目30-10
ニューダイカマ,1,japanese_restaurant,restaurant|asian_restaurant,東京都台東区清川１丁目２９−５
大釜本店,1,japanese_restaurant,restaurant,清川1丁目29-5
マルイ洋品店,1,restaurant,,清川2丁目2-4
玉ちゃん,1,japanese_restaurant,restaurant|bar_and_grill_restaurant,清川1丁目34-7
遠州屋本店 高尾,1,japanese_restaurant,restaurant|bar,1 Chome-35-5 Kiyokawa
中村家,1,japanese_restaurant,cafe|restaurant,2 Chome-5-1 Kiyokawa
満古登や,1,bar,restaurant|japanese_restaurant,1 Chome-23-10 Nihonzutsumi
多加,1,japanese_restaurant,restaurant|diner,南千住3丁目7-2
ウッディー,1,restaurant,,南千住 5-39-8 比良ビル１Ｆ
筑波家,1,japanese_restaurant,asian_restaurant|restaurant,2 Chome-22-9 Hashiba
みづの家,1,japanese_restaurant,chinese_restaurant|restaurant,橋場1丁目32-7
小川家,1,japanese_restaurant,,橋場2丁目3-2
クロ,1,restaurant,cafe|coffee_shop,東京都台東区橋場1 34-5
クラウド ナイン,1,restaurant,wine_bar,業平4-3-10
からっぽの冷ぞう庫,1,restaurant,bar|eat_and_drink,東京都墨田区押上1-26-5-101コーポ野村
向島 千穂,1,restaurant,,
神田明神下みやび 食市場,1,food_and_drink,restaurant|delicatessen,外神田2-8-9
味花,1,restaurant,japanese_restaurant|comfort_food_restaurant,東京都墨田区墨田２丁目１１−１４
とみやま,1,restaurant,japanese_restaurant|bar_and_grill_restaurant,墨田3丁目31-8
園公とと,1,bar,japanese_restaurant,墨田3丁目31-4
Tomi's,1,restaurant,asian_restaurant|japanese_restaurant,3 Chome-37-13 Sumida
向じま ごっ馳走,1,japanese_restaurant,restaurant,墨田3丁目6-16
よさこい,1,bar,restaurant,東向島5丁目15-13
松むら向島店,1,japanese_restaurant,eat_and_drink|sushi_restaurant,東向島1-15-15
幾の家,1,japanese_restaurant,restaurant|asian_restaurant,東陽1丁目12-7
からふる,1,bar,sake_bar|japanese_restaurant,東向島5-3-3-104
夏,1,bar,pub|cocktail_bar,東京都墨田区東向島５丁目３−３
山げたん,1,japanese_restaurant,asian_restaurant|barbecue_restaurant,5 Chome-3-3 Higashimukojima
向島 きづ菜,1,bar,,東向島5丁目10-17
るんるん,1,restaurant,bar|fast_food_restaurant,東京都墨田区東向島５丁目１１−２
鳩家,1,japanese_restaurant,restaurant|diner,東向島3丁目37-7
東向島かみむら,1,restaurant,japanese_restaurant|eat_and_drink,
二平商店,1,japanese_restaurant,chinese_restaurant,東向島2丁目39-12
曳舟店,1,fast_food_restaurant,,東京都墨田区東向島２－３０－６
旭屋,1,restaurant,sushi_restaurant|japanese_restaurant,京島1丁目22-1
山田家 テルミナ店,1,japanese_restaurant,,江東橋3-14-5
いまでや錦糸町,1,bar_and_grill_restaurant,,
かずの子,1,japanese_restaurant,,3 Chome-36-6 Higashimukojima
青いほし,1,bar,restaurant|japanese_restaurant,東向島3丁目35-6
きんぎよ,1,pub,bar|restaurant,東向島2丁目16-25
Chippe,1,restaurant,,东京都墨田区向岛 5丁目49-7
きんたろう,1,speakeasy,bar,5 Chome-34-10 Mukojima
赤煉瓦,1,japanese_restaurant,barbecue_restaurant|asian_restaurant,向島4丁目8-1
あきら,1,japanese_restaurant,restaurant|european_restaurant,向島4丁目5-7
美舟音,1,japanese_restaurant,restaurant|diner,向島5丁目33-12
むーたお,1,bar,restaurant|sake_bar,向島4丁目2-14
Relax,1,bar,pub|bar_and_grill_restaurant,東京都墨田区向島4-2-13
秘蔵,1,bar,cocktail_bar|sake_bar,向島4丁目26-6
八っちゃん,1,japanese_restaurant,restaurant,4 Chome-10-21 Mukojima
New Okachan 曳舟店,1,japanese_restaurant,,2 Chome-15-13 Higashimukojima
うぞうむぞう,1,japanese_restaurant,wine_bar|sushi_restaurant,東向島2丁目15-12
竹久木,1,japanese_restaurant,restaurant|asian_restaurant,東向島2丁目15-12
七々,1,japanese_restaurant,asian_restaurant|restaurant,東向島2丁目16-16
ひき舟,1,japanese_restaurant,bar|restaurant,2 Chome-15-7 Higashimukojima
雪国,1,bar,,東向島2ｰ14ｰ6
源次郎,1,japanese_restaurant,asian_restaurant|restaurant,東向島2丁目14-2
ろくろと米 ととと,1,restaurant,coffee_shop,4 Chome-30-14 Mukojima
半田酒店,1,bar,liquor_store,押上2丁目12-7
よんまる,1,bar,restaurant|japanese_restaurant,押上2丁目19-17
宙寅屋 東京ソラマチ店,1,japanese_restaurant,restaurant|asian_restaurant,東京都墨田区押上１丁目１−２
すかいつりー,1,japanese_restaurant,bar|restaurant,
RIKYU,1,japanese_restaurant,restaurant|asian_restaurant,"Oshiage, 1 Chome−1−2 東京スカイツリータウン ソラマチ6F"
solairo,1,restaurant,japanese_restaurant|bar,"Oshiage, 1 Chome−1−2 東京ソラマチ 30F"
トップテーブル,1,restaurant,,押上1丁目1-2 東京ソラマチ 1F
Matenro,1,japanese_restaurant,restaurant|asian_restaurant,押上1丁目1-2
わのみ,1,bar,japanese_restaurant|restaurant,押上1丁目12-3
和・輪,1,japanese_restaurant,bar|restaurant,1 Chome-13-10 Oshiage
しらかば,1,japanese_restaurant,restaurant|diner,1-chōme-13 Oshiage
tomoru,1,japanese_restaurant,noodles_restaurant|restaurant,1 Chome-12-4 Oshiage
いちりきや,1,japanese_restaurant,asian_restaurant|restaurant,押上1丁目20-8
庵甫,1,bar,japanese_restaurant|restaurant,1 Chome-19-6 Oshiage
なおよし,1,japanese_restaurant,restaurant|asian_restaurant,押上1丁目19-12
朴仙,1,japanese_restaurant,asian_restaurant,押上1丁目22-7
相馬,1,japanese_restaurant,restaurant|bar,"Oshiage, 1 Chome−43−1 秋三ビル"
永藤,1,japanese_restaurant,restaurant|seafood_restaurant,"Oshiage, 1 Chome−46−4 荒川ビル"
中むら,1,japanese_restaurant,restaurant|asian_restaurant,東京都墨田区押上３丁目１８−１１
ポーポロ,1,japanese_restaurant,restaurant,押上3丁目25-16
ぎんじろう,1,bar,restaurant,京島2丁目19-6
とらばし,1,bar,soul_food|cafe,東京都墨田区京島３丁目６２−１７
おとめちゃんち,1,restaurant,bar|japanese_restaurant,文花1丁目25-5
美味斎,1,asian_restaurant,restaurant|diner,京島3丁目65-6
のざきや,1,japanese_restaurant,asian_restaurant|restaurant,八広2丁目52-17
季の芽,1,bar,japanese_restaurant|restaurant,八広2丁目47-13
ふじちゃん,1,restaurant,bar|bar_and_grill_restaurant,3-chōme-54 Kyōjima
50BAN 京島,1,japanese_restaurant,restaurant|diner,京島3丁目54-6
きくのや,1,japanese_restaurant,bed_and_breakfast,京島3丁目21-10
五福家,1,japanese_restaurant,noodles_restaurant|restaurant,3 Chome-52-1 Kyojima
砂丘,1,restaurant,asian_restaurant,3 Chome-60-4 Kyojima
もこや,1,restaurant,fast_food_restaurant,京島3-50-14 halahelu(ハラヘル）
ひよ粉,1,japanese_restaurant,restaurant|diner,京島3丁目48-9
よね屋,1,bar,restaurant|asian_restaurant,京島3丁目10-1
1000REN,1,japanese_restaurant,,京島3-18-19
三/十,1,restaurant,sandwich_shop,京島3-20-9
ますだ,1,japanese_restaurant,,京島3丁目19-3 エリア: 押上
Miyabi,1,japanese_restaurant,,2 Chome-1-14 Yahiro
山平屋,1,japanese_restaurant,restaurant|diner,八広3丁目6-3
Yomock,1,food_truck_stand,professional_services,
あづま太鼓,1,japanese_restaurant,restaurant|asian_restaurant,"Yahiro, 3 Chome−37−2 八広第一マンション"
Le Soleil Levant Hinode,1,lounge,japanese_restaurant|restaurant,八広3丁目38-2
大盛り専門うまいや,1,japanese_restaurant,restaurant|asian_restaurant,東墨田2丁目8-5
Chako de Tyokora,1,restaurant,japanese_restaurant|dance_club,文花3丁目24-15
仲よし,1,bar,japanese_restaurant|restaurant,"Bunka, 3 Chome−23−10 中西ビル"
ハイカラ軒,1,restaurant,asian_restaurant|japanese_restaurant,東京都墨田区文花2丁目10-2
ながとも,1,japanese_restaurant,asian_restaurant,立花4丁目7-3
ポノ・オーレ,1,japanese_restaurant,restaurant|diner,東四つ木3丁目6-18
食いknow me 福わ家,1,restaurant,,東四つ木4丁目28-14
玉子家,1,japanese_restaurant,restaurant|asian_restaurant,東四つ木3丁目23-25
あっ凧,1,bar,japanese_restaurant|asian_restaurant,"Higashiyotsugi, 4 Chome−14−3 小川ビル"
トリコ堂,1,japanese_restaurant,restaurant,"Higashiyotsugi, 4 Chome−14−3 小川ビル"
星乃,1,japanese_restaurant,asian_restaurant|restaurant,四つ木1丁目5-7
吉か,1,bar,japanese_restaurant,四つ木1丁目14-5
八広亭,1,japanese_restaurant,restaurant,八広5丁目29-10
50Ban,1,asian_restaurant,restaurant|japanese_restaurant,4 Chome-25-8 Yahiro
越後,1,bar,restaurant|japanese_restaurant,八広1丁目41-8
一力屋,1,japanese_restaurant,sushi_restaurant|fast_food_restaurant,八広1丁目7-14
クルーズ,1,restaurant,japanese_restaurant|asian_restaurant,3 Chome-41-2 Sumida
NEW OKACHAN 鐘ヶ淵店,1,restaurant,,東向島5丁目41-15
おかちゃん,1,bar,restaurant|cafe,東向島5丁目41-15
すすきの,1,japanese_restaurant,chinese_restaurant,東向島6丁目60-6
静観亭,1,japanese_restaurant,,堀切2-19-1
堀切菖蒲苑料理部,1,japanese_restaurant,,堀切2丁目4-9 エリア: 亀有 青砥
なかどや,1,japanese_restaurant,asian_restaurant|restaurant,堀切3丁目26-1
長楽,1,restaurant,bakery,四つ木2丁目7-12
掛矢,1,japanese_restaurant,,2 Chome-14-20 Yotsugi
ゑびす,1,japanese_restaurant,restaurant|bar,四つ木1丁目32-9
桝屋,1,japanese_restaurant,,堀切2-58-7
荷花天下(かかてんか),1,bar,beauty_and_spa|lounge,東京都江戸川区南小岩7-27-13 ドゥ•メリービル3F
Arrows,1,japanese_restaurant,bar|restaurant,立石1丁目3-7
倉井ストアー,1,japanese_restaurant,diner|restaurant,立石2丁目18-4
世阿弥,1,japanese_restaurant,restaurant,立石5丁目1-2
ファミリー亭,1,japanese_restaurant,restaurant,四つ木4丁目30-29
馬鹿珍,1,japanese_restaurant,restaurant|diner,2 Chome-23-4 Takaramachi
久月,1,restaurant,japanese_restaurant,東京都葛飾区お花茶屋１丁目１７−９
串平,1,bar,sake_bar,お花茶屋1丁目20-7
SHIRA Chicken,1,japanese_restaurant,chicken_restaurant|restaurant,1 Chome-20-10 Ohanajaya
山車,1,japanese_restaurant,restaurant|asian_restaurant,"Ohanajaya, 1 Chome−28−17 パークちの"
Brillante,1,japanese_restaurant,steakhouse|bar_and_grill_restaurant,1 Chome-13-7 Ohanajaya
お花茶屋hc,1,bar,pub,お花茶屋1－16－10
あきつ,1,bar,restaurant|asian_restaurant,堀切6丁目27-1
地中海,1,restaurant,coffee_shop|japanese_restaurant,東京都葛飾区東堀切1丁目4 15
あらいてい,1,bar,restaurant|asian_restaurant,堀切5丁目13-8
長門,1,japanese_restaurant,asian_restaurant|restaurant,堀切3丁目9-9
枡屋,1,restaurant,asian_restaurant|japanese_restaurant,堀切2丁目58-7
家族亭モーブ,1,japanese_restaurant,sake_bar|restaurant,3 Chome-5-7 Horikiri
八洲,1,japanese_restaurant,restaurant|asian_restaurant,堀切3丁目6-5
炭火焼 まるこ家,1,restaurant,japanese_restaurant,堀切3-7-8
bestie!,1,bar,,"Horikiri, 3 Chome−9−5 ２階"
華実,1,japanese_restaurant,restaurant,4 Chome-8-4 Horikiri
遊遊,1,japanese_restaurant,restaurant,堀切4丁目12-17
ゑびす屋,1,japanese_restaurant,,柳原2丁目20-8
栄や,1,restaurant,bar|asian_restaurant,墨田5丁目41-9
笑,1,bar,pub,墨田5丁目5-5 
雑賀関屋店,1,japanese_restaurant,asian_restaurant,千住曙町2-3
Sankakuya,1,restaurant,asian_fusion_restaurant,千住曙町3-18
地味一,1,japanese_restaurant,barbecue_restaurant|restaurant,2-9 Senjuakebonocho
大和龍,1,restaurant,diner,足立区千住1-33-6
ニイガタスタイルマサト,1,restaurant,,東京都荒川区南千住1-13-19
松本屋,1,japanese_restaurant,restaurant|asian_restaurant,南千住8丁目4-5
仲町竹田,1,japanese_restaurant,bar|restaurant,48-8 Senjunakacho
A TASTE,1,fast_food_restaurant,,千住仲町49-8
文,1,bar,sake_bar|restaurant,千住仲町36-2
La Culiya,1,restaurant,american_restaurant,40-2 Senjunakacho
レガーメ,1,bar,real_estate,1 Chome-3-3 Senju
ぎゃらん,1,japanese_restaurant,bar|restaurant,"Senju, 2 Chome−１０"
しず,1,bar,restaurant|asian_restaurant,千住2丁目10
えん田,1,japanese_restaurant,bar|restaurant,千住2丁目4
No Name,1,bar,sake_bar|restaurant,千住2-4
炭焼 さくらや,1,bar,japanese_restaurant|barbecue_restaurant,千住3-31
やさいや つきみくら,1,bar,restaurant|japanese_restaurant,千住3-31
炭火焼 ごっつり,1,japanese_restaurant,restaurant|bar_and_grill_restaurant,千住2-31
柏屋,1,japanese_restaurant,restaurant,千住2丁目32
芳味,1,bar,japanese_restaurant|restaurant,千住4丁目19-16
礼花,1,bar,eat_and_drink|cafe,千住1-32
萬寿苑,1,japanese_restaurant,,1 Chome-18-4 Senju
星丸くん,1,japanese_restaurant,bar|seafood_restaurant,千住2丁目39
北千住 まるたか,1,japanese_restaurant,asian_restaurant|sushi_restaurant,
海の家,1,food_and_drink,japanese_restaurant|sake_bar,"Senju, 2 Chome−65 2F"
南蛮渡来,1,bar,,1 Chome-32-2 Senju
Leche,1,bar,mexican_restaurant,"Senju, 1 Chome−32−2 村中店舗 201"
碧夢,1,bar,restaurant|noodles_restaurant,1 Chome-32-2 Senju
ささや北千住,1,japanese_restaurant,barbecue_restaurant|asian_restaurant,千住2丁目65
浦里,1,japanese_restaurant,asian_restaurant|restaurant,千住2丁目65
千住ビーチ,1,restaurant,diner|bar,千住2-65
良井,1,restaurant,,千住2丁目64-13 カーナ千住1F
千住小町,1,bar,arcade,"Senju, 2 Chome−62 オランジェリー B1"
へちもん,1,bar,restaurant|barbecue_restaurant,千住2-62
心技体 北千住部屋,1,restaurant,,足立区千住2-62-1F\n
加賀美,1,bar,sake_bar|diner,千住2-62
雄武,1,japanese_restaurant,bar,千住2-62
まるかや 本店,1,japanese_restaurant,restaurant|asian_restaurant,千住2-62
ささやささ,1,japanese_restaurant,restaurant,"Senju, 2 Chome−６２"
笑店,1,japanese_restaurant,restaurant|bar,千住2丁目62
じんざえ門,1,japanese_restaurant,restaurant|bar,千住2-62
てん七や,1,japanese_restaurant,,千住2-61
かけ屋,1,japanese_restaurant,chicken_restaurant|restaurant,千住2-46
越前屋,1,japanese_restaurant,sushi_restaurant,千住寿町8-10
うたうんだ村,1,bar,restaurant,千住3丁目35-2
アランアランの小路,1,asian_restaurant,italian_restaurant,
泊舟,1,japanese_restaurant,restaurant|asian_restaurant,千住3-92
青葉,1,japanese_restaurant,asian_restaurant,千住3丁目92
オリーブハウスキッチン,1,restaurant,diner,千住3-92
The Station Grill,1,restaurant,asian_restaurant|japanese_restaurant,
嘉禾屋ルミネ北千住店,1,japanese_restaurant,asian_restaurant|restaurant,千住旭町42-2
花笠,1,japanese_restaurant,asian_restaurant|restaurant,2 Chome-62 Senju
はりや総本店,1,japanese_restaurant,restaurant|diner,"Senju, 2 Chome−62-8 ハリカエビル 1F"
でがわ,1,japanese_restaurant,bar|restaurant,"Senju, 2 Chome−６５"
小さな しゃらら,1,asian_restaurant,japanese_restaurant|restaurant,千住2-64
bamb,1,bar,pub,"Senju, 2 Chome−６５"
あかまる,1,restaurant,fast_food_restaurant|bar,千住2丁目65-4
五味酉,1,japanese_restaurant,restaurant|diner,千住1丁目32-6
まるなが,1,japanese_restaurant,restaurant|noodles_restaurant,東京都足立区千住１丁目３２−６
フットライズ,1,restaurant,bar|coffee_shop,東京都足立区千住１丁目３２−２
北千住 とんとん,1,restaurant,asian_restaurant|diner,千住1丁目33-1
萌蔵,1,japanese_restaurant,sake_bar|eat_and_drink,1 Chome-34-10 Senju
佐留丹,1,japanese_restaurant,sake_bar|restaurant,千住1丁目33-8
kitchenmarebulu_kitasenju,1,restaurant,,千住1-33-8
虎や,1,japanese_restaurant,restaurant|bar,千住1丁目39-9
ジャンソーアタル,1,japanese_restaurant,restaurant|diner,"Senju, 1 Chome−33−11 上野ビル 2F"
Shoku & Raku Kikumizu,1,japanese_restaurant,spanish_restaurant|restaurant,千住1丁目33-11
千寿,1,japanese_restaurant,asian_restaurant|restaurant,1 Chome-34-3 Senju
八十嶋,1,japanese_restaurant,,千住東2丁目2-1
是屋,1,bar,japanese_restaurant,2 Chome-6-8 Senjuazuma
ここのつ 3号店,1,japanese_restaurant,,千住東2丁目3-7
BAZIO,1,japanese_restaurant,asian_fusion_restaurant|restaurant,2 Chome-3-7 Senjuazuma
北千住fuji,1,japanese_restaurant,restaurant|diner,"Senjuasahicho, 7−28 石井店舗 Ｂ"
エルマー,1,bar,pub,荒川7-34-10
NEW来来,1,bar,,千住旭町22-3
KA PILINA,1,restaurant,,柳原2丁目1-2 エリア: 北千住
Kaachan Kitasenju,1,restaurant,asian_restaurant|bar,千住旭町4-17
お多福北千住店,1,japanese_restaurant,restaurant|diner,千住旭町12-6
味問屋 明日香,1,japanese_restaurant,restaurant,千住旭町27-1
元屋 北千住店,1,japanese_restaurant,,"Senjuasahicho, 40−26 大熊ビル １F"
武一,1,japanese_restaurant,,
かほりや,1,japanese_restaurant,bar|restaurant,千住旭町41-14
楽花生,1,japanese_restaurant,comfort_food_restaurant|speakeasy,3-13 Senjuasahicho
狸太,1,japanese_restaurant,,千住旭町3-12
ごっつり,1,japanese_restaurant,restaurant,千住旭町41-17
寿一郎北千住店,1,japanese_restaurant,bar|restaurant,千住旭町41-4
名月,1,japanese_restaurant,restaurant|bar,43-13 Senjuasahicho
ここのつ,1,japanese_restaurant,diner|restaurant,千住旭町43-13
千住かたすみ,1,japanese_restaurant,restaurant,"Hinodecho, 39−3 センターコーポ北千住 １階"
国振 西新井店,1,restaurant,,4
北千住 Cub,1,bar,pub|cafe,足立区千住2-45ますやビルB-1
恵比寿 Teppan Niki,1,restaurant,breakfast_and_brunch_restaurant,4
まるとも,1,japanese_restaurant,comfort_food_restaurant|eat_and_drink,5 Chome-6-4 Senju
BA-場-,1,bar,lounge|cinema,5 Chome-6-8 Senju
なつ家,1,japanese_restaurant,restaurant|bar,千住3-59
粋心亭,1,japanese_restaurant,,千住3-57-2
Time Tunnel,1,bar,lounge,千住3-66
げんぺい,1,japanese_restaurant,restaurant|asian_restaurant,千住3丁目63
いぶき,1,bar,japanese_restaurant|restaurant,千住3-63
Zapot,1,japanese_restaurant,restaurant|diner,千住3丁目69-2
花くま,1,japanese_restaurant,bar|eat_and_drink,千住4丁目19-16
千住 八古屋,1,bar,grocery_store|desserts,"Senju, 4 Chome−23−1 八古屋"
きたせん楓,1,bar,restaurant|japanese_restaurant,千住3丁目19背戸ビル
島田,1,japanese_restaurant,restaurant,千住3丁目49
Yaoyorozu,1,japanese_restaurant,restaurant,3 Chome-16-4 Senju
Himeji,1,japanese_restaurant,bar|restaurant,3 Chome-24-5 Senju
ちゃぶ台,1,japanese_restaurant,restaurant|diner,千住3-17
浅壱家,1,japanese_restaurant,restaurant,東京都足立区足立４丁目１４−１
しげg,1,bar,beer_garden,東京都足立区梅田１丁目１０−１
味自慢の店 やまや,1,japanese_restaurant,sushi_restaurant|bar,日本
Otafuku,1,japanese_restaurant,asian_restaurant|restaurant,1 Chome-17-9 Adachi
金治,1,japanese_restaurant,bar|pub,足立4-32-1
Nutag Restaurant,1,restaurant,,東京都足立区西竹の塚1-18-8
Gotanno Kinsui,1,restaurant,fast_food_restaurant,4
壱之家,1,japanese_restaurant,diner,東京都足立区弘道１丁目２５−２
千けい菜ゐと,1,japanese_restaurant,bar|sushi_restaurant,3 Chome-33-7 Adachi
創作料理菜兎,1,japanese_restaurant,restaurant|diner,足立3丁目33-7
お多福本店,1,japanese_restaurant,restaurant,足立3丁目9-7
長船,1,japanese_restaurant,sake_bar|bar,3 Chome-30-25 Adachi
由弥,1,japanese_restaurant,asian_restaurant|restaurant,2 Chome-7-7 Adachi
ごいそ,1,bar,,綾瀬4丁目5-19
三田,1,japanese_restaurant,restaurant|asian_restaurant,3-chōme-39 Nishiayase
金来,1,japanese_restaurant,restaurant|asian_restaurant,東京都足立区西綾瀬３丁目２２−１３
かみの屋,1,japanese_restaurant,noodles_restaurant,西綾瀬2丁目7-9
ことより酒店,1,bar,shopping|liquor_store,東京都足立区弘道１丁目３５−１
なかむらや,1,restaurant,bar|pub,東京都足立区青井3丁目36-6
青井はなや,1,japanese_restaurant,bar|sushi_restaurant,青井4丁目23-20
かない,1,japanese_restaurant,asian_restaurant|restaurant,中央本町4丁目12-11
クロスビ,1,bar,pub|lounge,中央本町4-4-3
小春,1,japanese_restaurant,restaurant,中央本町2丁目16-15
うおなみ,1,bar,,中央本町1丁目13-18 エリア: 綾瀬
カーヴ隠れや 北千住,1,restaurant,japanese_restaurant,東京都
関西ふーふー,1,restaurant,coffee_shop|japanese_restaurant,1 Chome-16-20 Umejima
天の神,1,japanese_restaurant,asian_restaurant,梅島2丁目3-16
わりん,1,restaurant,asian_restaurant|japanese_restaurant,東京都足立区島根２丁目６−７
大松 竹ノ塚店,1,restaurant,japanese_restaurant|diner,竹の塚1-27-8
Min prasad gautam,1,restaurant,bar|pub,Katsushika-ku Aoto 4-8-20
銀河亭,1,japanese_restaurant,bar|food_truck,東京都足立区一ツ家１丁目２０−１６
石巻屋,1,bar,restaurant|japanese_restaurant,1-chōme-26 Hokima
豚珍館,1,japanese_restaurant,restaurant,保木間1丁目37-15
東京ましこ亭,1,japanese_restaurant,asian_restaurant|restaurant,保木間5丁目25-23
五番,1,bar,barbecue_restaurant|sushi_restaurant,保木間5丁目23-14
ホキマスタンド。,1,japanese_restaurant,bar,5 Chome-23-15 Hokima
川京,1,japanese_restaurant,restaurant,"Hanahata, 1 Chome−6−6 第１１みどりマンション"
伊吹家,1,restaurant,japanese_restaurant|fast_food_restaurant,保木間3丁目36-17
Quocca 6345,1,restaurant,gastropub,保木間3丁目32-7
町田ショーテン,1,shaved_ice_shop,taiwanese_restaurant,3 Chome-21-12 Hokima
保木間店,1,fast_food_restaurant,,東京都足立区保木間３－３３－１２
がんがら亭,1,japanese_restaurant,barbecue_restaurant,南花畑4丁目26-1
みえ,1,japanese_restaurant,restaurant|school,1 Chome-23-9 Higashihokima
はりきりモーリス,1,japanese_restaurant,restaurant,"Minamihanahata, 2 Chome−2−3 サニーＳ２ビル"
娘天狗,1,japanese_restaurant,restaurant,東保木間2丁目33-16
ゑの木,1,restaurant,,東京都足立区西加平2丁目7-15
ISOLABO,1,japanese_restaurant,restaurant|diner,"Nishikahei, 2 Chome−7−7 15Ｌｙｎｘ六町 1階"
川船,1,japanese_restaurant,noodles_restaurant|river,1 Chome-1-31 Minamihanahata
足立六町店,1,fast_food_restaurant,,東京都足立区南花畑１－２－１
みちのく虎屋,1,food_and_drink,japanese_restaurant,東京都足立区加平３丁目１４−８
今勝,1,japanese_restaurant,bar|pub,3 Chome-5-13 神明町
ちんどんや,1,food_and_drink,barbecue_restaurant|restaurant,東京都足立区六木３丁目３６−１
なかだ,1,japanese_restaurant,asian_restaurant|noodles_restaurant,1 Chome-6-28 Mutsugi
坪しち,1,japanese_restaurant,restaurant|asian_restaurant,佐野2丁目29-16
ベストナイン東京,1,bar,,大谷田4-19-17
酒田の青梧桐,1,japanese_restaurant,korean_restaurant|restaurant,"Oyata, 5 Chome−8−8 小泉マンション"
ベアーの家,1,japanese_restaurant,,佐野1丁目9-3
まづいや,1,japanese_restaurant,asian_restaurant|restaurant,東和5丁目5-20
時次郎,1,japanese_restaurant,sushi_restaurant|restaurant,谷中2丁目12-6
You Lee,1,japanese_restaurant,chinese_restaurant|asian_restaurant,東京都足立区大谷田３丁目１−１５
Sea,1,japanese_restaurant,restaurant,谷中4-13-12
ぐれーぷ,1,japanese_restaurant,bar|restaurant,2 Chome-7-3 Yanaka
葡萄,1,bar,restaurant|coffee_shop,谷中2丁目7-1
さつほろ,1,japanese_restaurant,,2 Chome-7-12 Yanaka
わた井,1,japanese_restaurant,asian_restaurant,谷中2丁目9-2
ゴールド,1,restaurant,cafe|coffee_shop,2 Chome-10-18 Yanaka
Ken北千住,1,bar,,
バハティー板花,1,japanese_restaurant,restaurant|diner,6 Chome-20-2 Ayase
りき,1,bar,japanese_restaurant|restaurant,6 Chome-20-2 Ayase
赤えんま,1,restaurant,japanese_restaurant,綾瀬6丁目39-1
東京 神楽坂 torikura,1,restaurant,,東京都新宿区神楽坂6-39-1エキューラ神楽坂2F
SAFIA,1,asian_restaurant,cafe,"Higashiayase, 2 Chome−3−5 ワコーレアヤセ２"
味安,1,japanese_restaurant,restaurant,東綾瀬2丁目4-2
はくせん,1,japanese_restaurant,,綾瀬5丁目14-1
根津屋,1,japanese_restaurant,asian_restaurant|restaurant,綾瀬4丁目31-12
アズーリ,1,bar,restaurant|pub,綾瀬3丁目6-7
気まぐれや,1,bar,restaurant|beer_garden,綾瀬3丁目15-16
東田,1,bar,restaurant|pub,綾瀬2丁目26-7
博多屋台串山笠,1,japanese_restaurant,sake_bar|restaurant,綾瀬2丁目23-3
串のこたに,1,bar,japanese_restaurant|restaurant,綾瀬2丁目24-9
ぶどう畑,1,bar,restaurant|winery,綾瀬2丁目23-17
いちなか,1,bar,japanese_restaurant|restaurant,綾瀬2丁目24-11
山賊,1,bar,pub|cocktail_bar,綾瀬2丁目24-8
ファディッシュ,1,restaurant,bar|coffee_shop,4 Chome-8-6 Kosuge
肉のヤマキ商店綾瀬駅前,1,restaurant,japanese_restaurant,綾瀬3丁目1-27
どんとん,1,bar,restaurant,綾瀬4丁目9-34
加賀廣綾瀬店,1,bar,japanese_restaurant,綾瀬4丁目6-9
FADDISH,1,restaurant,bar,小菅4丁目8-6
四季亭,1,restaurant,japanese_restaurant,綾瀬1丁目34-7-106
陽はまたのぼる,1,japanese_restaurant,restaurant,綾瀬2丁目1-4
かあちゃん,1,japanese_restaurant,diner|restaurant,綾瀬2丁目26-8
らいでん,1,japanese_restaurant,restaurant|sports_bar,綾瀬3丁目11-17
あまからや,1,japanese_restaurant,,西亀有2-51-5
五葵,1,restaurant,japanese_restaurant,東京都葛飾区西亀有３丁目２０−１４
花蔵,1,japanese_restaurant,restaurant|noodles_restaurant,"Kameari, 2 Chome−61−5 ムーンマリコ８"
吟八亭 やざ和,1,japanese_restaurant,restaurant,亀有1丁目27-8
亀有 笹互,1,food_and_drink,restaurant,
旬粋圓,1,japanese_restaurant,restaurant|sushi_restaurant,亀有4丁目36-3
おこぼれ,1,japanese_restaurant,restaurant,亀有4丁目37-7
琴ひら,1,japanese_restaurant,sushi_restaurant,亀有5-15-13
山賊334,1,bar,restaurant|asian_restaurant,亀有5丁目33-4
かずき,1,japanese_restaurant,bar,亀有5丁目33-12
するが,1,japanese_restaurant,restaurant|desserts,東京都葛飾区亀有３丁目２５−１
炎真 亀有,1,asian_restaurant,,
かめかめせんにん,1,japanese_restaurant,restaurant,亀有3丁目25-1
はなや 亀有店,1,restaurant,,亀有3丁目25-1
ピリカ亀有店,1,japanese_restaurant,restaurant,亀有3丁目25-1
亀有北口店,1,fast_food_restaurant,,東京都葛飾区亀有５－３４－３
か屋,1,japanese_restaurant,restaurant|asian_restaurant,亀有5丁目33-7
あお乃,1,bar,wine_bar|restaurant,亀有5丁目28-17
ガチ屋,1,japanese_restaurant,bar|restaurant,亀有5丁目28-12
佐世保,1,pub,bar|restaurant,亀有5丁目28-8
大力,1,japanese_restaurant,bar,亀有5丁目27-14
八べぇ,1,restaurant,bar|japanese_restaurant,"Kameari, 5 Chome−39−4 パインウッド 101"
奈可川,1,japanese_restaurant,restaurant|asian_restaurant,亀有5丁目37-1
鈴しげ,1,japanese_restaurant,restaurant,亀有5丁目44-5
ルシファー,1,bar,pub|sports_bar,"Kameari, 5 Chome−42−3 河野ビル"
むかさ,1,japanese_restaurant,restaurant|seafood_restaurant,"Kameari, 5 Chome−42−5 武笠ビル"
ゆき智,1,japanese_restaurant,restaurant|diner,"Kameari, 5 Chome−44−7 宇津木ビル 1階"
加賀廣 亀有店,1,japanese_restaurant,restaurant|asian_restaurant,5 Chome-34-11 Kameari
小夢樹,1,japanese_restaurant,restaurant,亀有5丁目35-1
十勝っ娘,1,bar,restaurant|pub,亀有5丁目34-6
三京,1,bar,restaurant|japanese_restaurant,亀有3丁目29-1
みよし食品,1,japanese_restaurant,asian_restaurant|restaurant,"Kameari, 3 Chome−32−7 亀有３丁目メゾネット"
福たろう,1,japanese_restaurant,restaurant,亀有3丁目30-14
亀有南口店,1,fast_food_restaurant,,東京都葛飾区亀有３－３０－５
べろ家,1,bar,pub|cocktail_bar,"Kameari, 3 Chome−7−3 山口店舗 2階"
ゆもと屋,1,bar,,
一 の 花,1,japanese_restaurant,bar|restaurant,"Kameari, 3 Chome−10−11 橋本ビル 2F"
おたんこなす,1,japanese_restaurant,restaurant,亀有3丁目9-7
DragonPalace,1,pub,bar|lounge,亀有3-20-1
てら内,1,japanese_restaurant,restaurant|asian_restaurant,亀有3丁目3-14
亀有 ときわ,1,japanese_restaurant,seafood_restaurant|restaurant,
九十九,1,japanese_restaurant,restaurant,亀有3丁目16-15
らっこ,1,japanese_restaurant,sushi_restaurant|bar,
賀登屋,1,japanese_restaurant,restaurant|asian_restaurant,東京都葛飾区亀有３丁目４９−６
パレスビュッフェ アリオ亀有,1,buffet_restaurant,restaurant,東京都葛飾区亀有３丁目４９−３
新宿すずや,1,japanese_restaurant,,亀有3-49-3
笑小屋,1,japanese_restaurant,,亀有3-31-3
Kishiwada,1,japanese_restaurant,italian_restaurant|restaurant,亀有3丁目40-6
伊鉄家,1,restaurant,japanese_restaurant,"Kameari, 3 Chome−27−3 ルファール"
たいせい,1,japanese_restaurant,restaurant,亀有5丁目47-1
恋・Ren,1,restaurant,,亀有3丁目44-11
亀有アリオ店,1,fast_food_restaurant,,東京都葛飾区亀有３－４９－３
富士乃家,1,japanese_restaurant,,亀有2-5-7
とこちゃん,1,bar,japanese_restaurant,新宿2丁目23-5
きっちんMiMi,1,restaurant,diner,新宿2丁目23-5
6号線金町店,1,fast_food_restaurant,,東京都葛飾区新宿４－２３－１０
三田村,1,restaurant,japanese_restaurant|sushi_restaurant,4 Chome-1-5 Kanamachi
Khushi,1,restaurant,bar,南水元1-27-1-102
かどや 南水元店,1,japanese_restaurant,sushi_restaurant,南水元1丁目26-12 
まんせい,1,japanese_restaurant,park,
アクシデント,1,bar,diner,中川4丁目2-17
環七大谷田店,1,fast_food_restaurant,,東京都足立区中川４－１１
江戸子,1,restaurant,chinese_restaurant,"""4, 東京都足立区大谷田1丁目3"""
足立区大谷田  味道苑,1,japanese_restaurant,restaurant|eat_and_drink,
かどや 水元店,1,japanese_restaurant,restaurant|asian_restaurant,水元4丁目6-2
Le lien,1,restaurant,japanese_restaurant|italian_restaurant,2 Chome-20-22 Mizumoto
衣食屋味とら,1,japanese_restaurant,restaurant,水元4丁目10-17
水元公園グリーンテラス,1,fast_food_restaurant,,水元公園3-2
Nakamura,1,restaurant,european_restaurant|fast_food_restaurant,4 Chome-14-26 Higashimizumoto
かな政,1,restaurant,food_stand|eat_and_drink,東金町5丁目51-1
すヾきや,1,restaurant,bar|japanese_restaurant,南水元4丁目28-10
屋根屋,1,japanese_restaurant,bar|cafe,東金町1丁目12-8
しろし,1,japanese_restaurant,seafood_restaurant|bar,東金町2丁目17-18
ぶんぶく庵,1,japanese_restaurant,noodles_restaurant|restaurant,1 Chome-22-8 Higashikanamachi
麺工房,1,japanese_restaurant,,東金町1丁目20-14
くらや,1,japanese_restaurant,barbecue_restaurant,東金町1丁目17-11
Cuerno クエルノ,1,restaurant,bar,東京都葛飾区東金町１丁目１７−７
プロデューサー,1,pub,bar|restaurant,東金町1丁目37-2
Kanamachi Style,1,bar,japanese_restaurant|restaurant,1 Chome-37-1 Higashikanamachi
金町商店,1,japanese_restaurant,restaurant,東京都葛飾区東金町１丁目４５−５
べこたん 金町店,1,bar,sake_bar|lounge,東金町1丁目41-9
立花本店,1,restaurant,candy_store|asian_restaurant,1 Chome-45-7 Higashikanamachi
風東,1,bar,japanese_restaurant|korean_restaurant,3 Chome-18-14 Higashikanamachi
岩月屋,1,japanese_restaurant,asian_restaurant|restaurant,東金町6丁目7-14
葉ら,1,restaurant,japanese_restaurant|seafood_restaurant,"Higashikanamachi, 3 Chome−7−3 葉良"
寿栄廣,1,japanese_restaurant,restaurant|asian_restaurant,"T&S, 3 Chome-6-18 Higashikanamachi"
貴美 金町店,1,japanese_restaurant,sushi_restaurant,東金町2-18-1
かなわ,1,bar,restaurant|pub,金町6丁目3-4
よし甚,1,japanese_restaurant,restaurant|sushi_restaurant,金町5丁目36-9
たーち,1,japanese_restaurant,bar|restaurant,金町5丁目36-9
サンセール,1,japanese_restaurant,restaurant,金町6丁目2-1
Ela Ela,1,japanese_restaurant,barbecue_restaurant|restaurant,金町6丁目1-3
Room 173,1,bar,,5 Chome-26-5 Kanamachi
大渕,1,japanese_restaurant,restaurant|bar,金町5丁目26-4
湯元,1,japanese_restaurant,asian_restaurant|restaurant,金町5丁目25-13
隠れ家歩庵,1,japanese_restaurant,,金町5丁目13-7
みどり軒,1,japanese_restaurant,restaurant,金町5丁目23-10
Kitchen Y's,1,japanese_restaurant,restaurant|diner,1 Chome-19-13 Kanamachi
金町角ふじ,1,japanese_restaurant,chinese_restaurant,金町5丁目24-17
えびす屋,1,japanese_restaurant,restaurant|asian_restaurant,柴又7-3-7
ゑびす家,1,japanese_restaurant,restaurant,柴又7丁目3-7
大和家,1,japanese_restaurant,asian_restaurant|restaurant,柴又7丁目7-4
柴又丸仁,1,japanese_restaurant,grocery_store,柴又7丁目6-18
若樽,1,restaurant,asian_restaurant|japanese_restaurant,東京都葛飾区柴又７丁目６−３
大徳,1,japanese_restaurant,sushi_restaurant|bar,柴又7-7-7
日曜庵,1,japanese_restaurant,restaurant,柴又7丁目13-2
丸仁 柴又帝釈天,1,japanese_restaurant,,柴又7-6-18
めん処宣,1,japanese_restaurant,restaurant,柴又5丁目10-2
臥嘗庵,1,japanese_restaurant,restaurant|sushi_restaurant,"Shibamata, 5 Chome−14−22 コーラルハウス"
たかやす,1,japanese_restaurant,sushi_restaurant|asian_restaurant,4 Chome-17-7 Kamakura
キタロク,1,bar,,北小岩6-12-11
すする,1,japanese_restaurant,,東京都江戸川区北小岩６丁目１７−５
京成小岩酒店,1,bar,beer_bar|liquor_store,6 Chome-15-8 Kitakoiwa
美奈津本店,1,japanese_restaurant,cafe|restaurant,北小岩2丁目9-11
ジョニーダイナーセカンド,1,bar,,東小岩6-3-4
キッチン さまかた,1,japanese_restaurant,restaurant|bar,"Minamikoiwa, 8 Chome−16−9 東豊マンション １階"
蔵喜,1,japanese_restaurant,asian_restaurant,8-chōme-12 Minamikoiwa
南国キッチン はりゆん,1,restaurant,,南小岩8丁目13-8
菊乃家本店,1,japanese_restaurant,asian_restaurant|restaurant,1 Chome-28-19 Nishikoiwa
ゴン屋,1,japanese_restaurant,,"桂昇小岩ビル 101 号, 8 Chome-15-17 Minamikoiwa"
旬かほう,1,japanese_restaurant,restaurant|bar,8 Chome-14-9 Minamikoiwa
じゅうてん,1,japanese_restaurant,restaurant,南小岩8丁目14-9
旨い家,1,japanese_restaurant,restaurant|asian_restaurant,南小岩8丁目14-20
ドラムカン,1,bar,barbecue_restaurant|japanese_restaurant,南小岩8丁目14-7
Living,1,bar,,南小岩8丁目14-7 第2杉浦ビル 3F
Kobachi,1,japanese_restaurant,bar,"Minamikoiwa, 7 Chome−25−12 財商ビル 2F"
頃場別邸,1,japanese_restaurant,noodles_restaurant,南小岩7丁目25-16
炭火焼き・ぱぱ,1,bar,barbecue_restaurant|sake_bar,西小岩1丁目27-29
和利館,1,bar,japanese_restaurant|museum,西小岩1丁目27-29
Haruna,1,bar,pub|cocktail_bar,西小岩1丁目28-1
イモネ,1,japanese_restaurant,sushi_restaurant|restaurant,西小岩1丁目27-24
蕪村居,1,japanese_restaurant,restaurant,西小岩1丁目29-5
ウルフatふるむーん,1,bar,,東京都江戸川区西小岩1-29-4
Live restaurant Zephyr(生演奏、カラオケ),1,japanese_restaurant,restaurant|bar,"Nishikoiwa, 1 Chome−29−7 江戸金ビル"
江戸政,1,bar,pub|sake_bar,西小岩1丁目30-6
舟庵,1,japanese_restaurant,sushi_restaurant|cafe,西小岩1-30-8
春日庵,1,japanese_restaurant,restaurant|bar,西小岩5丁目1-21
いなかみち,1,japanese_restaurant,restaurant|asian_restaurant,5 Chome-1-20 Nishikoiwa
美味助,1,japanese_restaurant,,西小岩5丁目1-21
Aso VIVA sho,1,bar,pub|speakeasy,西小岩1-26-9　鈴木大建ビル2F
サルビア,1,bar,bar_and_grill_restaurant,"Nishikoiwa, 1 Chome−26番11号1F−D ビュー和田ビル"
キッチンくぅ,1,japanese_restaurant,restaurant|diner,1 Chome-27-9 Nishikoiwa
豚小家,1,japanese_restaurant,restaurant|bar,西小岩1丁目27-9
Otoyado,1,bar,pub,西小岩1-27-15
Repos,1,bar,cafe|restaurant,"Nishikoiwa, 1 Chome−27−6 Yoshi bld 201 ２Ｆ"
OCOMO 小岩,1,japanese_restaurant,,〒133-0057 東京都江戸川区西小岩１丁目２７−６
今夜月の見える小岩に,1,bar,,東京都江戸川区西小岩１丁目２７−５
わか月,1,bar,japanese_restaurant|sushi_restaurant,西小岩1丁目25-14
星3つ,1,restaurant,asian_restaurant|japanese_restaurant,東京都江戸川区南小岩７丁目２５−１６
阿波屋,1,japanese_restaurant,restaurant,7 Chome-25-17 Minamikoiwa
Misoccas(ミソッカス)小岩駅前店,1,bar,japanese_restaurant|restaurant,西小岩1-24-16 新井ビル1F
XOXO,1,bar,sake_bar,"Nishikoiwa, 1 Chome−25−11 矢野ビル B106"
北瀬海,1,japanese_restaurant,restaurant|asian_restaurant,西小岩1丁目21-22
七日町亭,1,restaurant,japanese_restaurant|sushi_restaurant,西小岩1丁目19-24
小鉄 小岩北口店,1,restaurant,chicken_restaurant|japanese_restaurant,東京都江戸川区西小岩１丁目２２−８
ホリタ商店,1,bar,cafe|pub,東京都江戸川区西小岩１丁目２２−９
盛盛 小岩店,1,bar,sake_bar|restaurant,東京都江戸川区西小岩１丁目１９−２４
鳥加津,1,japanese_restaurant,asian_restaurant|restaurant,3 Chome-29-17 Nishikoiwa
FROGPLACE,1,food_and_drink,,西小岩1丁目20-13
New Koiwa 310,1,japanese_restaurant,,1 Chome-19-24 Nishikoiwa
まゆママ・キッチン,1,restaurant,,1 Chome-16-16 Nishikoiwa
あぶりやきんちゃん,1,restaurant,japanese_restaurant|fast_food_restaurant,"Nishikoiwa, 3 Chome−36−1 36-26 101 宝コーポ"
小明庵,1,bar,restaurant|japanese_restaurant,西小岩3丁目35-7
カゼトソラ,1,japanese_restaurant,asian_restaurant,東京都江戸川区西小岩３丁目２７−１２
なかなか,1,japanese_restaurant,restaurant,東京都葛飾区鎌倉１丁目１９−１４
米むら,1,japanese_restaurant,restaurant|asian_restaurant,西小岩5丁目16-13
引目鉤鼻,1,japanese_restaurant,breakfast_and_brunch_restaurant|diner,4 Chome-20 Hosoda
はし家,1,bar,,
立石 丸よし,1,japanese_restaurant,,
上総家,1,japanese_restaurant,asian_restaurant|restaurant,4 Chome-4-12 Shibamata
いせや三神,1,japanese_restaurant,candy_store|bar,4 Chome-9-2 Shibamata
稲むら,1,japanese_restaurant,,柴又4丁目8-7
祥ちゃん,1,japanese_restaurant,asian_restaurant,1 Chome-12-1 Shibamata
Fusion Cuisine,1,asian_fusion_restaurant,,5 Chome-44-8 Takasago
清水家,1,japanese_restaurant,restaurant|diner,高砂5丁目44-12
おおぎ。,1,bar,pub|sake_bar,東京都葛飾区高砂５丁目３２−３
のん喜,1,japanese_restaurant,sushi_restaurant|restaurant,青戸6丁目26-15
竜と蕉,1,japanese_restaurant,sushi_restaurant,東京都葛飾区青戸６丁目２−３
kira,1,japanese_restaurant,restaurant,2 Chome-7-1 Aoto
石松,1,bar,japanese_restaurant|restaurant,青戸2丁目2-3
五衛門,1,japanese_restaurant,bar|restaurant,青戸2丁目2-4
けいちゃん,1,bar,restaurant|asian_restaurant,青戸3丁目33-16
クミン,1,japanese_restaurant,restaurant|diner,青戸3丁目37-12
M-TRAIN,1,bar,music_venue,青戸3丁目37-17
灯,1,bar,sake_bar|restaurant,青戸3丁目37-6
香恋,1,japanese_restaurant,thai_restaurant,青戸3丁目33-16
誠,1,japanese_restaurant,eat_and_drink|restaurant,青戸3丁目39-3
忠治,1,japanese_restaurant,restaurant|asian_restaurant,3 Chome-33-16 Aoto
歩登,1,bar,pub|cafe,3 Chome-33-5 Aoto
かまとと,1,bar,restaurant|japanese_restaurant,青戸5丁目17-1
くつろぎ処おくぼ,1,bar,restaurant|japanese_restaurant,青戸3丁目33-6
希ぶん,1,japanese_restaurant,restaurant|sushi_restaurant,3 Chome-33-6 Aoto
川まさ,1,japanese_restaurant,seafood_restaurant|restaurant,青戸3丁目33-12
山と,1,japanese_restaurant,restaurant|asian_restaurant,5 Chome-33-11 Aoto
浜正,1,japanese_restaurant,restaurant|asian_restaurant,7 Chome-15-16 Aoto
はーふたいむ,1,japanese_restaurant,restaurant|diner,青戸8丁目4-10
夢丸,1,bar,barbecue_restaurant|japanese_restaurant,白鳥4丁目9-20
マリンバ,1,restaurant,cafe,白鳥3-31-20
今日はなぁに,1,comfort_food_restaurant,bar,青砥5-15-4
いづみ,1,japanese_restaurant,asian_restaurant,青戸5丁目2-4
みちのく茶寮青砥,1,japanese_restaurant,cafe|tea_room,青戸3丁目31-4
ざいご,1,japanese_restaurant,restaurant|asian_restaurant,青戸3丁目25-16
おまぬけ倶楽部,1,bar,bar_and_grill_restaurant|restaurant,立石6丁目32-1
鳥居茶家,1,japanese_restaurant,restaurant|seafood_restaurant,立石8丁目33-9
より処 きらく,1,bar,,立石8丁目33-9 梢荘1F
マルイチ,1,bar,sake_bar,7 Chome-3-15 Tateishi
浅野屋 シンフォニーヒルズ前,1,japanese_restaurant,restaurant,立石6丁目20-9
ココリエ,1,bar,,
めん処倖佳,1,japanese_restaurant,asian_restaurant,立石4丁目30-14
ヒロシマ,1,pub,restaurant|bar,立石４丁目27-4
びがく,1,bar,beauty_salon|restaurant,東京都葛飾区立石４丁目２７−１１
チロル,1,restaurant,burger_restaurant|coffee_shop,4 Chome-27-9 Tateishi
Laburi,1,japanese_restaurant,restaurant|asian_restaurant,7 Chome-4-15 Tateishi
温故知新,1,bar,japanese_restaurant|gastropub,立石1丁目15-11
さん,1,bar,restaurant|desserts,立石4丁目26-12
MIYABI,1,restaurant,,立石4丁目25-5 1F
炭火焼黒門,1,bar,barbecue_restaurant|bar_and_grill_restaurant,亀有3丁目31-3
炙道,1,restaurant,japanese_restaurant|barbecue_restaurant,東京都葛飾区立石４丁目２６−６
とっちゃんぼうや,1,japanese_restaurant,restaurant|diner,立石4丁目26-2
どらんち,1,bar,karaoke|japanese_restaurant,立石4丁目26-2
ひょっこりひょうたん島,1,japanese_restaurant,coffee_shop|barbecue_restaurant,立石1丁目15-9
ミツワ,1,japanese_restaurant,restaurant,立石1丁目18-5
あした家,1,japanese_restaurant,bar|sushi_restaurant,"Tateishi, 1 Chome−19−5 八幡屋ビル 1階"
オールデイズ,1,bar,american_restaurant|restaurant,立石1丁目22-1
邦右衛門,1,japanese_restaurant,bar|restaurant,1 Chome-17-7 Tateishi
くるま,1,bar,restaurant|eat_and_drink,立石1丁目17-6
青戸 石松,1,bar,,
らく亭,1,japanese_restaurant,bar|restaurant,立石1丁目14-11
時穏,1,japanese_restaurant,noodles_restaurant,1 Chome-12-8 Tateishi
むぎや,1,japanese_restaurant,restaurant,立石1丁目11-4
炭焼きボカロカ,1,japanese_restaurant,bar_and_grill_restaurant|bar,1 Chome-11-7 Tateishi
ぜん,1,japanese_restaurant,bar|sake_bar,立石1丁目15-3
ハヤシ,1,bar,restaurant|shopping,立石4丁目3-2
ひよ里,1,japanese_restaurant,restaurant,立石3丁目30-13
Kiki House,1,restaurant,japanese_restaurant|noodles_restaurant,3 Chome-15-2 Tateishi
どんぐり,1,restaurant,japanese_restaurant|eat_and_drink,東立石3丁目26-8
鉄板焼き さわ,1,japanese_restaurant,,堀切5-9-1
炭炭,1,japanese_restaurant,barbecue_restaurant|restaurant,立石1丁目18-10
兎月本店,1,japanese_restaurant,restaurant|asian_restaurant,4 Chome-49-7 Higashitateishi
かもし処 ひょん,1,bar,restaurant,金町5丁目35-7 
れとろ,1,bar,restaurant|sake_bar,立石7丁目1-6
ブージヤ,1,bar,cafe|pub,立石7丁目2-11
いせや,1,japanese_restaurant,restaurant|barbecue_restaurant,立石8丁目6-1
東京都葛飾区立石酒の美濃屋,1,bar,,立石8-1-14
ばんげ,1,bar,restaurant|japanese_restaurant,奥戸2丁目28-1
せりな,1,japanese_restaurant,bar|restaurant,2 Chome-32-10 Okudo
四季 青砥四季,1,japanese_restaurant,restaurant,1 Chome-18-2 Aoto
東京おっこい堂,1,japanese_restaurant,,東京都葛飾区奥戸４丁目６−１１
そらのすぷーん,1,restaurant,bar|fast_food_restaurant,奥戸4-6-11
東新小岩店,1,fast_food_restaurant,,東京都葛飾区東新小岩２－１１－５
とらじ,1,restaurant,,
竹八,1,japanese_restaurant,asian_restaurant|restaurant,東新小岩5丁目21-7
彩波,1,japanese_restaurant,restaurant,東新小岩5丁目17-26
京町,1,japanese_restaurant,restaurant|asian_restaurant,東京都葛飾区東新小岩８丁目３１−８
賞讃,1,japanese_restaurant,asian_restaurant|restaurant,東四つ木2丁目18-4
島村,1,japanese_restaurant,sushi_restaurant|restaurant,西新小岩5丁目8-3
まるやき,1,japanese_restaurant,asian_restaurant|restaurant,西新小岩4丁目25-14
和楽亭,1,japanese_restaurant,restaurant|chinese_restaurant,西新小岩1丁目1-3
てげッ娘,1,restaurant,,松島3丁目12-1
キッチン大,1,restaurant,eat_and_drink|italian_restaurant,新小岩1丁目36-5
Ori,1,japanese_restaurant,restaurant|diner,4 Chome-46-4 Matsushima
てつむら,1,japanese_restaurant,restaurant|asian_restaurant,新小岩1丁目40-5
新小岩福島,1,japanese_restaurant,restaurant|sushi_restaurant,新小岩1丁目41-11
木もれ陽,1,restaurant,bar|diner,東京都葛飾区新小岩１丁目３２−７
Porky's Kitchen,1,restaurant,bar,1 Chome-33-2 Shinkoiwa
新小岩製麺所落としぶた,1,japanese_restaurant,restaurant,新小岩1丁目23-7
さぜん,1,bar,pub|sake_bar,新小岩1丁目25-6
どるばこ,1,bar,eat_and_drink|bar_and_grill_restaurant,新小岩1丁目28-7
プレミアム,1,bar,restaurant,新小岩1丁目28-7
ボンデセール,1,restaurant,,新小岩1丁目29-1 西友新小岩店内 1F
肉のジャイアン,1,restaurant,steakhouse,ユニオン新小岩ビル 葛飾区西新小岩1-2-5
とよ八,1,restaurant,asian_restaurant|japanese_restaurant,西新小岩1-9-3
新小岩 ブリラーレ,1,food_and_drink,,
ゆとり亭,1,japanese_restaurant,barbecue_restaurant,東新小岩5丁目4-4
ボカロカドゥー,1,japanese_restaurant,bar|bar_and_grill_restaurant,西新小岩1丁目6-3
セルフィッシュ,1,bar,japanese_restaurant|restaurant,東新小岩1丁目2-13
小楽,1,japanese_restaurant,asian_restaurant|restaurant,東新小岩1丁目2-6
くいや,1,japanese_restaurant,restaurant|asian_restaurant,"Higashishinkoiwa, 1 Chome−1−10 T・Gビル 1階"
はまっ娘,1,restaurant,sake_bar|bar,東新小岩1丁目7-1
創作鉄板焼 よりと,1,japanese_restaurant,restaurant|diner,"Shinkoiwa, 2 Chome−1−23 ソフトタウン新小岩 110"
べーごま,1,japanese_restaurant,restaurant|barbecue_restaurant,東新小岩1丁目1-1
むねや,1,japanese_restaurant,asian_restaurant|restaurant,新小岩1丁目45-5
登美乃家,1,bar,restaurant|pub,新小岩1丁目46-6
でかんし,1,restaurant,sake_bar|sushi_restaurant,東京都葛飾区新小岩１丁目２９−７
よっちゃ,1,japanese_restaurant,restaurant|diner,"Shinkoiwa, 1 Chome−24−6 R&Mビル 2階"
しげきん,1,japanese_restaurant,bar|restaurant,新小岩1丁目30-8
007,1,bar,dance_club,新小岩1丁目43-1
下町浪漫,1,japanese_restaurant,diner|restaurant,新小岩1丁目42-4
かつこさん,1,japanese_restaurant,restaurant|sake_bar,新小岩1丁目42-1
千照庵,1,bar,restaurant|japanese_restaurant,新小岩1丁目42-12
はむら,1,bar,restaurant|japanese_restaurant,新小岩1丁目41-3
L'Amuse Shinkoiwa Store,1,bar,cafe,2 Chome-7-4 Shinkoiwa
はしご,1,japanese_restaurant,asian_restaurant,新小岩1丁目50-10
チキチキ,1,restaurant,bar,葛飾区新小岩2丁目13-3
クイーンガーデン,1,asian_restaurant,restaurant|diner,新小岩2丁目31-4
フストカーレン,1,bar,coffee_shop|cafe,新小岩4丁目13-6
川徳,1,japanese_restaurant,restaurant,2 Chome-21-4 Shinkoiwa
どんきい,1,japanese_restaurant,eat_and_drink,新小岩2丁目3-8
旬菜日の出,1,bar,chinese_restaurant|dim_sum_restaurant,新小岩2丁目4-10
心恋話,1,bar,pub|karaoke,2 Chome-4-2 Shinkoiwa
バンズキッチン,1,japanese_restaurant,,新小岩2-2-3
人ZIN,1,bar,pub,新小岩2-8-1
Ibuki,1,japanese_restaurant,restaurant|asian_restaurant,"Shinkoiwa, 2 Chome−39−4-1F 矢作マンション"
大人の食卓 ポーヨ,1,restaurant,diner|cafe,松島3丁目16-8
TEPPAN燈akari,1,japanese_restaurant,restaurant,松島3丁目15-8
伍市,1,japanese_restaurant,sake_bar|restaurant,新小岩1丁目56-2
マーちゃんマート,1,food_and_drink,delicatessen|restaurant,新小岩1-34-6
八木屋,1,japanese_restaurant,restaurant,松島3丁目42-13
あぶた,1,japanese_restaurant,restaurant,大杉5丁目4-10
No Manne,1,bar,restaurant|japanese_restaurant,本一色2丁目2-14
K-Grand,1,bar,,2 Chome-8-1 Honisshiki
298,1,restaurant,bar|pub,奥戸６－１５－１７
北乃屋,1,japanese_restaurant,restaurant|asian_restaurant,興宮町10-1
一忠,1,japanese_restaurant,noodles_restaurant|restaurant,東京都江戸川区南小岩５丁目２−５
Koiwa Yakuzen,1,japanese_restaurant,restaurant,"Minamikoiwa, 6 Chome−12−20 セジュールブラン 1階"
Tabeology - タベオロジー,1,food_and_drink,cafe,南小岩6-5-12
六人衆,1,japanese_restaurant,bar|restaurant,東京都江戸川区西小岩１丁目１９−３６
小岩木村屋,1,japanese_restaurant,restaurant,
りびんぐるーむ香来風,1,breakfast_and_brunch_restaurant,bar,6 Chome-16-9 Minamikoiwa
Daidai,1,japanese_restaurant,bar|comfort_food_restaurant,6 Chome-29-15 Minamikoiwa
善ちゃん,1,japanese_restaurant,restaurant|bar,6 Chome-18-8 Minamikoiwa
もっぺん,1,japanese_restaurant,,西小岩1-19-34
Bronte,1,bar,pub|lounge,西小岩1丁目19-32
木村家,1,japanese_restaurant,asian_restaurant|restaurant,南小岩6丁目31-5
花よいち,1,bar,pub,江戸川区南小岩6-31-6
福錦苑 koiwa Station,1,fast_food_restaurant,,
かしかし,1,japanese_restaurant,asian_restaurant|restaurant,東京都江戸川区南小岩７丁目２２−１１
元咲,1,restaurant,japanese_restaurant,東京都江戸川区南小岩６丁目２５−１５
秋元,1,japanese_restaurant,barbecue_restaurant|restaurant,南小岩6丁目26-14
豚 ゙でん返し,1,japanese_restaurant,asian_restaurant,南小岩7丁目26-4
Powerspot K,1,bar,pub,南小岩7-26-21 4階
けむりや,1,japanese_restaurant,barbecue_restaurant|asian_restaurant,南小岩7丁目27-13
Stomp,1,bar,sake_bar|pub,7 Chome-28-16 Minamikoiwa
やまがたや,1,japanese_restaurant,,南小岩8-11-9
けん房,1,japanese_restaurant,restaurant|sushi_restaurant,8 Chome-11-11 Minamikoiwa
UMAYA,1,restaurant,bar|bar_and_grill_restaurant,南小岩
TENTEN,1,bar,,南小岩7丁目31-13 パロス南小岩1F
Stay Free,1,bar,arts_and_entertainment|topic_concert_venue,西小岩5-1-22　誠和ビル3Ｆ
我兎我兎,1,bar,restaurant|asian_restaurant,南小岩7丁目40-34
こまつ屋,1,japanese_restaurant,asian_restaurant|restaurant,南小岩7丁目2-1
くま咲,1,restaurant,bar|pub,南小岩4丁目18-10
とん一,1,japanese_restaurant,restaurant,南小岩7丁目1-25
ふっふ,1,japanese_restaurant,restaurant|barbecue_restaurant,南小岩1丁目6-14-101
健ちゃん,1,japanese_restaurant,restaurant|tapas_bar,1 Chome-7-14 Minamikoiwa
環七大杉店,1,fast_food_restaurant,,東京都江戸川区大杉４－３－６
ひこ,1,bar,restaurant|sake_bar,花畑5丁目1-4
一粒の麦,1,restaurant,,花畑4-34-16
足立区花畑公園桜花亭,1,japanese_restaurant,asian_restaurant|park,花畑4丁目40-2
クエッション,1,japanese_restaurant,karaoke|coffee_shop,4 Chome-37-14 Hanahata
株式会社 岡田商店,1,food_and_drink,restaurant,花畑7-16-8　（株）岡田商店
夢厨房(ドリームキッチン),1,restaurant,food_truck|cafe,上篠崎2-27-3
じゃじゃまる,1,restaurant,japanese_restaurant|asian_restaurant,2 Chome-15-4 Kamishinozaki
カルボキッチン,1,japanese_restaurant,restaurant|diner,篠崎町1-333
鉄板処野村,1,japanese_restaurant,restaurant,篠崎町1-337
もと風りん望,1,bar,restaurant|diner,篠崎町2丁目11-7
英ちゃん,1,bar,restaurant|eat_and_drink,篠崎町7丁目28-1
くま権,1,japanese_restaurant,restaurant|diner,篠崎町7丁目23-1
ときちゃん,1,bar,restaurant|asian_restaurant,篠崎町4丁目13-15
鉄板焼 まんぷく,1,japanese_restaurant,steakhouse|restaurant,江戸川1丁目14-16
はんなりや 篠崎店,1,japanese_restaurant,restaurant,東京都江戸川区南篠崎町５丁目１０−４
きよみ,1,bar,restaurant,江戸川1丁目13-4
たけや,1,japanese_restaurant,restaurant,下篠崎町1-24
松ちゃん,1,japanese_restaurant,,瑞江2-29-8
とびだせっ! 肉マルくん!,1,restaurant,steakhouse|burger_restaurant,東京都江戸川区瑞江２丁目１３−５
かぐわ,1,bar,pub|lounge,東京都江戸川区南篠崎町3-7-9
LAMP by MORIS LABO 99,1,japanese_restaurant,restaurant|pub,"Minamishinozakimachi, 3 Chome−7−9 アルル・ミズエ"
はっとり,1,japanese_restaurant,restaurant,1 Chome-31-6 Higashimizue
玄舟庵瑞江店,1,japanese_restaurant,asian_restaurant|restaurant,"Mizue, 2 Chome−2−1 交通会館瑞江ビルアネックス ホーム 1"
二条,1,japanese_restaurant,restaurant|diner,瑞江2丁目6-20
瑞江駅前店,1,fast_food_restaurant,,東京都江戸川区東瑞江１－２６－１５瑞江ＧＳビル２Ｆ
ちゃあちゃん,1,bar,restaurant|pub,南篠崎町2丁目12-10
みやざわ,1,japanese_restaurant,restaurant|asian_restaurant,南篠崎町2丁目40-3
つがい,1,japanese_restaurant,,南篠崎町2丁目25-1
なや,1,bar,restaurant|asian_restaurant,江戸川2丁目21-1
せいじゅ,1,bar,restaurant|japanese_restaurant,東瑞江1丁目18-5
444,1,japanese_restaurant,sake_bar|bar,3 Chome-17-1 Higashimizue
どん太瑞江店,1,japanese_restaurant,asian_restaurant|restaurant,西瑞江3丁目6-70
網さだ,1,japanese_restaurant,asian_restaurant,江戸川4丁目4
串太郎瑞江本店,1,japanese_restaurant,restaurant|diner,西瑞江3丁目39-102
メルカート,1,restaurant,japanese_restaurant|french_restaurant,東京都江戸川区江戸川３丁目２１−６４
スリーピングサン,1,restaurant,burger_restaurant|bar_and_grill_restaurant,西瑞江2丁目19-46
丸盛家,1,japanese_restaurant,asian_restaurant|noodles_restaurant,春江町3丁目45-5
希林,1,restaurant,coffee_shop|barbecue_restaurant,"Niihori, 2 Chome−4−1 藤ビル"
14号瑞江店,1,fast_food_restaurant,,東京都江戸川区瑞江１－１０－３
藍屋,1,restaurant,japanese_restaurant|cafe,谷河内1丁目7-17
穀倉やまざき 本店,1,restaurant,,篠崎町6丁目8-5
つぐみ 創心,1,japanese_restaurant,,東京都江戸川区篠崎町７丁目１２−１８
オキツ,1,japanese_restaurant,grocery_store|shopping,谷河内1丁目20-9
プランプ ダイナー,1,diner,restaurant|american_restaurant,上篠崎2丁目1-4
さくらんぼ,1,restaurant,,上篠崎2丁目2-4 エリア: 船堀 瑞江
もりた屋,1,japanese_restaurant,restaurant|asian_restaurant,上篠崎1丁目1-15
いそざき,1,japanese_restaurant,restaurant|diner,鹿骨4丁目23-18
味歓村,1,restaurant,diner,"Higashimatsumoto, 1 Chome−16−4 ＳＵＺＵＫＩレジデンス"
江戸熊,1,japanese_restaurant,sushi_restaurant,
アカシヤ,1,japanese_restaurant,asian_restaurant|restaurant,南小岩3丁目26-10
おにきす,1,restaurant,,東京都江戸川区南小岩3丁目26-10
満津家,1,japanese_restaurant,asian_restaurant|restaurant,南小岩3丁目26-12
でこちゃん,1,bar,japanese_restaurant|restaurant,北小岩6-15-8
きらきらミスト,1,restaurant,bar|eat_and_drink,篠崎町6-23-9
三河屋商店,1,japanese_restaurant,noodles_restaurant,北小岩4丁目37-4
島ちゃん,1,restaurant,japanese_restaurant|eat_and_drink,3 Chome-25-3 Kitakoiwa
テロワール,1,japanese_restaurant,restaurant|wine_bar,南小岩8-11-14
蔵前橋通り北小岩店,1,fast_food_restaurant,,東京都江戸川区北小岩３－１－２１
三都屋,1,japanese_restaurant,restaurant,3 Chome-1-15 Kitakoiwa
