station,name,passengers,near_edge,stores,stores_w,per_10k_passengers_w,ラーメン,そば・うどん,すし,和食（割烹・天ぷら・うなぎ・郷土）,焼き鳥・やきとん,焼肉・ホルモン,鍋・しゃぶしゃぶ,お好み焼き・もんじゃ,とんかつ・揚げ物,串かつ・串揚げ,定食・丼,海鮮・魚料理,居酒屋,バー,スナック・パブ,中華,韓国料理,インド・ネパール,東南アジア・その他アジア,イタリアン,フレンチ・ビストロ,洋食,ファミレス,ハンバーガー・ファストフード,その他各国料理,カフェ・喫茶,パン,スイーツ・和菓子,惣菜・弁当
003922,渋谷,2897703,0,2429,1147.4692,3.9599,1.0295,0.5543,0.6346,0.8297,1.164,1.213,1.5802,0.6519,0.7797,1.6987,0.5261,1.3104,1.4107,1.0866,0.7441,0.6183,1.3369,0.7313,1.1133,0.9363,0.9128,0.8715,0.2381,1.0142,2.3009,1.0007,0.5142,0.8891,0.6047
003700,新宿,2713386,0,2322,1136.2903,4.1877,0.9608,0.5493,0.7933,1.1825,0.9135,0.8912,2.2086,0.7341,1.152,1.0782,0.6748,1.2286,1.3388,0.9618,0.7238,0.7246,1.012,0.4653,1.1693,0.7391,0.4363,0.9128,0.3265,0.8563,0.9422,1.0983,1.0009,1.8601,0.9861
003390,池袋,2364011,0,2301,1156.9806,4.8941,1.1376,0.7382,1.0903,0.8201,0.9386,1.2267,2.3055,1.2452,0.9283,0.4091,0.6561,1.2026,1.1733,1.2457,0.819,0.8865,0.7911,0.3303,1.3947,0.7155,0.4319,0.8929,0.5681,0.8365,0.9621,0.9452,0.8093,1.242,0.6187
003260,北千住,1434911,0,695,613.0123,4.2721,0.8277,0.8341,0.621,0.6106,1.104,0.8846,0.7408,0.6529,0.7776,1.1043,0.6508,1.2365,1.6473,1.2961,,0.6029,0.6743,0.2971,0.4377,0.6772,0.7418,0.5743,0.5401,1.0485,0.6232,0.6842,1.3487,1.8415,1.3484
003766,東京,1262604,0,1489,643.2906,5.095,0.8904,0.8785,0.8572,1.5837,0.8549,0.6528,1.1251,0.7763,0.7386,0.871,0.7209,1.3363,1.0289,0.6738,0.8025,0.7866,0.7751,0.5777,1.3234,0.9708,1.5396,1.3901,0.2288,0.3632,1.3149,0.9363,1.0965,2.3497,2.2657
004095,品川,892969,0,534,223.9819,2.5083,0.9452,1.4444,0.7853,1.1484,0.5436,0.9395,1.3113,0.4091,0.4588,0.4887,0.8285,1.5504,1.4615,0.6706,0.9243,0.7337,0.5968,1.5779,0.6199,0.9324,0.5627,1.2669,1.1251,0.7391,0.9193,0.9019,0.8092,1.1425,2.7751
003508,高田馬場,809212,0,700,350.7029,4.3339,1.2442,0.4894,0.307,0.6081,1.2475,0.8745,1.3828,0.4423,1.1405,1.1043,1.2696,1.1576,1.4148,1.2178,1.0211,1.1016,1.4836,0.6472,3.251,0.7308,0.3532,1.0571,0.6887,0.7103,0.9695,0.7958,0.644,0.5191,0.6982
003872,新橋,787769,0,2970,1376.172,17.4692,0.5165,0.5396,1.4047,1.8061,1.0585,1.0104,1.2302,0.6287,0.7086,1.8466,0.4479,1.3915,1.3087,2.0751,3.2725,0.7455,0.9579,0.2336,0.4648,0.6178,1.2421,1.0681,0.1365,0.2532,1.0112,0.4465,0.2523,0.2543,0.1714
003624,秋葉原,678406,0,1217,475.697,7.012,1.3573,0.8706,0.8582,0.5908,0.5539,0.7718,1.1906,0.5701,1.3886,1.553,1.2088,1.3358,1.2836,0.464,0.1015,0.9698,0.6322,1.0557,0.4925,0.5442,0.4796,1.6444,1.0318,0.8241,1.2521,2.2261,0.5544,0.994,0.3336
004072,目黒,565824,0,502,271.2434,4.7938,0.8977,1.0211,0.9351,0.8772,0.9567,1.4135,1.728,0.3004,0.4743,1.0419,0.9684,1.0073,1.065,1.2045,0.966,1.0047,1.1957,2.1403,0.3005,1.4199,1.9809,0.8737,1.1095,0.56,1.3543,0.5988,0.6208,0.8251,
003505,上野,529457,0,949,516.9381,9.7636,1.1161,1.2465,0.5228,0.6527,1.033,1.1526,1.4077,1.3288,1.1492,2.623,0.5561,2.0559,1.398,0.9189,0.6608,0.9666,1.2813,0.5646,0.4159,0.6673,0.4531,0.6062,,0.582,0.9869,0.7759,0.7917,1.3383,1.0616
003526,押上,526053,0,398,249.5922,4.7446,1.1107,1.0712,0.7516,0.7056,0.6403,1.402,0.3424,2.5015,0.7987,1.2761,0.6669,0.5954,0.653,0.8335,0.899,0.8274,1.039,0.6868,0.607,0.8116,0.3674,0.6924,1.1069,1.5066,1.4404,1.5003,0.6932,3.036,1.716
004330,蒲田,408525,0,951,728.7852,17.8394,1.5916,0.5787,0.7935,0.8331,1.1526,1.0822,1.244,1.0447,1.2331,0.4636,1.1744,1.4275,1.5573,1.2459,2.0928,0.8542,1.4153,0.7484,1.0291,0.6528,0.5338,0.9511,0.5848,0.6292,0.3488,0.3472,0.5393,0.6837,0.4172
003568,中野,406312,0,844,505.3063,12.4364,1.3904,0.8101,0.7091,0.7794,1.1808,1.0323,0.6051,0.8613,0.6175,1.1276,1.1825,1.3152,1.355,1.3752,1.3224,0.8272,0.2295,0.3034,1.2515,0.6659,0.4869,1.1868,0.4361,1.3832,1.1667,0.799,0.3693,0.7448,0.2
003719,大手町,396194,1,794,309.1082,7.8019,0.8255,1.3608,0.8439,1.7937,0.6089,0.4376,0.9162,0.1755,0.8549,1.0244,0.9568,1.2107,0.8534,0.403,0.4166,1.0996,0.973,0.3675,2.3822,1.0858,1.7693,1.9371,0.2647,0.5285,2.441,1.1804,1.2799,1.8357,0.8214
003795,有楽町,392785,0,1700,745.8438,18.9886,0.6827,0.747,0.9586,2.1729,0.5718,0.7015,1.857,0.5332,0.4384,0.8148,0.6932,1.6641,0.8068,1.2739,1.01,0.7711,0.7118,0.5222,1.7769,1.2243,2.2401,1.0944,0.4136,0.6113,2.0495,1.2503,0.913,0.8833,0.1429
003214,綾瀬,384554,0,196,177.9412,4.6272,0.9587,0.8009,0.901,0.6229,2.3531,0.9076,1.451,,0.8461,2.7036,0.8262,0.1682,1.4001,1.1745,0.7606,0.8599,1.0936,0.9638,0.2858,0.4897,0.5156,0.5514,1.9939,2.567,,0.4489,1.1854,0.6831,0.7336
004014,中目黒,381738,0,780,346.8161,9.0852,0.5383,0.5622,1.0753,0.9922,1.3929,1.6015,1.4936,0.6901,0.3733,1.5903,0.7494,1.4097,0.7301,1.2322,0.5042,0.5969,1.1329,0.2853,1.5129,1.6673,2.0723,1.388,,0.8691,1.7951,0.9463,1.0209,0.6046,0.3474
004110,五反田,375542,0,775,471.5438,12.5564,1.0823,1.079,0.7832,0.8398,1.0736,1.6392,0.858,1.1837,1.2007,1.9185,0.9544,1.3128,1.2284,1.0117,1.1239,1.1783,0.9111,0.4589,1.0139,1.3072,0.9818,1.1756,0.648,1.1203,0.7218,0.3611,0.5321,0.3122,0.7335
004197,大井町,366901,0,553,334.3196,9.112,0.8923,0.7228,0.9335,0.9566,1.1915,1.4359,0.4951,0.9759,1.4437,0.9226,0.8137,1.1192,1.2997,1.3508,0.5405,1.2278,0.1878,0.662,1.024,0.6706,0.8853,0.9943,0.6233,0.8816,0.5207,0.6223,0.8375,0.6194,0.6047
003991,恵比寿,356771,0,1490,685.1883,19.2053,0.7672,0.6128,0.7878,1.0686,1.3358,1.2291,1.5284,0.8782,0.5093,1.424,0.5155,1.3667,0.8639,1.4421,0.9253,0.7913,1.4077,0.3649,1.4192,1.8666,1.7568,0.6422,0.2139,0.9402,1.6838,0.7798,0.5278,0.511,0.8003
003368,西日暮里,353501,0,182,130.7306,3.6982,0.8482,2.2282,1.0329,0.3519,1.5636,1.1696,,,0.3983,1.2728,1.49,0.4751,1.3598,0.7259,1.2263,1.1875,1.0362,1.7766,0.7631,0.3469,0.2535,0.5916,1.0508,1.1448,1.4366,0.9207,0.6846,0.3682,0.7058
003417,日暮里,348027,0,266,181.9909,5.2292,0.4087,1.9824,1.2411,0.5587,0.9512,0.9975,0.8576,1.1378,0.529,,0.7007,0.631,0.9661,0.7995,0.4983,1.1861,2.0644,0.6065,1.8469,0.5208,,0.7376,0.6978,0.6852,0.9541,1.3645,0.8659,1.6941,2.2978
003294,小竹向原,317839,0,25,20.4476,0.6433,,,1.0828,,3.2926,0.7586,,,,,1.2653,,0.8707,1.3905,,,,,,,,,6.6849,,,0.7986,,5.6421,9.0928
003595,飯田橋,314792,0,916,425.1988,13.5073,0.4784,1.0079,0.9433,1.7082,1.0743,1.2765,2.0393,0.7889,0.6731,1.256,0.7945,1.0256,1.1512,1.0942,0.5376,1.0151,0.3643,0.6253,0.5527,1.4964,1.7537,1.0604,0.3971,0.5509,1.4827,0.8369,0.3225,0.696,0.1793
003639,錦糸町,299028,0,858,578.6476,19.351,1.1274,0.9319,0.7901,0.7674,0.8753,1.0164,1.0427,1.5545,1.0423,1.3878,0.8703,1.2949,1.3257,1.2768,1.825,0.8334,1.4688,0.3983,2.4645,0.8322,0.1598,0.9036,0.1605,1.4979,0.8354,0.6916,0.3877,0.7646,0.4665
003997,新木場,296274,1,30,21.2252,0.7164,1.1535,7.4107,,,,,,,,,4.0782,,1.8216,0.5087,,,,,,0.5418,,1.2703,,2.1189,,1.0383,,,
003728,四ツ谷,295458,0,344,163.4229,5.5312,0.6697,1.0466,0.8693,0.8637,1.1995,0.8744,1.5807,0.3478,0.9963,,0.6861,1.7379,1.1013,0.9637,0.3149,1.1543,,0.5711,1.1864,1.063,1.6574,0.83,1.0065,0.7854,3.5038,1.1644,0.3478,0.7305,0.4546
004135,大崎,290388,0,212,123.917,4.2673,1.0274,1.1381,0.6286,0.4895,0.4573,0.8645,1.267,0.6243,1.4776,1.1804,1.6015,0.6609,1.3907,0.8919,,1.3694,0.4805,1.2705,1.4973,1.5014,0.9061,1.4965,0.7974,1.8798,0.8882,0.9257,0.5357,0.2881,
003671,市ヶ谷,279416,0,292,128.5281,4.5999,1.3244,0.8674,0.9024,0.9957,1.2836,0.8685,0.9256,0.8865,0.5398,,1.0522,1.5618,1.3241,0.3054,0.5327,1.388,1.466,1.6015,1.9625,0.5485,1.1877,0.8781,1.2283,1.0232,2.6529,1.0933,0.4789,0.2158,0.8386
003847,代々木上原,269075,0,259,116.2142,4.319,0.7163,1.8592,0.9155,1.0239,0.8811,0.452,,0.5921,0.7726,1.2344,0.5213,0.9215,0.4893,0.7921,0.3119,0.9267,,0.4429,0.3914,2.1309,4.2643,0.4871,,1.4264,2.3222,1.3424,1.2812,0.7753,1.3876
003949,浜松町,267804,1,650,276.7224,10.333,1.1904,1.3611,0.7724,0.9331,1.1288,1.3086,0.8523,0.6648,0.994,1.9853,0.7344,2.0007,1.3821,0.7005,0.3218,1.2735,0.9698,0.8547,1.2591,0.8658,1.0668,0.9722,0.6094,0.5004,1.3445,0.8113,0.1644,0.221,0.5934
004000,田町,251710,0,642,276.2435,10.9747,0.9603,1.0085,0.4703,0.7687,1.3255,1.5272,0.8526,1.3299,1.3673,1.1915,0.9795,2.0754,1.441,0.6099,0.7512,1.2197,1.1318,0.7125,1.7633,0.9382,0.7623,1.0869,0.3048,0.5006,1.4944,0.7199,0.548,0.1326,0.3561
003575,荻窪,250115,0,549,362.162,14.4798,1.2863,0.5967,0.8101,0.4597,1.3641,0.8263,0.7648,0.3812,1.3379,0.95,0.9148,0.7978,0.8854,1.358,0.6126,1.0374,0.9668,1.193,1.2051,0.9063,0.8205,1.2823,0.3254,0.6887,0.8936,1.0213,0.971,1.287,1.6525
003951,豊洲,246184,1,231,133.2993,5.4146,0.938,1.5066,0.8368,0.4022,0.2988,0.7104,1.5616,1.1445,1.8212,,1.7688,0.724,0.8295,0.2069,,1.0591,1.5793,,1.5379,1.4099,0.1861,1.8594,2.2017,2.757,2.1896,1.2834,2.2156,1.1492,1.0284
003677,神田,237297,1,1362,572.5225,24.1268,1.0925,1.1478,0.8807,1.298,1.3663,1.1555,0.4172,0.7072,1.1063,1.1662,1.1638,2.0062,1.6352,0.482,0.415,1.1722,0.5686,1.2682,0.8013,0.7118,0.8858,1.139,0.3013,0.3008,0.9507,0.7823,0.1684,0.4024,0.2338
003615,御茶ノ水,231276,0,563,230.1069,9.9495,1.419,1.3674,0.8219,0.9019,0.5005,0.5139,0.7532,,1.1712,,1.4426,0.7858,1.1994,0.4341,0.0713,0.9561,0.5713,1.5106,1.1868,0.9552,1.2096,1.9474,1.0878,1.4481,1.4914,1.9617,0.6152,0.262,0.3479
003823,銀座,230271,0,3488,1641.8012,71.2987,0.5269,0.4511,1.5033,2.336,0.4871,0.7715,2.2152,0.3012,0.5371,1.0605,0.4886,1.3001,0.5577,2.0865,2.1866,0.6752,0.5518,0.5605,0.9085,1.2106,1.809,1.0184,0.2437,0.4151,1.9421,0.969,0.7205,1.1617,0.6003
003908,下北沢,229107,0,838,397.2179,17.3377,0.9336,0.5843,0.3598,0.1668,1.2063,0.9574,0.8635,1.2014,0.3776,1.2067,0.9633,0.9008,0.8737,1.519,0.9136,0.549,0.9824,0.8659,1.7858,0.9867,0.5404,1.5189,0.5995,1.6538,2.1188,1.4726,1.0445,1.1377,0.2263
003756,日本橋,216753,0,1090,534.6696,24.6672,0.6602,0.9865,0.9387,1.726,0.9394,0.7777,1.4392,0.228,0.6746,0.7314,0.5251,1.6164,1.2518,0.8634,0.7664,1.0097,0.6947,0.8747,0.529,0.942,1.1797,0.9568,0.1307,0.3432,1.0863,1.0005,0.7658,1.7572,1.0914
003651,神保町,203106,0,872,336.6294,16.5741,1.5308,1.3143,0.8505,0.9117,0.8625,0.3925,,0.678,0.8256,0.6595,1.4888,1.1693,0.7775,0.4196,0.1509,1.5529,0.8054,2.3663,1.6732,1.1385,1.0759,2.3505,0.7668,0.8166,0.4963,1.6285,0.6409,0.6279,0.3967
003657,九段下,201105,0,336,132.5932,6.5932,1.789,1.3614,0.9036,1.3949,0.6998,0.3079,,0.8643,1.3157,,1.7017,1.2554,0.7534,0.2636,,1.5494,0.3423,2.4134,1.5999,1.2987,0.8069,1.7124,1.9553,1.3014,0.3164,1.5332,0.9339,0.4709,0.5057
003689,新宿三丁目,199171,0,2881,1424.2926,71.511,0.7336,0.4792,0.5712,0.8573,0.7016,0.9732,1.6394,0.7403,0.6973,1.2938,0.5359,0.8288,1.1055,2.6477,1.0967,0.5501,0.9405,0.3988,1.3798,0.7067,0.5326,0.6807,0.1679,0.4904,0.9765,0.9267,0.6459,1.3156,0.731
003522,浅草,197745,0,982,505.4162,25.559,0.9976,1.2771,1.0836,2.2773,0.7302,1.0054,1.5377,3.2991,1.6141,0.2865,0.8099,0.8644,0.6772,0.9226,0.2406,0.5507,0.3499,0.3084,1.287,0.3427,0.6689,0.8876,0.6721,1.0663,1.527,1.2479,0.9484,2.5756,0.1784
003155,赤羽,188334,0,658,456.6098,24.2447,0.8625,0.4001,0.9232,0.5527,1.4091,1.098,0.9902,0.6199,0.9624,1.5376,0.9177,1.033,1.6954,1.1453,1.9263,0.6926,0.7511,0.5517,0.6826,0.5588,0.3541,0.7256,1.0544,1.0266,0.9256,0.576,0.9921,0.9783,1.6714
003354,巣鴨,188319,0,308,153.2529,8.1379,0.9521,0.8183,1.6483,0.9944,0.9132,1.3403,2.5736,2.2455,0.7504,0.7993,1.0031,2.0882,0.8912,0.4615,0.7847,1.1628,0.6507,,1.3478,0.9175,0.3068,0.4166,1.6648,0.9016,,1.116,1.6121,1.5187,0.5372
003892,六本木,183792,0,1447,559.2708,30.4296,0.4999,0.5421,1.5396,1.6465,1.2777,1.2344,2.2914,0.3762,0.422,0.6742,0.6235,1.0065,0.4958,1.9604,1.8823,0.7361,0.8233,0.645,1.2115,1.1229,1.682,1.4565,0.3449,1.0196,2.2829,0.7925,0.4341,0.5504,0.2015
003580,水道橋,182490,0,505,248.7626,13.6316,1.5923,0.9468,0.3512,0.9999,0.8292,1.117,0.4626,1.2106,1.2631,0.862,1.2757,1.2358,0.9378,0.7713,0.8099,1.3124,1.2921,0.8463,3.0344,1.1001,0.2045,1.8954,1.0709,1.9917,0.401,0.9182,0.6799,0.617,0.1909
003236,王子,178128,0,248,163.56,9.1822,1.0423,1.1687,0.7354,0.6208,1.0974,0.8223,2.4101,2.263,0.8432,1.7963,1.4432,0.5028,1.0882,1.0772,0.9377,0.9194,,1.2889,0.2848,1.4688,0.5171,0.9632,2.053,1.0903,0.3379,0.9346,1.1268,0.5195,1.046
003883,表参道,176901,0,650,241.7969,13.6685,0.511,0.5325,0.848,0.7188,0.2827,0.9443,1.4079,0.3829,0.4557,,0.6517,0.6446,0.3753,1.0483,0.5208,0.5109,0.8133,0.6564,0.6069,1.8184,2.2359,1.5312,,1.6223,2.5043,2.6838,1.6981,1.3815,0.1522
003328,練馬,173987,0,354,283.765,16.3096,1.8843,0.6949,0.6561,0.5387,1.348,0.8919,1.7428,1.1527,1.2195,0.6495,0.8866,1.6969,1.1928,1.2691,0.9541,1.0194,1.0575,0.466,0.206,0.5901,0.7479,0.7364,0.981,1.0413,0.7331,0.5182,1.4129,0.5261,1.4126
003797,八丁堀,166605,0,615,312.9177,18.782,0.7925,1.2879,1.0321,1.3118,1.4959,1.0267,1.8518,0.4033,0.5399,0.8626,0.929,1.4489,0.9669,1.2843,0.2167,1.2952,,1.7022,0.5471,1.2148,1.8211,0.5209,0.6938,0.4858,0.3246,0.6,0.5016,0.4047,1.2222
004264,大森,165460,0,559,404.6767,24.4577,1.1089,1.0644,1.0684,1.0382,1.0506,1.2008,1.0015,0.7571,1.1003,2.0158,0.6566,0.8819,1.1756,1.3578,3.2229,1.0001,0.313,1.2346,0.999,0.6857,0.9141,1.0471,1.0171,0.9372,0.4269,0.5018,0.335,0.9095,0.2902
003636,浅草橋,147750,0,468,237.3289,16.0629,1.3681,1.1329,0.9883,0.6499,1.5356,0.881,0.3228,0.277,1.1178,1.8043,1.0525,0.9965,0.9919,1.0056,0.3251,1.2342,0.7345,1.8706,0.9536,0.4656,1.3569,0.8418,,1.0009,1.1314,1.1497,0.7736,0.3288,1.1046
003648,西武新宿,147390,0,2697,1360.1981,92.2856,1.0468,0.4143,0.6045,0.7749,0.9172,1.4599,1.6598,1.0839,0.7864,1.7397,0.5289,1.1904,1.2779,2.3117,2.1411,0.5738,3.9343,0.4508,1.3792,0.439,0.2597,0.6041,0.1756,0.4429,0.8364,0.7101,0.1126,0.4429,0.1525
003486,新小岩,146776,0,338,281.221,19.1599,1.0889,0.8516,0.7558,0.7428,1.3759,0.9838,1.2816,0.8713,1.3078,0.597,1.1445,1.3292,1.5348,0.965,2.7261,0.975,0.4861,0.4284,0.7573,0.5967,,0.8912,0.9497,1.2245,0.2246,0.5224,0.7758,0.8942,1.4404
003818,門前仲町,143409,0,525,321.6889,22.4316,0.6908,0.6657,1.3352,1.5799,1.1734,1.3078,0.7667,0.8428,0.8941,0.4762,0.9769,1.5107,1.629,0.8734,0.168,0.7149,0.9692,0.3417,0.453,1.0816,0.9139,1.0143,0.5405,1.1844,0.3583,0.6632,0.3885,0.7522,0.5049
004177,二子玉川,140353,1,396,190.3491,13.5622,0.5063,0.5927,1.2044,1.3441,0.6826,0.6847,0.8028,0.9574,1.1703,0.7479,0.5597,1.3958,0.5802,0.6163,0.4247,1.0208,1.8268,1.0733,2.1346,1.0872,1.1483,1.1507,0.5574,1.3454,0.5628,1.0856,1.5538,3.3691,1.8932
003838,東銀座,140168,0,2327,1096.8999,78.2561,0.5399,0.489,1.7811,2.538,0.3346,0.7268,3.1956,0.348,0.9317,0.9924,0.5477,1.528,0.4361,1.7715,1.4961,0.6688,0.505,0.6231,0.6294,1.375,2.1427,1.0861,0.133,0.489,1.3069,0.9987,0.6491,1.5712,1.0155
003743,代々木,136902,0,535,240.3071,17.5532,1.3054,0.8809,0.6674,1.1195,0.7707,1.1369,2.0283,0.259,1.3517,1.6197,0.7981,0.9068,0.5809,0.6929,0.5457,1.2159,0.6594,0.7748,2.397,1.5697,1.0362,1.2784,0.5677,1.8717,1.8283,0.978,1.2609,1.1303,1.669
004196,自由が丘,136588,0,696,304.6622,22.3052,0.5659,0.655,0.8825,1.0187,0.4815,0.8156,0.6729,0.4353,0.6746,1.2539,0.7627,1.2192,0.7188,1.0029,0.6626,0.8392,1.1014,1.2469,0.6627,1.8307,2.1742,1.2003,,1.0487,1.4402,1.2031,1.7556,2.0433,0.7448
004016,三軒茶屋,136375,0,721,378.4172,27.7483,0.7094,0.5921,0.5104,1.0141,1.1159,1.4551,0.4374,1.2173,1.0203,1.6302,1.403,0.8366,1.4122,1.1613,0.4628,0.8622,0.3318,0.1462,1.0339,1.1849,1.0168,0.741,0.9112,1.152,1.6867,0.6445,1.1641,0.7258,0.5731
003635,亀戸,135911,0,472,295.5887,21.7487,1.151,0.2958,0.6674,1.5794,1.4664,1.4818,0.7665,1.1235,0.5959,1.4282,1.7363,0.8884,1.5704,0.5889,0.6717,0.8447,0.7752,0.6832,0.9058,0.6055,0.4568,1.1154,1.0807,1.5224,0.7165,0.4641,0.4661,1.2534,1.8508
003828,原宿,134814,0,446,179.3778,13.3056,1.5974,0.4507,0.1184,0.2978,0.3076,0.3287,0.3854,0.3445,1.1237,,0.8341,0.4021,0.4473,0.395,0.5444,0.7842,0.5847,1.2883,1.8219,1.3702,1.2404,1.1336,0.3775,2.697,3.7829,2.8702,0.2795,3.3828,0.6055
003805,霞ヶ関,132884,0,217,88.4239,6.6542,0.4756,2.1586,0.7587,1.1844,1.0482,0.7939,1.9865,,3.4426,,2.2789,0.4541,1.2366,0.5213,,1.3372,0.4952,1.3187,2.3394,0.4468,1.1723,1.4197,,0.7531,,1.1594,0.5067,0.1363,0.3658
003802,日比谷,132278,0,1574,709.335,53.6246,0.5935,0.7106,1.0457,2.1899,0.7161,0.7048,1.3153,0.4942,0.3742,1.0377,0.6005,1.3796,0.8017,1.7885,1.4434,0.6968,0.6156,0.4396,1.5483,0.9194,2.0445,1.0935,0.4465,0.5541,2.2941,1.1335,0.6302,0.7994,0.1542
003555,御徒町,125968,0,1729,953.8239,75.7195,0.9539,0.763,0.7918,1.0837,1.2572,1.3571,2.1106,1.0751,1.0728,2.0425,0.5434,1.3566,1.2797,1.4646,1.2633,0.8562,2.0658,0.9244,1.324,0.402,0.3453,0.7798,0.2567,0.7189,0.8964,0.7159,0.3617,0.7489,0.2725
003343,駒込,124751,0,267,153.6617,12.3175,1.1531,1.3091,0.9218,0.9426,1.4669,0.4444,,0.7373,0.5742,0.9174,2.032,0.1712,1.3113,0.3119,0.3318,1.3961,0.9615,1.5057,1.5806,0.989,1.6979,1.3085,1.4217,0.4441,0.2962,0.9721,1.2685,0.4624,0.7123
003812,青山一丁目,124550,0,187,73.2158,5.8784,1.2753,1.6743,1.6731,1.3672,0.2037,1.0564,,,0.5159,,0.5081,1.5381,0.5657,0.4309,0.4454,1.4624,1.342,1.7742,0.5227,1.6474,2.2145,3.0863,,1.6621,,1.3038,,0.5505,0.9854
003360,小岩,120166,0,408,291.9459,24.2952,1.2937,0.4515,1.0003,0.6164,1.5809,1.4798,0.5983,2.0916,1.0466,1.1148,0.6584,0.5201,1.3648,1.088,2.5707,0.8749,1.1345,0.7999,1.414,0.709,0.2139,0.6152,1.0927,0.7198,0.4194,0.5637,0.762,0.9221,0.8252
003716,三越前,117531,1,885,420.4957,35.7774,0.8114,1.106,0.9899,2.2796,1.1406,0.6253,1.2096,0.1505,1.448,,0.5699,1.6953,0.8445,0.8864,0.3236,1.019,0.9175,0.9242,0.8868,1.181,1.867,1.1736,0.2103,0.3627,1.5559,0.9211,0.9361,1.2461,0.6899
003839,東陽町,114708,0,195,122.4121,10.6716,1.4482,0.6646,0.9228,0.5915,0.8237,1.1751,1.1481,,1.6737,,1.7068,1.7965,1.8949,0.4106,,0.657,1.3062,1.9187,1.0176,0.8746,0.6158,0.6835,,1.5202,,0.5959,1.0471,0.9857,0.378
003773,茅場町,112343,0,587,297.6475,26.4945,0.6158,1.3581,0.8707,1.6976,1.4606,0.9994,0.9764,,0.5694,1.3645,0.5878,1.443,1.1355,1.1332,0.2286,1.2726,,1.4686,0.4327,1.3637,1.5712,0.7323,0.7317,0.3842,0.6845,0.8077,0.4628,0.32,0.716
004368,羽田空港第1・第2ターミナル,111697,0,225,149.5923,13.3927,0.9234,1.4022,0.9372,0.8799,,0.2914,0.5694,,1.328,,0.5375,0.594,0.1308,0.5346,14.7367,0.4344,0.8637,,0.3364,0.2892,,2.1766,0.8922,1.1999,0.7983,1.621,1.4104,4.9786,0.7638
003375,大塚,108702,0,464,239.0803,21.9941,1.1712,0.9334,1.347,0.8735,1.4642,1.0605,,1.2327,0.6591,1.0531,0.8811,0.6878,1.3648,1.0464,0.8876,0.9702,0.4287,1.3223,2.5046,0.6697,0.4042,1.1663,0.7312,0.8909,0.5943,0.7921,0.4085,0.2636,0.8848
003900,神谷町,107982,0,277,103.9786,9.6293,0.5091,1.0694,0.8905,1.4555,0.6507,0.7711,,,0.659,2.1057,1.2982,1.1789,0.2581,0.7568,1.4224,1.0778,,1.5109,1.3355,1.2435,2.6268,2.2746,2.424,1.0616,3.9614,1.7696,1.0169,0.7033,0.9441
003986,三田,107560,0,629,268.9732,25.0068,0.8639,1.2889,0.6182,0.7297,1.1544,1.3755,0.8717,1.0198,1.652,1.2182,1.2517,2.0461,1.3338,0.544,0.5486,1.4964,0.8265,0.7284,1.2877,1.0699,1.091,1.0527,0.3116,0.4094,1.5278,0.7093,0.5043,0.226,0.4855
003844,明治神宮前,105665,0,694,273.7223,25.9047,1.3304,0.4168,0.2736,0.1967,0.2031,0.2606,0.5092,0.6826,0.7423,,0.601,0.6197,0.3223,0.4493,0.5993,0.7446,0.5793,1.0211,1.9556,1.5084,1.3656,0.936,0.2494,3.0148,2.6772,3.1727,0.9231,3.2772,0.3999
003542,後楽園,104894,0,271,155.2732,14.8029,1.5403,0.8311,0.8919,0.688,0.2558,1.0936,1.6027,2.3729,2.8037,,1.0118,0.9289,0.4059,0.7167,1.27,1.087,2.0261,1.0714,2.2097,1.2662,0.5731,2.0484,2.5189,2.0007,0.7491,0.9566,1.52,1.4493,0.5986
003646,両国,104604,0,278,180.9625,17.2998,0.4525,1.8127,0.8268,1.5524,1.6098,0.8567,6.5289,2.0965,,1.8716,0.8695,1.7464,0.9578,0.5846,,0.8941,,1.343,1.187,0.9352,0.1796,1.1171,1.0823,0.6313,0.7042,1.0838,0.4357,0.7031,1.2584
003248,京成高砂,102056,0,82,61.3999,6.0163,0.4975,0.5242,0.8881,0.3556,1.2824,1.1774,,1.2514,,,2.0545,,1.0174,0.4734,,1.5799,1.0471,1.8457,,0.2337,0.4937,1.1519,,0.7537,,1.6078,1.4325,3.0821,2.0687
003939,大門,101853,0,664,283.8119,27.8649,1.1754,1.3439,0.7627,0.9755,1.163,1.3639,0.8416,0.6564,1.1042,1.5682,0.7251,1.6828,1.4223,0.7173,0.2119,1.2307,0.9576,0.9846,1.3676,0.7124,1.2039,1.0164,0.6018,0.593,1.3276,0.7623,0.1623,0.2182,0.8202
003889,月島,100940,0,330,180.2322,17.8554,0.1519,0.2813,0.6889,0.3256,1.0085,1.2938,,21.6575,0.2457,0.7851,0.3382,1.1722,1.2001,1.1927,0.7891,0.4287,0.6392,0.5634,,0.4993,0.6027,0.158,0.421,0.8843,1.1816,0.581,0.5706,0.2762,1.7304
003191,金町,99396,0,222,183.0639,18.4176,1.7466,0.9201,0.7274,0.4993,1.3506,1.0747,,1.7573,0.8478,0.903,1.0098,0.6741,1.4286,0.9141,1.3744,0.9244,,0.324,,0.5743,0.1733,0.2696,0.7182,1.0583,0.3398,0.9031,1.1734,1.623,1.0893
003721,人形町,99358,0,900,457.1426,46.0096,0.7261,1.1956,1.1727,1.2973,1.4063,0.8019,1.1752,0.8775,0.7832,1.2513,0.7411,1.5179,1.0678,1.1786,0.9432,0.8326,0.382,0.8978,0.2976,1.3642,1.8011,0.6925,0.671,0.7047,1.4124,0.6574,0.6366,0.7337,0.591
003894,葛西,99258,0,256,182.7794,18.4146,0.796,0.3334,1.6741,0.7965,1.3733,1.4318,0.8835,1.765,0.2576,0.8231,0.7562,1.2289,1.6342,0.8263,,0.955,1.3403,0.5906,0.261,0.8226,0.4739,0.7066,1.0758,1.063,1.2388,0.7631,0.7033,0.3404,1.5234
003601,新大久保,98492,0,823,389.2122,39.5171,0.7106,0.316,0.1332,0.3974,0.5684,1.2283,0.6858,0.2559,0.9997,1.2778,0.9324,0.6558,0.5712,1.0086,0.8846,1.1118,24.9676,1.7191,3.5456,0.2032,0.1226,0.4356,0.5803,1.0017,0.9615,1.1265,0.2792,0.7132,0.3023
003643,中野坂上,97406,0,154,94.8252,9.735,1.41,1.4885,1.0766,0.7983,0.2195,0.6717,,,1.3778,,1.824,0.8216,2.0029,0.7492,0.6884,1.2018,0.5974,0.5265,0.4654,1.0666,0.5633,0.6391,2.2704,1.8001,,0.4739,0.4806,0.5816,0.5205
003890,西葛西,96546,0,277,197.4963,20.4562,1.0176,1.37,0.8992,0.7273,2.0064,1.6514,1.6134,1.2087,1.6465,0.7516,1.0851,1.1221,1.144,0.4192,0.6933,0.4103,2.1417,2.6965,0.715,0.956,0.4327,0.7374,2.9469,0.9706,0.5656,0.4118,0.7706,1.0362,1.391
003835,虎ノ門,96029,0,664,275.9284,28.7339,0.9116,1.7058,0.9021,1.2428,1.2091,0.7126,0.8768,0.6874,1.6516,0.8212,0.6919,0.9147,1.131,0.5539,0.3328,1.4518,0.9958,1.3196,2.0724,0.8564,1.177,1.5322,,0.6419,1.2359,0.9886,0.6207,0.4107,0.4872
003573,高円寺,95432,0,758,502.7356,52.68,0.7785,0.4878,0.7584,0.9273,1.1022,0.9696,0.3789,0.2833,1.1048,2.4713,0.962,0.7247,1.2963,1.702,1.3658,0.6698,0.5749,0.988,1.2315,0.9238,0.4743,1.1756,0.2418,0.3413,1.0626,1.2892,0.6185,0.4948,0.5583
003946,モノレール浜松町,94252,0,665,284.225,30.1559,1.1638,1.38,0.7223,0.9659,1.1515,1.386,0.8333,0.6499,0.9719,1.941,0.7778,1.956,1.4083,0.6849,0.3147,1.2716,0.9481,0.9749,1.3541,0.8112,0.9685,1.0064,0.5958,0.3914,1.4606,0.7676,0.1607,0.2161,0.6961
003141,赤羽岩淵,94035,1,434,303.1629,32.2394,0.7442,0.3576,0.9188,0.5319,1.8364,1.1888,1.5486,0.7271,0.903,2.4047,0.6624,1.3463,1.7482,1.3965,1.5063,0.7877,0.3916,0.3451,1.0676,0.568,0.5538,0.6189,,0.4379,1.4476,0.5005,0.431,0.3477,1.1202
003549,東中野,92396,0,268,150.6543,16.3053,0.6596,0.6589,0.893,1.2123,1.0204,1.0705,0.5229,,0.3049,1.9488,0.7569,0.5455,0.9102,1.6029,1.3713,0.8601,1.1899,0.3496,0.618,1.4107,1.87,1.3767,1.1035,0.2988,2.1997,1.2221,0.6382,0.622,0.3456
003927,勝どき,91189,0,253,130.3869,14.2985,0.7342,1.1658,1.2111,0.5997,1.393,0.8936,,8.1126,0.3394,,0.9343,0.8096,1.2156,1.0544,0.545,0.3701,,1.1673,1.0317,0.6897,1.4569,0.7639,1.163,0.6107,1.6322,0.7062,1.2611,0.1272,1.3658
003846,明大前,91172,0,126,64.2834,7.0508,2.4968,1.4768,0.8003,,0.5832,1.2285,,,0.6999,4.4729,1.7024,1.2521,0.8308,0.9819,1.2699,1.2764,0.9104,2.5526,,0.6096,,1.5908,5.1431,1.7241,,0.86,0.2904,1.1714,
003788,赤坂見附,89214,0,1119,444.0697,49.7758,0.5764,0.7499,1.2363,1.75,0.5673,1.1657,3.0502,0.9072,0.7595,1.6255,0.9182,1.4146,0.9673,1.1624,0.9747,1.1971,2.8674,0.4819,1.1133,0.6871,1.393,1.3609,0.4158,0.7244,1.5162,0.9662,0.4458,0.6604,0.1607
003645,新御茶ノ水,87057,0,990,393.4064,45.1895,1.3793,1.503,0.6189,0.6825,0.8152,0.5524,0.5888,0.4229,1.3733,0.5485,1.6909,1.2796,1.1769,0.4198,0.0837,1.0856,0.4466,1.6728,1.5656,0.9967,0.6843,1.7795,0.8504,1.2734,1.3903,1.5319,0.5331,0.6144,0.3299
003662,西新宿,85481,0,553,264.965,30.9969,1.06,0.7334,0.6757,1.647,1.4133,0.5236,1.2788,,1.044,0.4766,0.9853,1.6009,0.9418,1.2539,1.3197,0.8781,0.582,0.8549,2.1158,1.0391,0.9146,1.6248,1.7316,0.4598,0.3586,1.243,0.4165,0.168,1.5035
003579,西荻窪,85340,1,504,332.8796,39.0063,0.628,0.8158,0.7286,0.8977,0.9889,0.6441,0.5808,0.4343,0.6774,2.1646,1.1911,0.606,1.0367,1.4346,0.4652,0.7756,0.8812,1.9415,1.0297,1.18,2.0771,0.6956,,0.5231,0.8144,1.1462,1.2642,1.0199,1.198
003556,新御徒町,84215,0,333,169.5947,20.1383,0.6529,1.5039,1.2433,1.5166,0.5865,1.1589,,0.7773,1.0564,1.6878,0.7951,1.4174,0.8918,0.8141,1.063,1.3246,2.0612,2.4221,1.3381,0.5367,1.2957,0.743,0.4949,0.9363,0.3175,1.2875,0.2426,0.9786,0.7882
003574,阿佐ヶ谷,84048,0,497,330.3823,39.3088,0.8121,0.7735,1.0551,0.3869,1.3884,0.7175,1.2017,1.797,0.8759,0.5598,0.8471,1.0447,0.9275,1.7168,0.4813,0.9551,0.2279,1.0042,1.0651,0.8646,0.8595,0.9355,,0.5411,1.2637,1.1138,1.226,0.7254,0.5311
003810,溜池山王,82631,0,904,363.2444,43.9598,0.6484,0.6742,1.2047,1.7571,0.992,1.0115,2.5187,0.8419,0.942,0.3352,1.0328,1.001,1.0025,1.0198,0.7747,1.0056,4.3667,1.0774,1.3797,0.6999,1.7317,1.5434,0.2573,0.2535,2.0154,0.9533,0.5544,0.3359,
003970,経堂,82232,0,306,160.1843,19.4796,0.7953,0.9654,0.9809,0.6316,2.0254,0.8365,0.4904,1.1697,1.1438,1.8275,1.0941,0.6821,0.9924,0.9725,0.2594,0.7483,1.1159,1.967,1.1591,0.9132,1.0522,0.5112,,0.9393,1.0314,0.7522,1.5423,1.2444,1.028
003335,田端,80958,0,96,61.9792,7.6557,0.7163,2.2946,1.3476,1.3652,1.1312,0.452,,,0.7726,,2.8335,1.3822,0.4487,0.935,,1.0109,1.005,0.8858,1.5658,0.2243,0.4738,1.0591,2.8217,1.4985,,1.3359,2.2123,0.357,1.9169
003754,清澄白河,80796,0,199,107.8834,13.3526,0.8187,0.6575,1.3693,1.1702,0.4346,0.6458,,0.8324,0.4415,,1.2864,0.2633,0.4309,1.023,,0.9628,0.5743,1.5185,0.4474,1.1536,1.3538,1.5026,1.6013,2.0052,1.5925,1.8668,2.302,1.1144,1.9945
004036,成城学園前,80513,0,131,65.4252,8.126,0.6215,0.8487,1.1498,2.0728,0.5586,1.3727,,,1.3407,,1.6031,,0.7755,0.4412,,1.3156,0.872,1.537,,1.3623,1.2333,1.4979,,2.7523,0.8059,0.8353,1.9469,2.2439,
003263,大泉学園,80236,0,178,142.7502,17.7913,1.0661,0.3744,0.4949,1.0159,1.3689,0.8971,,0.5435,1.1499,2.4497,1.3005,1.3715,1.086,1.5231,2.699,0.4179,,,0.7768,0.8903,0.9403,1.2152,2.7752,1.3092,0.9217,0.6254,1.2298,0.9923,1.776
003302,町屋,80085,0,208,161.163,20.124,1.2053,1.921,0.8428,0.5743,1.3357,0.7607,,2.0971,1.9501,1.0386,0.861,0.3876,1.5232,0.7404,1.2245,0.4253,0.8456,1.1178,0.3293,1.038,0.1993,0.3218,0.8574,1.6839,,0.8247,0.5586,1.2019,0.8067
003570,早稲田,79978,0,188,83.9978,10.5026,1.5338,1.569,0.6614,0.6577,0.5644,0.2904,,0.6352,1.489,,2.1218,0.888,0.597,0.1517,1.2548,1.4071,0.6456,2.2761,,0.5764,1.2175,0.9012,,1.9129,0.5967,2.9131,0.462,1.1182,0.5004
003199,亀有,79818,0,383,319.6147,40.0429,1.1311,1.3939,0.6718,0.5869,1.6758,1.0203,0.8544,0.5164,1.1626,1.5921,0.763,0.5943,1.3294,1.0256,2.0194,0.8692,1.5165,1.1498,1.0098,0.5304,0.5093,0.6207,1.2664,0.622,0.599,0.7059,0.7882,1.1128,0.647
003861,千歳烏山,79689,0,280,144.0633,18.0782,0.7673,1.1788,0.8873,0.6855,1.5518,0.908,0.5323,1.2696,1.5519,1.9836,1.9298,1.1105,0.9233,0.8512,1.971,1.3537,1.2112,0.7116,0.9435,1.2615,0.3807,0.6936,,0.7646,,0.7735,1.0302,0.8312,1.1157
003363,南千住,79673,0,93,66.6781,8.369,0.6642,1.0586,1.5924,0.6329,1.1041,0.6287,,,1.4328,,1.8979,1.7089,1.6057,0.1632,,1.7185,0.9319,1.6427,1.4519,,,0.7094,7.56,1.8559,,0.8611,,1.987,
003484,茗荷谷,78606,0,102,57.2538,7.2836,0.5492,0.889,0.2313,0.3925,0.3648,1.0398,,1.3537,,,2.886,0.5299,0.4341,0.8761,,1.3565,,2.0375,0.9004,1.2899,1.6348,1.3484,2.395,1.6305,1.0684,1.3643,2.7591,1.59,2.5613
003822,赤坂,77718,0,1351,544.0655,70.0051,0.6506,0.6811,1.0668,1.8264,0.7468,1.334,2.8884,0.8448,0.9109,1.1213,0.9332,1.2555,1.0225,1.0958,0.6394,1.0706,3.3776,0.7224,1.2074,1.0183,1.5897,1.3885,0.5163,0.3957,1.6875,0.8187,0.309,0.3994,0.3351
003292,石神井公園,76732,0,178,143.8358,18.7452,0.6875,1.4488,1.1968,0.6551,2.27,0.7593,,1.577,1.4831,1.1848,0.8986,0.2211,0.9004,0.9471,0.8703,0.8894,,2.1254,1.1272,1.2917,0.2274,0.1679,,1.2664,,0.7184,1.9827,1.1198,0.4295
003782,永田町,75272,0,662,263.9865,35.071,0.5224,1.0753,1.4158,1.7976,0.7779,0.8715,1.9411,0.5692,0.5645,1.3599,1.0457,1.4346,0.9243,1.1319,1.2087,1.3212,2.0298,0.6403,0.8535,0.6538,1.3719,1.4269,0.3479,1.2351,1.5172,0.8923,0.4332,0.6523,0.1335
003704,住吉,74853,0,100,59.9809,8.0132,1.7422,0.3913,1.3582,0.6964,1.1638,1.3836,1.3518,,1.5766,,2.2968,0.9402,1.231,0.8595,0.8885,0.7137,1.0254,,0.7988,0.6866,0.4834,1.6096,2.8589,0.895,0.9477,0.614,1.7226,0.3316,0.8903
003834,外苑前,74637,0,427,170.0448,22.7829,0.6097,0.9585,1.2863,1.8031,0.5714,1.0634,,0.9498,0.684,1.6255,0.4794,0.3843,0.4499,1.0582,0.7419,1.091,0.6103,0.4926,1.3862,2.2123,3.6299,1.5633,,1.9653,1.5972,1.2002,0.3056,0.5687,0.2052
003753,水天宮前,74355,0,753,382.9275,51.4999,0.8966,0.7973,1.272,1.3329,1.3814,0.7809,1.5922,0.8669,0.5803,1.1125,0.7588,1.5918,1.1148,1.2845,0.9318,0.8858,0.3019,0.6652,0.1176,1.2466,1.5658,0.5598,0.5966,0.7309,0.9767,0.6696,0.7547,0.9133,0.5838
003884,六本木一丁目,74305,0,514,195.1872,26.2684,0.4249,0.5578,1.3802,1.6485,1.1636,0.8044,0.6737,0.7881,0.9821,,1.0641,0.5856,0.3385,1.5585,2.2046,0.9423,1.022,1.1259,1.7913,0.9124,2.5295,2.8926,0.4817,0.6328,3.306,1.0756,0.6928,0.2096,0.3752
004069,駒沢大学,74266,0,155,75.7925,10.2055,1.1181,0.509,0.5342,,1.5075,0.882,,0.8222,0.603,1.9269,2.3073,1.0788,0.8969,0.6615,1.0941,0.9205,0.7844,,1.1389,1.878,2.1685,0.2695,2.872,0.9903,0.725,1.2088,1.0008,1.1899,1.6258
003711,森下,74094,0,181,109.0184,14.7135,0.4101,1.3175,1.372,0.616,1.0886,0.7962,2.3913,2.5021,0.4424,,2.2557,0.8315,0.7897,0.8161,,1.2017,0.6629,0.5072,,0.7706,1.6278,1.2568,,2.0092,1.0638,0.7463,1.8453,1.3027,0.9993
003729,半蔵門,73487,0,363,143.5322,19.5316,0.9031,1.7445,1.6724,1.506,0.6476,0.4987,0.4176,0.7999,0.7306,,1.4537,1.1618,0.844,0.2583,0.5934,1.487,0.6335,0.8376,1.2339,1.2019,1.9415,1.5847,,0.4817,0.2928,1.3894,1.0803,0.523,1.404
003806,笹塚,73199,0,233,114.1188,15.5902,1.2173,0.8617,0.4715,0.7909,0.9808,1.5714,,0.5489,1.4324,1.1443,0.9665,0.8542,1.3612,0.5595,,0.6247,0.9316,2.5041,0.7258,1.6634,0.4611,0.6774,,1.9834,0.8611,0.739,1.9449,0.7187,0.9647
004094,学芸大学,72696,0,430,198.6129,27.321,0.8426,1.0425,0.9154,0.9265,1.3418,1.5339,,0.698,1.2584,0.6702,0.583,1.1257,0.9979,0.9507,0.2125,0.6861,0.8185,0.4809,1.4877,1.7049,1.6721,1.0896,0.9677,0.8408,0.7565,0.7128,0.8111,1.0906,0.976
003840,木場,72289,0,237,142.0282,19.6473,0.9724,1.4056,0.9759,0.834,1.084,1.1966,,1.7796,1.8879,2.0109,1.6044,0.3753,1.0442,0.386,,1.1665,0.8186,2.8859,0.9565,0.9135,0.7719,1.285,,1.7863,0.7566,0.9103,1.1484,0.6618,1.0661
003941,麻布十番,70951,0,738,287.6404,40.5407,0.3003,0.5069,1.5385,2.2692,0.8225,1.4622,0.7143,0.9284,0.4165,1.3309,0.2735,0.8279,0.348,1.2321,0.959,0.7872,2.5283,0.6367,0.5627,2.1363,3.2354,1.214,0.6809,0.7828,1.8361,0.7749,0.7958,1.2347,0.9282
004065,国際展示場,70461,0,111,62.6582,8.8926,0.8237,1.323,0.6888,0.5887,0.9838,0.5848,1.1427,1.2562,0.6663,,2.9122,0.3974,0.2601,0.2725,,1.1625,1.7335,1.5278,,1.3541,,3.1747,,5.2958,0.8011,1.7794,1.3896,1.1212,
003546,本郷三丁目,70357,0,329,192.9985,27.4313,1.7331,1.2751,0.5308,0.563,0.628,1.1186,0.4372,,1.7844,,1.3799,0.9121,0.6642,1.0053,,1.4453,0.9948,2.6302,1.5499,1.1101,1.0943,1.1604,,1.1694,1.2259,0.9567,0.7915,1.0035,1.7144
003612,東新宿,68375,0,545,253.8336,37.1237,0.5837,0.3317,0.3775,0.8343,0.2983,1.4735,1.3496,0.2014,1.7314,1.0059,0.9176,0.9386,0.3786,1.3233,2.9845,0.7895,24.3642,1.8045,2.0734,0.3199,0.0965,0.5716,0.3046,0.364,0.5677,1.1455,0.3663,0.2955,0.7934
004078,桜新町,68296,0,165,83.8047,12.2708,0.6503,1.332,1.2031,1.1619,0.8767,1.6929,1.8043,,1.0521,,1.7612,0.3137,0.7824,0.6348,0.4773,0.5736,0.6843,1.2062,,1.8327,2.5809,0.9404,2.5056,1.7279,0.6325,0.7283,0.873,1.5849,0.9456
003101,竹ノ塚,67699,0,191,169.605,25.0528,0.9837,0.3616,0.5085,0.8437,1.3559,1.3969,,1.6037,1.5917,,0.9325,0.7593,1.3829,1.2458,2.5757,0.9025,0.4141,0.3649,0.9677,0.4621,,0.249,1.3266,1.9316,0.7655,0.4584,0.5734,1.8505,2.0701
003218,十条,67506,0,218,147.5607,21.8589,1.0262,0.7172,0.9214,0.8001,1.1786,0.7948,,0.9722,0.9056,0.9646,1.3285,0.7201,1.6362,0.7915,1.007,0.9216,0.7853,1.3843,2.1412,0.5258,,0.8276,1.1025,0.8782,1.0888,0.8921,0.8644,0.9763,1.4979
003470,目白,67082,0,130,60.5127,9.0207,0.4031,0.7458,1.2542,0.8942,1.3597,0.3815,,,,,0.8717,,0.3448,0.8456,0.8781,0.7185,0.8483,2.2428,0.6608,1.3351,3.2411,0.7922,1.4468,2.3505,3.1361,1.8955,1.6046,1.5619,0.6917
003529,春日,65361,0,244,139.2069,21.2982,1.3324,0.9585,1.2158,1.111,0.295,1.0511,1.8485,1.0947,3.2337,,1.167,0.8571,0.3511,0.6495,0.4883,1.332,1.8695,0.8238,2.5486,1.1474,0.661,2.3626,0.9684,1.9779,0.864,0.8581,1.7531,1.1573,1.0357
003286,板橋,65264,0,254,186.6713,28.6025,0.8922,0.902,0.8637,0.5607,1.1787,1.0403,0.9199,1.3876,0.889,1.0107,1.3831,0.836,1.204,1.4486,0.7013,1.1423,0.4114,,0.9009,0.729,0.5819,0.6576,0.8153,0.2487,1.3052,0.8576,0.9288,0.9943,1.4272
004109,用賀,65061,0,196,98.4121,15.1261,0.8833,1.0052,0.9533,0.4209,1.3894,0.9755,0.8169,1.9486,2.8583,3.0445,2.2784,1.4204,0.6298,0.8884,0.4322,0.7272,0.6197,0.5461,1.4482,1.6596,1.1686,0.8516,1.1345,1.5647,0.5727,0.8244,1.3835,0.4784,0.8562
003972,池尻大橋,63191,0,243,118.2417,18.7118,1.2125,1.1945,1.2698,1.4071,1.4804,0.4659,1.2659,0.5826,1.1654,1.3653,0.5464,,0.9867,1.0179,0.7478,1.2029,0.5558,0.8462,0.374,1.5281,3.0016,1.0522,,0.7397,0.4437,0.7632,0.653,0.1279,1.1115
003159,西新井,62984,0,114,94.4919,15.0025,1.3658,0.3138,1.3237,0.7321,2.017,0.9697,0.9474,2.7832,0.5525,,0.9248,1.3178,0.9334,0.7207,,0.7229,,1.2667,0.5598,0.4812,,0.6481,,3.3523,,1.127,1.6586,1.3382,0.7185
003561,平井,62126,0,157,109.9485,17.6977,1.8238,0.8814,0.5207,0.4011,1.2102,1.1953,0.7785,1.5554,2.2699,1.4507,0.952,1.0829,1.344,0.7282,0.6691,1.683,0.5905,1.0409,0.9201,0.3954,0.2784,0.5337,0.948,1.4051,,0.7947,0.7437,0.8,0.537
004331,京急蒲田,61303,0,262,197.9113,32.2841,1.2873,1.0996,1.1943,0.8051,1.0343,0.3808,0.893,0.625,1.5622,0.832,1.9672,1.3974,1.282,1.4674,1.1557,1.3059,0.3387,0.2985,0.7915,0.7559,0.1597,1.0504,1.3993,0.7528,1.2521,0.3739,0.4148,0.7808,0.599
003854,南砂町,59562,0,66,37.6613,6.323,1.073,0.5744,1.1964,0.5112,0.5696,1.3543,,6.5455,3.472,3.6982,4.2151,2.0705,0.2259,0.3155,,1.2619,,1.3268,,0.672,0.7097,2.3632,4.1974,2.628,,0.9014,1.2068,0.9737,
003860,築地,59492,0,986,461.2953,77.539,0.5908,1.0215,2.9722,1.9,0.2746,0.6152,0.9835,0.5712,0.9558,1.5272,0.8552,3.306,0.7158,1.1136,0.6139,0.7087,0.4973,0.7671,0.4843,1.4152,1.3482,0.7991,0.3276,0.516,0.5746,0.9311,0.6659,1.0746,1.2502
003764,初台,59407,0,212,98.2719,16.5421,1.8137,0.7735,0.6654,0.3638,1.4339,1.4692,,1.9468,1.2353,1.3529,1.3543,1.2554,0.7073,0.2912,,1.0054,0.5507,1.8882,0.429,1.3352,1.0385,1.3989,1.4224,2.1246,1.5131,1.1591,1.628,0.1416,1.5207
003969,広尾,58660,0,285,119.6396,20.3954,0.4197,0.8087,1.8418,1.7753,0.6445,1.0884,,1.8808,0.7064,,0.5044,0.2106,0.1278,0.4417,0.2852,0.5152,1.3783,1.6197,0.7158,2.0897,4.3469,1.4995,,2.3512,3.69,1.2735,1.9756,1.2515,0.2849
003745,船堀,58409,0,91,65.6365,11.2374,1.1249,1.8845,0.8349,0.3216,1.1644,1.4908,2.4969,3.7412,1.456,2.3263,1.2213,1.3024,1.0776,0.3892,1.0729,0.9525,0.947,1.6692,,0.4227,0.4465,,4.5606,2.2532,,0.2941,1.9876,0.6414,1.7221
003661,淡路町,57894,0,1324,538.9096,93.0856,1.3215,1.3208,0.7889,0.9867,0.9698,0.9522,0.5472,0.5241,1.3403,1.0197,1.2382,1.7888,1.4714,0.4175,0.311,1.1413,0.6642,1.8292,1.2935,0.7967,0.6262,1.3053,0.4742,0.8207,1.151,1.0536,0.2831,0.5254,0.368
003225,光が丘,56838,0,67,49.4059,8.6924,1.5786,2.495,0.6596,,,0.2989,,,,,0.9904,1.2185,0.827,,,0.6684,2.6579,,,1.483,,0.4627,4.9311,6.1064,,0.8335,1.639,4.4078,1.1834
003866,虎ノ門ヒルズ,56595,0,641,262.4559,46.3744,0.8134,1.7023,0.7912,1.6254,1.2995,0.6152,0.2257,0.5281,0.9185,1.2616,0.6482,0.7832,0.8636,0.6639,0.3409,1.4625,0.6812,1.5088,2.1254,1.0316,1.3687,1.7531,0.9682,0.8695,1.4241,1.1525,0.6383,0.4214,0.5028
003737,麹町,56238,0,457,179.5556,31.9278,1.0949,1.4884,1.3518,1.6521,0.7478,0.4607,0.3376,0.6466,0.9842,,1.0771,1.0565,0.8008,0.29,0.4796,1.5883,0.7681,0.677,0.9973,1.2572,1.69,1.7384,0.4875,0.7788,1.42,1.5292,0.7859,0.2818,1.7023
003194,東武練馬,56181,0,153,121.0368,21.5441,1.6001,0.9659,0.3919,0.8319,1.2051,1.101,,2.1692,1.4141,1.4995,1.7007,0.8395,1.187,0.5281,2.0809,0.8207,0.6104,1.6176,,0.8183,0.2897,1.1221,1.2097,1.7419,,0.5764,2.2777,1.2253,0.5485
003792,京橋,56104,0,1191,576.4329,102.7436,0.9263,0.8018,1.0827,1.5955,0.8864,0.7092,1.709,0.7209,0.5958,1.1015,0.408,1.2401,1.0483,1.2899,0.832,1.1529,0.1706,1.0609,0.8201,1.3096,1.8565,0.9505,,0.3796,1.1712,0.9233,0.7217,0.7911,0.6323
003988,千歳船橋,55873,0,169,90.1081,16.1273,0.6426,0.8775,1.0402,1.1481,1.9493,0.9124,,0.7088,3.6388,,1.989,0.93,1.1168,0.7984,0.4716,1.3603,,1.1919,0.5268,0.4528,1.2752,0.4646,1.2379,1.2806,0.625,0.5758,1.2941,0.522,0.9344
003874,下高井戸,55782,0,124,61.1215,10.9572,1.3207,0.6726,0.7257,1.12,0.6641,0.9326,,,1.5939,2.5466,1.5247,2.3763,0.7902,0.7499,,1.0743,,1.8273,0.8076,1.4721,0.4887,1.8114,2.0606,,,1.2137,1.9839,1.0671,1.4324
003667,瑞江,55028,0,123,88.9399,16.1627,0.3313,0.6938,1.2295,0.9471,1.4288,1.0976,0.9192,0.9182,1.608,1.7128,1.124,0.3196,1.4735,0.2866,0.7899,0.5844,0.6972,1.8435,1.0863,0.9337,0.6574,0.6302,3.3578,3.3179,,0.4331,0.2927,1.653,4.4378
004123,天王洲アイル,54707,1,82,47.5071,8.6839,0.2872,2.5055,0.6326,0.4105,0.7671,1.0875,,,,,,,0.7607,0.8415,2.3198,1.0134,,3.1965,0.9418,2.1586,0.57,1.5061,,3.7838,,1.3975,0.8986,0.3625,0.9732
004133,武蔵小山,54004,0,338,195.2487,36.1545,1.4743,0.4923,0.6829,0.6834,1.1296,1.3202,0.4422,2.4173,0.9886,1.6478,1.3414,0.282,1.0308,1.1949,1.505,0.8903,0.3354,,0.7838,0.8858,1.2388,0.2089,0.5566,1.3121,0.8786,0.8264,2.0867,0.9051,0.7402
003156,成増,53301,0,199,159.8027,29.9812,1.3078,0.9193,0.7351,0.7776,1.2239,0.927,0.6038,0.5425,1.4107,1.1251,1.4478,1.4697,1.2539,1.1576,0.7806,0.6142,0.458,1.2109,0.7135,0.9213,0.2159,0.8419,1.8152,1.3069,0.4233,0.4629,0.5699,1.6857,2.0576
003604,大久保,51544,0,643,306.8442,59.5305,1.0088,0.6174,0.1004,0.5546,0.7615,1.2488,0.6459,0.3214,1.0044,1.2036,1.0735,0.7487,0.6607,0.8445,0.7936,1.369,15.6788,2.447,4.0713,0.2916,0.231,0.5471,0.9718,1.2581,1.3586,1.0464,0.3506,0.7072,0.6329
003212,上板橋,51233,0,170,137.7698,26.8908,1.8161,0.8184,1.1451,0.1731,2.1557,1.1461,,2.4147,2.3507,,0.8114,0.9346,1.2497,0.7353,1.7373,0.8544,0.5096,0.4492,0.397,0.455,,0.5686,2.02,1.4543,,0.7212,0.6342,0.6823,1.8317
003163,地下鉄成増,50698,0,200,160.9652,31.7498,1.2965,0.9113,0.7287,0.7709,1.2134,0.919,0.5986,0.5378,1.3985,1.1153,1.4353,1.457,1.3016,1.1476,0.7739,0.6089,0.454,1.2005,0.7074,0.9134,0.2141,0.8346,1.7996,1.2956,0.4196,0.4589,0.565,1.6712,2.0398
003668,馬喰町,50414,0,506,241.7032,47.9437,0.9859,1.6359,0.6632,1.1306,1.3433,0.8946,0.9277,0.2637,0.5295,1.7287,1.227,0.7368,0.9702,0.9511,0.0725,1.3736,1.1267,2.1434,0.9175,1.0424,0.9883,0.9579,0.3024,0.3176,0.8764,1.1488,0.7465,0.3213,0.9615
003534,江戸川橋,49844,0,224,119.9954,24.0742,0.6689,0.7896,0.9366,1.5084,1.7384,0.1219,,,1.5829,2.6633,1.0316,0.497,0.7574,0.495,,1.5252,0.5421,1.2407,0.4223,2.2003,0.4596,1.0258,0.6439,0.8953,1.4021,1.2648,1.5737,1.0721,1.7422
003690,都庁前,49779,0,705,344.1921,69.144,1.1758,0.7861,0.6561,1.0875,0.8484,0.5238,1.7271,0.2864,1.231,0.3576,1.0872,2.2689,1.3292,1.1461,1.9804,0.9029,0.7278,1.0263,1.3607,0.9106,0.6176,1.463,1.2992,0.8625,0.6727,0.9983,0.5208,0.2101,0.7897
004215,中延,49338,0,114,65.2946,13.2341,1.8242,1.1367,0.5022,0.3259,1.5225,1.2951,1.2654,2.494,2.9515,4.7156,1.2796,1.3201,0.7247,0.6681,0.9208,1.1263,,0.8459,,,0.4525,1.1957,,,,1.2574,1.4268,0.8634,3.0906
003460,鶯谷,48920,0,186,99.2037,20.2788,1.003,0.865,0.8838,1.2078,0.8433,0.9495,0.7815,,1.3671,2.9123,0.8575,1.3587,1.3085,0.708,1.2228,1.7015,0.5928,1.0448,0.4618,0.1485,0.5589,0.5738,0.8539,0.8078,2.2587,1.2248,0.6279,0.3377,2.9016
003707,新宿御苑前,48832,0,917,447.7546,91.6929,0.7192,0.9196,0.4135,0.5997,0.7351,0.539,0.4989,0.3723,0.5818,0.6197,0.8668,0.8096,0.7324,3.4388,1.1032,0.7401,0.3784,0.5558,1.4739,0.7601,1.1299,0.6338,0.3753,0.7474,1.399,1.0786,0.4062,0.4005,0.391
003280,青砥,48727,0,133,113.2841,23.2487,0.6178,1.6271,1.4702,0.2208,2.9194,0.731,,1.5538,1.4993,3.1939,1.2755,,1.2632,0.4409,,1.0898,1.3001,1.1459,,0.5803,,0.2384,1.2702,1.4037,,0.5324,0.8894,1.4351,1.9264
003269,大山,48683,0,320,252.4093,51.8475,0.7503,1.1526,1.106,0.2925,1.4014,1.5497,0.3785,1.3604,0.8829,1.4107,1.2571,1.3163,1.297,0.7102,2.447,0.9146,2.0099,0.7592,1.1184,0.8331,0.6768,0.7475,0.569,1.0242,0.7961,0.9287,0.4764,0.5766,
003521,京成上野,48475,0,1565,874.0113,180.3015,0.9532,0.9605,0.8318,0.9178,1.1143,1.3939,2.1021,1.2903,1.1364,1.7122,0.3974,1.5007,1.232,1.4506,1.2706,0.8232,2.027,0.3535,1.028,0.4855,0.3037,0.6917,0.1826,0.5612,0.8296,0.6203,0.5845,1.2003,0.8238
003461,白山,48388,0,155,90.612,18.7261,1.4964,1.2559,1.1203,0.713,0.6627,0.787,0.9226,,1.076,,2.0386,0.6417,0.701,0.7073,0.7311,0.9386,2.7993,1.2336,1.0904,2.0305,0.3299,0.5443,,1.9744,,0.9637,1.6705,1.5403,0.5169
004024,祖師ヶ谷大蔵,47616,0,201,106.1542,22.2938,0.798,0.3633,0.9843,0.3802,1.9725,0.7554,,1.1736,1.2912,1.3753,1.8526,1.54,0.9958,0.4722,0.3905,1.314,2.2394,0.9868,0.4361,1.4994,1.0558,1.3464,1.0249,1.0602,2.5873,0.5959,1.0714,1.1526,0.3868
004200,大岡山,47370,0,137,94.1197,19.8691,1.8275,1.2614,0.5274,1.0718,,0.4718,1.8439,1.2904,0.5376,1.7179,1.7408,,0.953,2.0199,,1.1153,,1.2326,0.5448,0.4682,0.3297,1.2606,2.8893,0.7772,,1.1451,1.7129,0.9213,
004382,羽田空港第3ターミナル,47320,1,90,62.4938,13.2066,2.2933,2.3216,0.2909,1.0927,,0.4824,1.414,,2.4736,,0.89,1.4751,,,27.4494,0.3596,,,,0.4788,,1.2474,,1.192,,1.4209,,2.1196,
003399,三ノ輪,46924,0,137,84.8013,18.0721,1.2654,1.6467,0.385,1.0724,1.373,0.8728,1.0701,2.684,,,1.8284,,0.7078,0.6969,1.921,1.5436,1.5346,,2.3909,0.5038,0.3408,0.3909,3.2923,1.3008,0.6682,1.3598,0.6127,0.9062,1.3272
004143,都立大学,46393,0,198,85.867,18.5086,0.4289,0.4181,1.6825,0.8173,0.9248,0.5413,0.7933,2.0527,0.9252,1.4782,0.643,0.5517,0.5869,0.7934,0.4687,0.6053,1.2034,0.5303,2.8125,2.283,2.5531,0.6008,1.0671,1.5453,2.2246,1.133,1.7889,1.6037,
003675,馬喰横山,46299,0,453,215.5692,46.5602,0.6608,1.8633,0.7675,1.0042,1.1332,0.75,0.6764,0.5892,0.5916,1.8904,1.2511,0.9408,0.9419,1.0249,0.081,1.4147,0.7695,1.9991,0.5995,1.356,0.8465,0.9016,0.6758,0.3549,0.4742,1.285,0.6412,0.3551,0.9533
003210,東十条,45690,0,192,131.4689,28.7741,1.4069,1.2481,0.9162,0.7735,1.1964,1.2294,2.4022,0.5639,1.751,2.2381,2.0549,0.4177,1.6948,0.5651,1.7524,0.6109,0.9111,0.803,1.4194,0.305,0.2148,0.24,,0.6792,0.421,0.6987,1.4039,0.3236,1.3032
003887,汐留,45681,0,1741,790.2238,172.9874,0.5304,0.6543,1.25,1.9893,1.1514,0.9041,0.7796,0.2564,1.022,1.5811,0.5532,1.2143,1.5416,1.6699,2.8911,0.8372,1.0076,0.3564,0.5985,0.6366,1.1192,1.0544,,0.3203,0.6229,0.5049,0.2842,0.2995,0.0915
004108,東京テレポート,45645,1,224,100.3222,21.9788,1.5409,0.8455,0.8717,0.3419,0.1358,0.981,,5.3007,3.0959,1.3745,1.7613,1.1281,0.3232,0.4367,0.2969,0.4875,0.4472,1.2815,0.7843,0.9234,0.4746,3.0225,0.8432,3.5497,2.6878,1.7188,0.3759,1.8195,0.3284
003432,東池袋,45348,0,423,197.2711,43.5016,0.9748,1.2762,0.7162,1.3062,0.4379,1.1534,2.7046,0.5899,0.9857,2.5198,0.7906,0.5878,0.6253,0.7383,0.7964,1.1607,0.7693,1.582,1.7979,1.4881,0.6045,1.4775,0.8747,1.9541,0.474,1.602,0.5864,1.0251,0.6351
003495,中井,45031,0,102,51.0276,11.3317,1.216,1.2325,0.8746,1.3349,0.8591,0.221,1.2956,,1.511,7.2424,0.8808,0.4505,1.1015,0.6084,,1.858,0.9827,2.7186,2.2967,0.6732,0.4633,0.2744,2.9238,0.7917,0.9083,1.2534,1.0548,0.6247,
004294,平和島,44102,0,102,75.7236,17.1701,1.749,0.996,0.7489,0.3125,1.7565,1.0348,,1.6982,1.4149,4.5213,1.1454,0.4219,1.5328,0.1899,,1.8513,0.9203,0.8111,,0.2054,,0.7135,,1.5341,,0.4741,1.5027,0.9093,2.4413
003774,信濃町,43682,0,64,28.2054,6.457,,1.9441,1.1063,0.6112,,,,,,,,2.4755,0.4161,0.9715,1.0376,1.4691,1.7999,3.1727,2.8043,1.6069,1.6972,1.5075,,1.0666,1.6636,2.4364,,1.0392,
004270,西馬込,43636,0,43,30.8427,7.0682,0.4908,1.4905,2.2415,0.7015,2.3657,1.8583,,1.906,1.5881,,0.8571,0.947,0.3128,0.4262,3.5245,,,1.8206,,1.8442,,,4.2674,,,0.6081,4.2166,1.3608,
003107,浮間舟渡,43438,0,22,15.9092,3.6625,,,,,3.1408,,,,,,2.2808,4.5741,,1.0282,,2.3508,,,,,,1.8554,,6.5745,,1.4221,,3.1064,
003162,北綾瀬,43371,0,57,47.1437,10.8699,2.0964,0.6421,1.3544,0.4994,0.688,0.9922,1.9389,,1.1306,,1.4194,1.3485,1.0915,0.7375,3.0493,1.2328,,,,0.6565,,0.8842,2.3558,5.1453,,0.407,0.6788,1.0954,1.4705
003223,ときわ台,43271,0,135,109.3641,25.2742,1.5471,0.2614,0.209,0.8846,1.4832,1.0252,0.8585,,,,0.7776,0.2986,1.5969,1.7449,,1.0918,,1.7218,0.5073,0.436,0.9211,0.7266,,0.9292,,1.1849,0.2701,0.4359,1.1703
003911,御成門,43230,0,388,155.0059,35.8561,0.568,1.4915,1.0557,1.9284,0.6353,1.3443,0.394,0.3073,1.6084,0.7342,0.9053,0.5481,0.7199,0.6477,0.3968,1.3529,0.5978,2.3707,1.6298,1.0673,1.9727,1.6919,,0.7403,1.105,1.1615,0.6079,0.4904,1.975
003724,一之江,43043,0,74,51.1666,11.8873,1.4809,,2.1984,,3.0658,0.5607,,,0.9584,,0.4019,0.5715,0.608,0.6832,,1.463,1.2467,1.0987,,1.3912,,1.1268,,2.9663,,1.0325,0.5233,1.2667,2.2671
003228,平和台,42893,0,44,36.4093,8.4884,1.7554,2.7746,0.4584,,1.449,0.4154,,,,,1.3766,0.8469,1.4369,0.8061,,0.9291,,,1.439,0.4123,,1.2864,10.2817,2.4252,,0.4345,,1.2254,1.6449
003713,四谷三丁目,42890,0,619,306.5749,71.4793,1.0208,0.6558,0.9951,1.8398,0.8166,1.0924,0.7389,0.5514,0.7181,0.4589,0.5581,0.9421,1.1013,2.0197,1.4524,0.9396,0.5604,0.6586,0.8732,0.9173,1.5853,0.6259,0.2779,0.6642,1.036,0.7249,0.2005,0.5393,0.2896
003691,竹橋,42156,0,131,49.074,11.641,,1.1892,1.2826,0.99,,0.6556,,,0.747,2.3871,1.858,0.891,1.2382,0.3522,0.7281,1.1403,,2.5693,0.757,0.6506,1.8325,3.1251,1.8503,0.7389,,2.9018,,,
003427,上石神井,41728,0,108,91.5233,21.9333,0.9912,1.2533,0.6212,0.8501,1.6363,0.563,,,,2.0498,0.6218,1.1476,1.6875,1.2744,,1.3989,,1.4708,,0.7449,1.1802,0.5811,,0.5477,,0.4579,0.686,0.2768,2.9721
003560,仲御徒町,41623,0,1462,801.21,192.4921,0.9257,0.7745,0.7947,1.0772,1.1971,1.4619,2.2127,1.189,1.1938,2.2374,0.5114,1.4613,1.4,1.1828,0.9192,0.943,2.078,1.0084,1.2187,0.3779,0.3633,0.8176,0.3028,0.8003,0.8418,0.6846,0.3216,0.8211,0.3751
003799,国会議事堂前,40907,0,191,79.1386,19.346,0.4202,1.7953,0.9173,2.1816,1.2323,0.3895,,,2.2475,,1.1063,0.535,1.1196,0.3836,0.2163,1.0791,1.1669,2.5766,3.6458,0.2632,2.1948,1.8613,,0.439,1.0786,1.2854,0.9963,0.1612,
003361,要町,40890,0,134,61.5464,15.0517,2.4059,0.9692,1.0879,0.2645,0.2661,0.7008,,0.8961,1.1978,,1.8679,,0.7388,0.8777,,1.0448,,2.0597,0.6069,1.217,1.1018,1.9948,1.3287,1.0793,0.72,1.5765,1.1876,0.4791,2.5725
003474,護国寺,40640,0,74,45.6709,11.2379,1.3956,1.5059,0.8816,,0.9271,,,1.7199,,,2.4445,,1.2871,0.371,,1.4772,,1.2943,1.144,1.3111,2.0771,0.5711,6.0858,2.0716,1.3574,0.6759,1.0016,1.2121,1.0847
003751,方南町,40171,0,95,63.0592,15.6977,2.2912,,0.9508,0.7443,1.757,0.7394,1.4447,1.0802,3.3699,2.6921,1.4813,0.5024,0.8363,0.4021,3.4715,0.7349,1.0959,0.9658,,1.6633,0.5166,,1.8439,1.9622,,0.6911,1.5722,1.2685,0.8514
003186,地下鉄赤塚,40077,0,128,97.5428,24.3388,1.9142,0.8806,0.6521,0.4983,1.529,1.3188,0.9639,1.7322,2.2559,1.7961,0.582,1.0056,1.1928,0.3113,,0.7355,1.4672,1.2888,1.1392,1.3099,0.3447,0.8002,2.8146,1.5264,0.6803,0.8059,1.5137,0.4894,0.6555
003578,神楽坂,40020,0,448,215.8605,53.9382,0.7145,0.4737,0.8729,1.1915,0.8764,0.62,1.3216,0.4932,1.2046,0.6156,0.3552,0.7184,0.7159,1.2664,0.4871,1.0083,0.7518,1.3253,1.0254,1.9718,2.8357,1.0495,0.7456,0.4455,0.2316,1.0835,1.3797,1.3162,1.5538
003565,篠崎,39512,0,85,58.3044,14.7561,0.753,2.6282,1.2421,0.3588,0.433,1.6633,,,,,2.0439,1.9375,1.2023,0.1448,,0.7085,1.0565,2.7935,,0.7074,,0.3183,3.3922,0.838,,1.2031,0.887,1.4313,3.8428
004219,旗の台,39338,0,158,98.558,25.0541,1.2817,0.7886,0.8711,0.6784,1.1942,1.198,0.8779,1.7302,,,0.9704,1.5263,1.5903,0.618,2.5301,0.7814,,0.5869,0.5718,0.5945,0.9418,0.9067,,2.0841,1.2939,1.0263,0.7424,0.1997,0.6491
004235,西大井,39232,0,47,26.6911,6.8034,0.6177,1.5396,1.3605,1.7659,0.8249,2.3389,,,,,0.8666,,0.6544,,,2.1794,,2.2915,,0.5803,,1.6195,,2.0344,,1.2022,,0.7796,8.3721
003868,乃木坂,39194,0,430,162.5035,41.4613,0.2962,0.7778,2.008,2.7525,1.0412,0.7011,2.4659,,0.719,0.7658,0.7082,1.0004,0.1877,1.126,2.2761,0.7317,0.3117,1.099,1.2142,1.322,3.2334,1.6544,0.5877,0.7722,1.7288,1.3881,0.5283,0.8525,0.2289
003655,岩本町,39177,0,990,397.7015,101.514,1.1609,0.9853,1.114,0.7166,0.7135,0.9491,1.4641,1.1217,1.366,0.8185,0.9343,1.2728,1.5603,0.4729,0.1248,1.1392,0.7774,1.4682,0.9517,0.5949,0.3665,1.389,1.0573,0.5067,1.1291,1.3258,0.4545,0.8556,0.8204
003324,千川,39136,0,57,28.7138,7.3369,0.3712,1.9442,2.1823,1.0613,0.7306,1.4057,,,1.2013,,2.1411,1.4328,0.8468,0.7825,,1.3098,,1.3772,,0.3488,,,5.3304,1.0825,,0.825,,2.6736,2.5802
003469,入谷,38480,0,275,140.4594,36.5019,1.2251,1.5678,0.9149,1.7512,1.2229,0.6765,1.1331,0.9724,1.3215,2.1114,1.119,1.5761,0.8246,0.7504,1.773,1.2248,0.8595,0.3788,1.0043,0.4796,0.6078,1.0457,0.6191,0.5856,0.7944,1.3148,0.9104,0.6121,0.3287
003345,中村橋,38455,0,101,79.1038,20.5705,0.6649,1.0509,1.852,0.9504,1.0977,1.2588,1.2299,,1.4344,,1.7381,0.8554,1.3062,0.8142,1.6833,1.4076,,0.8222,,0.4164,0.8796,0.6496,3.4616,1.2247,,0.5119,1.534,0.3094,1.6614
003710,久我山,38168,1,69,47.6797,12.4921,0.6905,0.8969,0.9613,,1.864,0.9805,,,3.3517,,0.4911,,1.109,1.1134,,1.2182,,2.5617,1.1321,1.2974,0.6852,0.4589,2.4453,0.8627,,0.6874,2.6062,0.4205,1.129
003842,内幸町,38025,0,2243,1020.281,268.3185,0.6393,0.7693,1.2694,1.5011,1.0845,1.1152,1.1794,0.7554,1.188,1.803,0.4914,1.5705,1.3817,1.7043,2.7549,0.8756,1.0701,0.3368,0.5657,0.6573,1.0775,1.1583,0.1811,0.3063,1.1717,0.4362,0.234,0.1851,0.14
003261,氷川台,37978,0,36,27.7592,7.3093,0.6323,1.9987,0.6604,,,0.5986,,,,,3.9668,,1.6562,,4.8023,0.4462,,,,2.376,1.2548,0.9267,4.9378,3.4941,,0.6259,2.1882,0.8828,
003558,湯島,37913,0,1256,684.8262,180.631,1.0839,0.7379,0.9567,1.3364,1.1469,1.1999,2.4059,0.9403,0.9368,1.1824,0.685,0.9364,1.0906,1.7095,1.6976,0.8329,1.8105,0.6924,1.2054,0.4265,0.4372,0.9601,0.4844,0.5531,0.7776,0.8249,0.3856,0.7528,0.2622
003752,高井戸,37789,0,59,36.7367,9.7215,,1.249,0.8924,1.3745,,0.9103,2.6681,,,,1.3678,,0.7722,1.5505,2.137,2.375,,,1.5765,1.355,,1.2781,3.4052,,,1.5954,,1.7569,
003836,八幡山,37716,0,117,72.6764,19.2694,2.3848,0.7963,0.5727,0.9343,1.4538,0.736,,4.6683,1.2579,2.3743,0.6016,,1.2573,0.7152,1.0206,1.9074,,0.8518,,0.7304,0.4557,0.2811,1.4978,1.0329,,0.3157,0.8685,1.1218,1.3161
003216,板橋本町,37555,0,78,59.2869,15.7867,1.4753,1.9944,0.3987,0.4218,1.6165,0.838,,,0.9548,3.0511,3.4605,,0.6412,1.024,,1.6658,,1.0946,,0.5544,,1.3858,,,,1.1299,1.5457,0.8314,2.232
003954,赤羽橋,37465,0,173,65.3153,17.4337,,1.3765,1.3756,1.9984,0.2234,0.3309,0.9698,0.7563,1.6965,,0.8356,0.6745,,0.9447,1.4648,0.8632,0.7356,3.2416,,2.6268,2.7744,1.8218,,0.911,4.0794,1.1911,1.7454,0.8047,2.1604
003544,西早稲田,37411,0,246,117.4458,31.3934,2.5314,0.4795,0.4548,0.4523,0.2588,0.6989,0.5853,,0.3413,1.0907,0.6632,0.4071,1.0777,1.3043,0.4315,1.4886,1.7759,3.5216,3.8045,0.6936,0.6279,0.9916,,1.0523,0.4104,1.4023,0.6354,0.5127,
004182,品川シーサイド,37378,1,61,34.7508,9.2971,1.5383,2.8756,0.4235,0.5497,,0.364,,2.1031,4.9777,,1.6186,0.7421,0.4074,0.5634,,1.6283,,1.4267,1.261,2.1677,,0.5041,,2.5332,1.4962,0.8732,0.6016,0.9707,2.6062
003659,小川町,37295,0,1164,471.2882,126.3677,1.2623,1.3644,0.6763,0.8377,0.9698,0.8322,0.6254,0.4792,0.9483,1.1654,1.3062,1.6964,1.3959,0.4169,0.2488,1.1771,0.7591,1.7561,1.3304,0.9318,0.7157,1.5935,0.3613,1.0101,1.1401,1.1511,0.3559,0.5221,0.4205
003130,北赤羽,36982,0,47,30.8266,8.3356,1.897,1.8231,0.6692,0.6779,1.498,0.449,,,1.5347,,3.377,,0.8913,0.3095,,1.6733,1.9963,3.5188,1.5551,0.4455,0.9411,1.0518,,1.4883,,0.6124,0.8789,1.4182,
004025,白金高輪,36926,0,189,72.5801,19.6556,0.7948,0.2087,1.6682,1.5905,1.0158,0.4514,0.8821,,0.5144,,0.5067,0.6135,0.1612,0.6444,,0.8974,1.3382,,1.5637,1.9413,5.047,1.8938,,0.4143,1.8552,1.1917,2.9483,1.6468,0.9825
003669,新宿西口,36754,0,3050,1532.8912,417.0679,1.195,0.5161,0.742,0.9566,0.9381,1.2066,1.901,0.8908,0.7992,1.2357,0.6111,1.3221,1.4186,1.6905,1.3687,0.624,0.8719,0.3842,1.2017,0.5688,0.3636,0.8041,0.2993,0.616,0.7439,0.8503,0.5149,1.0648,0.3638
003200,五反野,36724,0,111,88.591,24.1235,0.5766,0.7065,1.4903,0.8243,1.8923,1.4557,,,1.244,1.9875,1.5617,1.4837,0.9007,0.6086,1.6775,1.6277,1.6181,1.4261,1.2605,0.3611,0.3814,,3.888,0.9435,,0.6717,1.4938,0.6026,2.4268
003530,田原町,36681,0,769,395.3311,107.7754,1.2523,0.9615,1.2872,2.1059,0.75,0.9762,1.8395,2.4556,1.4302,0.3808,0.4486,0.7107,0.8399,1.1022,0.4797,0.8837,0.9302,0.9564,0.7246,0.4498,0.6578,0.8383,1.5634,0.9507,2.0061,1.0672,0.8758,1.4132,0.3557
003833,新富町,36625,0,800,386.0856,105.4159,0.4554,1.2115,1.8782,2.1534,0.3723,0.6301,1.3609,0.5081,1.1337,0.3623,0.5072,1.3521,0.7752,1.4749,0.7282,0.9889,0.4424,0.6498,0.5744,1.9089,1.8076,0.7291,0.1942,0.51,0.5452,0.965,0.5266,0.8922,0.7984
003703,新日本橋,36522,1,1249,568.8594,155.758,0.8292,1.2897,0.9984,1.8643,1.3137,0.7646,0.8456,0.4164,1.2736,0.3972,0.7374,1.6372,1.2604,0.7636,0.5397,1.0322,0.2727,1.2597,0.7633,0.9659,1.4905,1.0159,0.1539,0.3269,1.335,0.7715,0.5414,0.9074,0.6244
003673,曙橋,36403,0,514,254.486,69.908,0.8228,0.6234,1.1353,2.4305,0.8074,0.9346,0.3044,0.4543,0.71,0.5672,0.6898,0.6351,1.0408,2.3333,1.3462,0.6193,1.3853,0.6105,0.7194,0.8245,1.6327,0.5157,,0.9577,1.067,0.6667,0.3304,0.4665,0.3579
003207,王子神谷,36275,0,41,25.1203,6.925,,1.1437,0.8396,0.8505,,0.5633,,6.2009,,,4.2369,,0.3727,0.3884,,2.9392,,,,1.677,,2.6394,7.0321,,,1.2805,1.1027,,7.1656
003862,桜上水,36224,0,58,34.9619,9.6516,1.7421,0.5883,1.5499,0.6474,,1.2862,,,1.4656,,2.5261,1.748,1.305,1.2171,,1.4999,,1.4223,,0.851,,0.602,3.2077,2.2634,,0.7944,0.5147,0.5517,
003692,小伝馬町,36068,0,600,284.4863,78.875,0.5601,1.6284,0.7517,1.2989,1.2149,0.7164,0.7461,0.2286,0.9183,0.9781,1.4267,1.249,1.0968,1.0048,0.0628,1.0207,0.1991,1.9674,0.9061,1.3938,1.2992,1.0657,0.2622,0.5508,1.4431,1.0309,0.7109,0.2756,0.6797
004184,青物横丁,35970,0,160,100.0204,27.8066,1.0305,0.9173,0.9727,0.6313,0.5898,1.5329,,1.6101,1.4291,,1.0326,0.8522,1.6375,0.4313,,1.3505,,,,2.2127,0.8764,0.386,1.0283,2.9091,,0.382,0.9211,0.5574,1.4965
003176,梅島,35416,0,95,83.0656,23.4543,0.5676,1.0431,0.9779,,1.4901,1.6119,1.0499,3.0841,1.2244,,0.5124,1.0953,1.4776,0.599,,1.2015,,,,0.3555,0.7509,0.7182,2.5512,0.9287,,0.4408,2.9407,1.1863,1.5925
003772,二重橋前,35289,0,760,291.4734,82.5961,0.7612,1.1139,0.8842,1.9288,0.7231,0.4913,1.536,0.3678,0.6718,0.3578,0.8354,1.4021,0.3374,0.3101,0.3819,0.8057,0.8738,0.2567,2.8363,0.9751,2.7465,1.8215,,0.5537,3.2306,1.2368,1.4403,2.8451,2.6896
003632,新高円寺,35288,0,150,94.5262,26.7871,1.384,0.2247,0.8028,0.9892,1.1675,1.3102,0.9601,,0.5598,,0.4922,0.3339,0.8336,1.0229,,1.3429,,1.2836,1.1346,0.6501,0.3433,0.9198,1.2253,0.8646,3.3654,1.7797,1.5671,0.8429,1.1315
003929,駒場東大前,35206,0,57,23.4796,6.6692,1.7619,,0.6565,1.5946,,,,2.0023,,,,,0.8588,0.4422,,0.3936,,4.1384,1.8289,2.096,3.3206,0.7814,,1.2059,,2.064,3.1021,1.2514,1.7066
004309,池上,35181,0,184,129.4932,36.8077,1.2718,1.1588,1.307,0.3636,1.6349,1.8059,0.7058,,1.6462,2.6302,1.1105,0.4908,0.8106,0.5522,1.8267,0.6282,0.5353,1.8872,,0.4779,1.2619,0.6226,,0.8924,,0.9456,1.3113,1.9396,2.367
003323,京成立石,34621,0,230,200.5873,57.938,0.9726,2.2357,0.7365,0.7583,1.5194,1.0044,,1.7792,0.5722,0.9143,0.5842,0.3412,1.808,0.589,2.0874,1.4351,,0.656,,0.4984,0.5264,0.6824,,0.2679,,0.4572,0.8486,0.8216,0.7353
003767,千駄ヶ谷,34572,0,75,35.0956,10.1515,0.3751,0.4868,0.9538,,0.5537,0.7101,,,,,0.4095,,1.3176,0.536,,1.0587,1.5788,1.3915,,1.4095,2.9773,0.8113,,5.6021,1.4592,1.8919,0.5032,1.2179,
003245,板橋区役所前,34519,0,165,126.4013,36.6179,1.2124,1.1381,0.546,0.3851,0.5535,0.8926,,1.3433,0.8718,,2.0312,0.5199,1.3904,0.8181,,1.4259,1.134,1.9989,0.4417,0.8859,1.0693,1.0544,3.3711,0.4045,0.5241,0.8597,1.1761,1.1386,1.019
003543,上野御徒町,34438,0,1705,945.0125,274.4098,0.9437,0.7661,0.8117,1.0374,1.2842,1.3761,2.1193,1.0795,1.1306,1.9044,0.5401,1.4487,1.27,1.4759,1.2795,0.8613,2.0742,0.6129,1.2365,0.4303,0.4122,0.7938,0.2577,0.7219,0.9001,0.6918,0.3632,0.752,0.228
003133,六町,34213,0,23,21.7715,6.3635,,,0.9912,1.0965,1.5104,0.7261,,,,,,2.9605,2.3964,0.8095,,1.0826,,,,,,1.9413,,3.7655,,0.2979,2.9808,,
003801,銀座一丁目,33805,0,2052,928.8011,274.7526,0.6773,0.6373,1.2058,2.2646,0.4036,0.7848,2.467,0.5018,0.6834,0.9624,0.6942,1.5252,0.5316,1.2529,0.7626,0.8857,0.651,0.648,1.3359,1.4803,2.4095,1.1582,0.3345,0.6219,1.5013,1.1799,0.8601,1.5846,0.6556
004042,泉岳寺,33601,0,82,31.1675,9.2758,0.7349,0.9648,0.9641,2.1009,,0.6957,2.039,,,,2.9281,,0.5588,0.4966,1.0266,1.2965,,,2.4097,1.0356,3.6459,1.6416,,,2.8591,1.6278,1.0485,2.1149,
003638,新中野,33550,0,171,96.1549,28.6602,1.5653,1.6418,0.6785,0.6713,,0.5927,4.3433,,2.0261,,2.0118,0.9062,0.9605,0.8263,1.5186,1.2151,,2.3228,2.0531,0.8823,0.6213,0.235,,0.4964,1.218,1.1615,0.7951,1.4968,1.1481
003628,東高円寺,33021,0,101,66.6806,20.1934,1.7665,0.3278,0.4684,0.2889,2.0437,0.7167,,1.0471,0.8166,2.6095,2.5128,,1.216,0.3898,2.2434,1.7454,1.0623,0.9362,0.8275,0.2371,0.5008,1.0063,1.7874,1.2612,,0.9786,1.0653,0.8595,1.6505
004157,西小山,33007,0,149,82.245,24.9174,1.1669,0.6885,1.1728,0.7897,1.6271,1.1336,0.8525,1.5585,2.2848,1.5885,1.4941,0.2964,1.2721,0.9921,1.2473,0.5851,,0.5699,1.0074,1.471,0.9752,0.2152,,0.3321,0.5977,0.7545,1.3659,0.1723,1.248
003696,西新宿五丁目,32776,0,156,73.7607,22.5045,1.2639,0.8111,0.9785,1.0449,0.9792,1.1869,,,,,1.5464,0.6885,0.6282,0.6757,2.1344,1.3955,1.523,2.666,2.3805,1.1965,1.0721,0.6289,,1.3349,1.3881,0.9547,0.5148,1.0839,3.394
003274,お花茶屋,32727,0,86,66.1423,20.2103,1.649,1.9855,1.1213,,0.8096,0.892,1.3073,2.3701,0.7623,,1.1674,0.4546,0.6423,0.6725,1.8538,0.9974,2.9747,3.4957,1.5449,1.5491,,1.0908,,2.1411,,0.609,0.4522,0.7297,2.9385
003945,梅ヶ丘,32280,0,99,51.6857,16.0117,1.357,1.8531,1.2553,0.388,1.8296,1.2846,,,,5.6128,2.1002,1.0475,0.7257,0.6744,,1.1491,,2.0137,1.7799,0.255,0.5386,0.785,2.0915,1.4424,,0.6687,0.7288,1.7639,0.7893
003337,江古田,32177,0,265,204.0104,63.4026,1.376,0.5437,0.4491,0.2459,0.9938,1.5468,,0.7891,1.1131,1.7785,1.4837,0.9957,1.2389,1.2637,,0.7282,0.362,0.9571,1.128,0.9695,1.1946,0.5041,,1.4257,1.3383,0.9932,1.3393,0.7204,0.6447
003698,大島,31661,0,92,55.2194,17.4408,1.0524,0.8452,0.8801,1.1282,2.095,0.7472,,4.8151,1.7027,2.7205,3.1007,0.5077,0.4986,,,1.114,,6.8323,,0.4943,0.5221,1.159,,0.9666,,0.8526,2.6633,0.7163,1.923
004310,下丸子,31438,0,71,51.2712,16.3087,0.7442,1.1301,1.2746,0.5319,1.1958,1.0567,,1.4451,1.2041,3.8476,,0.718,0.9486,0.9694,,0.7877,,,,0.6991,0.7384,1.8217,3.2356,0.8703,,0.6916,5.1153,0.5159,1.385
003415,千石,31304,0,117,64.2934,20.5384,0.6282,1.6153,0.8405,0.2706,0.3315,1.1239,1.3845,,1.6146,,1.311,0.3654,0.1315,0.5307,2.1942,2.0278,1.8471,1.8511,0.6208,1.875,2.4755,1.225,4.3518,0.7407,,0.9653,2.0942,1.1557,3.1027
003796,宝町,31022,0,943,462.6674,149.1417,0.6599,0.8504,1.3962,1.8455,1.067,0.6247,0.9553,0.2774,0.4642,0.5934,0.4793,1.1627,0.8616,1.298,0.7454,1.3768,,1.1708,0.7526,1.5633,2.6191,0.9554,,0.5848,1.0046,0.9044,0.7331,0.4523,0.3736
004205,尾山台,30971,0,101,49.8765,16.1043,0.869,1.1867,0.8039,0.4141,0.3905,0.8227,,,2.8121,2.9953,0.4483,0.559,0.9295,0.4113,,1.4309,,1.0746,,2.4492,1.7246,0.4189,,,1.127,1.1031,2.3335,1.8827,2.5273
004367,雑色,30842,0,121,90.4691,29.3331,0.9374,1.1388,0.8563,0.536,1.5063,1.2423,,0.7281,3.0334,,0.3274,,0.8364,1.1397,5.3857,1.0584,,1.391,,0.5284,1.1161,0.3059,1.6302,2.1925,,0.6389,0.9665,0.7798,3.4892
004053,喜多見,30793,1,38,19.5995,6.3649,1.4447,0.9864,1.3364,2.065,1.9477,,,,2.3374,,1.1179,1.3939,0.3863,0.5128,,2.0389,,5.3593,,,1.4334,,,1.9194,,0.6472,0.9698,3.1297,
003928,潮見,30732,0,28,17.555,5.7123,0.8262,1.327,0.9212,1.1809,1.3157,1.5642,,,,,5.842,3.1885,1.5656,1.4575,,,3.4775,,,,,,,,,0.2975,,,3.0192
004356,大鳥居,30660,0,87,64.4557,21.0227,1.141,1.3862,1.3029,0.9786,0.3667,0.8641,,,1.4769,,1.5942,0.4404,1.4545,1.3873,1.6389,1.1273,1.9212,0.8466,0.7483,1.2863,,1.4896,5.9532,1.6013,,0.4949,,,
004373,天空橋,30427,1,13,8.2725,2.7188,,,,,,3.4402,,,5.8798,,,,,3.156,,2.5644,,,,1.707,,2.9652,,,,1.6887,,,
003695,東大島,30424,0,26,18.2698,6.0051,,1.7765,,,3.6329,,,,,,,,0.9607,,,2.745,,,,0.7144,,,17.8486,5.5875,,0.5476,,2.0702,2.7789
003451,鷺ノ宮,30388,0,114,65.7033,21.6215,1.7239,0.7534,1.1676,0.308,2.3335,1.6319,1.1958,,2.0919,,1.0385,0.4158,0.6611,0.5056,1.0452,0.6083,,1.5988,1.4132,0.8098,,0.3235,,2.05,,1.3821,2.5539,,2.3708
004245,田園調布,30210,0,62,40.4262,13.3817,,,1.9146,,2.0207,,,,,,,,0.5343,,,1.1832,,1.5551,,0.7876,2.2894,0.6841,,0.9805,,1.4631,8.644,2.1413,3.1206
003165,志村坂上,30150,0,98,75.6312,25.085,0.8967,1.894,1.5144,0.9613,0.307,1.2732,,4.4708,1.4508,,2.2534,0.4326,1.2178,0.389,,0.6328,0.9436,0.8316,0.7351,0.8424,0.4449,1.0528,,2.0194,,0.8584,1.1743,1.579,
003158,志村三丁目,30055,0,54,41.8404,13.9213,2.3928,2.6955,0.5388,,0.5462,1.1325,,1.9884,,,0.6681,,1.2999,,,1.1257,,2.9589,1.3077,0.7493,,0.6243,9.9801,2.3951,,0.6787,0.6963,1.1236,3.0167
003794,永福町,30039,0,87,56.399,18.7753,0.902,0.3905,0.8371,0.8595,1.2174,1.4231,,,1.9458,3.1089,1.7107,0.5802,0.9658,0.808,,1.4851,,1.1154,,1.1298,0.5966,0.3996,2.1294,1.5025,,1.1972,3.1773,,0.9832
003791,幡ヶ谷,29965,0,274,126.1428,42.0967,0.8504,0.5518,0.7246,0.6078,0.7845,1.7107,1.7697,0.5272,1.0319,1.0992,0.9284,2.2564,1.1203,0.9069,0.2778,1.1252,0.4474,1.5774,1.7428,0.9986,1.2657,0.7591,1.1557,1.2701,0.4136,0.9563,1.5686,0.2301,0.9267
004050,祐天寺,29907,0,174,76.0068,25.4144,0.657,0.4803,1.3532,0.7043,0.85,1.2439,,0.5896,0.5315,,1.4775,1.2678,1.0115,0.7814,0.5385,0.5795,,0.6093,1.0771,2.0059,1.6297,1.3806,2.4522,1.0653,3.834,1.1758,1.5986,0.3685,
003479,曳舟,29890,0,211,143.3992,47.9756,0.9572,1.2781,1.0796,0.7601,2.0494,0.9061,0.5902,3.0796,,,0.3832,0.8209,1.1256,0.687,1.033,0.6755,0.8954,,1.0462,0.4996,0.2111,1.1934,0.6359,1.1128,0.4138,1.0421,2.0481,0.6885,1.8485
003293,西巣鴨,29560,0,86,43.013,14.5511,1.8432,1.2792,1.5938,1.1913,1.1357,1.3698,2.9225,1.2749,0.8521,2.7228,1.8672,1.6922,0.1502,,,1.7337,1.1084,1.9537,,0.783,0.6088,0.6804,,0.7678,,1.4059,0.991,2.0578,0.9151
003305,豊島園,29508,0,53,40.323,13.6651,0.8021,1.2677,0.8378,,,1.1389,,,,,0.629,0.7739,0.7879,1.8417,,1.132,,1.4878,,1.5071,2.3876,,,2.2162,1.5603,1.0587,0.694,2.7995,
003419,武蔵関,29438,0,94,75.3815,25.6069,0.7046,1.8562,1.7174,1.0072,1.5511,0.667,,,2.2802,,0.3684,0.9065,1.6919,0.2157,,0.663,,1.7427,,0.8826,0.4661,1.0327,,1.947,,0.7751,0.8129,0.9838,1.7608
004012,葛西臨海公園,29022,0,16,9.3049,3.2062,,,,2.1401,,4.2518,,,,,,,,,,1.0565,,5.5541,,,,1.8986,,9.9963,,3.262,,2.1343,
004114,不動前,29015,0,165,91.4325,31.5121,0.3679,0.912,0.6077,0.9645,1.181,1.5093,,,2.2821,,0.5161,0.3549,0.8582,0.9909,,1.4714,1.5484,0.6823,,1.5265,1.46,1.4206,1.2848,1.2116,,1.0298,0.8632,0.6964,3.5783
003367,新江古田,28904,0,86,57.8156,20.0026,0.9495,0.5003,1.4615,0.3519,0.5225,1.4981,3.1224,,,,2.3811,1.6966,0.2073,1.5978,,1.8612,,0.9132,1.0378,0.892,0.6281,0.9277,4.4408,0.8745,1.2314,0.8093,1.643,1.1144,2.3727
003845,代々木公園,28862,0,248,103.3991,35.8253,0.9771,1.2681,0.4758,0.9977,0.206,0.3964,0.7746,0.6924,0.4517,,0.9144,0.8081,0.2452,1.235,,0.591,,0.5178,1.3732,1.3114,3.8782,0.712,,1.2509,3.2584,1.8052,1.8726,2.2663,1.2169
003623,若松河田,28849,0,74,33.2233,11.5163,0.4031,2.2909,0.3476,0.5762,,0.3816,,,,,1.5209,0.7779,0.5884,,,1.4224,6.7874,1.4955,,2.2723,1.6,1.8949,,2.011,1.5683,2.45,0.6071,0.4898,1.3151
003985,代官山,28772,0,1016,448.4226,155.8538,0.5507,0.3186,0.9052,0.6995,1.1019,1.3317,1.8643,0.7609,0.5957,2.2049,0.3787,1.3558,0.7634,1.3213,0.7369,0.5153,0.8975,0.3415,0.7947,1.6631,2.8433,0.6954,0.3336,1.0712,2.256,1.3158,1.3564,0.631,0.5349
003571,蔵前,28718,0,265,125.5495,43.7181,1.838,0.332,0.5813,1.2363,,0.1023,1.2986,0.5149,0.3499,1.1179,1.4679,0.4173,0.6677,0.9029,0.4694,1.0681,0.9102,1.2032,1.7726,1.2188,1.5019,0.4921,,1.2403,0.8412,2.343,2.1302,1.2964,1.0441
003434,千駄木,28507,0,292,158.7456,55.6865,0.3002,0.9819,0.9906,0.4078,0.8057,0.6642,,2.5983,1.0196,1.0861,1.0297,0.2027,0.7842,0.8309,0.3913,0.9535,0.8215,1.0995,0.2956,0.9587,0.4169,0.6085,,1.1407,0.3937,2.2056,1.4604,2.5622,1.6035
004061,高輪ゲートウェイ,28418,0,73,27.8505,9.8003,2.8079,2.1064,1.0525,0.5734,,1.1392,2.226,,1.298,,3.8358,,0.4067,0.5421,,0.8492,,1.4881,2.6306,,2.3881,1.7921,,1.0455,1.5606,1.6403,0.5723,0.9235,
004349,糀谷,28346,0,128,88.533,31.233,2.056,1.703,0.6403,0.5344,0.6007,0.8847,1.0372,1.4518,0.6048,1.9327,1.6321,0.7214,1.0722,0.1623,1.3424,1.9785,0.7868,2.0802,,1.2292,,0.61,1.6253,0.4372,,0.7528,1.2848,1.2957,2.0872
003962,芝公園,28023,0,319,131.4243,46.8987,1.5043,1.7555,1.0964,1.0751,0.7477,1.1076,0.9275,0.3617,0.5409,,1.9979,0.9676,0.9321,0.5365,0.7005,1.6513,0.7036,1.5502,1.3702,1.3347,1.9902,0.8712,0.6632,0.8713,0.9754,0.7974,0.3577,,0.7749
003483,根津,27937,0,241,134.8818,48.2807,0.2651,1.2077,0.6602,1.0294,0.6647,,,,,5.4832,1.9026,0.7675,0.8384,1.0956,0.5829,1.2831,0.558,1.4754,0.8694,1.1924,1.5411,1.6483,,1.1134,0.5158,1.4641,1.818,1.501,0.4122
003586,末広町,27833,0,1039,438.8735,157.681,1.643,0.9391,0.6939,0.9863,0.775,0.6307,0.9901,0.6465,1.5542,1.8448,1.3516,0.9535,0.9335,0.6855,0.0374,1.0072,0.8771,1.1296,0.7243,0.4911,0.6808,1.5744,0.9415,0.9304,0.8978,2.4548,0.4558,0.5385,0.2948
003117,高島平,27789,0,72,55.6937,20.0416,0.5691,0.9616,1.9223,,1.1691,1.0774,,1.4187,,2.9422,2.8602,0.5491,0.9274,0.2469,4.0828,1.8071,,1.0556,,0.5346,,0.8909,2.3735,4.2721,,0.7264,1.4905,,3.2285
003233,中板橋,27781,0,130,97.5084,35.099,2.1732,1.3354,0.5339,1.1296,1.8941,1.1222,,,,,1.986,1.525,0.7513,0.3428,,0.9759,,0.7329,1.2957,0.7424,,1.5465,,1.1865,0.7686,1.0928,1.7249,0.835,2.2417
003999,辰巳,27776,1,6,3.5968,1.2949,,5.1601,7.1648,,,3.0412,,,,,,,,,,,,,,,,,,,,,,8.7463,
003349,富士見台,27732,0,62,46.6722,16.8297,0.9578,1.5588,0.7203,,0.9841,0.8342,,1.582,4.4632,,0.5408,1.1829,1.0065,0.9501,,1.4059,,2.2741,,0.8998,,0.5054,2.1452,,,0.4551,1.79,1.9256,3.8773
003702,西大島,27698,0,96,59.7643,21.5771,0.4545,1.0951,1.2671,0.6497,1.4477,1.0757,1.2612,,0.7354,,1.6071,0.4386,1.2921,0.1002,,1.7642,,5.0587,0.7452,1.7081,,1.5017,2.6673,1.67,,0.4091,1.5338,0.3094,1.6611
003619,南阿佐ヶ谷,27693,0,192,122.3266,44.1724,1.2526,1.0847,1.0334,0.5968,0.5636,0.6588,1.5447,1.1549,2.2519,2.8784,0.9899,0.2686,0.9687,0.5985,0.6186,0.8839,0.5858,2.0653,0.4564,1.4383,0.2762,1.11,1.9715,0.3478,1.083,1.3855,2.5215,1.0172,0.9103
003763,浜田山,27565,0,115,71.9017,26.0844,0.7087,0.3068,1.0961,1.3506,0.9565,0.6708,,2.9403,1.5288,2.4426,0.672,0.4558,0.5059,0.7618,,1.1668,1.9886,1.7526,1.5491,2.2192,1.8751,0.628,3.3461,1.7708,0.919,1.4109,1.4265,0.5755,
003960,豪徳寺,27512,0,108,54.0911,19.6609,0.2602,1.4211,0.722,0.3719,1.7538,0.9852,,,0.8419,,0.8053,1.0041,0.9739,1.016,,1.8359,,0.9652,,0.9777,0.5163,1.1288,2.0049,0.6913,,1.1656,1.0479,1.4091,1.5132
003481,東大前,27311,0,90,49.7081,18.2008,0.6237,0.6731,0.5254,1.7832,0.8287,,,,1.0092,,1.0926,,0.6574,0.995,,1.3205,1.3127,2.314,3.0679,2.0509,1.2378,2.0418,,,,1.8077,1.3429,1.4447,
003448,落合南長崎,27118,0,48,21.8264,8.0487,2.1418,,2.1874,0.7459,,1.0137,,,1.6886,,,,0.8318,,,1.8604,,,1.8003,1.006,1.0895,2.0514,3.7464,2.8911,,1.3835,0.8269,2.0264,3.5822
004191,等々力,27098,0,72,36.8977,13.6164,0.7521,2.054,1.0435,0.5375,2.0279,,,,,,1.164,0.7256,0.8044,0.4005,1.1039,1.0614,,,,1.7663,1.4925,,,0.9992,,1.095,3.534,0.4073,4.3742
003523,落合,26664,0,214,117.6989,44.1415,0.6948,1.2582,0.9718,1.7885,0.803,0.7602,1.2435,,,3.4367,0.5082,0.2235,1.0634,1.1938,1.1234,1.1886,0.9432,0.8592,,1.1825,0.9043,0.8225,1.3561,0.3672,2.2233,1.446,0.7182,0.9225,
003314,練馬高野台,26372,0,35,24.2906,9.2108,0.6655,,,0.9512,,,,,,,5.2187,,0.8715,1.2224,,1.8784,,,,1.2503,,0.9753,,3.6774,,1.5372,2.303,0.9291,4.9886
004248,馬込,26346,0,42,31.5598,11.979,0.5804,0.8813,3.3136,0.8296,0.9326,,6.4416,,,,1.0136,,1.1097,2.0162,,0.8191,,,,1.6358,,0.9471,5.0468,,2.258,0.3596,0.9973,,2.1603
003431,新大塚,25769,0,192,100.3695,38.9497,1.0515,0.3188,1.3439,1.0443,1.5148,0.3458,,1.7686,0.788,2.5181,0.6322,0.7049,1.2106,0.8552,0.5306,1.3162,0.6754,2.4021,2.5224,1.2946,1.6033,0.9188,,1.1864,,0.9889,0.3907,0.1858,0.8463
004317,武蔵新田,25710,0,80,57.97,22.5476,1.5242,0.4629,0.3481,1.743,0.9797,1.1543,,1.1839,1.9729,,2.6619,1.1765,1.7486,0.5295,,0.6454,1.2832,2.2618,0.9996,0.2864,0.6049,,,,,0.7555,1.5715,1.2679,1.1347
003545,上野広小路,25666,0,1710,946.7439,368.8708,0.9312,0.7457,0.8129,1.0317,1.2866,1.3892,2.1231,1.0138,1.1326,1.9078,0.5764,1.4182,1.3,1.4732,1.2818,0.8508,2.0182,0.6666,1.2387,0.3911,0.4129,0.796,0.2582,0.7232,0.8465,0.7019,0.3639,0.7363,0.2284
003128,西台,25605,0,81,60.1993,23.5108,1.7382,0.4895,1.1743,0.8282,0.7935,0.5485,,2.8889,0.9375,,1.4561,1.6771,0.6295,0.5027,,1.431,,,0.9499,0.8165,,1.3606,2.4166,3.4797,,0.8628,1.5175,2.0406,3.2871
003393,東長崎,25544,0,124,61.9082,24.2359,1.4004,1.0477,1.47,0.8579,2.3009,1.1363,1.1101,,0.6474,2.0686,1.4423,1.1581,0.7986,0.5271,,1.9764,0.8421,0.7421,,0.5638,0.794,1.3477,,0.5833,0.7783,0.9105,0.9628,0.5179,
004329,矢口渡,25506,0,81,59.8833,23.4781,1.9287,1.2552,1.8876,0.3938,1.3282,1.3041,,,3.5663,,2.4059,0.5317,1.9317,0.2393,,0.9721,,,,0.5177,,0.8992,2.3958,0.6444,,0.5975,0.4735,0.382,
003676,東日本橋,25398,0,399,191.3984,75.3596,0.6238,1.6044,0.7378,0.9682,1.0968,0.8468,0.3819,0.6654,0.668,1.4231,0.9962,0.9295,0.8324,1.1463,0.3576,1.4824,0.869,1.787,0.4513,1.4809,1.1013,0.871,1.1446,0.4007,0.8206,1.3001,0.724,0.4009,0.8961
003193,本蓮沼,25190,0,62,50.2272,19.9393,1.919,3.2427,1.5557,0.5486,1.5769,1.09,,,3.7258,,1.286,,1.0425,0.9989,,1.0833,,,1.2585,0.3606,,1.2017,,,,0.4605,,,2.9032
003268,新板橋,24762,0,229,176.5028,71.2797,1.0877,1.0433,0.802,0.4944,1.2572,0.8696,0.5786,1.4801,0.9483,1.078,0.8993,0.7286,1.2879,1.5069,0.748,1.034,0.8777,0.3868,0.9609,0.7094,1.0345,0.8646,1.7394,0.2653,1.0634,0.616,0.834,0.7139,1.5773
003709,菊川,24573,0,122,80.8207,32.89,1.1397,1.3499,0.9803,,2.6306,1.0788,1.1025,1.1506,0.6429,2.0544,0.7158,0.3328,1.1524,0.35,,1.1031,,0.737,2.3481,0.1866,0.7365,0.4459,3.2121,0.6929,0.773,0.9594,1.2196,1.2413,2.0116
003502,浅草,24412,0,1263,649.9292,266.2335,0.9831,0.9264,1.2214,1.8844,0.7761,1.2056,2.7278,4.3627,1.5907,0.9242,0.6259,0.8192,0.8068,0.9971,0.679,0.6465,1.0346,0.3316,0.7327,0.3988,0.7538,0.8645,0.8129,0.7049,1.3909,1.0791,0.5313,2.1701,0.2877
004361,羽田空港第2ターミナル,24342,0,216,142.988,58.7413,0.8586,1.4667,0.9803,0.9204,,0.3048,,,1.3891,,0.5623,0.8284,0.1368,0.466,13.8734,0.4544,0.9035,,0.3519,0.3025,,2.2767,0.9332,1.2551,0.8351,1.5959,1.2909,5.2077,0.7989
003359,三河島,24202,0,110,77.8621,32.1718,0.5812,0.9262,1.3933,0.2769,2.2542,1.4671,,,0.6269,,0.9964,0.7477,1.1496,0.1428,,2.1873,5.708,1.4373,1.2704,0.182,0.3844,0.6207,,0.812,,1.0883,0.7183,0.8693,0.778
003780,北参道,23768,0,212,94.9053,39.9299,0.6939,1.621,0.5913,,0.8194,0.5255,0.7701,,0.4491,,0.303,,0.65,0.5262,0.3626,1.5669,0.5842,1.0297,2.2753,1.9557,4.1311,1.1326,,2.9019,0.5399,1.6777,0.5585,0.9013,0.8066
004273,御嶽山,23587,0,35,20.5586,8.7161,,,3.5452,1.1095,,,,,5.0236,,1.3556,,0.4947,0.6741,,1.0955,,5.7592,,0.7292,,,,3.631,,2.6451,,1.0762,5.7784
003195,京成金町,23574,0,223,182.4802,77.4074,1.753,0.9234,0.7301,0.5012,1.205,1.0787,,1.7637,0.8509,0.9063,1.0135,0.6766,1.4339,1.0009,0.6898,0.8659,,0.3252,,0.6588,0.3479,0.2706,0.7209,1.0622,0.341,0.9819,1.1778,1.4932,1.0934
003473,野方,23415,0,173,105.2843,44.9645,1.3899,1.5461,0.4108,0.9031,1.7592,1.1961,,2.6612,1.2267,2.6131,1.015,0.4877,1.2405,0.5929,,0.9808,1.0637,0.4688,,0.4748,,0.3794,1.0107,0.4007,0.4916,0.9845,1.7114,1.0356,1.8536
003290,京成関屋,23344,0,49,41.7309,17.8765,0.4345,3.1945,0.5615,0.6211,0.8556,2.4682,,3.5419,,,0.5884,0.8386,1.3575,0.4586,,1.2266,1.8291,1.6121,,0.4082,,,2.9299,2.1331,,1.0124,,0.6812,
003886,築地市場,23281,0,741,334.613,143.7279,0.6001,0.7737,3.525,2.2969,0.2657,0.5901,1.3011,0.5802,0.5179,1.2411,1.1138,3.3862,0.628,1.1256,0.8316,0.803,0.4817,0.7421,0.3753,1.187,1.7135,1.2042,0.4437,0.6722,0.4452,0.9045,0.3007,0.8733,0.7815
003243,練馬春日町,22655,0,26,19.1974,8.4738,0.8284,1.3093,0.8652,,1.3675,0.7842,,,,,2.5985,,1.0849,0.7608,,2.3382,,,,,,,,,,1.6401,5.7336,,
003444,下井草,22499,0,53,35.6445,15.8427,0.8063,0.5816,1.2467,0.6401,1.8131,0.8478,,,1.449,,,0.8641,0.7192,0.722,1.9903,1.8959,1.8848,,1.4683,0.8413,0.8886,,3.1714,2.2378,,0.7429,2.028,1.0908,2.9286
004259,雪が谷大塚,22365,0,82,55.7866,24.9437,1.1642,0.8839,1.6617,0.8321,0.9353,1.1021,,2.2607,0.9418,,1.0166,,0.742,0.2528,4.1805,1.0269,,4.319,,0.5469,0.5776,0.475,,0.6808,2.2647,1.082,2.0006,2.0176,2.1667
004175,上野毛,22230,0,51,27.6466,12.4366,2.0286,1.3851,0.4691,1.4499,2.0513,0.9602,,,1.6411,,0.7849,0.9787,0.8136,0.18,,1.0736,,3.7628,,0.9529,1.0064,2.2003,3.9081,1.3476,,0.4544,0.6809,2.1974,
003273,堀切菖蒲園,22096,0,97,82.2839,37.2393,2.0784,0.7963,1.1242,,1.2988,1.4309,,0.9505,0.6114,,0.9363,0.7292,2.1895,0.3596,1.4869,1.4667,0.7953,0.701,0.6196,0.1775,,0.2916,,1.1449,,0.4885,0.3627,0.5853,1.5713
004307,大森町,21817,0,61,38.965,17.8599,2.1599,0.656,0.9865,,1.3882,1.6357,,1.6776,1.3978,,4.5264,,0.2753,0.3751,,1.5241,,3.205,,0.4058,1.7145,0.7049,15.025,2.0207,,0.9367,0.7423,1.1978,
004261,多摩川,21510,1,27,18.5898,8.6424,1.0126,1.5376,2.3124,,1.627,,,,3.2766,,,,0.6454,,,0.7145,4.2621,,,0.9512,,1.6524,8.8047,,,0.941,6.9599,,3.7689
003538,本所吾妻橋,21482,0,216,139.1982,64.7976,1.0351,1.075,0.8172,1.3151,0.6819,0.9798,,1.3321,0.7443,,0.4143,0.8877,0.9466,0.8104,1.117,1.2173,0.9682,0.4266,0.3771,0.2161,0.2282,0.9034,0.6877,2.4067,0.8949,1.3772,1.661,1.489,2.7984
003706,浜町,21447,0,356,178.162,83.0708,0.7168,0.8852,1.1167,0.7969,1.6925,0.6785,0.442,0.77,0.7731,0.8235,0.5321,1.2295,0.965,1.0387,1.2415,1.2364,,1.1818,0.2611,1.3468,1.4224,0.663,1.7663,0.9275,0.3098,1.094,0.8629,1.0937,0.5186
004161,戸越,21299,0,159,91.8012,43.1012,1.5578,0.5824,1.0293,0.668,2.0803,0.8848,,0.8519,2.0164,1.6109,1.0928,0.6012,0.6601,0.6086,,1.0993,0.6557,0.5779,0.5108,0.8781,,1.0211,,0.5131,0.6061,1.1623,1.9496,2.3594,1.5836
004372,羽田空港第1ターミナル,21124,0,219,144.0659,68.2001,0.9578,1.4545,0.9721,0.9127,,0.3022,0.5906,,1.3775,,0.5576,0.6161,0.1357,0.4621,13.7574,0.3755,0.8959,,0.349,0.2999,,2.2577,0.9254,1.2446,0.8281,1.6814,1.463,5.0166,0.7923
003441,本駒込,21070,0,121,71.0753,33.7329,1.6783,0.9055,0.7068,0.5997,0.8362,0.3972,1.1642,,1.3577,,1.8373,0.4048,0.6633,1.1155,,0.5922,1.7661,2.3348,1.3758,2.1679,0.8326,1.3735,,1.8685,,0.9844,2.1078,0.9718,0.6522
003278,尾久,20858,0,50,32.9341,15.7897,1.3272,1.8899,0.589,1.2469,0.6593,0.7904,,,,,1.9817,2.4167,1.0844,,,2.0885,,3.2362,,0.4273,1.6569,,9.867,3.2166,,1.1288,,0.6804,
003288,牛田,20820,0,53,44.0892,21.1764,0.4151,3.0517,0.5364,0.5934,0.8174,2.3579,,3.3836,,,1.1243,0.8011,1.2969,0.4381,,0.8788,1.7474,1.54,,0.39,,0.5253,2.799,2.0378,,1.1284,0.8066,0.6508,
004364,穴守稲荷,20698,0,84,61.5641,29.744,2.3336,1.5749,0.5921,1.1119,1.2499,0.9818,,,0.839,2.6811,0.9056,1.0007,1.6526,0.4503,,1.2808,,0.9619,,0.4872,,0.4231,,0.6065,,0.8836,0.4455,0.3595,3.8604
003426,椎名町,20617,0,114,57.4487,27.8647,0.6122,1.8703,1.1996,2.042,2.0538,0.3864,,0.9881,1.9811,,1.177,0.7876,0.8146,0.6452,,1.3036,0.859,,0.6692,0.7669,0.405,,,1.1901,,1.4361,0.9822,1.0566,0.7092
003679,中野新橋,20570,0,140,82.3249,40.0218,0.6968,0.3045,1.1327,0.996,1.3474,1.6491,,0.9172,3.9459,3.6026,0.8396,,1.1758,1.0218,0.845,0.6146,0.7333,2.585,1.1424,0.491,0.3457,0.523,,1.1048,1.3555,0.8402,1.7696,0.7139,1.2777
003618,牛込柳町,19954,0,72,32.6851,16.3802,0.4642,0.5276,1.6012,1.9905,0.5694,0.4394,,,,,0.5837,,,0.6888,1.8987,0.6551,,1.722,,4.3606,5.5268,1.0909,,,3.6117,1.5868,0.699,1.128,1.5142
004112,台場,19936,1,168,73.5489,36.8925,2.1014,0.7726,1.1134,0.4663,0.1852,1.7971,,4.7204,3.7532,1.8745,1.9402,0.8389,0.1469,0.6625,0.4049,0.4347,,0.5376,1.0696,0.5787,,3.7954,,2.4652,2.5381,1.5416,0.3059,1.5675,0.4478
003477,京成曳舟,19929,0,194,133.338,66.9065,1.035,1.2285,0.4669,0.4932,1.7046,0.9798,,3.33,,,0.4143,1.1096,1.3523,0.878,0.5585,0.5681,0.4841,,1.1313,0.5402,0.2282,1.1614,0.6876,1.2033,0.4474,1.085,2.0301,0.7445,1.599
003489,新井薬師前,19709,0,122,72.6072,36.8396,0.9528,1.3325,1.8586,0.5448,1.7688,1.0824,,,3.0833,,1.2245,0.3677,1.1693,0.7824,0.9243,0.9413,,0.7069,,0.8951,1.1345,0.5721,,0.6043,2.2242,0.8484,0.6453,0.7371,0.6989
004299,鵜の木,19463,0,34,22.5646,11.5936,0.853,1.2953,1.9479,1.2192,1.3706,0.8075,,,,,2.9792,,0.5436,0.7408,,1.2038,,3.1643,,0.8013,,,7.417,,,1.5854,2.9314,1.1826,
003471,雑司が谷,19401,0,92,42.2116,21.7574,0.2865,1.1252,1.263,1.2285,0.4119,,,,,,0.8261,0.5528,0.4901,1.0567,1.2483,1.0108,,1.0628,,0.5383,5.1166,1.9299,,0.8353,,2.016,2.298,0.7416,3.9822
004155,戸越銀座,19370,0,151,87.8491,45.3532,1.6013,0.5987,1.0581,0.6867,2.1384,0.4548,,0.8757,2.0727,1.6558,1.1233,0.309,0.6786,0.782,,1.356,0.674,0.5941,0.5251,1.053,0.3178,0.8397,1.1186,0.5274,,1.0389,1.503,2.2231,1.6278
003140,蓮根,19363,0,70,51.0658,26.3729,2.5273,,0.4878,0.5161,,2.3924,,,,,1.8146,1.3934,1.1768,0.6265,,2.2929,,,1.1839,0.3392,,1.1304,3.0117,1.0841,,0.7681,1.8912,1.0172,2.731
003688,中野富士見町,19307,0,61,35.8531,18.57,1.2629,1.3101,0.8718,,0.6014,1.104,2.1572,,2.5158,,1.315,,0.9968,0.456,,1.7141,,1.4421,4.1411,,,1.1671,3.1094,1.2327,,0.8991,2.6326,1.7136,1.5875
004087,東京ビッグサイト,19291,1,87,50.3832,26.1175,0.5655,1.8166,0.3153,1.6167,1.3509,,,,0.915,,3.3323,1.0912,0.3572,,1.0313,1.5962,1.1902,,,1.8594,1.6833,2.491,,5.1941,1.1,1.5271,,0.7698,
003442,東向島,19220,0,113,74.6368,38.8329,0.6283,0.5593,1.7006,0.2994,2.173,0.5947,,1.2128,,,0.7545,0.8083,1.2313,,2.0341,1.3301,1.763,0.7769,0.6867,1.9674,,0.705,,1.4608,,1.2919,1.0082,0.8135,2.1839
003519,稲荷町,18891,0,423,226.4198,119.8559,0.7879,1.4892,0.2716,0.953,0.9437,1.3196,0.3363,1.1546,1.1768,0.6267,1.2548,1.6374,1.3246,0.8591,1.3157,1.4542,2.041,1.3491,0.3975,0.968,0.7217,0.4828,,0.5215,0.2358,0.9367,0.6305,0.5087,0.3902
003437,上井草,18819,0,55,38.3535,20.3802,3.5718,3.1274,0.5442,0.7447,,0.958,2.8909,,1.6373,5.232,0.7197,0.9764,1.4247,,,1.4282,,1.8771,,,,1.3451,,,,0.8435,0.7639,1.3436,
003440,井荻,18679,0,55,37.5237,20.0887,1.3196,1.1427,0.8164,0.6287,1.7811,0.8328,,,,,1.877,,1.1774,0.7092,,2.1728,,3.2636,,0.8265,0.8729,0.5846,,,,0.7298,1.9922,0.5358,1.4384
003837,代々木八幡,18567,0,246,102.8395,55.3883,0.9842,1.2772,0.4792,1.0048,0.2075,0.3993,0.7802,0.6973,0.455,,0.921,0.8139,0.247,1.1994,,0.5953,,0.5216,1.844,1.4529,3.9061,0.8606,,1.2599,2.7349,1.7391,1.6975,2.2826,1.2256
003376,四ツ木,18180,0,31,26.5386,14.5977,,4.3708,1.6456,1.9767,,,,,2.2375,,,,1.4139,1.3159,,0.9759,,,,,,1.0672,,,2.6901,1.1917,,2.1417,
003303,京成小岩,18036,0,66,45.2502,25.0888,1.3545,1.4182,1.2567,1.9361,1.7526,1.3063,,1.8316,1.0957,,0.9191,,0.4634,0.5858,,0.5139,,2.5124,,0.6362,,0.4294,2.2881,,,1.3466,3.0922,2.0932,1.296
003475,沼袋,18003,0,104,63.4595,35.2494,0.8415,0.3678,0.912,0.3007,1.6273,1.9916,1.1675,,2.0424,,0.338,0.812,1.6782,0.4936,1.0205,0.8908,,1.561,0.6899,1.1859,,0.3158,,1.3343,0.8185,0.8586,0.7124,1.1495,1.5431
003453,都立家政,17816,0,57,34.0101,19.0896,0.8437,0.7374,1.3715,1.206,1.9578,0.3993,,,2.7302,,1.3554,0.8141,1.2942,0.7423,,,,1.565,1.3833,1.1889,,,3.3743,2.6754,,1.2521,2.8569,,
004244,立会川,17669,0,67,40.2744,22.7938,1.1688,0.971,1.2871,1.6707,0.5203,2.5816,2.162,2.1305,,,0.5466,,1.2382,0.761,,1.3746,1.6399,1.4453,2.555,0.366,,0.5107,,,,0.5055,0.6094,,6.6006
003777,西永福,17596,0,53,34.6515,19.6928,0.4828,0.6271,,0.6901,0.6516,1.3711,2.6792,,,,0.6868,0.9317,1.0339,1.2975,,1.3628,,,1.5831,1.8143,0.9581,2.5669,3.4195,,,0.801,2.9155,1.1761,
003830,代田橋,17148,0,64,36.6185,21.3544,,0.6873,0.39,3.3993,1.481,0.9961,,,1.9239,,1.6914,2.1184,0.8063,0.1787,,1.9689,,3.9037,1.6502,,1.1798,,,,,1.2401,1.5732,1.4483,2.9272
004239,洗足池,17037,0,35,22.281,13.078,,,0.8076,1.011,1.1365,1.3391,,5.4939,2.2888,,,,,0.6143,,2.9948,,2.624,,1.9934,,1.1542,,1.6544,,1.0956,1.2154,3.9225,
004044,白金台,16791,0,103,38.5819,22.9777,,0.7355,0.735,2.4026,,0.2652,5.2045,,,,,,0.142,0.8518,2.348,1.5815,,,,3.1581,5.5592,1.6688,2.223,0.7302,,1.7184,0.7994,1.9349,
003301,千住大橋,16762,0,46,36.8122,21.9617,0.8663,0.796,1.6791,0.6191,3.4113,0.41,,,1.4016,,1.7596,1.6716,0.6766,0.4571,,0.6113,1.8232,3.2136,,0.8138,,0.5481,,2.1262,,1.3455,0.8415,1.3579,
004001,市場前,16534,1,78,42.482,25.6937,0.9189,0.984,8.8806,1.7514,,,,3.7373,1.9824,,4.332,2.9555,0.1935,0.2702,,0.6485,,,,,0.6079,2.0239,,,,0.6617,,1.2509,1.1194
004319,梅屋敷,16426,0,96,67.69,41.2091,0.5014,0.7614,1.4314,1.0751,1.6114,1.6613,,1.9474,2.4339,,1.3135,0.4838,0.6392,0.6532,,0.5308,,1.8602,,1.4132,,,4.3602,1.7592,,0.6213,3.4466,1.0428,3.7328
004399,六郷土手,16205,1,22,16.2956,10.0559,2.0456,1.5532,,2.9241,1.6435,,,,3.3098,,1.7863,,0.6519,1.7765,,1.4435,,,,0.9609,,,,,,0.6337,,1.4181,3.8071
003285,下板橋,16048,0,204,149.9253,93.423,0.7809,1.3496,1.2443,0.6888,0.8464,1.0309,1.1633,,0.4,,1.0354,0.2385,1.3299,1.2067,,1.5117,0.5203,,0.8106,0.9086,1.4717,0.7252,1.0311,0.3145,1.2607,0.7507,0.8031,1.0933,1.4025
004285,流通センター,15693,1,8,6.2174,3.9619,,8.7225,,,,,,,,,,,1.8305,,,,,10.6545,,,,4.6868,,,,0.8897,,,
004292,久が原,15640,0,31,19.4341,12.4259,0.8666,,0.9895,1.2387,1.3925,,,,,,,,,0.7526,,1.8346,,3.2148,,4.0706,3.4394,,,,3.3715,1.6108,2.9783,1.2015,
003899,東松原,15426,0,66,31.8879,20.6715,1.3137,0.598,1.2152,0.6259,,0.4145,,,1.417,,1.3555,,1.6393,0.4664,,1.5451,,1.6245,,0.8228,,2.5331,,,,1.3733,2.3517,1.8974,1.2735
004305,千鳥町,15216,0,37,29.6407,19.48,1.1849,0.8996,,,2.8558,0.5608,,,1.9171,,1.0346,,1.5103,1.5435,,0.8361,,2.1978,,1.1131,,,5.1515,1.3857,,0.5506,2.036,,
003153,志茂,15187,0,35,21.5001,14.1569,2.501,2.4036,0.8823,0.8938,0.9875,,,,2.0233,,1.4841,,,0.4081,,1.7649,,,2.0502,1.1748,,2.7735,7.3893,3.9243,,1.3456,1.1587,,2.5099
004225,荏原町,15179,0,185,112.1853,73.9082,1.7023,0.8765,0.7745,0.6032,1.3148,1.3315,0.7805,0.7692,,1.4544,0.9867,1.6286,1.1921,0.8215,1.1361,1.0027,,1.0436,,0.925,0.5583,0.5532,,1.853,1.6417,0.9125,1.3202,0.355,1.0537
004153,新馬場,15099,0,125,73.7902,48.8709,1.0779,1.6121,0.7123,1.5408,1.4395,0.8163,,,,,0.3025,0.8321,0.9136,0.5264,1.7413,1.8256,1.8149,3.9989,,0.6076,1.2835,0.2826,,,,1.049,1.6862,1.0884,1.461
003321,桜台,15032,0,122,97.6877,64.9865,0.6733,1.3302,0.7032,,0.8336,0.1593,,0.7722,1.0893,,1.056,0.9744,1.2124,1.5459,,1.3065,,2.4977,,1.1069,1.3361,0.4934,,0.9301,1.3097,0.8331,2.0388,0.94,1.2618
004232,長原,14880,0,85,59.1402,39.7448,0.5094,0.9626,1.4541,1.0584,1.637,0.7233,1.4133,1.9783,1.6483,,1.3344,0.8917,1.0165,0.8937,3.6582,0.8986,1.072,,0.8351,0.4785,0.9639,0.4156,,1.7871,0.9909,0.7732,0.8753,0.7062,1.896
004247,石川台,14877,0,36,24.2955,16.3309,0.6869,1.0431,0.7844,1.9638,1.1038,1.9508,,,,7.103,1.1997,,0.8756,0.5966,,1.4542,,5.0967,,,,1.121,,,,1.2768,2.3608,0.9524,2.5569
003184,下赤塚,14727,0,129,97.4199,66.1505,1.9349,0.8901,0.6591,0.5036,1.2537,1.5004,0.9744,1.7509,2.2803,1.8156,0.5883,1.0165,1.2057,0.3147,,0.8681,1.4831,1.3027,1.1515,1.324,0.3484,0.8088,2.8451,1.5429,0.6877,0.8146,1.2242,0.4947,0.6625
004034,東雲,14700,1,6,3.4488,2.3461,,6.5029,,,,3.8326,,,,,,,,,,,,,,3.8035,,,,,,1.4577,,5.5111,
003849,上北沢,14678,0,61,31.5871,21.52,4.0234,1.2462,0.795,0.6143,0.5794,1.6272,,1.896,,,0.6651,0.8293,0.7734,0.7628,,1.5162,2.1368,1.5942,1.4091,0.4037,,1.2429,,,,0.9385,0.5769,0.931,1.6601
003422,八広,14618,0,23,16.1012,11.0146,,1.5402,1.1708,1.6488,,,,,3.7325,,1.3852,,3.3908,,,0.814,,,,,,,,,,1.6743,,1.4934,
003277,上中里,14482,0,33,22.2015,15.3304,1.3429,1.2906,0.9474,,2.1208,1.2712,,,,,1.5937,,1.2619,,,0.9476,,4.9819,,,,2.9784,,,,1.156,1.2443,1.0039,5.3906
004180,洗足,14288,0,47,22.4456,15.7094,0.725,1.6045,0.8278,1.0363,,1.892,3.0446,,,,0.8226,,,1.0646,,1.3629,,,1.799,2.2274,3.2663,1.5373,,,,1.3752,5.0601,,
003832,芦花公園,14016,0,36,20.3449,14.5155,2.1995,,1.2791,1.9765,2.0345,1.3089,,3.0504,,,,,1.1767,0.2454,,2.1284,,,,0.6495,,1.0856,5.3277,1.8371,,0.7356,0.9282,0.9948,
004079,高輪台,13969,0,87,36.1357,25.8685,0.4076,0.397,1.5068,3.1763,0.9308,0.6721,2.262,,0.9786,3.127,0.5719,,,0.7046,5.0694,1.568,,,2.6732,2.4705,1.2002,4.4733,,,,0.8828,1.2944,0.6962,0.9346
003060,見沼代親水公園,13889,1,8,6.3028,4.538,2.5855,,3.341,,5.0909,4.8952,,,,,3.5012,,,,,,,,,,,,,,,,5.0235,,
003775,国立競技場,13711,0,82,36.529,26.6421,0.3478,1.2203,1.1715,,,0.3292,,1.4009,,,0.3797,1.9582,0.94,0.6693,,0.7295,1.4238,1.2549,,0.6445,0.6902,1.5046,,6.0382,,3.0028,0.4666,1.1639,
003602,牛込神楽坂,13686,0,793,381.4316,278.702,0.3827,0.6327,1.1701,1.84,0.7682,0.8563,1.7376,0.7204,0.9007,1.439,0.2625,0.8728,0.6432,1.7037,0.5693,0.7856,0.7322,0.6453,0.6845,2.1245,3.5902,0.8586,0.6536,0.1736,1.4889,0.8061,0.7859,0.9723,0.454
004268,大森海岸,13644,0,170,102.9147,75.4285,0.9861,1.0583,0.7502,1.6136,0.2122,1.2344,1.764,0.6804,1.5956,,1.1149,0.3381,0.701,0.6148,1.9001,1.6505,,3.5377,1.0423,0.7924,0.6308,1.1969,3.0469,1.7528,,0.9932,1.1518,0.9293,3.7992
004186,戸越公園,13597,0,79,43.9124,32.2957,2.0308,0.8436,1.491,,0.904,1.2817,,3.702,1.0953,,,,0.5379,0.4959,,1.4331,,1.2557,2.2197,,0.6717,0.8874,,2.2295,,1.9763,,1.7088,4.5876
004091,お台場海浜公園,13435,1,109,43.8767,32.6585,1.9319,0.9511,0.4224,0.3452,,0.4572,,5.2257,1.5629,,0.7697,0.466,0.7345,0.3263,0.6747,0.8948,1.0165,0.8959,,2.0418,0.4792,1.7443,1.9163,2.9983,2.8185,2.0252,0.3445,1.1119,0.7463
003177,青井,13288,0,24,22.6169,17.0205,0.8434,,,1.2056,1.6607,0.7984,,,,,,,1.9761,0.8901,7.3608,1.1903,,,,,,1.0672,,,,0.3275,1.6387,2.6442,3.5495
003778,参宮橋,13182,0,88,37.7097,28.607,0.974,0.8427,0.5533,,,1.5367,,3.2206,3.1518,,0.3544,,0.1901,0.3077,,1.6037,2.7332,1.2044,3.1937,2.135,1.9328,2.3184,,1.9396,5.0524,1.3691,2.1777,0.3514,
003787,桜田門,13129,0,26,9.7706,7.442,,2.9898,1.2898,1.6593,,1.0989,,,,,9.3428,,,,,1.6383,,,,,,,,3.7154,,3.1918,,1.3444,
003736,富士見ヶ丘,13091,0,25,15.0596,11.5038,3.0986,1.3416,,,,,,,,,,,0.553,1.1103,4.5909,,,3.8317,,4.8517,,1.3729,,,,2.3992,1.5593,,
003104,西高島平,12970,0,6,5.1125,3.9418,,,,,,,,,,,,6.4605,1.8187,2.9046,,,,,,,,5.2412,,,,,,4.7164,
003171,江北,12958,0,20,16.8218,12.9818,0.884,3.2494,1.1423,,,1.6737,,7.2056,2.8607,,,1.7059,1.3809,,,0.6238,,,,1.661,,1.1186,11.9213,4.3396,,0.3433,,,
003355,鐘ヶ淵,12929,0,47,30.4711,23.568,1.7136,3.0508,,1.633,1.6933,0.5407,,,1.8484,,0.6859,1.1023,1.0075,,,1.2092,,2.119,1.873,0.5366,,0.641,,,,1.6582,0.9166,1.4791,
004181,荏原中延,12777,0,115,64.9903,50.8651,1.0984,1.0951,0.7258,0.314,0.8801,1.8717,,1.2014,2.8435,2.2716,1.541,0.4239,1.0473,0.8583,0.8872,1.2402,,0.815,,0.6191,0.8719,1.728,,,0.8547,1.2827,1.031,0.2773,2.2332
004216,九品仏,12729,0,107,50.495,39.6693,0.2697,0.3682,0.9978,0.7709,,0.7658,,,,,1.252,0.5204,0.5768,0.7658,,1.1417,3.4052,,0.8842,2.971,2.1405,0.78,,,3.1474,0.9665,3.6204,2.921,0.7842
003150,大師前,12621,0,101,86.476,68.5176,1.0256,1.8849,0.2651,1.7593,0.8078,1.5534,3.4149,,0.6638,,0.2778,,1.9224,0.2165,3.5804,0.8685,0.8634,1.5219,,0.7708,,,1.3831,,0.798,0.8762,0.7971,1.2862,0.8633
003144,西新井大師西,12405,0,29,20.3787,16.4278,2.8925,,2.8033,,1.4238,,4.0128,,2.34,,0.9792,,,1.5263,,0.5103,,5.3653,,,,0.915,19.5028,,,0.8424,1.405,1.1336,6.0867
004223,奥沢,12146,0,205,91.9666,75.7176,0.1354,0.8238,1.3476,0.672,1.0563,0.6609,,,,,1.1334,0.6048,0.7663,0.6616,0.4438,0.8545,1.1395,1.1626,,1.8135,2.4453,1.3644,,,2.1064,1.6057,1.55,2.5726,0.9114
003491,下落合,11882,0,45,20.9635,17.6431,1.323,3.0075,0.5705,2.8367,0.8114,0.6262,,,,,0.8319,1.2765,,,2.706,0.9336,,4.9082,6.5074,,,0.7774,,,,1.5076,1.9925,2.4114,2.158
003525,小村井,11154,0,70,43.6984,39.1773,1.2751,2.2701,1.2943,,0.63,1.207,,4.9228,,,1.0208,1.6404,0.4998,,,1.4996,,1.5767,,0.7986,,0.9539,,,,1.3881,4.7744,,4.4323
003120,谷在家,11064,0,17,12.991,11.7417,1.4657,,1.894,,2.8859,,,,,,1.9848,,1.1447,,,4.1372,,,,,,,19.765,,,0.5691,2.8477,,
003938,神泉,10963,0,951,442.6713,403.7866,0.9643,0.6874,0.3451,1.3294,1.1038,1.4748,1.0374,0.7727,0.8066,1.2887,0.6227,1.5633,1.2192,1.4154,1.6283,0.6805,0.9181,0.3468,1.0114,1.0464,2.0961,0.995,0.5081,0.4654,2.4183,0.7059,0.2926,0.5396,
003859,越中島,10880,0,85,51.8526,47.6586,0.2936,0.4715,0.6547,2.098,1.4025,1.1116,,3.5816,,,2.0758,2.2659,1.298,1.0358,,0.8286,,1.089,,1.9304,2.3302,1.2931,,,1.1421,0.3171,0.4953,0.3996,
003209,扇大橋,10663,0,22,15.8718,14.8849,1.4118,5.1891,1.8243,,,4.0093,,,,,1.9118,,,,,0.9962,,,,1.3263,,1.7864,,,,1.6446,,2.2131,
003981,新豊洲,10511,1,13,7.1436,6.7963,,3.1171,8.6562,,,1.8371,,,,,,,,1.7119,,,,,,,,4.2744,,,,0.6988,3.2743,,
003315,北池袋,10356,0,40,19.6569,18.9812,,1.4566,0.8175,1.5902,,0.5266,6.1736,,,,,,1.6748,0.5862,,1.1776,,,,1.5677,,,,,2.1641,2.2662,1.7848,1.44,
004279,沼部,10289,1,19,11.6073,11.2813,,,6.1645,,,1.2777,,,4.3675,,,2.6045,,1.1721,,,,5.007,,2.5359,2.6784,,11.7362,,,1.2544,2.3193,,
004210,緑が丘,10090,0,56,24.8758,24.6539,0.4948,0.7236,2.4413,1.5262,1.2805,0.5423,,,1.6012,,1.8838,,0.254,0.1962,,1.3967,2.0829,1.8357,1.6226,3.0824,1.1368,1.5217,,,4.1538,1.529,0.7691,0.6205,
003311,新桜台,9867,0,129,98.4755,99.8029,1.4493,0.859,0.5677,0.259,1.1963,0.686,,2.4934,1.1724,3.7465,1.1365,1.0488,1.3049,0.8319,,0.6392,,1.3441,,1.3615,1.438,0.2655,,1.0011,0.7048,1.2554,1.8809,0.7588,
004220,鮫洲,9677,0,72,43.8565,45.3203,1.2736,,1.4025,1.8204,0.8503,2.4112,,,1.0303,,1.7867,0.6144,1.6865,0.6219,,1.3481,,,,1.4955,0.6318,,2.2241,2.0972,,0.5164,,0.8037,
003931,世田谷代田,9582,0,114,50.9582,53.1812,0.9101,0.4143,0.8419,1.3009,0.409,0.2872,,1.3385,,,,2.3416,1.2978,0.6462,0.8906,0.2141,,,1.9895,1.425,,1.7549,2.3377,0.8061,2.3605,2.4463,1.2219,0.6572,1.7644
003078,舎人,9542,0,11,7.4947,7.8544,,,4.4055,,,,,,,,,,,,,4.8117,,,,,,,22.9877,,,2.6477,6.6241,,
003112,新高島平,9534,0,45,35.2052,36.9259,1.4629,0.824,2.6354,1.394,0.6678,0.9232,,,,,1.6339,0.941,1.3245,0.423,3.4985,2.0646,,,,,,0.7634,,1.4643,,0.6224,1.7029,,3.6886
004017,松陰神社前,9531,0,181,85.3524,89.5524,1.0221,1.1631,1.103,0.487,0.9187,0.4838,,2.2548,1.1025,3.5229,1.8455,0.6574,0.7288,0.1814,0.5001,1.3223,0.717,0.6319,1.1171,0.4801,3.3805,1.7245,1.3127,0.4526,1.3255,1.6026,1.6009,1.1071,0.9908
003266,熊野前,9390,0,61,44.307,47.1853,0.4108,1.9641,0.4924,1.1744,1.3657,0.7777,,2.8589,,,0.7043,0.7927,0.5417,0.9084,,1.1595,,,1.347,1.1577,1.6304,0.6581,3.5068,1.7217,1.5982,0.8876,1.5231,1.8433,1.6496
004188,下神明,9364,0,71,41.0807,43.8709,1.3709,0.8542,,1.4696,1.8306,0.6489,,,1.109,,1.4424,1.984,0.7261,1.0042,,1.9347,,1.2714,1.1238,2.2537,,1.7971,,,1.3333,0.667,1.6083,,
004144,テレコムセンター,9267,1,19,9.7311,10.5008,,,,,2.5029,,,,,,7.4091,,,0.6932,,1.1091,,,,1.4765,3.1189,,,,,3.9612,,,5.7437
003239,王子駅前,9239,0,232,152.1461,164.6781,1.0322,1.2625,0.662,0.8048,0.8892,0.8883,2.6037,2.4448,0.911,1.9406,1.5591,0.5432,1.1169,0.98,1.013,0.7946,,1.3925,0.3077,1.4105,0.5587,1.0406,2.2179,1.1779,0.3651,1.0097,1.0434,0.5612,0.7534
003914,池ノ上,9179,0,318,155.2953,169.1854,0.837,0.2857,0.3714,,1.1285,1.1885,,0.9232,0.6771,1.0818,0.2974,0.4038,1.2304,2.0786,0.6143,0.6645,1.3212,1.1644,1.0292,0.8712,0.8305,1.967,,0.556,0.8141,1.0814,1.1237,0.9066,0.9128
004064,有明,9102,0,111,62.9376,69.147,0.8196,1.3164,0.6854,0.5858,0.9789,0.5819,1.137,1.25,0.663,,2.4148,,0.2589,0.2711,,1.0121,1.7249,0.7601,,1.3474,,3.159,,6.0224,0.7972,1.8443,1.3828,1.6735,
004125,北品川,8977,0,145,76.3293,85.0276,2.1776,1.0068,0.6511,1.3692,0.7731,0.9068,,,0.5129,,0.5052,2.1543,1.5005,0.2142,2.5882,0.4133,2.4656,4.5248,1.0394,0.997,0.629,0.5161,,0.8262,,1.0782,1.3367,0.2696,0.7239
003279,西ヶ原,8976,0,47,27.7748,30.9434,4.8284,2.0623,2.271,0.7669,,1.0157,2.9771,,1.736,,1.9373,,0.6721,,,1.1357,,1.9902,,,,1.1899,,,,1.4956,0.9942,0.8021,2.1535
004037,有明テニスの森,8868,1,54,28.9119,32.6025,1.199,0.6419,0.8913,0.5713,,1.5134,2.2179,2.4382,,,0.9421,,,0.7051,,0.5641,1.6823,2.9654,,0.7509,,3.5211,,5.8737,,1.7268,2.6972,2.7202,
004020,上町,8814,0,105,48.0044,54.4638,1.2134,2.0713,1.4031,1.3009,0.818,0.8615,,1.3384,,3.1368,0.939,,0.3245,0.2154,,0.8563,,,2.9842,1.4249,2.408,0.8774,,,1.1802,1.9027,2.4437,0.6572,2.6466
003901,新代田,8765,0,167,72.0216,82.1695,1.2821,,0.1977,0.9164,,0.6069,,,,,0.6614,,1.1428,0.9862,,0.4524,,,1.4014,1.0038,0.4241,2.7813,,1.7034,4.1568,2.5848,1.1476,1.6203,2.4858
003232,柴又,8624,0,64,47.3581,54.9143,0.4032,1.6993,0.9597,2.3056,0.693,0.7635,,2.0285,,,1.3322,,0.5497,,,1.1382,1.6973,2.9919,,0.3788,,,3.3165,,1.5688,1.7375,0.774,4.9961,3.3533
003299,町屋駅前,8555,0,215,166.1579,194.2231,1.1599,1.8487,0.8111,0.5527,1.2855,0.8235,,4.0363,1.8768,0.9995,0.8286,0.3731,1.4659,0.6413,1.1785,0.5457,0.8137,1.0758,0.317,0.9989,0.1918,0.3097,0.8252,1.6206,,0.8772,0.5376,1.1567,0.7764
004323,蓮沼,8254,0,248,183.2397,222.0011,2.047,0.296,0.5565,1.3933,0.9398,0.8305,,0.7571,0.9463,,1.5321,1.3167,1.3047,1.1851,4.9003,1.1694,1.6412,1.8081,0.9589,0.8242,0.3869,1.4316,,0.456,,0.4832,0.335,0.1351,1.0885
003880,東北沢,8030,0,248,119.3874,148.6767,0.142,0.9435,0.3302,0.406,0.7652,0.8067,,1.2533,0.4596,1.4686,0.5807,,1.214,1.9046,1.2509,0.1914,,1.0061,0.9315,1.8197,1.3838,1.1588,,1.1322,2.7129,1.2633,1.3174,0.7692,0.8261
003378,大塚駅前,7990,0,454,234.5298,293.5292,1.1407,0.9504,1.3716,0.8894,1.4164,1.0799,,1.5063,0.6712,1.0723,0.5981,0.8005,1.3601,1.0382,0.6778,1.0245,0.4365,1.3465,2.3803,0.682,0.4116,1.1178,0.7445,0.9072,0.6052,0.7874,0.4159,0.3356,0.9009
003548,東あずま,7938,0,50,30.9951,39.0465,,2.9043,0.552,0.7773,,1.0295,,3.1491,,,1.306,,0.9591,0.3193,,1.1512,,2.0172,,,,1.2203,6.8097,,,1.5786,4.3631,,7.5607
003957,山下,7784,0,106,52.6885,67.6882,0.2654,1.4497,0.7365,0.3794,1.7891,1.0049,,,0.8588,,0.8215,1.0243,0.8516,1.0364,,1.8728,,0.9846,,1.2466,0.5267,1.1514,2.0452,0.7052,,1.189,1.0689,1.1499,1.5436
004127,大崎広小路,7648,0,567,338.049,442.0097,1.377,1.1262,0.9004,0.8611,0.8619,1.833,1.1939,0.9413,1.2532,1.7798,1.2678,1.4947,1.1396,0.9246,0.8689,1.1539,0.7245,0.6385,0.4233,1.3745,1.1955,1.0154,0.3006,0.8503,0.6696,0.4885,0.5385,0.2172,0.8748
003996,若林,7606,0,98,44.7899,58.8876,0.3214,0.439,0.5947,0.4595,0.4334,0.6086,,,1.0402,3.3238,1.4925,,0.8595,0.7988,0.9437,0.6805,2.7061,,,1.5099,3.8273,0.4649,2.477,0.8541,1.2506,1.7281,3.0209,2.0891,
004021,世田谷,7592,0,211,99.9087,131.5973,0.8831,1.8089,1.0892,0.6311,0.7937,0.6966,,1.2987,0.9525,1.5219,1.8223,0.568,0.6297,0.2612,0.4321,1.2463,0.6195,0.546,2.4131,0.5531,3.2128,1.49,,0.3911,1.1452,1.5495,1.7784,0.9566,1.7121
004212,北千束,7266,0,49,24.314,33.4627,0.6548,,2.243,0.936,,1.7088,2.7497,,,,0.7429,,,1.2516,,2.6171,,,1.6248,1.5462,2.95,,,,,1.6477,3.8811,0.9078,
003196,高野,6635,0,21,14.8981,22.4538,1.3193,4.8493,,,,3.7468,,,4.2693,,1.7866,,,,,,,,,1.2394,,1.6694,17.7911,6.4763,,1.5369,,,
003224,小菅,6261,0,9,6.925,11.0605,2.3213,,2.9995,,,,,,,,3.1434,,1.8129,,,1.638,,,7.6115,2.1807,,,,,,,,,9.7693
003331,江戸川,6229,1,11,7.2086,11.5726,4.4306,,,,3.8218,2.0971,,,,,,,,,,1.5633,,,,,,2.8092,,,,0.9653,3.9143,3.1581,
003339,新三河島,5882,0,61,43.5944,74.1149,0.6782,0.5981,1.6259,,1.691,1.284,,4.7198,,,1.7441,0.6544,0.8943,0.7499,,1.1964,4.282,,2.2238,1.5666,,,2.8948,0.9765,1.3192,0.4396,1.886,0.5072,1.3617
004312,昭和島,5862,1,0,0,0.0,,,,,,,,,,,,,,,,,,,,,,,,,,,,,
003098,舎人公園,5729,0,3,2.0959,3.6584,,,,,,,,,,,45.4629,,,,,,,,,,,,,,,,,,
003298,赤土小学校前,5630,0,63,41.6416,73.9638,1.3059,1.8085,1.6073,2.4889,0.7236,1.1684,,,,,0.9482,,0.287,0.9025,,1.5359,,1.6149,2.7373,1.9438,,,,,,1.5049,2.4211,0.6511,
003244,新柴又,5520,0,19,15.1466,27.4395,,2.6338,,,,1.1833,,6.2881,,,2.0647,,0.852,1.1895,,,,,,,7.4416,,10.2806,,4.863,0.5066,,3.8718,
003958,竹芝,5132,1,128,49.6867,96.8174,0.831,1.6364,0.3634,2.0787,0.531,0.3933,,,1.3445,4.2963,0.6622,2.8712,0.5266,0.5615,2.3217,0.8796,0.8745,,2.0436,1.7565,2.0613,3.0939,,0.5415,2.4247,1.5637,0.2964,,0.642
004030,芝浦ふ頭,5032,1,25,9.4006,18.6816,,1.5561,,,,1.122,,,,,7.5563,,,0.4005,,1.6728,,4.3972,7.7733,,,1.7652,,6.179,,1.6157,,1.3644,3.6632
003610,亀戸水神,4434,0,52,29.053,65.5232,0.4876,2.3493,2.1747,,,1.8461,,2.9743,,,,1.8817,0.308,0.6451,1.7783,3.0964,,,,0.9161,,2.1477,,,,0.8777,2.4677,1.3273,
004393,新整備場,4366,0,10,7.0452,16.1365,1.948,,,,,,,,,,,,,1.6917,41.9704,,,,,,,,,,,3.0174,,,
003297,堀切,4217,0,16,11.5866,27.4759,,4.832,,,,3.7334,,10.715,,,,,,,,1.8553,,,,1.235,,,8.8637,,,2.0419,,2.0607,
003989,宮の坂,4002,0,50,23.296,58.2109,,2.6111,1.1791,,0.8593,,,,,,1.9728,,0.6817,0.2263,,1.3493,,,4.1798,0.5988,2.5296,,,1.6936,2.4796,1.9987,2.567,1.3808,1.8535
003750,南新宿,3926,0,478,222.4858,566.6984,1.2427,1.1417,0.4819,1.2126,1.1687,1.4976,1.883,0.2805,0.732,1.7544,0.7409,0.7639,0.7285,0.7777,0.5911,1.0365,0.7142,0.8392,2.4108,1.805,1.1192,0.8793,0.6149,2.0273,2.2003,0.9113,0.8346,0.3061,0.6574
003436,東池袋四丁目,3743,0,227,103.8369,277.4162,1.2519,0.8941,0.669,1.7895,0.4909,0.431,2.5263,0.551,1.4732,1.1768,0.8205,0.4393,0.4543,0.4798,,1.526,0.4791,2.1111,2.2392,1.8176,1.1293,1.6868,0.8171,1.9912,0.8856,1.6018,0.5478,1.3258,1.1865
003235,足立小台,3685,0,5,4.2462,11.5229,4.014,,,,,,,,,,,,,2.6873,,2.5726,,,,,,,,19.7038,,,,,
004128,東京国際クルーズターミナル,3503,1,66,32.3107,92.2372,0.3994,0.6414,0.7245,1.0271,,1.5414,,4.8725,3.8768,4.1294,2.8239,,,1.3405,,0.7323,,,1.3095,0.6751,,3.6782,,1.4672,4.7814,2.0126,0.6738,1.0872,
003252,荒川車庫前,3350,0,68,46.4741,138.7287,1.197,3.2125,0.7953,0.4559,0.9244,0.5541,,,1.032,,0.6947,1.6944,0.9436,,,1.6708,,3.3547,,0.2996,0.5808,1.1601,3.4589,2.6734,,1.4686,,0.9146,2.4556
003370,三ノ輪橋,3266,0,140,91.7904,281.0484,0.9921,2.2859,0.7541,1.4449,1.2219,0.9569,0.9523,3.5828,,,1.7353,0.6623,0.5573,0.6202,1.7096,1.4002,1.3657,,2.1893,0.3224,,0.1739,2.9299,1.1576,0.5946,1.1858,0.8634,1.3198,1.3783
003255,小台,3186,0,78,55.7427,174.9614,1.5565,1.4884,0.3732,1.7799,1.035,0.2947,,,1.0074,3.2189,1.0675,,1.0263,,1.8976,1.3181,,1.1549,,0.5849,,0.4987,2.6575,2.6096,1.2111,1.2108,1.1543,1.8626,5.0005
003514,早稲田,3179,0,144,66.927,210.5285,1.51,1.7621,0.729,0.8507,0.4745,0.3464,,0.7578,0.5921,,1.782,0.3531,0.6232,0.543,1.4969,1.4465,0.7702,4.0727,1.2,0.3438,0.3631,0.6451,,0.4564,0.7119,2.363,1.7136,0.9324,1.1938
003915,松原,3113,0,26,10.8508,34.8564,,,,,,,,,,,,2.3517,,,,2.5799,,,3.996,2.2897,2.4184,3.5248,,,4.7411,2.1838,3.2722,2.6401,3.544
003259,宮ノ前,3101,0,78,57.6213,185.8152,0.8503,1.3551,0.3397,1.2154,0.9423,0.2683,,1.9725,,2.9306,0.9719,,1.3081,0.2089,1.7277,1.6,,1.0514,,0.7988,0.5624,0.9081,2.4195,2.3758,1.1026,0.8574,1.0509,2.1197,3.4145
003310,新庚申塚,2649,0,95,46.1157,174.0872,1.8135,1.696,1.9488,1.5424,1.1174,0.7357,2.8753,1.2543,0.8383,2.6789,1.8677,0.9999,0.4432,,,1.8584,1.0905,1.9222,,0.7703,,0.3491,,0.7554,,1.3493,1.2469,1.3413,0.9003
003246,梶原,2628,0,31,21.3513,81.2454,1.4113,4.069,,,2.2289,,,,,,1.6749,,0.8841,,,0.9959,,5.2357,,,,2.7969,,,,1.6043,,1.0551,5.6652
003468,鬼子母神前,2564,0,96,44.7151,174.3959,0.5214,1.3652,1.1493,1.1178,0.3748,,,,,,0.7517,0.503,0.5946,1.0989,1.1359,1.1037,,0.967,,0.4898,4.6557,1.7561,,1.5202,,1.8344,2.091,0.6748,3.6235
003289,西ヶ原四丁目,2515,0,48,24.2717,96.5078,2.6768,1.5408,1.9899,1.4462,2.0473,1.7798,2.4094,2.1022,1.405,4.4895,1.8781,0.9762,,,,0.9192,1.8276,1.6107,,0.4752,1.0039,1.122,,1.266,,1.4572,0.6966,,
004119,青海,2455,1,40,21.229,86.4725,1.266,1.0167,1.4117,,,,,,2.0483,,1.492,2.4429,,0.8375,,0.4467,,2.3482,2.0756,,1.2561,4.1824,,6.9767,,2.2791,,2.5849,
003319,庚申塚,2450,0,94,46.1152,188.2253,1.3646,2.8586,1.2508,1.9505,0.3924,0.5167,,,,,1.9676,1.6669,0.7782,0.1438,,2.5354,,1.0125,0.8949,0.5128,,0.7354,,0.7958,,0.9097,1.7514,1.413,0.9484
003979,日の出,2441,1,52,19.5035,79.8996,0.5814,0.7633,0.5085,1.6623,,,,,,,0.9267,,0.5895,0.9822,4.8735,1.6412,,4.3141,,2.185,2.3077,2.5978,,3.0311,2.2621,1.7833,,,
003254,荒川遊園地前,2207,0,81,56.0706,254.058,1.3712,1.8249,0.6953,1.96,0.927,0.2422,,,0.9022,,1.5634,1.4813,0.8957,,1.6996,1.6898,,2.0687,,0.5239,1.0156,,3.024,3.5059,,1.3047,0.5169,0.8341,3.3591
004348,整備場,1749,0,5,2.9296,16.7501,9.2059,,,,,,,,,,,,,,,,,,,,,15.023,,,,2.8519,,,
003490,学習院下,1716,0,104,49.4343,288.0787,0.8372,1.0418,1.6507,,0.3813,0.5153,,,1.7613,,1.1158,0.5385,0.8301,1.2492,1.1558,1.3395,,2.0193,2.6999,1.0227,3.1582,2.0265,1.9042,1.4695,,0.9979,,0.3391,2.7652
003350,荒川区役所前,1689,0,79,57.1706,338.4879,0.2534,3.0295,0.9114,1.8114,0.8426,0.7198,,3.5277,0.8201,,,1.4672,0.6684,0.1868,1.5449,1.6096,1.0668,0.9402,3.3242,0.7143,,0.406,2.1636,,,0.9857,1.4096,1.8955,2.0356
003276,滝野川一丁目,1610,0,25,13.939,86.5776,0.9863,,1.3917,5.6393,1.5576,1.8673,,5.1392,,,,1.9033,,0.6438,,0.696,,,,1.8531,,,,,,2.9716,,,
003284,東尾久三丁目,1563,0,53,39.3539,251.7844,0.8579,1.0255,0.5142,1.2263,2.1392,0.8121,,,,,2.2064,0.8278,1.1313,1.2648,,1.2108,,,1.4066,0.806,0.8513,,,,,0.7415,0.7953,1.9249,1.7226
003407,向原,1460,0,305,151.1371,1035.1856,0.8879,0.8454,1.2758,1.0384,0.9284,0.6113,0.8958,1.954,0.7836,2.5039,1.2802,0.7788,1.1047,0.723,0.3517,1.424,0.6795,1.1978,1.588,1.0616,0.4805,1.3704,,1.1768,0.6281,1.0165,0.6475,0.8358,1.9635
003351,巣鴨新田,1180,0,303,156.5544,1326.7322,1.5984,1.3952,1.2304,0.6528,1.532,1.2249,,1.1056,0.7389,,0.7682,0.8813,1.3455,0.9626,0.995,0.8594,,1.1295,1.9967,0.2145,0.151,1.4357,1.0929,0.6658,0.5922,0.8175,0.4884,0.5911,0.7935
003443,都電雑司ヶ谷,1067,0,180,86.9065,814.4939,0.7062,1.6643,0.4151,0.8076,0.8122,0.8022,0.7838,0.6838,0.9141,4.3814,0.611,0.5451,0.886,0.8187,0.6155,0.7973,,2.0959,2.3157,1.4596,1.4014,1.3321,,2.4711,0.5495,1.5694,0.6798,0.3656,0.9816
003256,飛鳥山,993,0,131,84.6198,852.1631,1.1896,1.6332,0.2398,1.4575,0.8052,0.6435,0.943,2.6565,1.6497,,0.8067,0.9838,1.0645,0.8874,0.9173,0.5996,,1.8913,,1.4368,1.0117,0.7538,,1.0666,0.6611,1.3897,0.9448,0.7623,0.6822
003322,荒川二丁目,845,0,68,49.2184,582.4663,1.0044,2.4013,2.0068,1.9144,0.5566,0.6339,,,,,,,1.1038,0.4936,,1.4176,,1.2421,,1.2582,,,,,,1.1575,2.4829,1.5024,2.6891
003509,面影橋,822,0,189,88.7328,1079.4745,2.6936,0.3375,0.9316,0.2026,0.3676,0.8052,,0.5871,0.4587,,1.248,0.2736,0.9656,0.9826,,1.5957,,4.7072,2.3243,0.9257,0.8161,1.1811,,0.3536,0.5515,1.45,0.9007,0.8613,0.4625
003253,栄町,789,0,59,38.9995,494.2902,0.7763,2.9842,0.5477,1.1096,0.613,0.7349,2.1539,6.0674,1.256,,4.6064,,0.7294,0.76,,0.5478,,2.8799,,1.0939,,1.7217,,1.218,,1.1694,0.7193,,
003291,町屋二丁目,775,0,156,119.7851,1545.6142,1.4404,1.2522,0.7848,0.5615,1.5237,0.8677,,1.8226,2.1186,1.354,0.6735,0.2527,1.5541,0.5791,1.5964,0.5544,0.5512,0.4858,0.4294,0.9841,0.5197,0.4196,1.1178,2.1953,,0.7922,0.2428,1.5669,1.0517
004006,西太子堂,734,0,617,319.6985,4355.5654,0.6066,0.5735,0.4317,1.0672,1.2583,1.3694,0.259,1.2353,0.755,1.4475,1.3722,0.9905,1.2228,1.2424,0.548,0.9549,0.3928,0.3462,1.0711,1.2275,1.0186,0.8098,1.0788,1.2399,1.8154,0.6899,1.065,0.9604,0.4071
003357,荒川一中前,699,0,122,83.5933,1195.8984,0.8978,2.0066,0.8803,1.5458,1.1114,0.8499,1.0188,3.833,,,1.4582,0.7085,0.6052,0.4918,1.1191,1.4109,0.7728,0.6811,3.0099,0.6899,,,3.1344,0.7695,,1.1366,1.3614,1.2945,2.2117
003306,荒川七丁目,473,0,182,139.919,2958.1184,1.165,1.9496,0.9776,0.6661,1.162,0.8823,,2.4324,2.262,1.2047,0.5992,0.4496,1.5363,0.687,1.4203,0.4111,0.9808,1.2966,0.382,1.2039,0.2312,0.3733,0.9945,1.4649,,0.8055,0.432,0.8713,0.9357
003524,とうきょうスカイツリー,,0,370,232.1282,,0.9814,1.223,0.5313,0.9352,0.2909,1.1767,0.3631,2.6522,1.0585,0.6765,0.7071,0.7575,0.6539,0.6531,1.5886,0.831,1.1015,0.4854,0.4291,0.6761,0.3895,0.9544,1.1736,1.8255,1.5272,1.3058,1.2599,3.473,2.5016
003488,上野動物園東園,,0,137,73.9835,,,1.6836,0.9666,2.7227,1.3903,,,,,2.5042,1.3546,1.402,0.6381,0.8227,,1.3187,1.0194,1.6694,0.7941,0.5857,2.4029,1.1059,,1.315,,1.4719,0.9653,1.2772,0.7529
003497,上野動物園西園,,0,96,50.011,,,1.9894,1.3521,3.3928,1.1464,,1.6131,,,3.5027,0.9474,,0.357,0.8181,,1.6749,,1.0784,1.1107,1.4106,1.9213,1.5468,,1.8394,,1.4037,0.864,1.0457,
