station,name,passengers,near_edge,stores,stores_w,per_10k_passengers_w,ラーメン,そば・うどん,すし,和食（割烹・天ぷら・うなぎ・郷土）,焼き鳥・やきとん,焼肉・ホルモン,鍋・しゃぶしゃぶ,お好み焼き・もんじゃ,とんかつ・揚げ物,串かつ・串揚げ,定食・丼,海鮮・魚料理,居酒屋,バー,スナック・パブ,中華,韓国料理,インド・ネパール,東南アジア・その他アジア,イタリアン,フレンチ・ビストロ,洋食,ファミレス,ハンバーガー・ファストフード,その他各国料理,カフェ・喫茶,パン,スイーツ・和菓子,惣菜・弁当
003922,渋谷,2897703,0,4219,1905.2943,6.5752,0.9189,0.5941,0.677,0.9313,0.9237,1.0982,1.4329,0.7091,0.7467,1.5522,0.6756,1.356,1.1346,1.0956,0.9611,0.5994,1.0639,0.7332,1.0501,1.1879,1.6291,0.9848,0.448,1.0224,2.3015,1.2767,0.6939,0.8345,0.5153
003700,新宿,2713386,0,6012,2935.8655,10.8199,0.9825,0.5784,0.6281,0.986,0.8567,1.1035,1.6538,0.6848,0.9225,1.1886,0.6656,1.1976,1.1049,2.0142,1.5154,0.676,1.5567,0.5853,1.3537,0.7408,0.5576,0.7906,0.3633,0.7044,0.9633,0.8919,0.5684,0.9893,0.6085
003390,池袋,2364011,0,3074,1522.0828,6.4386,1.1858,0.834,1.0138,0.8484,0.8585,1.1449,2.1535,1.1357,0.9841,0.7869,0.7044,1.1159,1.0923,1.1456,0.8701,0.9223,0.7375,0.6497,1.3704,0.7848,0.5131,1.1138,0.5343,0.9722,0.977,1.1024,0.7176,1.1697,0.632
003260,北千住,1434911,0,826,717.2379,4.9985,0.8131,0.9316,0.8126,0.6318,1.1381,0.8805,0.6454,0.5691,0.6769,0.9622,0.6377,1.167,1.572,1.2292,,0.6063,0.7842,0.5172,0.6094,0.7852,0.7833,0.6551,0.4752,1.0296,0.5431,0.7297,1.354,1.7145,1.1727
003766,東京,1262604,0,4101,1817.4782,14.3947,0.8149,0.9772,0.9857,1.8093,0.7409,0.6218,1.6591,0.475,0.7275,0.7122,0.7514,1.3764,0.8634,0.8138,0.6728,1.0147,0.6868,0.7806,1.4036,1.176,1.7586,1.2047,0.2433,0.5978,1.5587,1.1099,0.9633,1.7206,1.1578
004095,品川,892969,0,758,330.2334,3.6982,0.9852,1.2869,0.901,1.2343,0.5436,0.8687,1.103,0.2842,0.5356,0.6852,0.9277,1.4745,1.2246,0.5893,1.373,0.8184,0.7973,1.604,0.7979,0.9539,1.0776,1.4274,0.7851,0.7464,0.7734,1.0337,1.2703,1.1043,2.2957
003508,高田馬場,809212,0,967,470.1518,5.81,1.5385,0.615,0.4018,0.492,0.92,0.8777,1.0317,0.3279,0.9377,1.0987,1.1389,0.9205,1.2146,1.2012,0.9852,1.1758,1.4461,1.7637,3.1206,0.7919,0.4145,1.0666,0.5097,0.947,0.7234,1.0259,0.6791,0.6784,0.6058
003872,新橋,787769,0,6143,2806.2354,35.6226,0.5551,0.6541,1.3783,2.0717,0.8069,0.8779,1.5931,0.4636,0.8226,1.4956,0.5287,1.4074,0.9914,1.778,2.3773,0.7844,0.7936,0.5689,0.8322,0.8793,1.4017,1.1358,0.1233,0.3461,1.381,0.7536,0.4929,0.7346,0.5462
003624,秋葉原,678406,0,3778,1607.5102,23.6954,1.3008,1.1666,0.86,0.9714,0.973,0.8046,0.8852,0.5465,1.2709,1.0864,1.3004,1.3629,1.3261,0.5889,0.1894,1.1071,0.6175,1.4477,1.0617,0.6263,0.7563,1.3557,0.621,0.737,0.9437,1.447,0.4363,0.5999,0.4907
004072,目黒,565824,0,1034,548.5502,9.6947,1.0174,0.9971,0.92,0.7602,0.979,1.1258,1.1579,0.4723,1.0325,1.0679,0.7515,0.8974,0.9487,1.1581,0.8003,1.0728,1.0679,1.3923,0.3225,1.5875,2.1885,1.3051,0.9334,0.8041,0.8762,0.6932,0.6332,0.8404,0.9243
003505,上野,529457,0,2466,1303.9768,24.6286,0.9814,1.1364,0.7809,1.025,1.1409,1.1786,1.62,1.0459,1.1299,1.5569,0.553,1.449,1.1315,1.3009,1.2161,0.9673,1.7149,0.923,1.0547,0.5467,0.4283,0.7459,0.3084,0.6867,0.8307,0.8851,0.5553,0.9639,0.6454
003526,押上,526053,0,838,527.7703,10.0326,1.1025,1.2223,1.0423,0.9145,0.859,0.9576,0.3403,2.2952,0.694,0.6342,0.6232,1.1243,0.628,0.7347,1.0367,1.0154,1.1631,0.7954,1.0042,0.7763,0.3645,0.9927,0.5463,1.8101,0.9382,1.4172,1.1267,1.9796,1.8031
004330,蒲田,408525,0,1222,918.9686,22.4948,1.5971,0.6731,0.852,0.8635,1.0375,1.0425,1.0846,1.1095,1.2065,0.5512,1.2399,1.3372,1.5025,1.2171,1.91,0.9639,1.1232,0.7901,0.8728,0.6164,0.4928,1.0709,0.462,0.5436,0.5531,0.4032,0.5782,0.7133,0.7907
003568,中野,406312,0,1146,685.7023,16.8763,1.3496,0.9201,0.6931,0.6654,1.2886,0.881,0.7862,0.974,0.6544,1.0465,1.4713,1.0544,1.2333,1.2694,1.2852,0.8379,0.1706,0.375,1.1267,0.7591,0.6918,0.9443,0.6482,1.1121,1.3387,0.8845,0.7547,0.835,0.5199
003719,大手町,396194,0,3711,1606.3749,40.5452,0.8889,1.0936,0.876,1.5875,1.013,0.6911,1.0923,0.4638,1.09,0.967,0.7685,1.596,1.1281,0.5732,0.6309,0.9789,0.6718,0.8981,1.2754,0.9635,1.4957,1.3522,0.1982,0.4499,1.378,0.9787,0.8195,1.62,1.2208
003795,有楽町,392785,0,6247,2876.7329,73.2394,0.6265,0.6562,1.3699,2.1962,0.5842,0.6988,1.9166,0.4566,0.6584,1.0213,0.5283,1.2738,0.6964,1.7123,2.2445,0.73,0.5584,0.5032,1.0041,1.1122,1.8347,1.1719,0.1307,0.3838,1.6103,0.9281,0.7541,1.3184,0.944
003214,綾瀬,384554,0,257,225.3193,5.8592,1.1344,0.6442,1.1744,0.8094,1.9043,1.0055,1.1783,0.5772,1.147,2.1958,0.8115,0.2731,1.3056,1.2495,0.6182,0.9474,0.8984,0.79,0.2318,0.4653,0.4206,0.7248,3.2436,2.0885,,0.4466,1.236,0.6659,1.1893
004014,中目黒,381738,0,2148,956.4995,25.0564,0.5737,0.5076,0.9798,0.8809,1.1741,1.4605,1.8044,0.6269,0.5003,1.3098,0.6985,1.3845,0.8032,1.2852,0.5156,0.642,0.7676,0.3629,1.2377,1.6613,2.17,0.8561,0.0786,1.0753,2.1234,1.093,1.0712,0.6645,0.4139
004110,五反田,375542,0,1184,705.8854,18.7964,1.0321,1.0688,0.9407,0.8232,0.9862,1.4066,0.9363,0.9126,1.2275,1.5267,1.1912,1.0988,1.1281,0.9702,0.8529,1.2106,0.7111,0.6252,0.9669,1.3635,1.0753,1.3493,0.8877,1.3071,0.7171,0.5637,0.4843,0.3827,1.1201
004197,大井町,366901,0,794,488.8388,13.3235,1.0161,0.8813,0.9486,0.8813,1.0387,1.4296,0.3422,1.3339,1.4952,0.6376,0.7835,1.0708,1.3851,1.1012,0.748,1.1728,0.1299,0.6854,0.9086,0.9828,0.7939,0.9349,0.6488,1.2067,0.4798,0.5704,0.9652,0.468,0.6269
003991,恵比寿,356771,0,2663,1191.8131,33.4055,0.5974,0.5608,0.8467,0.9377,1.0604,1.0453,1.1905,0.8846,0.5102,1.1625,0.5388,1.2409,0.7511,1.2646,0.692,0.7538,1.1866,0.3765,1.3238,1.9863,2.6711,0.9744,0.1863,1.1114,1.9323,1.041,0.9566,0.761,0.8229
003368,西日暮里,353501,0,745,493.0231,13.9469,0.6021,1.5055,1.2986,0.4901,1.2264,0.9924,0.3531,1.3897,0.7327,0.6885,1.4546,0.6751,0.957,0.9183,0.5218,0.9152,1.728,0.6833,1.4095,0.7837,0.1968,0.5127,0.9008,0.9356,0.7252,1.3176,1.0705,1.2893,1.525
003417,日暮里,348027,0,857,546.0614,15.6902,0.5136,1.3822,1.0958,0.4265,1.1323,0.9953,0.3188,0.8546,0.676,0.6217,1.064,0.5438,1.0201,0.8389,0.574,1.1721,1.8098,1.0442,0.914,0.6074,0.2923,0.6169,0.6453,0.8857,0.8468,1.4465,1.4127,1.4703,1.8187
003294,小竹向原,317839,0,267,198.3317,6.24,1.187,0.1346,0.6801,0.2427,1.5666,1.619,0.4711,0.3947,1.1033,1.7558,1.0876,0.7222,1.1829,1.0694,,0.6846,0.3578,0.6292,1.112,0.7724,0.9593,0.5162,1.8639,1.1901,1.3213,0.9577,1.2782,1.6011,1.7098
003595,飯田橋,314792,0,1916,899.6829,28.5802,0.8715,0.9246,0.7761,1.3767,0.892,1.0338,1.3871,0.8267,1.0964,0.834,0.8418,1.0271,0.9735,0.94,0.7484,1.1566,0.7463,0.8141,1.2931,1.5359,1.7006,1.2894,0.6227,0.8512,0.8659,0.9637,0.7472,0.8093,0.5055
003639,錦糸町,299028,0,1212,795.3772,26.5988,1.1033,0.8762,0.893,0.853,1.1259,0.9587,1.1727,1.4742,0.7742,1.2099,1.18,1.2776,1.191,1.1515,1.4751,0.8543,1.5518,0.5815,2.0167,0.8861,0.3395,1.0299,0.237,1.5068,0.7552,0.7859,0.5335,0.6676,0.6841
003997,新木場,296274,1,37,25.9499,0.8759,1.467,8.6648,,,,,,,,,3.4694,,1.5493,0.4327,,,,,,0.4591,,1.0799,,1.8029,,1.0594,,,
003728,四ツ谷,295458,0,1413,642.0879,21.732,0.7149,0.8826,1.0919,1.6095,1.0234,0.7886,1.0373,0.4474,0.9919,0.2116,0.8454,1.2629,1.0792,1.207,0.8929,0.9962,0.3939,0.5739,1.0632,1.0793,1.8999,1.0615,0.3932,0.748,2.1713,0.9891,0.4861,0.571,0.5802
004135,大崎,290388,0,1069,644.8462,22.2064,1.113,1.1525,0.8497,0.8452,0.8275,1.3718,0.8834,0.9841,1.1765,1.6463,1.156,1.1849,1.2651,0.9236,1.1036,1.1696,0.7667,0.7585,0.8937,1.2794,1.0694,1.1095,0.7977,1.2611,0.7732,0.5963,0.6764,0.2302,0.7708
003671,市ヶ谷,279416,0,1067,468.1382,16.7542,0.783,1.1285,1.0616,0.9775,1.0711,0.6506,0.7928,0.7146,0.8868,0.2799,0.9726,1.312,0.8824,0.7458,0.332,1.2898,0.602,1.0732,1.4418,1.5393,2.1582,1.3498,0.5199,0.6324,2.27,1.1282,0.6423,0.5041,1.0709
003847,代々木上原,269075,0,692,305.6446,11.3591,0.9009,1.2801,0.8643,0.9109,0.4645,0.5586,0.7508,0.4465,0.5833,0.9328,0.7583,1.3055,0.6584,0.9413,0.2353,0.8261,,0.8504,0.7385,1.7007,3.0455,0.7672,0.4936,1.3463,3.0142,1.3717,1.7054,0.9373,1.3221
003949,浜松町,267804,1,1188,491.8887,18.3675,0.8414,1.4119,0.814,1.1725,1.1311,1.07,0.6151,0.3804,1.2903,1.3756,0.9518,1.3758,1.0797,0.7675,0.9238,1.4213,0.9343,1.5609,1.1615,0.9978,1.4492,1.4484,0.5254,0.6309,0.9489,0.9331,0.3857,0.2295,0.7514
004000,田町,251710,0,950,398.4206,15.8286,0.7546,1.2977,0.6133,0.8486,1.0325,1.2257,0.8984,0.926,1.3087,0.8372,1.3731,1.6142,1.1474,0.5351,0.6747,1.5398,1.1372,1.2999,1.5022,1.3663,1.0156,1.2421,0.4264,0.6283,1.1549,0.8484,0.6912,0.2483,0.8314
003575,荻窪,250115,0,629,416.3875,16.6478,1.4507,0.8318,0.7486,0.5191,1.3128,0.7637,0.6717,0.506,1.1741,0.8345,0.9152,0.8564,0.8467,1.2445,0.532,1.0233,1.0202,1.0466,1.057,1.0214,1.1189,1.1751,0.2842,0.6103,0.785,1.019,1.0311,1.4215,1.4445
003951,豊洲,246184,0,280,161.6325,6.5655,0.8501,1.7429,0.8421,0.4424,0.2468,0.8787,1.7176,1.4174,1.7514,,1.6449,0.5973,0.8325,0.2393,,1.1448,1.6305,,1.267,1.5236,0.1533,1.536,1.816,2.8494,1.8065,1.2779,1.9587,1.1609,0.8482
003677,神田,237297,0,4082,1711.7201,72.1341,1.1195,1.2938,0.8548,1.1851,0.9716,0.7744,0.8633,0.4665,1.272,1.0563,1.1409,1.4799,1.2813,0.5473,0.3049,1.0701,0.5356,1.3423,1.0929,0.8815,1.0367,1.3743,0.4884,0.6477,1.2638,1.2671,0.5424,0.7325,0.4545
003615,御茶ノ水,231276,0,3504,1493.8394,64.5912,1.456,1.1526,0.7539,0.8834,0.7915,0.6871,0.7612,0.4118,1.2652,0.8915,1.4303,1.2298,1.17,0.5218,0.1191,1.1308,0.7935,1.4794,1.1144,0.8038,0.7582,1.7758,0.7307,1.0424,1.0373,1.6329,0.5734,0.6187,0.4784
003823,銀座,230271,0,6968,3225.0323,140.0538,0.6304,0.6668,1.5078,2.1918,0.6277,0.7437,1.8342,0.4785,0.7524,1.0869,0.5548,1.5031,0.8265,1.6851,2.045,0.7913,0.6143,0.5254,0.9,1.0404,1.7718,1.1621,0.1909,0.4468,1.392,0.866,0.6089,0.9264,0.6187
003908,下北沢,229107,0,1093,511.3355,22.3186,0.8525,0.6456,0.5409,0.3366,0.9546,0.7521,0.6534,0.9109,0.4759,0.9132,0.8162,0.852,0.9156,1.4199,0.6956,0.6204,0.9924,1.082,1.5422,1.1767,0.9329,1.5246,0.455,1.3341,2.0523,1.5095,1.3035,1.0562,0.6859
003756,日本橋,216753,0,4179,1962.9969,90.5638,0.8221,1.1404,0.9986,1.6778,1.1015,0.6928,1.3523,0.5562,0.7745,0.9676,0.7326,1.4378,1.0077,0.8946,0.5947,1.0416,0.4867,0.954,0.8281,1.0843,1.5872,1.0264,0.2594,0.3941,1.2161,0.8723,0.8287,1.481,1.2354
003651,神保町,203106,0,2217,903.7408,44.496,1.443,1.4243,0.6875,0.9767,0.8736,0.6836,0.3935,0.3765,1.0532,0.8555,1.5284,1.3028,1.098,0.4155,0.1997,1.3296,0.5261,1.7956,1.5698,1.0333,0.8896,2.0158,0.7538,1.1232,0.6898,1.3607,0.5522,0.4463,0.388
003657,九段下,201105,0,1806,740.2429,36.8088,1.3731,1.1767,0.7053,0.9371,0.9844,0.814,0.7387,0.6095,0.6837,0.6006,1.4027,1.1925,1.0585,0.4502,0.3986,1.4313,0.6196,1.5156,1.6178,1.1025,0.9252,1.9811,0.8852,0.9948,0.5745,1.3287,0.5535,0.6366,0.3708
003689,新宿三丁目,199171,0,5978,2924.2395,146.8205,0.9765,0.5805,0.6474,0.9626,0.8292,1.107,1.5942,0.7032,0.846,1.2417,0.6507,1.1647,1.1224,2.0173,1.5267,0.6867,1.9644,0.493,1.3913,0.6807,0.5609,0.7584,0.2866,0.699,0.9527,0.8887,0.6052,0.9915,0.5734
003522,浅草,197745,0,2218,1129.0882,57.0982,0.9986,1.1067,1.0474,1.7558,0.7484,0.9834,1.7036,2.8288,1.2867,0.635,0.767,0.8297,0.8226,0.9175,0.757,0.7876,0.849,0.6008,1.1743,0.4998,0.832,0.957,0.6793,1.0217,1.3572,1.2969,0.9289,1.7504,0.4412
003155,赤羽,188334,0,765,537.7347,28.5522,0.9485,0.5536,0.8463,0.528,1.405,1.0236,0.8784,0.5238,0.9383,1.3641,1.0717,1.0182,1.5581,1.147,1.8393,0.855,0.6671,0.4888,0.8639,0.5689,0.3658,0.8242,0.9396,0.8688,1.0265,0.6515,1.0691,0.9426,1.5783
003354,巣鴨,188319,0,815,420.6045,22.3347,0.9271,1.1759,1.428,0.8607,1.1476,0.8466,1.1547,1.2196,0.6176,0.2911,1.3632,1.0319,0.9638,0.5313,0.7408,1.3426,0.7583,0.8754,1.3808,0.9591,0.9003,0.9356,1.8558,0.9249,0.219,1.1052,1.3226,1.069,0.9157
003892,六本木,183792,0,3098,1196.1323,65.0808,0.4977,0.5816,1.6804,1.919,0.9729,1.3763,1.5802,0.5235,0.4933,0.5259,0.5499,0.7458,0.4222,1.6204,1.6104,0.7953,1.3287,0.8291,0.9991,1.459,2.5787,1.5706,0.5624,0.7367,2.6909,0.8133,0.5066,0.5966,0.3134
003580,水道橋,182490,0,2102,995.0715,54.5275,1.5901,1.1186,0.6787,0.854,0.8895,0.9943,0.5994,0.6625,1.3511,0.331,1.4699,1.1877,0.9883,0.6012,0.3034,1.3529,0.8571,1.4875,1.5736,1.0381,0.7362,1.8499,0.9307,1.2065,0.7213,1.067,0.8083,0.6814,0.5154
003236,王子,178128,0,285,190.1616,10.6756,1.0779,1.4704,0.6451,0.7713,1.0867,0.8754,2.1389,1.9133,0.7478,1.5944,1.4737,0.595,0.9585,0.9504,0.8268,0.9776,,1.714,0.2524,1.5902,0.4581,1.2041,1.8304,0.9231,0.2999,1.0503,0.994,0.4591,1.2298
003883,表参道,176901,0,2238,878.7638,49.6755,0.7157,0.4705,0.8608,0.9336,0.4635,0.7277,0.7247,0.3995,0.6463,1.0686,0.6992,0.6333,0.3542,0.9849,0.7089,0.7089,0.6557,0.8249,1.3909,1.9744,2.6865,1.1287,0.0808,1.6953,2.7884,2.2839,1.0805,1.5345,0.2529
003328,練馬,173987,0,561,435.7524,25.0451,1.5621,1.116,0.787,0.4472,1.0266,0.7031,1.085,0.909,1.0115,0.4044,1.0019,1.2827,1.095,1.3478,0.6021,1.1019,0.6592,1.3041,0.2561,0.7333,0.8521,0.7017,0.9333,0.9867,0.9129,0.7823,1.4944,0.6588,1.3237
003797,八丁堀,166605,0,2705,1338.1746,80.3202,0.6926,1.0436,1.2341,1.6332,1.0115,0.7799,1.7132,0.4196,0.6897,0.9024,0.5171,1.5095,0.9976,1.2318,0.6032,1.1339,0.4086,1.2216,0.762,1.3517,1.5941,0.8996,0.2676,0.4822,0.6791,0.9134,0.5382,0.8441,0.6929
004264,大森,165460,0,738,518.3442,31.3275,1.0249,1.1641,1.0784,1.1999,0.8891,1.0292,0.8239,0.8386,0.9682,1.5873,1.0146,0.7652,1.1122,1.1761,2.5339,1.1449,0.3775,1.5089,1.1816,0.7055,0.8364,0.9488,1.8624,0.959,0.3583,0.6224,0.7277,0.8006,1.0835
003636,浅草橋,147750,0,1744,843.0439,57.0588,1.1746,1.2572,0.97,0.8261,1.2187,0.8569,1.944,0.5894,0.781,1.5068,1.1238,1.1644,1.092,0.7854,0.1945,1.2339,0.6144,1.8953,0.8007,0.8347,0.8031,1.058,0.2837,0.7311,0.7057,1.2704,0.677,0.5737,0.7464
003648,西武新宿,147390,0,6033,2938.2806,199.3541,0.9512,0.4868,0.5978,0.959,0.8113,1.1367,1.568,0.6761,0.955,1.2199,0.6934,1.1552,1.0671,1.889,1.4945,0.7281,4.5097,0.7187,1.6156,0.5935,0.4101,0.7627,0.3654,0.6089,0.8541,0.9226,0.5324,1.0008,0.6349
003486,新小岩,146776,0,422,343.5,23.403,1.058,0.8099,0.8504,0.745,1.1362,1.275,1.2946,1.4509,1.1074,0.506,1.3129,1.2055,1.3727,1.046,2.6635,1.0591,0.5947,0.8855,0.9427,0.494,,0.8423,0.7786,1.0221,0.1683,0.5668,0.9117,0.8868,1.5377
003818,門前仲町,143409,0,720,426.8964,29.7678,0.6709,0.759,1.2759,1.3969,1.021,1.1162,0.561,0.6173,1.0896,0.697,1.0697,1.5607,1.3436,0.8237,0.2461,0.7344,1.1361,0.7493,0.5518,1.1375,1.0013,1.2635,0.3954,1.1168,0.7867,0.9575,0.9099,0.7813,0.6156
004177,二子玉川,140353,1,435,206.8446,14.7375,0.4662,0.6399,1.2349,1.3345,0.811,0.6311,0.7401,0.8844,1.0781,0.6896,0.5188,1.2868,0.5364,0.5959,0.394,1.0335,1.6861,1.2355,1.9653,1.1254,1.7172,1.1626,0.5154,1.2445,0.5189,1.1418,1.4354,3.3353,1.7482
003838,東銀座,140168,0,6420,3006.6912,214.5062,0.5808,0.671,1.7063,2.2341,0.518,0.7108,1.7846,0.3848,0.6837,1.1442,0.5541,1.5753,0.7955,1.7853,2.2037,0.7875,0.5752,0.6263,0.8896,1.0967,1.7084,1.0311,0.1766,0.4055,1.315,0.8619,0.6021,0.9028,0.5511
003743,代々木,136902,0,3134,1495.7384,109.2561,0.9537,0.6979,0.6341,1.08,0.8059,0.8494,1.5073,0.419,0.8773,1.0206,0.6986,1.1383,0.9844,1.5248,0.7776,0.7795,0.8638,0.7648,1.4879,0.953,0.8705,0.9336,0.2439,1.0701,1.2188,1.0879,0.9774,1.5526,0.9012
004196,自由が丘,136588,0,875,386.9377,28.3288,0.546,0.6674,1.0089,0.9959,0.6563,0.7499,0.5559,0.3416,0.5301,0.9895,0.7588,0.9665,0.6284,0.8242,0.5222,0.9019,1.151,1.097,0.7458,1.9505,2.4888,1.0283,0.2314,0.8241,1.6832,1.2585,2.0089,2.2053,0.9016
004016,三軒茶屋,136375,0,1063,534.2848,39.1776,0.6306,0.7902,0.5592,0.9417,0.9644,1.4288,0.457,0.8495,0.7101,1.1355,1.2386,0.7416,1.1336,1.1872,0.7298,0.8509,0.3471,0.5086,0.7191,1.5443,1.3051,0.7977,1.0609,1.2442,1.4954,0.8597,1.3665,0.9551,0.4798
003635,亀戸,135911,0,765,482.5734,35.5066,1.0078,0.5419,0.7946,1.2692,1.2723,1.3534,0.6477,1.2472,0.4682,0.8708,1.3763,0.9808,1.3437,0.7761,0.7241,1.0232,1.669,0.8651,1.4033,0.8756,0.3424,1.172,0.9882,1.8144,0.6726,0.5591,0.6158,0.9645,1.3432
003828,原宿,134814,0,1350,538.7451,39.9621,0.953,0.609,0.4279,0.3765,0.3524,0.4986,1.0631,0.3556,0.8517,0.9906,0.6331,0.7856,0.276,0.7015,0.5623,0.8267,0.5046,1.1536,1.5684,1.8568,1.7077,0.9223,0.5242,2.2494,2.9817,2.864,0.9285,2.2566,0.3478
003805,霞ヶ関,132884,0,3563,1610.4729,121.1939,0.5888,0.8213,1.2065,1.7047,0.933,0.8478,1.024,0.5808,0.8697,1.5537,0.5988,1.4282,1.197,1.7713,2.6724,0.8275,0.8685,0.6002,1.0275,0.6798,1.2127,1.1602,0.1696,0.3786,1.4391,0.725,0.4001,0.3456,0.1594
003802,日比谷,132278,0,6288,2870.4504,217.0013,0.6282,0.6549,1.3432,2.1748,0.6203,0.7377,1.9845,0.4739,0.7944,1.0639,0.5342,1.3264,0.7678,1.7109,2.1849,0.7748,0.6792,0.5479,0.9948,1.0445,1.762,1.2187,0.1626,0.3971,1.5568,0.8962,0.6772,1.0714,0.7866
003555,御徒町,125968,0,3375,1665.9534,132.2521,1.1286,1.0986,0.8097,0.9575,0.9453,1.0327,1.4315,0.9789,1.2082,1.5999,0.824,1.3295,1.1068,1.0969,0.9303,0.9791,1.4178,1.1682,0.9722,0.5923,0.5333,1.0451,0.3933,0.6687,0.8243,1.2356,0.5889,0.9152,0.6099
003343,駒込,124751,0,607,336.0973,26.9415,0.8742,1.2907,1.4949,0.824,1.2777,0.8684,1.1585,1.5467,0.8981,0.79,1.7182,0.6043,1.0217,0.322,0.9912,1.2137,0.7909,0.8496,1.4792,1.0615,1.2631,0.9554,1.8013,0.6062,0.1354,0.9748,1.4615,0.8216,1.2524
003812,青山一丁目,124550,0,918,359.5729,28.8698,0.4821,1.0319,1.2944,2.1247,0.3908,0.8266,0.3496,0.7272,0.6296,0.7696,0.4775,0.877,0.4872,0.8023,1.2348,1.0877,0.9722,0.9505,1.1722,1.9552,2.8486,2.0498,0.2489,1.4229,1.9835,1.4319,0.3189,0.8564,0.6795
003360,小岩,120166,0,513,359.5857,29.9241,1.2967,0.6381,1.1952,0.7424,1.5117,1.3516,0.4803,1.931,0.9795,0.8951,0.5928,0.4176,1.32,0.9523,2.4855,0.9147,1.0943,0.9623,1.1338,0.6493,0.2572,0.6643,1.4726,0.7279,0.3368,0.6896,0.9988,0.9935,0.6654
003716,三越前,117531,0,4512,2057.1863,175.0335,0.8552,1.1574,0.9164,1.5227,1.1653,0.8039,1.0418,0.5505,0.9373,1.1174,0.8035,1.4911,1.1628,0.7655,0.633,1.0308,0.5778,1.0271,0.8583,1.002,1.2482,1.0939,0.2202,0.3879,1.2728,0.8595,0.7766,1.3268,1.1937
003839,東陽町,114708,0,417,252.0398,21.9723,1.2612,0.9312,0.8872,0.8273,0.5873,1.1453,0.584,0.9638,1.7013,0.5441,1.7399,1.1169,1.4652,0.3255,0.1921,1.1491,1.1087,2.7298,0.6892,1.1841,0.4169,1.2766,1.2349,1.1625,,0.721,1.2431,0.7176,1.538
003773,茅場町,112343,0,3015,1496.6508,133.2215,0.7671,1.1244,1.1066,1.5367,1.2501,0.7663,1.5478,0.5099,0.7602,0.8153,0.6444,1.4441,1.0374,1.0294,0.6929,1.095,0.4002,1.0712,0.5404,1.1015,1.4785,0.7744,0.3868,0.4959,0.983,0.8556,0.7126,1.2186,0.9971
004368,羽田空港第1・第2ターミナル,111697,0,236,156.0363,13.9696,0.876,1.329,1.0014,0.8358,,0.2767,0.5408,,1.2604,,0.51,0.7522,0.1221,0.5915,15.3644,0.4119,0.8214,,0.3191,0.2741,,2.0638,0.8446,1.1468,0.7584,1.6966,1.3354,4.8566,0.7228
003375,大塚,108702,0,989,490.5804,45.1308,1.2861,1.21,1.2015,1.1328,1.0271,0.8203,0.8246,1.5501,0.7207,1.2805,0.8477,1.0513,1.0262,0.639,0.5446,1.2525,0.6262,1.193,1.929,0.8359,0.5292,1.1429,0.7019,1.0067,0.4818,1.1538,0.5542,1.0639,1.1141
003900,神谷町,107982,0,1937,767.0259,71.0328,0.6069,1.0782,1.1305,1.6092,1.0019,0.9254,0.7402,0.5086,0.9585,0.6131,0.7778,0.8287,0.7044,1.0125,1.0705,1.2105,0.873,1.428,1.745,0.9867,2.0825,2.0452,0.4684,0.6215,2.7105,1.0949,0.6539,0.4262,0.548
003986,三田,107560,1,1113,467.4929,43.4635,0.8933,1.3414,0.7218,0.9507,1.0238,1.1937,1.0181,0.9838,1.1123,0.7115,1.2035,1.6817,1.1726,0.6013,0.7008,1.4541,0.8699,1.3598,1.4269,1.2687,0.954,1.0557,0.3624,0.6527,1.4278,0.8308,0.6854,0.211,0.7067
003844,明治神宮前,105665,0,2457,999.0296,94.5469,0.8789,0.5093,0.6443,0.5881,0.4945,0.8543,1.3412,0.3005,0.7751,0.7957,0.6828,0.9575,0.5528,0.8601,0.7261,0.6547,0.7483,0.9286,1.36,1.6326,1.7569,1.023,0.2807,1.9167,3.2667,2.4077,0.8856,1.5113,0.2608
003542,後楽園,104894,0,1284,693.0206,66.0687,1.3119,1.0158,0.6758,0.8234,0.9375,1.0438,0.9964,0.7018,1.6445,0.3144,1.3918,0.9882,1.0172,0.7217,0.4325,1.3079,0.9008,1.3156,1.7007,1.2458,0.7604,1.4505,0.7985,1.2395,0.7652,0.9101,0.8542,0.7442,0.8726
003646,両国,104604,0,848,485.199,46.3844,0.8078,1.3516,0.8369,1.2349,1.383,0.7622,4.0416,1.3287,0.5639,1.8607,1.1951,1.0313,0.8598,0.8308,,1.1385,0.3791,1.4765,0.7185,0.8284,0.5624,1.0916,0.4013,1.1361,0.8136,1.3817,0.7598,0.6468,0.9598
003248,京成高砂,102056,0,120,93.1612,9.1284,0.5469,0.7661,1.9165,0.5218,1.5423,1.2091,,0.9031,,,1.4615,,0.857,0.687,,1.1573,0.7692,1.3527,,0.3423,1.0847,0.8188,,0.5447,,1.5327,1.3843,2.5173,2.2479
003939,大門,101853,1,1716,720.1837,70.7081,0.8477,1.0831,0.8229,1.3235,1.3188,1.1537,0.4282,0.331,0.9979,1.5959,0.7853,1.5831,1.314,0.8663,1.1146,1.2285,0.9755,1.2009,1.1118,0.8971,1.3145,1.1687,0.3657,0.4791,1.1409,0.8288,0.2904,0.213,0.6181
003889,月島,100940,0,691,361.741,35.8372,0.4175,0.8178,0.9673,0.7062,0.9561,0.8991,0.6326,11.7982,1.2376,0.786,0.8258,1.2466,1.1899,1.0728,0.7881,0.4819,0.8008,1.2776,0.3733,0.7126,0.9033,0.6419,0.6293,1.0006,1.0351,0.7315,0.7411,0.2765,1.6047
003191,金町,99396,1,262,215.5348,21.6845,1.7127,0.9816,0.7276,0.4457,1.1856,1.1065,,1.5428,1.0082,0.8061,0.9987,0.6017,1.2548,0.9535,1.2124,0.9885,,0.2889,,0.804,0.3088,0.2331,1.8606,1.1631,0.3033,0.9819,1.1824,1.6723,1.28
003721,人形町,99358,0,2500,1216.0528,122.391,0.7034,1.2796,1.0546,1.6564,1.2175,0.689,1.337,0.3746,0.9217,1.0267,0.7757,1.2492,0.9009,1.018,0.5443,1.1301,0.4184,1.3704,0.6445,1.245,1.3732,0.8911,0.4262,0.5486,1.195,1.0026,0.7613,1.0782,0.8031
003894,葛西,99258,0,357,245.8419,24.768,0.8083,0.8523,1.7374,0.8264,1.2116,1.2583,0.9624,1.9346,0.7477,0.5979,0.8711,1.1156,1.3625,0.6026,,1.0182,0.9746,1.2854,0.5679,0.8131,0.8016,1.1092,1.9671,1.1668,0.8998,0.6653,0.821,0.5806,1.9999
003601,新大久保,98492,0,3553,1747.9891,177.4752,0.992,0.4692,0.5217,0.7355,0.8375,1.3796,1.5465,0.8821,0.9704,1.3302,0.6772,1.1031,1.1184,1.9714,1.8136,0.73,7.1674,0.9533,1.7316,0.4824,0.2406,0.5907,0.3984,0.5852,0.7785,0.8331,0.2037,0.4591,0.3017
003643,中野坂上,97406,0,629,335.5608,34.4497,1.0437,1.0026,0.8332,1.1225,1.1077,1.0712,0.2374,0.2293,1.0967,1.3272,1.9066,0.6427,0.9822,0.978,0.8458,1.201,0.7011,1.2229,1.3608,0.9827,0.8353,1.0701,1.7659,0.9871,0.975,1.011,0.4644,0.5784,1.9268
003890,西葛西,96546,0,383,266.1122,27.5633,1.0721,1.2435,1.0082,0.6138,1.5936,1.473,1.1914,1.1974,1.5619,0.5551,1.1763,1.1393,1.2278,0.373,0.5137,0.5672,1.8095,2.5856,0.5273,0.8052,0.5316,0.8238,2.5567,1.0832,0.6265,0.5227,0.8575,1.4631,1.6504
003835,虎ノ門,96029,0,3920,1732.8319,180.4488,0.6157,0.8185,1.2435,1.6255,1.1718,0.9242,0.8354,0.5298,0.9727,1.6257,0.601,1.3912,1.2729,1.518,2.2301,0.9433,0.905,0.6481,1.0109,0.6115,1.1866,1.2318,0.2634,0.3005,1.3815,0.7067,0.4124,0.3069,0.2254
003573,高円寺,95432,0,1003,658.709,69.0239,0.9385,0.5443,0.7286,0.868,1.0704,0.9944,0.4395,0.2207,1.1098,1.9113,1.0,0.6114,1.2319,1.5516,1.1605,0.8443,0.4451,1.0563,1.124,0.871,0.554,1.1785,0.5579,0.3994,1.4173,1.3604,0.7103,0.5099,0.6015
003946,モノレール浜松町,94252,1,1310,545.0816,57.8324,0.8257,1.2843,0.8286,1.2106,1.286,1.1259,0.5595,0.346,1.1736,1.2512,0.8979,1.3293,1.1454,0.8337,1.0644,1.378,0.9348,1.4198,1.1226,0.9454,1.3981,1.3175,0.4779,0.5739,1.02,0.8832,0.3508,0.2087,0.6835
003141,赤羽岩淵,94035,1,755,531.1788,56.4874,0.9313,0.559,0.929,0.5332,1.4189,1.0338,0.8871,0.529,1.0338,1.3776,1.0187,1.0282,1.5569,1.1584,1.8575,0.8071,0.6737,0.3949,0.8725,0.5996,0.3694,0.8323,0.9489,0.8774,1.0367,0.6466,0.9816,0.9123,1.5939
003549,東中野,92396,0,431,234.8429,25.417,0.8154,1.1465,0.9418,1.1671,1.0336,0.8981,0.9726,,0.5529,2.3871,1.1724,0.3464,0.8743,1.2922,0.8675,1.1896,1.4772,1.0613,0.7559,1.1583,1.2956,1.1202,1.1677,0.1379,2.0791,1.3019,0.6558,0.4627,0.6589
003927,勝どき,91189,0,857,423.4481,46.4363,0.5137,0.8352,2.2175,0.6893,0.8088,1.004,0.5352,9.8249,1.1434,0.9974,1.143,2.8536,0.963,0.8067,0.8334,0.385,0.5419,0.9531,0.5264,0.5727,0.6368,0.7338,0.7098,0.9405,0.8756,0.7589,0.9164,0.4677,1.5663
003846,明大前,91172,0,333,172.5419,18.9249,1.4203,1.3917,1.0042,1.0898,0.7331,0.9293,,,1.752,2.6248,1.3415,1.5024,0.8808,0.6525,0.4999,1.5986,0.3566,1.631,0.5541,0.73,0.1676,0.9834,2.0244,0.6767,,1.1961,1.2912,1.0751,1.3169
003788,赤坂見附,89214,0,2104,838.2413,93.9585,0.6432,0.8323,1.331,1.9174,0.7818,0.9761,2.1375,0.6631,0.8411,0.8524,1.0273,1.1654,0.9192,0.9096,0.6739,1.1669,2.4396,0.7607,1.3013,0.9512,1.7067,1.5492,0.4358,0.5725,1.8658,1.0291,0.4487,0.5682,0.5473
003645,新御茶ノ水,87057,0,3840,1558.2388,178.9906,1.4237,1.2076,0.8449,0.9273,0.872,0.7714,0.6732,0.5399,1.2027,1.1152,1.394,1.4352,1.2879,0.4181,0.2036,1.1149,0.6124,1.3908,0.9711,0.7698,0.84,1.6599,0.7522,0.8201,0.9441,1.542,0.4558,0.5872,0.3678
003662,西新宿,85481,0,3753,1850.5567,216.4875,1.1573,0.6662,0.7038,1.0267,0.9328,1.2584,1.714,0.7025,0.9147,1.2224,0.7793,1.371,1.2778,1.2929,1.1272,0.8405,1.8297,0.7823,1.5928,0.6686,0.3651,0.8847,0.6014,0.8548,0.8961,0.9041,0.5023,0.9468,0.6382
003579,西荻窪,85340,1,609,396.0965,46.4139,0.6701,0.9798,0.6639,0.8312,0.9096,0.5503,0.4964,0.3739,0.5785,2.7753,1.078,0.7768,0.8905,1.3559,0.3932,0.7563,0.754,1.8232,1.4647,1.1743,1.772,0.6514,0.315,0.451,0.6961,1.423,1.8826,0.9781,1.1646
003556,新御徒町,84215,0,2765,1393.5638,165.4769,1.1166,1.1789,0.8426,0.9008,0.9088,1.1267,1.5123,1.1065,1.0906,1.6292,0.7342,1.3278,1.1455,1.0012,0.7543,1.0876,1.4141,1.3,1.0401,0.6052,0.5685,0.7626,0.3455,0.7996,0.7088,1.05,0.7534,1.0365,0.8134
003574,阿佐ヶ谷,84048,0,728,479.0263,56.9944,0.9341,0.8195,1.0759,0.4813,1.1158,0.8143,0.8304,1.2511,0.9677,1.1606,1.0608,0.7941,0.9864,1.4524,0.6577,0.8961,0.473,1.1091,1.1026,0.9049,0.8893,0.8915,0.527,0.4716,1.1645,1.2515,1.2934,0.8635,0.6088
003810,溜池山王,82631,0,2318,926.4263,112.1161,0.611,0.9178,1.1686,1.692,0.8249,0.9607,1.9004,0.6826,0.9067,1.0098,1.0881,1.0146,0.9088,0.9227,0.7602,1.1949,2.3717,1.1288,1.4384,0.8827,1.6664,1.7227,0.4835,0.6665,1.996,1.0459,0.4864,0.5339,0.4143
003970,経堂,82232,0,434,218.3746,26.5559,0.6404,0.9669,1.0688,0.4583,1.6462,0.7889,0.3558,0.8504,1.4513,1.3262,0.9977,0.6187,0.9973,0.9397,0.1894,1.0842,1.0809,1.9009,0.8399,0.962,1.0161,0.559,0.4956,1.0258,0.7485,1.0112,1.4665,1.255,1.3075
003335,田端,80958,0,403,272.7934,33.6957,1.0881,1.5053,1.233,1.0816,1.5338,0.9616,,1.3848,0.9737,0.6078,2.0912,0.6698,0.7704,0.8242,1.0926,1.2791,0.4799,1.2625,1.4529,1.0953,0.3456,0.5373,1.1593,0.8974,0.6861,0.898,1.2666,0.334,0.984
003754,清澄白河,80796,0,560,321.4824,39.7894,0.6466,0.9395,1.1052,0.7772,1.1896,0.5474,1.0435,1.406,0.7444,0.5417,1.6206,0.6049,0.6967,0.7271,0.1651,0.9839,0.7925,1.3406,0.7639,0.8028,1.1787,1.1316,1.3724,1.6806,1.2596,1.464,1.8891,1.477,1.6683
004036,成城学園前,80513,1,302,153.5264,19.0685,0.7871,0.4801,1.1352,1.0013,1.3015,0.8287,,0.7742,1.4156,0.9055,1.7711,0.6759,0.7514,0.5008,0.2587,1.3572,1.1071,1.6224,0.2867,1.4779,1.5611,1.3994,0.6768,1.8677,1.7036,0.6313,1.7671,1.9994,0.2551
003263,大泉学園,80236,0,245,188.1443,23.4489,1.0802,0.8575,0.6683,0.9019,1.3311,1.0236,,0.419,0.8743,1.8642,1.0104,1.3914,0.8218,1.2595,2.0819,0.5715,0.3799,0.668,0.5903,1.0142,1.0713,1.213,2.1513,1.769,0.7014,0.7814,1.4092,1.1389,1.695
003302,町屋,80085,0,373,280.6344,35.0421,0.9685,1.3552,1.2232,0.8154,1.3288,1.0797,,3.2522,1.1067,0.5899,0.6907,0.4403,1.2431,0.5753,1.0972,1.0449,2.1636,1.0569,0.7472,0.9627,0.226,0.3685,0.4902,0.9807,0.222,0.8516,0.9572,1.1174,1.3816
003570,早稲田,79978,0,590,279.4645,34.9427,1.291,1.2983,0.8678,0.7958,0.5887,0.4837,0.2502,0.371,1.2644,0.4662,1.3074,0.348,0.6355,0.529,0.7381,1.5042,0.824,2.2281,0.4429,1.4804,1.2803,1.1256,0.2793,1.1723,1.0525,2.0298,0.7853,1.085,1.1713
003199,亀有,79818,0,457,379.9876,47.6068,1.1886,1.5349,0.8852,0.6294,1.4918,0.9607,0.7348,1.0919,1.2844,1.8257,0.7068,0.511,1.1545,0.9182,1.7161,0.9628,1.2998,0.9755,0.8672,0.5784,0.4371,0.9595,1.3504,0.7902,0.5152,0.7161,1.0042,1.3534,0.7288
003861,千歳烏山,79689,1,333,170.4836,21.3936,0.8777,1.2047,0.8878,0.6852,1.5114,0.9829,0.4434,1.4128,1.2917,1.6525,1.616,0.925,0.8998,0.7425,1.6521,1.576,1.0101,0.5921,0.7849,1.4983,0.3165,0.6965,1.2351,0.639,,0.7875,1.1824,0.8687,0.9309
003363,南千住,79673,0,295,191.1593,23.993,0.8582,1.6826,1.2782,0.7839,1.0176,0.6696,0.8421,1.1635,0.8158,,1.9295,1.2665,1.0845,0.3622,0.5234,1.3862,1.3588,1.2375,1.6038,0.2188,,0.4257,4.2088,1.9623,0.2728,1.3475,0.769,1.2365,0.659
003484,茗荷谷,78606,0,339,207.0889,26.3452,0.6349,1.0683,1.113,0.9088,0.9344,0.5264,,0.7233,0.5139,0.8218,1.8824,0.3067,0.7818,0.6341,0.3743,1.4398,0.3349,1.4724,0.5205,1.546,1.1019,0.7533,2.004,1.5268,1.2368,1.2872,2.0608,1.1104,1.4873
003822,赤坂,77718,0,2498,987.0136,126.9994,0.5867,0.7296,1.2605,1.8757,0.8076,0.9891,2.0198,0.6552,0.91,0.7263,0.9524,1.1553,0.8251,1.088,1.0235,1.1312,2.3261,0.9549,1.3807,0.9134,1.6694,1.8458,0.3713,0.5422,2.051,1.0328,0.4669,0.5795,0.3615
003292,石神井公園,76732,0,223,173.6734,22.6338,0.6649,1.3572,1.0074,0.5438,1.8726,0.63,,1.3265,1.23,0.9835,0.9138,0.1835,0.8052,0.9746,1.4645,1.139,,1.7622,1.2457,1.3376,0.1884,0.1422,,1.8666,,0.9513,1.9826,1.2017,1.0731
003782,永田町,75272,0,2029,809.9267,107.6,0.6766,0.9282,1.2905,1.8112,0.7501,0.925,2.1235,0.696,0.9115,0.8783,1.0795,1.1727,0.931,0.8634,0.677,1.2105,2.5108,0.9381,1.4307,0.8989,1.6439,1.5935,0.4474,0.642,1.3708,1.0314,0.5218,0.5849,0.5208
003704,住吉,74853,0,894,590.6227,78.9043,1.1728,0.9728,0.982,0.8114,1.1988,1.0421,1.0005,0.9259,0.9177,1.348,1.1006,0.9685,1.3792,0.9937,1.5084,0.8436,1.0011,0.5552,1.8071,0.8817,0.2437,0.6529,0.8614,1.2793,0.82,0.7339,0.6587,0.7491,0.8944
003834,外苑前,74637,0,1320,510.3716,68.3805,0.7526,0.7982,0.8915,1.2908,0.3122,0.769,0.8681,0.5096,0.6227,0.5393,0.5644,0.5769,0.4043,0.9459,0.572,0.8311,0.6849,0.9591,0.9921,2.0939,2.4985,1.6062,0.1744,1.3601,2.1468,2.1796,0.971,1.1973,0.3556
003753,水天宮前,74355,0,1891,947.047,127.3683,0.7665,1.2974,1.027,1.4627,1.2985,0.8214,1.0253,0.5515,0.7352,1.1758,0.8369,1.4026,0.9977,1.0566,0.5158,1.1336,0.4193,1.4746,0.4189,1.4002,1.3534,0.8634,0.6276,0.5551,1.11,0.8338,0.7256,0.6447,0.7481
003884,六本木一丁目,74305,0,3002,1171.8401,157.7068,0.559,0.6492,1.315,1.5998,1.0319,1.0589,1.8858,0.5574,0.7102,0.6202,0.8901,0.9832,0.6322,1.3573,1.2773,0.929,1.6418,1.0,1.4074,1.0871,2.037,1.7952,0.6317,0.6206,2.5668,1.0295,0.569,0.4943,0.4004
004069,駒沢大学,74266,0,364,173.4643,23.3572,1.2101,1.3398,0.6886,0.9314,0.7522,1.4645,,0.3601,0.5267,0.8423,1.2672,0.6287,0.6917,0.6404,0.7218,0.7459,0.6865,0.6036,0.8001,2.0431,1.5935,1.1833,1.8887,1.5201,1.2676,1.3015,1.0958,1.1513,0.949
003711,森下,74094,0,726,437.6042,59.0607,0.7114,1.2376,1.0263,1.1849,1.4798,0.755,3.1277,0.8333,0.4582,1.1985,1.3492,0.9094,0.9064,0.7066,0.1612,1.1008,0.3033,1.3449,0.9355,0.9002,0.6666,0.9157,1.2513,0.8823,0.8197,1.2029,1.2256,1.0923,1.2773
003729,半蔵門,73487,0,983,392.9826,53.4765,0.9306,1.1588,1.3894,1.6811,0.919,0.5907,1.0542,0.7205,0.8775,0.2806,0.9145,1.1785,0.8602,0.2536,0.5608,1.4053,0.6862,1.1232,1.4219,1.0941,1.8815,1.8706,0.2164,0.9395,1.7951,1.337,0.8565,0.5978,1.0115
003806,笹塚,73199,0,492,240.0216,32.7903,1.1728,0.816,0.4736,0.9557,0.9249,1.163,0.6066,0.5411,0.8836,1.1305,1.0456,1.527,1.0213,0.6996,,0.8792,0.4607,2.1056,1.1054,1.4709,0.8103,0.9037,0.5982,1.4684,1.5635,1.0041,1.8848,0.7826,1.3135
004094,学芸大学,72696,0,618,278.6246,38.3274,0.7471,1.2462,1.041,0.8114,1.107,1.3336,,0.7366,1.0582,0.4835,0.6974,1.0051,0.8168,0.8099,0.304,0.7905,0.7882,0.5198,1.2464,1.7344,2.1432,1.02,1.0175,0.8054,0.9352,1.0106,1.3724,1.1672,0.8556
003840,木場,72289,0,739,444.5899,61.5017,0.7544,0.8608,1.309,1.1247,1.0539,1.1616,0.5239,1.153,1.3229,0.6509,1.4867,1.1539,1.3146,0.5145,0.2298,0.8647,1.3263,1.6328,0.5153,1.2394,0.7481,1.3189,0.3693,1.043,0.6123,0.7945,1.0622,0.9443,1.0349
003941,麻布十番,70951,0,2013,778.1029,109.6676,0.4778,0.6218,1.4841,1.853,0.9448,1.1538,1.2846,0.5958,0.7485,0.9576,0.4908,0.6849,0.3594,1.5303,1.4148,0.8698,1.3658,0.8578,0.8086,1.6785,2.5985,1.5812,0.4877,0.9183,2.6421,0.828,0.8346,0.7988,0.6182
004065,国際展示場,70461,1,154,85.5073,12.1354,0.91,1.2216,0.5122,1.3025,0.7265,0.7186,0.8427,0.9272,0.491,,2.5109,0.8791,0.1922,0.3355,0.5546,1.1769,1.28,1.1255,,1.2816,0.9025,3.3495,,5.0329,0.5909,1.6978,1.0251,1.4499,
003546,本郷三丁目,70357,0,1541,867.1216,123.246,1.4011,0.9235,0.6765,1.1493,0.9046,0.9591,0.6815,0.6033,1.4917,0.1281,1.2746,0.8628,0.952,1.2325,1.1018,1.0157,1.2351,1.6378,1.4929,0.8731,0.7554,1.7236,0.6855,1.0536,0.6827,0.9459,0.7276,0.5979,0.6421
003612,東新宿,68375,0,3993,1953.5898,285.717,0.8502,0.4192,0.5079,0.6688,0.6426,1.353,1.5146,0.8824,0.9245,1.5457,0.5834,0.9154,0.995,2.3882,1.8089,0.6364,6.518,0.8428,1.745,0.5606,0.3604,0.5524,0.322,0.5805,0.885,0.8475,0.3412,0.6854,0.401
004078,桜新町,68296,0,279,135.6194,19.8576,1.0692,1.174,1.5861,1.0712,0.7233,1.621,1.1882,,0.6923,,1.166,0.6198,0.6316,0.7653,0.6325,0.7542,0.9023,0.7934,0.3506,1.5057,2.1207,1.3999,2.4826,1.1417,0.8331,0.8924,1.2963,1.6297,0.6237
003101,竹ノ塚,67699,0,263,222.53,32.8705,1.0439,0.5436,0.9659,0.8537,1.0228,1.413,,1.8265,1.4484,0.7721,0.8187,0.5763,1.1598,1.1836,1.9564,1.2097,0.3146,0.2767,1.2224,0.63,0.1479,0.3823,2.0337,1.8359,0.581,0.5783,0.5794,1.6391,2.1955
003218,十条,67506,0,384,264.5601,39.1906,1.1603,0.9498,1.0937,0.7117,0.9532,0.9424,1.228,0.5492,1.2522,1.1443,1.8308,0.6405,1.5477,0.6821,0.8901,0.9744,0.6995,1.2301,1.6305,0.5297,0.1096,0.6173,0.6568,1.2316,0.6458,0.8854,1.1355,0.6589,1.7652
003470,目白,67082,0,1144,559.6212,83.4235,0.8414,0.7891,0.773,0.659,1.1714,0.7896,0.8595,0.5866,1.0594,1.1388,1.0151,1.021,1.1495,1.0996,1.1138,0.9007,1.113,1.0516,2.2517,0.6782,1.1596,1.1742,0.8591,1.0681,1.0276,1.1529,0.9157,0.8812,0.6641
003529,春日,65361,0,980,570.4595,87.2783,1.3536,1.0147,0.6832,0.8482,0.8098,1.0445,0.9033,0.6567,1.7992,0.191,1.4579,0.8978,0.8484,0.7677,0.4078,1.2672,1.3379,1.5688,1.7541,1.229,0.8942,1.8174,0.9704,1.3065,0.858,0.8608,0.8581,0.9288,1.0803
003286,板橋,65264,0,400,278.0346,42.6015,1.1979,1.1279,1.1466,0.5812,1.0826,0.8998,1.1525,1.343,0.7362,1.1321,1.3085,0.8184,1.0873,1.145,0.4544,1.263,0.7342,0.5714,0.7456,0.7707,0.8754,0.7213,1.0774,0.29,1.094,0.7998,1.0724,1.1169,1.3423
004109,用賀,65061,0,302,147.2292,22.6294,1.1617,1.063,1.2566,0.6928,1.3098,1.0091,2.1517,1.2856,1.8806,2.0049,1.8098,0.9353,0.4159,0.7622,0.2863,0.8195,0.4085,0.3592,0.9523,1.636,1.7282,1.2675,1.4986,1.5507,0.3772,0.9172,1.565,1.054,0.8471
003972,池尻大橋,63191,0,705,323.8664,51.252,0.9505,0.9823,0.9443,1.5029,0.7617,0.7912,0.9454,0.7088,0.5509,0.9316,0.8203,0.1811,0.8946,1.1689,0.9608,0.8498,0.1978,1.2701,0.8084,1.6044,2.6291,1.0919,0.9617,0.7453,1.3266,1.0268,1.4853,0.6742,0.5199
003159,西新井,62984,0,355,290.9377,46.1923,0.8634,1.2589,0.9693,0.7414,1.3535,1.3635,0.9594,2.8198,1.118,0.596,0.632,1.1121,0.9848,0.6091,0.5034,1.015,0.2429,0.8542,0.1887,0.5944,0.2283,0.5164,2.3549,1.9841,0.4485,0.9821,1.6773,1.446,1.4527
003561,平井,62126,0,190,126.7555,20.403,1.5325,0.7458,0.4434,0.516,1.0307,1.449,0.655,1.3166,1.9082,1.2206,1.1317,0.911,1.2272,0.6881,0.5649,1.6679,0.9948,0.8748,0.773,0.332,0.2338,0.7318,2.3484,1.1911,,0.9508,1.2572,1.008,1.3179
004331,京急蒲田,61303,0,1172,878.7737,143.3492,1.3929,0.8342,0.9009,0.8132,1.1295,1.1115,1.222,1.0026,1.3647,0.7591,1.3446,1.2394,1.4943,1.0821,1.1836,0.9696,1.1601,0.7481,0.8413,0.6022,0.3635,0.8371,0.6362,0.6479,0.4998,0.4279,0.8801,0.8383,1.0209
003854,南砂町,59562,0,155,91.102,15.2953,1.4336,0.9238,1.1296,0.4104,0.9156,1.0867,3.1863,3.5058,1.3924,1.4844,2.3733,1.662,0.5451,0.2537,,1.7192,,2.6597,,0.8076,0.2843,2.2162,5.0533,2.6429,1.1171,0.6212,0.969,0.5873,1.049
003860,築地,59492,0,3879,1852.1245,311.3233,0.5381,0.6471,1.8752,2.2224,0.5136,0.7663,2.4659,1.9165,0.7897,1.1143,0.6065,1.7584,0.5624,1.511,1.1918,0.757,0.3935,0.7986,0.773,1.3106,2.0735,0.978,0.2775,0.5204,1.2259,0.8962,0.6681,1.1932,0.9333
003764,初台,59407,0,611,276.8505,46.6023,1.0729,1.0755,0.6737,0.5972,0.694,1.0166,1.0371,1.3991,1.1984,0.4872,0.9733,1.5183,0.6062,0.6276,0.3729,1.2458,0.589,2.5782,1.3885,1.7906,1.3844,1.0981,0.5157,1.6074,1.2771,1.3468,1.2949,0.3659,1.6756
003969,広尾,58660,0,1312,549.92,93.747,0.4609,0.6686,1.5255,1.6313,0.977,1.3255,0.3815,1.0026,0.5844,0.2235,0.3624,0.5836,0.4106,1.0116,0.607,0.8857,1.5728,0.8589,0.7011,2.3683,3.8596,1.3187,0.1707,1.0416,2.95,0.7749,0.8619,0.8463,0.6447
003745,船堀,58409,0,128,90.3166,15.4628,1.4815,2.0828,1.032,0.2356,1.4393,1.2478,1.8293,2.7578,1.0659,1.7045,1.3546,0.9541,0.914,0.3818,0.7888,1.2773,0.6946,1.8323,,0.4636,0.3265,,3.3649,1.6632,,0.3648,2.3408,0.9459,1.267
003661,淡路町,57894,0,4025,1635.2223,282.4511,1.2785,1.1598,0.8684,0.9628,0.9359,0.7641,0.6803,0.5169,1.2467,1.0009,1.2553,1.4808,1.3034,0.4754,0.2552,1.106,0.549,1.2569,1.0776,0.77,0.9473,1.5954,0.6687,0.8094,1.0891,1.4945,0.4749,0.5852,0.3608
003225,光が丘,56838,0,133,93.8953,16.5198,1.3589,1.618,1.2611,0.7293,,0.9657,1.8876,0.7907,,,0.5447,0.9846,0.5538,0.3169,,0.7189,1.4335,,0.5569,1.4352,0.3369,0.2543,6.7655,5.7224,,0.964,2.3636,2.6266,1.9191
003866,虎ノ門ヒルズ,56595,0,2970,1241.3162,219.3332,0.674,0.9445,0.9288,1.3616,1.3299,0.9962,0.7985,0.734,1.305,1.5811,0.8141,1.4578,1.3593,0.8686,0.8896,1.1019,1.3266,0.9322,1.2064,0.7254,1.299,1.4693,0.4269,0.4524,1.5418,0.8613,0.4094,0.2692,0.3599
003737,麹町,56238,0,1465,614.773,109.3163,0.7449,1.0871,1.3429,1.456,1.0152,0.6943,1.1169,0.7008,0.7815,0.3692,0.9215,1.5035,1.0399,0.6729,0.5715,1.2517,0.6852,0.8177,1.3733,0.9796,1.5584,1.4426,0.411,0.8902,2.1901,1.1241,0.5432,0.5811,0.7247
003194,東武練馬,56181,0,193,151.0483,26.886,1.6639,0.9774,0.9358,0.8477,0.9656,0.8997,0.6658,1.798,1.1491,1.2408,1.8086,0.6946,1.134,0.5328,1.7484,0.8372,0.5056,1.3254,0.7783,0.8978,0.2377,1.1026,0.9984,1.4458,,0.6112,2.2852,1.5034,0.4514
003792,京橋,56104,0,5596,2566.192,457.3991,0.6869,0.8596,1.1654,1.9643,0.7136,0.7449,1.9707,0.4351,0.724,0.8336,0.6455,1.4939,0.7971,1.1297,0.6928,0.9254,0.5035,0.7493,1.0853,1.1986,1.8385,1.0902,0.2836,0.4918,1.4258,1.0419,0.8947,1.5731,1.1711
003988,千歳船橋,55873,0,237,126.1448,22.5771,0.8027,0.9444,1.0632,1.1489,2.017,1.4126,,0.5076,3.3414,,1.6079,0.6647,1.17,0.6977,0.3392,1.1325,0.4839,0.851,0.752,0.646,1.3647,0.5005,0.8875,0.9184,0.4468,0.595,1.0814,0.4994,1.0034
003874,下高井戸,55782,0,332,170.0464,30.4841,1.6638,1.2575,1.0702,0.4951,0.4455,1.1708,,,1.4402,2.5569,1.8442,1.4635,0.8672,0.8635,0.4869,1.4177,0.3473,1.2217,0.2699,1.0828,0.3265,1.3286,1.9112,1.1588,0.3207,1.1095,1.1088,0.8962,0.7202
003667,瑞江,55028,0,183,130.88,23.7843,0.6775,1.4287,1.4157,0.6464,1.3822,1.0699,0.6274,0.6305,1.4622,1.1691,0.9291,0.4363,1.3322,0.1964,0.5411,0.6372,0.4764,1.2568,1.1106,1.272,0.6718,0.5784,2.308,2.6619,,0.4504,1.2042,1.4598,3.4763
004123,天王洲アイル,54707,1,261,147.0366,26.8771,0.8372,1.8643,0.5282,1.2302,1.0871,1.1379,,0.3316,,,0.1229,1.2563,0.9412,0.5654,1.6949,1.4377,0.8832,3.291,0.3431,1.1274,0.2076,0.8289,1.4701,1.7672,0.3008,1.0921,1.4222,0.6628,1.6587
004133,武蔵小山,54004,0,664,373.9235,69.24,1.1862,0.6672,0.9301,0.5826,1.1157,1.1765,0.4213,1.8157,1.8088,1.2138,1.3802,0.3595,1.063,0.9809,1.0623,0.9437,0.8736,0.1277,0.6329,1.2757,1.3406,0.4689,0.5817,0.8856,0.5908,0.8842,1.9256,0.8638,0.7684
003156,成増,53301,1,241,193.3475,36.2746,1.2604,1.1847,0.8567,0.9032,1.4051,0.9406,0.5023,0.9043,1.1651,0.936,1.355,1.2226,1.0892,1.0286,0.6354,0.9553,0.3742,1.3417,0.5928,0.8455,0.1793,0.9822,2.2128,1.0907,0.7044,0.4188,0.7833,1.5229,2.0431
003604,大久保,51544,0,3458,1700.261,329.8659,1.0242,0.4556,0.5159,0.7748,0.8495,1.4141,1.4633,0.9041,0.9947,1.2877,0.6941,1.1731,1.118,1.9264,1.8289,0.7586,7.2232,0.76,1.703,0.4739,0.2322,0.6396,0.4991,0.5634,0.7125,0.8129,0.2197,0.4617,0.3092
003212,上板橋,51233,0,244,194.3493,37.9344,1.7396,0.9964,1.3857,0.3711,1.786,1.0714,,1.7401,2.2474,,0.8752,0.6722,1.0953,0.7397,1.2227,1.1021,0.367,0.3227,1.4205,0.5701,0.5176,0.8088,2.1741,1.289,0.3389,0.6512,0.9079,0.7338,1.3106
003163,地下鉄成増,50698,1,237,190.7477,37.6243,1.1891,1.204,0.8706,0.7864,1.428,0.9559,0.5105,0.919,1.1841,0.9513,1.3771,1.2425,1.107,1.0454,0.6457,0.9061,0.3803,1.3635,0.6025,0.8592,0.1822,0.9982,2.2488,1.1085,0.3579,0.4256,0.7961,1.5452,2.0764
003668,馬喰町,50414,0,2657,1258.7863,249.6898,0.959,1.289,0.9175,1.0067,1.2395,0.7792,1.4868,0.626,1.1742,1.1713,0.9658,1.2737,1.2381,0.8744,0.4563,1.148,0.5518,1.5156,0.75,0.928,1.0404,1.1005,0.5208,0.6308,1.1845,0.9955,0.5555,0.5227,0.6632
003534,江戸川橋,49844,0,920,471.2291,94.5408,0.7455,0.7544,1.0601,1.4575,1.0952,0.5512,0.757,0.449,1.2361,0.9416,0.766,0.6324,0.6911,0.9314,0.335,1.1866,0.6137,1.2144,0.4467,2.0653,2.1273,0.9753,1.1204,0.5035,0.7086,1.1631,1.3907,1.1667,1.3413
003690,都庁前,49779,0,3592,1745.9785,350.746,1.1197,0.634,0.7625,1.0846,0.978,1.1002,2.1023,0.7059,1.0015,0.996,0.8178,1.3806,1.2621,1.1036,0.9059,0.8356,0.9284,0.7673,1.4025,0.7833,0.5062,0.9989,0.6045,0.8791,0.9944,0.9898,0.6663,1.0965,0.959
004215,中延,49338,0,456,272.7061,55.273,1.5178,1.0219,1.134,0.5613,1.0793,1.2742,0.6226,1.5172,0.907,1.1603,0.9506,0.7578,1.0368,0.7609,0.6806,1.2287,,1.0395,0.3674,0.7411,0.5556,0.9616,0.5295,1.281,1.1109,1.1853,1.0706,0.4968,2.128
003460,鶯谷,48920,0,849,462.0554,94.4512,0.8685,1.5846,0.8589,0.9792,0.9875,0.7031,0.512,0.6724,0.9893,0.6031,0.8843,1.2002,0.9418,0.8579,1.0687,1.1054,1.2069,0.6661,0.811,0.4371,0.3466,0.8806,1.1212,0.7517,0.6994,1.3502,1.4591,1.4969,2.0484
003707,新宿御苑前,48832,0,3656,1784.7726,365.4924,0.7792,0.6065,0.6334,0.9329,0.7234,0.887,1.3921,0.6757,0.6726,1.0362,0.6112,0.9539,1.0299,2.4831,1.3537,0.6821,0.967,0.5574,1.4793,0.7798,0.7671,0.6745,0.2211,0.6374,0.9483,0.9207,0.6512,1.1209,0.6122
003280,青砥,48727,0,246,206.2943,42.3368,0.6886,1.6279,1.2066,0.616,2.0391,0.8156,,1.2793,1.3933,2.6738,0.9661,,1.2718,0.4866,0.6702,1.275,0.7264,0.6387,,0.6465,0.3414,1.031,0.6857,1.5431,,0.7961,0.9805,1.1886,1.769
003269,大山,48683,0,548,421.0203,86.482,1.0048,1.1742,0.9487,0.4794,1.2036,1.4679,0.2326,1.2564,1.0844,0.8671,1.615,1.1325,1.1373,0.5697,1.4713,1.2404,1.59,1.0874,0.8237,0.7075,0.5813,1.0876,1.3953,1.0944,0.4893,1.0227,0.8012,0.7439,0.6308
003521,京成上野,48475,0,2529,1333.6272,275.1165,0.9986,1.072,0.8245,1.0612,1.0845,1.1,1.5828,1.0219,1.0664,1.8154,0.6864,1.3606,1.15,1.2601,1.1473,0.9907,1.6266,1.0602,1.0071,0.5391,0.5085,0.8849,0.2445,0.7017,0.7664,0.9144,0.5463,0.9699,0.6454
003461,白山,48388,0,401,246.8321,51.011,0.7996,1.0348,0.8795,0.5722,0.8269,0.5051,0.3702,0.3036,1.0786,,1.1288,0.2575,0.6974,0.8745,0.3143,1.1751,1.687,1.9779,1.0924,2.1895,1.0573,1.0541,0.5608,1.4649,,1.2213,2.0185,1.3206,1.4568
004024,祖師ヶ谷大蔵,47616,0,324,165.5038,34.758,0.9974,0.5704,1.0789,0.5948,1.3495,1.1026,,0.7358,0.8073,0.8606,1.8128,1.1242,0.9373,0.4462,0.2458,1.6417,1.4029,1.542,1.6352,1.2485,0.9891,1.2091,0.6433,1.1094,1.9429,0.7312,1.2316,1.0859,0.7273
004200,大岡山,47370,0,252,147.2513,31.0853,1.4655,1.2881,0.9612,1.0912,0.2094,0.6693,1.6348,0.8322,0.6078,1.1026,1.2864,,0.7421,1.5148,,1.1523,0.3429,1.0917,0.882,1.1294,1.0897,1.3121,1.8481,0.5019,0.6777,1.2558,2.036,0.7822,0.3954
004382,羽田空港第3ターミナル,47320,1,91,62.5592,13.2205,2.2768,2.303,0.2892,1.0862,,0.4794,1.4056,,2.4571,,0.8838,1.4664,,,27.2291,0.3569,,,,0.475,,1.2379,,1.1924,,1.4962,,2.1039,
003399,三ノ輪,46924,0,454,275.4475,58.7008,0.7406,1.8886,1.205,1.2221,0.8545,0.7351,1.5019,1.7392,0.3946,,1.0222,1.0264,1.0343,0.4592,1.6563,1.4752,1.9119,0.6783,2.1414,0.5889,0.2076,0.6969,3.4679,0.9422,0.2039,1.0312,1.2213,0.9338,0.9074
004143,都立大学,46393,0,291,123.5251,26.6258,0.4982,0.4417,1.667,0.8557,0.6421,0.4721,1.1073,1.4248,1.2904,1.0318,0.7284,0.5776,0.5607,0.7457,0.3244,0.7732,1.2614,0.3697,1.9603,2.2452,2.9646,0.5441,2.1713,1.2889,1.5528,1.3428,2.0703,1.4502,0.5977
003675,馬喰横山,46299,0,2618,1261.0837,272.3782,0.9556,1.2886,0.9622,1.1399,1.2682,0.772,1.5726,0.5369,1.0371,1.0895,0.9085,1.1908,1.1829,0.9364,0.4414,1.1172,0.4801,1.4742,0.6746,1.0527,1.2446,0.9697,0.4292,0.5793,1.1453,0.9385,0.5751,0.6014,0.7372
003210,東十条,45690,0,411,279.5223,61.178,1.1957,0.9929,0.8712,0.744,0.8968,0.8374,1.1554,1.0335,1.1781,1.0766,1.8658,0.6026,1.4561,0.7093,0.8375,1.1734,0.8774,1.1573,1.534,0.488,0.1031,0.6969,2.4718,0.7791,0.6076,0.9573,1.0547,0.6974,2.076
003887,汐留,45681,0,5987,2750.9877,602.217,0.5733,0.649,1.5923,2.0395,0.7949,0.9065,1.4748,0.443,0.851,1.5781,0.5006,1.7075,0.9763,1.8011,2.3808,0.7561,0.7522,0.5575,0.6858,0.8617,1.3581,1.1427,0.22,0.3285,1.3024,0.7043,0.3958,0.7085,0.5788
004108,東京テレポート,45645,1,276,121.7014,26.6626,1.2708,0.6943,0.8757,0.7201,0.112,1.0879,,4.349,2.5504,1.1312,1.4524,1.1415,0.2667,0.6532,0.6434,0.7413,0.37,1.0561,0.6457,1.1107,1.0407,3.0387,0.6936,2.9226,2.6808,1.7672,0.3096,1.6503,0.2705
003432,東池袋,45348,0,2167,1066.8054,235.2486,1.0316,0.939,1.0847,0.9689,0.7926,0.896,2.03,1.1915,0.9741,0.8901,0.7979,0.872,1.0658,0.9647,0.3785,0.8094,0.8162,0.8373,1.4798,0.8211,0.8518,1.1843,0.6099,1.031,0.7282,1.259,0.9286,1.4212,1.0053
003495,中井,45031,0,395,209.4294,46.5078,1.0016,1.0726,1.0487,1.0986,1.0053,0.8447,0.7022,,0.6061,2.5686,0.6971,0.4883,1.0083,1.1016,0.634,1.1455,1.343,1.1462,1.8262,1.0259,1.1511,1.0737,0.7548,0.3024,1.5135,1.2338,0.8819,0.655,0.8433
004294,平和島,44102,1,305,213.456,48.4005,1.3251,1.1534,0.9802,0.5578,1.2317,1.1018,,0.9137,1.2618,2.4213,1.8712,0.6024,1.0161,0.5765,1.1186,1.4296,1.3156,1.1095,0.2556,0.5063,0.6058,1.0171,5.4114,2.388,,0.5823,1.0695,0.7563,2.2224
003774,信濃町,43682,0,749,349.768,80.0714,0.7267,0.9417,1.0297,1.0335,0.6287,1.0018,0.6161,1.0658,0.8227,,0.695,1.2499,1.0532,1.0821,0.786,1.0895,0.897,1.359,0.9544,1.279,1.8103,1.077,0.4585,1.4656,1.4448,1.1679,0.3289,0.7856,0.4401
004270,西馬込,43636,0,95,63.7369,14.6065,0.8169,1.2394,1.5563,0.7794,1.2908,1.548,1.5129,1.064,0.8815,,1.9024,0.5261,0.5123,0.2364,1.9538,0.7683,,1.0103,1.7855,1.5338,0.5401,,7.0886,0.6417,1.0608,0.9323,3.7358,1.1322,
003107,浮間舟渡,43438,1,54,37.3239,8.5925,0.8263,0.789,0.5769,,2.0172,1.4217,,,,,2.8157,1.9326,0.2717,0.8506,,1.7026,,,1.3546,,,1.5664,4.9109,2.4767,,1.8993,1.524,1.319,
003162,北綾瀬,43371,0,106,86.8065,20.0149,2.1121,1.0499,2.2385,0.5496,0.7525,0.7277,1.0668,1.5678,1.2432,,0.7906,1.1129,1.1947,0.4064,1.6793,1.219,,,,0.9013,,0.9843,1.3093,2.8365,,0.5212,1.4921,0.9044,1.6153
003223,ときわ台,43271,0,296,230.9524,53.3735,1.5795,1.0423,0.7484,0.7912,1.4054,1.1225,0.4388,,,,1.4569,0.9155,1.1156,1.0746,,1.1699,,0.8791,0.7768,0.6673,0.4699,1.1131,0.658,0.9529,0.3077,1.1308,1.2366,0.7773,1.1899
003911,御成門,43230,0,3213,1358.8435,314.3288,0.8282,0.9924,0.8757,1.2088,1.2881,1.0722,0.729,0.7044,1.0353,1.783,0.705,1.5685,1.4597,0.8942,0.8667,1.1163,1.0034,0.8823,1.1023,0.8083,1.0571,1.2557,0.5189,0.5098,1.2778,0.766,0.4089,0.3116,0.506
003724,一之江,43043,1,121,81.5201,18.9392,1.8785,0.3962,2.3553,0.2689,2.2996,1.602,,,2.4327,,0.2576,0.363,0.6519,0.4357,,1.7227,0.7927,0.697,,1.0582,,0.9623,,1.898,,0.666,1.0017,1.0795,2.8918
003228,平和台,42893,0,83,64.3002,14.9908,1.016,2.4195,0.8082,,1.6692,0.4814,,,,,0.8146,0.4908,0.8281,0.7108,1.9581,1.6126,,,2.4985,1.6693,1.0076,1.1409,8.0935,1.4262,,0.5936,0.4418,1.0712,0.9566
003713,四谷三丁目,42890,0,1512,733.615,171.0457,0.7849,1.0493,0.9051,1.2255,0.8068,0.862,0.6938,0.5144,0.8663,0.1847,0.824,1.2063,1.0126,1.7516,0.8773,0.9815,0.828,0.8604,0.9943,1.0216,1.6629,0.7487,0.3319,0.8864,1.3899,0.9478,0.4287,0.5846,0.5801
003691,竹橋,42156,0,1854,730.9064,173.3813,1.3545,1.4323,0.8458,0.9589,0.7191,0.5244,0.4046,0.3097,0.9902,1.0557,1.3105,1.4352,1.0488,0.3927,0.3014,1.3973,0.7375,1.7834,1.7669,1.1349,1.2422,2.0323,0.5813,0.8873,1.0214,1.3615,0.6277,0.4904,0.453
003427,上石神井,41728,0,159,126.8035,30.3881,1.2333,1.3074,0.8734,0.9822,1.1274,0.7785,,,0.8887,2.8324,0.8803,1.0607,1.6843,0.8961,,1.1618,,2.0334,,0.7731,0.8167,0.7971,2.1866,0.7706,,0.5488,0.6826,0.5788,2.0675
003560,仲御徒町,41623,0,3496,1711.0418,411.0808,1.1325,1.1324,0.848,0.9623,0.9592,1.0426,1.4273,0.9526,1.2646,1.557,0.8142,1.389,1.1359,1.0755,0.9152,0.9702,1.4117,1.0245,0.9663,0.5518,0.5244,0.9899,0.3336,0.7127,0.8022,1.2084,0.563,0.9163,0.637
003799,国会議事堂前,40907,0,2222,894.2098,218.5958,0.7203,1.0307,1.147,1.7504,0.8862,0.9235,1.9677,0.5985,0.9778,1.0464,1.0052,1.1715,0.9503,0.9065,0.7214,1.2364,2.4565,1.0747,1.4462,0.8068,1.5498,1.5207,0.4008,0.6579,1.6724,1.0004,0.4855,0.4658,0.3512
003361,要町,40890,0,928,465.5821,113.8621,1.3197,1.0067,1.1011,0.7589,1.0903,1.2024,1.5511,0.7341,1.0681,0.5256,0.906,0.9316,1.0241,1.4333,1.1175,1.0265,0.7496,0.7533,0.9985,0.7624,0.453,1.0829,0.3601,0.7379,0.8899,0.9568,0.528,0.7081,0.6156
003474,護国寺,40640,0,297,172.2464,42.3835,0.972,1.0877,0.9213,0.338,0.9007,0.4335,,0.8838,0.2253,,1.941,0.1874,0.7754,0.72,0.3064,1.34,0.2937,1.2361,1.0923,1.6152,2.4462,0.9527,2.4486,1.5349,1.5113,1.1832,1.3134,0.9945,2.2378
003751,方南町,40171,0,168,106.5653,26.5279,2.0692,0.6456,0.8886,0.8785,1.2961,0.6129,0.8985,0.6768,2.094,1.6744,1.3773,0.3124,0.6887,0.592,2.8466,1.0709,0.6823,1.2,0.5302,1.4252,0.3207,0.194,1.1404,1.233,0.63,1.3676,1.4603,1.1802,1.0539
003186,地下鉄赤塚,40077,0,175,134.1679,33.4775,1.4192,1.0754,0.8007,0.3696,1.3442,1.2236,0.7244,1.3041,1.6722,1.3499,0.6559,0.7557,1.067,0.5628,0.9859,1.2822,1.0793,1.9165,1.2742,1.0922,0.2586,0.7913,2.105,1.1455,1.0062,0.8235,1.339,0.7262,0.9632
003578,神楽坂,40020,0,1411,693.8993,173.3881,0.5649,0.8771,1.0272,1.5346,0.9201,0.762,1.3049,0.4567,1.0773,1.4036,0.5994,0.7328,0.8555,1.1345,0.6815,1.0617,0.494,1.0547,0.5452,1.9746,2.4013,0.8496,0.4584,0.503,1.2132,1.0452,0.8142,0.9585,0.9073
003565,篠崎,39512,1,107,72.5221,18.3544,1.4502,3.0582,1.2988,0.593,0.3623,1.3741,,,,,1.7048,2.0014,1.1503,0.1201,,0.5845,1.7484,2.306,,0.778,,0.2653,4.2348,0.6977,,1.1936,0.7365,1.1905,3.1892
004219,旗の台,39338,0,423,257.7869,65.5313,1.1268,0.8444,1.0198,0.6814,1.1863,1.1185,1.268,1.4413,1.1644,1.2056,1.1437,1.1448,1.0803,0.7717,1.617,1.0827,0.2675,0.648,0.3665,1.0302,0.9909,0.7182,,1.2088,0.9274,0.996,1.5979,0.397,1.4965
004235,西大井,39232,0,245,146.2687,37.283,1.798,1.2278,0.6982,0.9082,0.999,1.5032,,2.2911,2.0544,2.1902,0.5981,0.613,0.9219,0.5664,,1.648,,1.5697,0.6935,0.7943,0.4382,1.2566,,1.0363,0.4488,0.9282,1.0582,0.5359,2.1534
003868,乃木坂,39194,0,2687,1038.9836,265.0874,0.5591,0.6669,1.6924,2.0837,0.9074,1.225,1.4237,0.3502,0.4902,0.3618,0.5563,0.7201,0.4959,1.615,1.6199,0.7805,1.1304,0.8211,1.0693,1.4434,2.5873,1.5585,0.3685,0.875,2.3142,0.8648,0.3983,0.4963,0.3593
003655,岩本町,39177,0,3899,1660.2076,423.771,1.168,1.2222,0.8861,1.0341,0.9859,0.7997,0.7831,0.5266,1.2636,1.2628,1.1865,1.4312,1.2589,0.6431,0.2628,1.13,0.628,1.4587,0.882,0.7783,0.8714,1.2307,0.5539,0.6957,1.2746,1.3914,0.4583,0.5951,0.5196
003324,千川,39136,0,197,102.7007,26.242,0.3343,1.6208,1.6687,0.4785,0.6995,1.1615,,0.5372,1.0823,1.1538,1.4322,1.1728,0.6576,0.909,,1.4852,,0.8269,,1.0462,0.442,0.8469,3.7154,0.9719,,0.8316,1.5289,2.3651,2.7594
003469,入谷,38480,0,938,474.3588,123.2741,0.7987,1.2183,0.9799,1.1796,0.9895,1.1907,1.0177,1.908,1.1033,0.9482,0.9454,1.4155,0.8231,0.9405,1.4017,1.2704,1.588,0.7928,1.0009,0.5206,0.7265,0.9624,0.6815,0.5442,0.8325,1.2413,0.9008,0.8437,1.1264
003345,中村橋,38455,0,170,129.906,33.7813,1.0087,1.4149,1.3732,0.7412,0.7961,1.1755,1.4388,,2.515,,1.2456,0.9482,1.1385,1.0869,0.9981,1.2595,,1.3406,,0.7293,0.5136,0.3877,3.9148,0.727,,0.4755,1.525,0.728,2.438
003710,久我山,38168,1,110,73.0298,19.1338,1.3572,1.1674,0.6304,,1.2282,0.643,,,2.197,,0.3211,,0.9541,1.0841,0.9955,1.1169,,2.5179,0.7417,1.9113,0.4487,0.5997,1.5953,0.571,,1.2628,2.3832,0.5503,1.4743
003842,内幸町,38025,0,5831,2653.0359,697.7083,0.5412,0.6844,1.2861,2.011,0.8761,0.8662,1.4798,0.485,0.8199,1.4281,0.5168,1.2876,1.0249,1.7955,2.3969,0.8138,0.7872,0.6103,0.8528,0.8324,1.399,1.1331,0.1856,0.3726,1.3943,0.7762,0.4761,0.6707,0.4081
003261,氷川台,37978,0,73,54.0187,14.2237,0.9309,1.9706,0.9873,,0.5098,1.1819,1.7242,,,,1.9903,,1.1836,0.2895,2.3922,1.5323,1.3094,,3.0524,1.4567,1.8464,0.4646,2.4719,1.7424,,0.8288,1.6192,0.4362,
003558,湯島,37913,0,3294,1651.4185,435.5811,1.2439,0.9983,0.7883,0.9882,0.9264,1.0567,1.4549,0.9092,1.3505,1.4575,0.9272,1.2686,1.096,1.0736,0.76,0.9605,1.4276,1.1552,0.9699,0.5865,0.4855,1.162,0.3463,0.8278,1.0549,1.2542,0.5717,0.8778,0.5042
003752,高井戸,37789,0,127,78.903,20.8799,0.6454,1.3879,1.3989,0.9238,0.5841,0.4077,1.1954,,,,0.9162,,0.5796,1.0311,1.8937,1.8212,,0.7983,0.7054,2.2218,0.8535,1.7112,4.552,0.5431,1.6764,1.4837,0.9715,0.7851,
003836,八幡山,37716,0,197,114.1443,30.2642,2.675,0.8557,0.6991,0.94,1.2527,1.0364,,2.9105,0.7869,1.2584,0.7754,0.2348,1.1767,0.6592,0.643,1.8012,0.6165,0.993,0.3985,0.7076,0.2898,0.9008,0.9406,0.6489,0.5692,0.4729,0.8747,0.9716,1.4284
003216,板橋本町,37555,0,238,178.4602,47.5197,1.4126,1.6855,0.8094,0.5849,1.2587,1.2417,,0.511,1.3231,1.0579,2.9434,0.7896,0.6661,0.6951,,1.5135,0.4311,0.7582,0.67,0.5755,0.2026,1.28,1.7025,0.6164,,1.0256,1.5997,0.7183,2.6461
003954,赤羽橋,37465,0,1922,776.8047,207.3414,0.7527,0.8853,1.0389,1.3258,0.9427,1.2343,0.8847,0.8082,0.8435,0.8992,0.9218,1.3703,0.8217,0.8769,0.765,1.2354,1.2215,0.9667,1.0915,1.454,2.4115,1.3773,0.687,0.5624,1.8609,0.8221,0.7425,0.6167,0.7145
003544,西早稲田,37411,0,1232,589.203,157.4946,1.3161,0.677,0.3523,0.3588,0.8522,0.9295,0.9286,0.4303,1.3471,0.8652,1.1291,0.9267,1.0262,0.9971,0.7732,1.0598,8.8958,1.9315,2.7314,0.6456,0.2884,0.9106,0.5309,0.8823,0.8139,1.234,0.5034,0.5325,0.545
004182,品川シーサイド,37378,0,236,145.0237,38.7992,1.308,1.0017,0.7749,0.576,0.6788,1.144,,1.6346,1.9544,,1.4225,0.5832,1.3471,0.6408,,1.2065,,1.1199,0.3299,1.8892,0.9978,0.2657,2.1201,2.6289,0.392,0.5559,1.1039,0.6372,1.3657
003659,小川町,37295,0,4035,1635.7127,438.5877,1.291,1.1842,0.8566,0.9793,0.9254,0.7761,0.6801,0.5167,1.2215,1.0673,1.2653,1.4655,1.3035,0.4441,0.2256,1.0972,0.5488,1.2998,1.0562,0.7455,0.967,1.6159,0.6685,0.828,1.0338,1.5163,0.4893,0.5907,0.3721
003130,北赤羽,36982,1,78,51.8703,14.0258,1.7464,2.2237,1.626,0.4166,1.3954,0.2758,,,1.8847,,3.3767,,0.5435,0.3782,,1.2319,1.2282,2.16,1.9087,0.5465,0.5773,0.6503,3.46,0.8725,,0.9927,2.2236,0.8678,1.1624
004025,白金高輪,36926,0,564,217.4993,58.9014,0.6263,0.6792,1.3249,2.0169,0.7332,0.8902,0.87,,1.3518,0.5404,0.9141,0.4034,0.2381,0.6148,0.7259,1.399,1.3214,0.581,1.369,1.568,3.3126,1.94,0.4129,0.4056,1.83,1.1787,2.3055,1.2622,0.9661
003669,新宿西口,36754,0,6217,3027.9624,823.8457,0.9696,0.5283,0.6086,0.9726,0.8309,1.0927,1.638,0.656,0.8874,1.2274,0.7025,1.1446,1.0725,1.9326,1.4554,0.696,3.8085,0.6686,1.5565,0.6389,0.4387,0.7657,0.4283,0.6693,0.894,0.9243,0.5507,0.9693,0.6141
003200,五反野,36724,0,159,126.1329,34.3462,0.549,0.7505,1.4224,0.7858,1.8827,1.6907,0.7626,,1.333,1.4212,1.6955,1.3259,0.854,0.581,1.2004,1.7427,1.1583,1.5278,1.3501,0.3866,0.2722,0.1759,2.8077,1.3518,,0.6387,1.0666,0.431,3.464
003530,田原町,36681,0,2232,1106.0428,301.5302,0.9797,1.2073,1.0499,1.6713,0.7394,1.0338,1.5807,2.8033,1.2414,0.7685,0.9678,0.7648,0.7538,0.903,0.6712,0.8481,0.8351,0.872,1.1356,0.6062,0.8391,0.8202,0.7612,0.9706,1.2145,1.3776,0.8439,1.6841,0.438
003833,新富町,36625,0,3775,1786.3841,487.7499,0.6214,0.7694,1.7755,2.2022,0.6129,0.6931,2.4056,0.3536,0.784,0.9878,0.7137,1.8976,0.6059,1.3483,0.8295,0.9121,0.4546,0.9486,0.7661,1.3147,1.9771,1.0144,0.3244,0.5357,1.1435,0.9857,0.6702,1.2456,0.9977
003703,新日本橋,36522,0,4146,1879.2585,514.5552,0.8694,1.1605,0.9522,1.4535,1.0711,0.8548,1.0645,0.5447,0.9685,0.8876,0.8851,1.5199,1.3113,0.7482,0.6428,1.0779,0.6403,1.1819,0.9184,0.9572,1.1492,1.0841,0.4255,0.462,1.2494,0.8654,0.5727,1.0622,0.6716
003673,曙橋,36403,0,1313,634.4117,174.2746,0.9002,0.9417,1.0082,1.4082,0.8445,0.9521,0.5816,0.4312,0.8133,0.2168,0.9148,1.0516,0.9852,1.5469,1.0296,1.0042,0.8834,0.6991,0.755,1.1596,1.91,0.781,0.2597,0.9362,1.5496,0.9164,0.5031,0.5336,0.6127
003207,王子神谷,36275,0,251,167.1049,46.0661,1.4614,1.2211,1.0305,0.7844,0.573,1.1251,2.03,1.8159,1.1828,1.8915,1.9669,0.353,1.0802,0.7122,1.4714,1.353,0.7708,1.0167,0.599,0.7,0.1812,0.8163,3.2573,0.5476,,0.9368,1.8911,0.1362,2.1885
003862,桜上水,36224,0,232,121.4579,33.5297,1.9865,0.8332,1.0286,0.8593,0.4684,1.1599,,,1.1964,1.195,1.8493,1.428,0.9551,0.815,,1.2869,0.5855,1.7128,0.3784,1.193,0.2289,1.0233,1.8717,0.7005,,1.0153,1.7634,0.9226,1.1253
003692,小伝馬町,36068,0,3534,1634.176,453.082,0.9125,1.142,0.9768,1.3565,1.3006,0.8629,1.0584,0.5674,0.9865,1.0158,0.8407,1.505,1.2651,0.8367,0.5154,1.0826,0.5735,1.3544,0.5908,0.9916,1.3005,0.9861,0.4368,0.4596,1.1938,0.8826,0.577,0.7388,0.5696
004184,青物横丁,35970,0,661,407.065,113.1679,0.9079,1.0847,1.1188,0.8316,1.0781,1.5141,0.4036,1.18,1.4109,0.7521,1.0269,0.842,1.2642,1.0675,0.7352,1.1528,0.1532,0.6737,0.5954,0.9546,0.7923,0.6712,0.7652,1.6606,0.283,0.5548,0.9107,0.69,1.1092
003176,梅島,35416,0,244,209.8869,59.2633,0.7025,0.8536,0.8089,0.4469,1.8355,1.2574,0.4337,1.9121,0.7581,,0.8571,0.9049,1.2142,0.9086,,0.9911,,0.5792,0.2559,0.3664,0.3096,0.7003,3.1935,1.9219,,0.6962,2.1231,1.2256,2.6267
003772,二重橋前,35289,0,3530,1534.2993,434.7812,0.7651,0.8937,0.9496,1.8659,0.7206,0.6325,1.5702,0.5524,0.5915,0.9855,0.6937,1.515,0.9694,0.8669,0.8083,0.8774,0.7587,0.5563,1.5681,1.1026,1.8725,1.3002,0.2845,0.5349,1.647,1.1114,0.9537,1.4875,1.0676
003632,新高円寺,35288,0,886,588.8717,166.8759,0.949,0.6308,0.8548,0.9055,1.2883,1.0355,0.4794,0.2407,1.1173,2.0845,0.939,0.6112,1.1776,1.317,1.3922,0.9129,0.6068,1.1738,1.0372,0.837,0.4563,1.0293,0.6085,0.5082,1.5686,1.2844,0.8224,0.4898,0.8435
003929,駒場東大前,35206,0,556,256.2597,72.7886,0.8956,1.4713,1.0011,1.5149,0.9219,0.4728,1.5276,0.7384,0.3459,,0.6545,0.8659,0.901,0.8728,0.4942,0.6658,0.2572,1.0008,0.8844,1.7588,3.6652,1.2187,,0.7956,2.5989,0.9265,1.0641,0.4826,0.6787
004309,池上,35181,0,318,221.1699,62.8663,1.149,1.2784,1.3135,0.5482,1.5736,1.3791,1.2769,0.5986,1.488,1.5863,1.4718,0.592,0.8648,0.399,1.6489,0.9726,0.6465,2.2738,,0.5034,0.9116,0.7497,1.9942,1.0831,,0.9061,1.3137,1.3803,2.2755
003323,京成立石,34621,0,321,276.3218,79.8134,0.7899,2.3514,1.3072,0.6594,1.3366,0.9979,,1.6305,0.6393,0.6815,0.5277,0.2543,1.5472,0.4341,1.5376,1.4393,,0.9769,0.2158,0.5562,0.3917,0.7884,2.0974,0.3933,0.2564,0.4981,1.2496,1.1109,1.3528
003767,千駄ヶ谷,34572,0,1048,484.0206,140.0036,0.9689,1.4861,0.5972,0.6146,0.7971,0.6913,0.7481,0.6522,0.7834,0.2826,0.811,0.8771,0.7479,1.1423,0.6394,1.1551,0.6795,1.3907,1.5004,1.393,1.817,1.0007,0.3132,1.6168,1.5736,1.3912,0.6718,0.8608,0.3304
003245,板橋区役所前,34519,0,621,485.9528,140.7784,1.064,1.1824,1.0061,0.3432,1.1773,1.1885,0.1991,0.8962,1.0442,0.7421,1.5378,0.9693,1.2071,0.8838,1.5112,1.1141,1.5122,1.1967,0.94,0.7867,0.8529,0.7626,1.1943,0.8648,0.4188,0.8693,0.7481,0.8382,0.9449
003543,上野御徒町,34438,0,3066,1541.4971,447.6152,1.0884,1.0156,0.7933,1.0666,0.9738,1.0639,1.3993,0.9517,1.1663,1.6632,0.8145,1.3158,1.1017,1.1655,0.9975,0.9956,1.479,1.0904,0.9035,0.6012,0.4872,1.0027,0.3197,0.7028,0.7866,1.2165,0.5443,0.8945,0.6248
003133,六町,34213,0,66,60.076,17.5594,1.0563,2.4068,1.7105,1.1339,1.035,1.0009,,2.1563,0.855,,0.7249,1.0205,1.6432,0.5589,2.3097,0.9314,,,,0.2479,,1.0154,,2.6009,,0.4096,1.0261,,1.1109
003801,銀座一丁目,33805,0,7005,3271.6739,967.8077,0.6186,0.6882,1.4886,2.221,0.6111,0.7041,1.775,0.4505,0.6529,1.0365,0.4974,1.392,0.7052,1.6515,1.9997,0.7761,0.5649,0.6087,0.923,1.0738,1.8654,1.0996,0.1814,0.4094,1.4885,0.9112,0.7184,1.3549,0.9279
004042,泉岳寺,33601,0,491,191.5512,57.0076,0.7624,0.6869,0.924,1.8467,0.5243,0.7224,0.6517,0.5038,0.7595,0.6073,1.4007,0.9065,0.7432,0.6316,1.6313,1.2411,0.9899,1.088,1.7306,1.4316,1.9775,1.5695,,0.6077,0.6855,1.4649,1.4207,0.9456,1.0856
003638,新中野,33550,0,668,392.7382,117.0606,1.4579,0.9972,0.7205,0.5055,0.8346,0.8787,1.1774,0.7543,1.6007,1.9222,1.9108,0.4777,1.1452,0.9097,1.2204,1.0782,0.2981,1.0483,1.9121,0.7294,0.5783,0.7563,0.8495,1.3693,1.3759,0.9435,0.8392,1.1737,0.7935
003628,東高円寺,33021,0,527,335.0942,101.4791,1.702,1.0846,0.5386,0.8076,1.0697,0.7152,0.2231,0.8533,0.75,1.3541,1.4359,0.4277,1.2478,1.0041,1.915,1.0655,0.3823,1.234,0.9892,0.5761,0.5392,0.6497,0.6778,1.0319,1.2155,1.1119,0.7886,0.9317,0.9864
004157,西小山,33007,0,615,343.0598,103.9355,1.2025,0.6135,0.9209,0.6494,1.1511,1.193,0.9151,1.7286,1.5278,1.3184,1.4177,0.3904,1.0292,1.0287,1.1538,0.9644,0.7591,0.1387,0.81,1.2835,1.4109,0.4926,0.6318,0.815,0.6417,0.8105,2.172,0.6115,0.7226
003696,西新宿五丁目,32776,0,926,459.6107,140.2278,1.0562,0.9571,0.8352,1.2304,0.8396,0.9032,0.9046,,1.4453,0.6051,1.51,1.0642,1.0238,0.8294,1.5793,1.0979,0.7085,2.0532,1.1832,1.1459,0.546,1.044,1.6176,1.5737,0.6542,1.1356,0.7598,0.3717,1.5935
003274,お花茶屋,32727,0,147,113.9857,34.8293,1.1916,2.5041,1.7401,0.6396,0.7562,0.8469,0.8276,1.476,0.4822,,1.1942,0.2878,0.5002,0.421,1.1598,1.0507,1.8856,2.7634,0.9768,1.3984,,0.8921,2.3732,2.6704,,0.8141,1.1312,0.9142,3.0614
003945,梅ヶ丘,32280,0,312,151.9126,47.0609,0.8143,1.3661,0.8389,0.6475,1.1017,0.9431,,,0.5858,1.8737,1.2686,0.5244,1.1175,0.6476,,1.2127,,1.3429,0.5933,1.0193,0.3589,1.4478,2.1008,0.7246,0.3525,1.3471,1.7064,1.3791,1.3195
003337,江古田,32177,0,395,293.4053,91.1848,1.3412,0.648,0.7662,0.2329,1.1207,1.2156,0.9041,0.8143,0.9439,1.2076,1.4959,0.8777,1.0266,1.296,,0.9202,0.2461,1.2528,0.7648,0.9145,1.0067,0.4365,1.3293,1.1459,0.9087,0.9888,1.845,0.9478,0.6631
003698,大島,31661,0,365,220.6808,69.7011,0.9467,0.8133,0.9235,1.1743,1.1084,1.2559,0.7014,2.315,1.0216,0.6535,1.6419,0.4878,0.9598,0.335,0.923,1.4246,0.2663,3.0443,0.4139,0.8888,0.5007,1.3938,2.2246,2.327,0.2459,0.5697,1.493,1.2066,1.6162
004310,下丸子,31438,1,225,161.0717,51.2347,0.992,0.8362,0.882,1.1043,1.5676,0.8355,,0.4307,1.4273,1.1413,1.5402,0.6389,1.2443,0.6699,,1.0107,0.4651,1.6359,0.3614,1.0348,0.6558,0.5393,2.8695,0.5195,,0.7891,3.0245,0.7639,0.8186
003415,千石,31304,0,553,305.7739,97.6789,0.9388,1.1942,1.2617,0.54,0.9304,1.0588,1.8096,1.4294,1.0288,0.3838,1.2822,0.7161,0.8025,0.4822,0.894,1.1217,1.7153,0.7666,0.9463,1.5602,1.4052,0.9179,2.3559,1.2143,0.2012,1.0393,1.6652,1.0336,0.935
003796,宝町,31022,0,5197,2398.1658,773.0533,0.7073,0.9035,1.2145,1.9194,0.6924,0.7379,1.9154,0.4937,0.7469,0.9563,0.6593,1.5265,0.7626,1.096,0.5771,0.9317,0.5651,0.7729,1.0318,1.2258,1.8553,1.0771,0.3038,0.5305,1.2381,1.0409,0.8695,1.6556,1.3575
004205,尾山台,30971,0,229,108.8342,35.1407,0.6375,1.0499,1.552,0.3649,0.8625,0.604,0.7084,,1.2383,1.3201,1.3903,0.739,0.6161,0.365,0.3771,1.0792,0.538,0.473,0.418,2.6185,1.2643,0.3709,0.9867,0.3403,0.9934,1.2363,3.2631,1.6656,2.2311
004367,雑色,30842,0,177,127.6625,41.3924,1.0794,1.0236,0.7712,0.5793,1.2793,1.4063,0.7497,1.0545,2.1841,,0.4714,0.2607,0.7616,1.0543,3.8727,1.7132,,1.0013,0.4424,0.6334,0.8028,0.6602,2.3418,1.5898,,0.63,1.3884,0.7481,2.5051
003928,潮見,30732,0,99,58.2071,18.9402,1.1982,0.386,1.0789,0.6859,0.3826,2.0436,1.3315,1.465,0.7758,,2.8336,0.926,1.2148,0.6361,,1.3523,2.0223,1.7783,,1.1249,,,2.8155,0.8835,,0.6057,0.4049,1.6362,3.5067
004356,大鳥居,30660,1,254,181.8901,59.3249,1.924,1.3269,0.8998,1.0013,0.8292,0.8287,,0.6834,1.1325,0.9055,1.0693,0.5069,1.3712,0.6834,1.255,1.4805,1.1071,0.9735,0.2867,0.9852,,0.7132,3.0356,0.8244,,0.735,0.5999,0.7273,2.2731
004373,天空橋,30427,1,88,61.4668,20.2014,1.8577,0.8053,0.6067,1.1395,1.2581,1.2573,,,1.7183,2.7479,0.4636,1.0255,1.3315,0.6912,,1.3104,,0.9847,,0.7474,,0.8657,,0.6254,,1.1565,0.4551,0.7357,3.9417
003695,東大島,30424,0,87,55.2786,18.1694,0.5263,2.4862,1.1847,1.1299,2.1006,,,3.2174,0.8519,2.7247,0.6223,0.5084,0.5002,,0.9621,1.5025,,3.9055,,0.4941,,1.1622,6.1835,1.9404,,0.8253,2.2904,1.4917,1.9254
003451,鷺ノ宮,30388,0,146,85.3979,28.1025,1.4891,0.9581,0.884,0.7104,1.7871,1.2542,0.9193,,1.607,,0.801,0.3197,0.8106,0.3874,0.8005,0.6135,,1.2278,1.6275,1.718,,0.2493,1.3265,1.6064,,1.4002,3.4338,,1.824
004245,田園調布,30210,1,273,145.3827,48.124,0.2098,0.8766,1.5844,0.5591,1.1925,0.3701,,,0.6794,,0.8045,0.7828,0.5782,0.4544,,1.2912,2.1217,0.7786,,1.5859,2.7406,0.8331,,0.2644,1.1414,1.1992,3.6754,2.1677,1.9725
003165,志村坂上,30150,0,205,154.5658,51.2656,1.7804,2.219,1.2183,0.644,0.462,0.9594,,2.8132,1.0926,,1.8866,0.2174,0.8557,0.1913,0.7907,1.1627,0.4747,0.8348,1.1065,0.8449,0.2231,0.8808,0.9373,2.3753,,1.1844,1.3457,1.2654,1.2186
003158,志村三丁目,30055,0,199,150.9308,50.2182,1.8515,1.5273,1.0966,0.6625,0.3168,1.3158,,2.8939,0.7493,,1.7466,0.2236,1.1317,0.1968,0.8133,0.9795,0.4883,1.2881,1.1383,0.6518,,0.5437,4.8208,2.4434,0.4508,1.0722,1.4093,0.9763,2.1795
003794,永福町,30039,0,176,113.3705,37.7411,1.2489,0.7593,1.0151,0.6703,0.8476,1.3064,0.8674,,1.0108,2.9609,1.5513,0.6032,1.0093,0.9144,1.0711,1.4316,,0.5792,0.5118,1.319,0.6193,1.0166,2.2019,0.7881,,1.0033,2.1147,0.3798,1.0174
003791,幡ヶ谷,29965,0,831,384.3093,128.2527,0.9777,1.0089,0.6821,0.6477,0.8719,1.3193,0.7736,1.035,1.2396,1.0813,0.9598,1.6869,0.8753,0.6601,0.0909,1.0558,0.2938,1.5499,1.0272,1.4379,1.9331,0.6453,0.7629,1.7819,1.0968,1.0551,1.6515,0.4535,1.4175
004050,祐天寺,29907,0,828,377.1302,126.101,0.7235,0.8145,1.2303,1.141,1.1807,1.5481,0.9571,1.0868,0.8923,0.3567,0.7664,1.3313,0.9022,1.0322,0.3364,0.5832,0.4361,0.4015,1.5973,1.737,1.2396,1.0818,0.7507,0.817,2.1664,0.8335,1.1028,0.784,0.4133
003479,曳舟,29890,0,562,364.8987,122.0805,0.9376,1.1285,1.0279,0.7668,1.3181,0.9307,0.7442,2.8312,0.5782,0.4623,0.5878,0.7764,0.8894,0.7576,1.0795,1.0078,0.5652,,0.7319,0.8802,0.2657,0.8483,0.2655,0.7761,0.1739,1.3397,1.9282,1.4429,2.1647
003293,西巣鴨,29560,0,369,231.9283,78.4602,1.7728,1.3478,1.116,1.0592,1.4038,0.7153,1.0527,1.5635,0.6134,1.318,1.7168,1.028,0.9843,0.7695,0.7581,1.2911,0.2195,0.5789,0.7917,0.7166,0.4219,0.8606,0.6272,0.3376,1.071,0.8674,1.0222,0.9056,0.7121
003305,豊島園,29508,0,439,344.9743,116.9087,1.6598,0.8783,0.7468,0.4319,0.9916,0.8578,1.6768,0.9365,0.977,0.5208,0.8871,1.3605,1.1479,1.4544,0.7755,0.9934,1.0612,0.7465,0.1649,0.7555,0.7981,0.6024,1.6026,0.9884,0.7838,0.6549,1.3997,0.8484,1.1365
003419,武蔵関,29438,1,134,100.895,34.2737,1.3569,1.3464,1.7989,0.971,1.3933,1.125,,,1.6474,,0.5439,0.6554,1.3272,0.1582,,0.8375,0.7157,1.2587,,1.2739,0.3364,1.0158,1.3511,1.9047,,0.8494,1.7701,0.7153,1.2775
004012,葛西臨海公園,29022,1,20,11.5873,3.9926,,,1.4506,1.6559,,4.385,,,,,,,,,,0.8161,,4.2927,,1.0862,,1.4817,,7.793,,2.5637,2.0565,1.662,
004114,不動前,29015,0,1114,633.7252,218.413,1.1225,1.0616,0.8974,0.774,0.8553,1.4063,0.7679,0.3369,1.2377,1.221,1.0455,1.1631,1.0449,1.0486,0.7251,1.222,0.9604,0.6939,0.3731,1.4237,1.436,1.1837,0.6617,1.0081,0.8077,0.6585,0.6964,0.701,1.1985
003367,新江古田,28904,0,367,264.8304,91.6241,1.2567,0.525,0.7145,0.2642,1.0866,1.3161,0.658,0.9236,1.2848,1.3697,1.357,0.8678,0.9919,1.0794,,0.9873,0.2791,1.421,0.8674,1.0993,1.022,0.8139,0.946,1.1141,1.2122,1.0751,1.8768,0.7943,0.9051
003845,代々木公園,28862,0,814,352.8186,122.2433,0.8732,1.2214,0.8116,0.9658,0.5848,0.5642,0.6616,0.5901,1.1565,0.822,0.9193,1.1503,0.5107,1.0161,0.311,0.616,0.335,0.5891,1.0411,1.7141,3.6214,0.8176,,1.1863,3.5567,1.4973,1.0665,1.2067,0.9236
003623,若松河田,28849,0,558,254.6935,88.285,1.1034,1.2726,0.9489,1.2203,0.5518,0.5703,0.2787,0.6199,1.299,0.5193,1.5028,0.7752,0.5597,0.6218,1.0278,1.2029,2.9629,1.861,0.6578,1.2243,1.0943,0.994,0.3111,1.9939,1.1724,1.7265,1.1299,0.6088,1.4679
003985,代官山,28772,0,3160,1418.517,493.0199,0.6636,0.5818,0.901,1.113,1.1197,1.1779,1.4193,0.8128,0.5523,1.4689,0.5621,1.2788,0.8066,1.2837,0.7192,0.7072,1.1587,0.528,1.4881,1.6636,2.1016,0.866,0.2623,1.1235,1.9175,1.042,0.9734,0.6108,0.7228
003571,蔵前,28718,0,1750,882.1824,307.188,1.1169,1.3015,1.1138,1.8167,0.6069,0.9576,1.5401,2.5822,1.0345,0.7878,0.785,0.7822,0.7718,0.8786,0.3176,0.9234,0.6421,1.0727,1.1677,0.5229,0.7667,0.9438,0.8428,1.2308,1.3875,1.3797,0.8797,1.5575,0.4409
003434,千駄木,28507,0,937,584.3561,204.9869,0.4727,1.2667,0.9421,0.4512,1.055,0.6781,0.4681,0.744,0.7546,1.8231,1.3547,0.6082,0.961,0.9662,0.5877,1.1232,1.0395,1.0433,0.9053,0.8501,0.4597,0.7592,0.3783,0.6543,0.6316,1.5755,1.43,1.7716,1.2812
004061,高輪ゲートウェイ,28418,0,721,292.7198,103.0051,0.7683,1.2855,0.8967,1.3614,0.3738,0.9013,1.2197,0.4714,0.5922,0.7576,1.2233,1.343,1.1497,0.6033,1.0176,0.8774,0.6175,0.6787,0.8397,1.2021,1.0884,1.4686,0.8682,0.6634,0.9977,1.1141,1.1469,1.264,2.7089
004349,糀谷,28346,0,293,207.221,73.1041,1.6887,1.2811,1.3162,0.769,0.8491,0.9455,0.4265,0.5999,0.994,1.5896,1.4748,0.7415,1.2035,0.6664,1.1016,1.7326,0.9717,0.8544,0.5033,0.8647,,1.0016,1.9983,0.3618,0.299,0.669,0.9215,0.9575,1.4251
003962,芝公園,28023,0,1573,658.3269,234.9238,0.9334,1.3639,0.8027,1.0312,1.0038,1.1327,0.8189,0.7737,1.3254,1.3565,0.9647,1.7401,1.1703,0.6669,0.6832,1.3053,0.8983,1.2759,1.1275,1.1223,1.3641,1.266,0.5181,0.509,1.7225,0.8181,0.5133,0.2829,0.8083
003483,根津,27937,0,640,358.358,128.2736,0.284,0.7469,0.6979,1.114,0.9113,0.3056,0.487,0.6373,0.6356,2.0328,1.4861,0.6774,0.7422,1.074,0.2315,1.2539,0.9912,1.6,0.8046,1.1454,1.1265,1.6322,0.2374,0.9036,0.1912,1.8475,1.4231,1.7361,0.4599
003586,末広町,27833,0,3779,1781.3553,640.0156,1.1573,0.9408,0.8499,0.9231,0.8874,1.0394,1.4805,0.7678,1.2569,1.5434,0.9436,1.2535,1.2298,1.007,0.7581,0.9919,1.3171,1.2234,1.051,0.5569,0.5191,1.1641,0.5592,0.8515,1.0268,1.3097,0.4474,0.7728,0.3842
003117,高島平,27789,0,147,111.9837,40.2979,1.0401,0.9805,2.0114,0.638,0.8136,1.2671,,1.4863,0.481,1.5385,2.4918,1.1483,0.888,0.2527,2.0886,1.677,,0.5513,0.4872,0.837,,0.698,1.238,3.5855,,0.7509,1.2925,0.2089,3.3581
003233,中板橋,27781,0,346,268.5746,96.6756,1.5998,0.8033,0.4708,0.7964,1.4282,1.2523,0.3865,0.3479,0.2252,,1.6331,0.9407,1.1337,1.0647,0.4889,1.2757,0.2935,0.7742,0.4561,0.5877,0.5518,1.0893,0.5795,0.8392,0.542,1.1717,1.2101,0.5868,1.048
003999,辰巳,27776,1,44,25.9687,9.3493,0.5145,3.3154,1.1583,0.7364,,0.4876,2.8589,3.1456,,,1.2169,0.9941,,0.2276,,2.1777,,1.9091,,0.9661,,,,5.6912,,0.7432,0.8694,4.2159,1.8824
003349,富士見台,27732,0,191,144.6749,52.1689,1.1145,1.2721,1.605,0.4998,0.907,1.2543,1.2936,0.5419,2.2612,,1.4932,0.8525,1.0236,1.0858,0.8974,1.2966,,1.2053,,0.765,0.4618,0.6972,2.5924,0.6536,,0.4275,1.7297,0.8182,2.192
003702,西大島,27698,0,515,314.9146,113.6958,1.0262,0.6888,0.9626,0.9889,0.9558,1.2155,0.4752,1.8299,0.8306,0.4428,1.9214,0.7566,1.167,0.5031,0.7086,0.8795,0.3894,1.7704,1.395,0.8832,0.4241,1.4718,2.512,2.2072,0.1666,0.6664,0.7948,1.5766,2.1901
003619,南阿佐ヶ谷,27693,0,645,426.2872,153.9332,0.9117,0.8554,0.9239,0.4152,1.1813,0.9424,0.921,1.3876,1.0733,0.8582,0.9413,1.0409,0.96,1.4785,0.5471,1.0231,0.3497,1.3839,0.8153,0.7781,0.8219,0.9888,0.8768,0.4184,1.1302,1.184,1.3722,0.8066,0.5402
003763,浜田山,27565,0,197,127.235,46.1582,0.5415,0.6986,0.6288,0.9688,0.9189,0.898,1.5044,1.6999,0.8766,1.4018,0.7687,0.5231,0.8023,0.9372,,1.337,1.1425,1.0046,1.7755,2.0336,1.3426,1.0767,1.9095,1.3669,0.5274,1.2448,1.6301,0.6587,
003960,豪徳寺,27512,0,368,182.793,66.4412,0.6694,1.3272,1.1034,0.4258,1.3083,0.7753,,0.6585,0.7224,2.3105,1.1587,0.7186,0.9586,0.7986,,1.2068,0.3139,1.3799,1.2194,0.9776,1.0327,1.082,1.1513,1.3899,0.8693,1.1074,1.3026,1.3766,1.0847
003481,東大前,27311,0,745,451.5897,165.3508,0.7369,0.9306,0.8836,0.8961,0.7577,0.4042,0.862,0.3534,1.0045,1.6063,1.8495,0.4496,0.8544,0.8718,0.3658,1.0826,1.3092,1.7268,1.1444,1.6073,1.2912,1.4724,0.3264,1.0658,0.3022,1.2642,1.4121,1.4297,0.969
003448,落合南長崎,27118,0,269,133.3479,49.1732,1.2078,1.1686,1.8197,1.3348,1.2989,0.7895,0.5096,0.4422,1.2003,1.9394,1.0245,0.7163,1.0835,0.388,,1.6311,0.7903,1.0496,1.567,0.3481,0.9249,1.0004,0.6507,0.7708,0.3573,1.039,1.049,0.8278,1.2642
004191,等々力,27098,0,206,103.7057,38.2706,1.0451,1.2551,0.8478,1.1218,1.414,0.6189,0.7259,,1.2688,1.3527,0.814,0.7572,0.8418,0.3273,0.3864,1.1058,,0.9694,,2.3302,1.0364,0.7601,1.0111,0.6975,0.5089,1.0019,2.1117,1.5645,1.9051
003523,落合,26664,0,426,227.9433,85.4873,0.8866,1.1148,0.8528,1.1182,0.9678,0.8609,0.9999,,0.7531,3.0449,0.9512,0.4664,0.8867,1.2412,0.8918,1.127,1.2594,0.8631,1.3383,1.1908,1.3319,1.1255,0.7078,0.1418,2.1374,1.2609,0.8456,0.6142,0.6371
003314,練馬高野台,26372,0,139,103.6968,39.3208,0.32,1.5242,1.697,0.687,1.0515,0.3032,,0.7448,1.036,,1.7959,0.3092,0.7303,1.194,,1.0158,,2.3748,0.5246,1.8026,,0.9583,1.2746,1.3476,,0.9615,2.2265,1.3496,1.2052
004248,馬込,26346,0,163,105.5588,40.0663,1.0578,1.5433,1.4429,0.6597,1.3189,0.8609,2.6349,,,1.545,1.2005,1.1788,0.945,0.9247,0.6042,1.1953,,0.5536,0.5328,1.0305,0.6182,0.462,1.4102,0.4873,2.4288,0.9402,1.4928,0.378,1.7132
003431,新大塚,25769,0,744,388.7659,150.8657,1.235,1.0858,1.1119,0.7108,1.2455,0.7763,0.5174,1.0949,0.5025,0.9642,1.0023,0.6597,1.1571,0.8017,0.6141,1.238,0.6549,1.4274,2.3592,0.8618,0.9215,0.979,0.8045,1.2591,0.5313,0.9824,0.5846,0.6835,1.3733
004317,武蔵新田,25710,0,269,192.2895,74.7917,1.4556,1.1042,1.248,0.7812,1.2938,0.9482,0.5055,0.711,2.3562,1.884,1.748,0.5273,1.3123,0.5529,0.6528,0.9626,0.3839,0.6751,0.2983,0.8541,0.3609,0.8903,1.5789,0.6432,,0.7363,2.3403,0.6305,0.6756
003545,上野広小路,25666,0,3214,1600.4661,623.5744,1.1053,1.0298,0.8055,1.0425,0.9428,1.0786,1.4526,0.9833,1.1833,1.5962,0.796,1.3039,1.1062,1.1313,0.9574,0.9855,1.4472,1.1309,0.9584,0.5894,0.4967,1.021,0.3594,0.6716,0.8319,1.2579,0.5413,0.8835,0.5996
003128,西台,25605,0,185,135.1476,52.7817,1.4239,0.8542,1.2267,0.9264,0.3544,1.3493,,1.9423,0.4191,,2.1709,1.5007,0.633,0.5504,,1.6436,,,1.2733,0.9722,,1.2163,6.4713,2.3428,0.5043,0.9268,1.5765,0.9101,2.9257
003393,東長崎,25544,0,261,136.2833,53.3524,1.1817,1.0276,1.5545,0.7644,1.4527,0.9474,1.0287,0.4206,0.8473,0.9033,0.7475,0.6948,0.6941,0.9377,,1.913,0.3681,0.6869,0.2981,0.4948,0.8724,0.9894,1.4038,0.7331,0.3399,1.1935,2.0021,0.7898,0.9002
004329,矢口渡,25506,1,248,173.6069,68.0651,1.8112,0.916,1.2653,1.0081,1.431,0.8581,,1.1795,2.2803,,2.2849,0.7776,1.2621,0.3494,0.722,1.0647,0.4246,0.7467,0.3299,0.7557,0.5987,1.4771,1.7464,0.4742,,0.783,1.208,0.6974,1.1209
003676,東日本橋,25398,0,2133,1071.8763,422.0318,0.8578,1.2564,1.0298,1.1193,1.4468,0.8221,1.81,0.579,0.7382,1.5014,1.0317,1.3219,1.0858,0.9521,0.4234,1.1058,0.525,1.6373,0.6186,0.9797,1.1687,0.8345,0.5076,0.742,1.085,0.9651,0.6408,0.5789,0.6841
003193,本蓮沼,25190,0,191,144.9821,57.5554,1.8981,2.112,1.1619,0.5497,1.0515,1.0918,,1.2806,1.2434,1.3256,2.5764,,0.8346,0.5444,0.8998,1.3075,,0.475,0.4198,0.8413,0.2539,1.6397,,1.1585,,1.0244,0.8632,0.36,2.2913
003268,新板橋,24762,0,408,297.5798,120.176,1.1798,1.0472,0.9757,0.512,1.0384,0.9369,1.081,1.0576,1.0832,1.0618,1.5145,0.6419,1.1405,1.1324,0.4262,1.3156,0.6886,0.6751,0.7608,0.7264,0.9413,0.8665,1.5158,0.3331,0.8629,0.8366,1.0157,1.1639,1.1138
003709,菊川,24573,0,707,444.284,180.8017,1.2267,0.9178,1.0645,0.8049,1.3431,0.863,1.5483,1.6514,0.4345,0.7213,1.6556,0.8174,1.0662,0.9048,1.4464,0.8509,0.4517,1.0149,1.2646,0.9762,0.5863,0.9463,0.8238,0.974,0.7744,0.9164,0.9482,0.863,1.3444
003502,浅草,24412,0,2293,1140.9137,467.3577,0.9441,1.234,1.0631,1.7443,0.776,1.0131,1.7031,2.7183,1.3893,0.5078,0.8809,0.8291,0.7871,0.9274,0.6653,0.7784,0.9312,0.6824,1.2864,0.564,0.8074,0.8958,0.6791,0.8892,1.2994,1.289,0.7946,1.8166,0.3158
004361,羽田空港第2ターミナル,24342,1,236,156.0363,64.1017,0.876,1.329,1.0014,0.8358,,0.2767,0.5408,,1.2604,,0.51,0.7522,0.1221,0.5915,15.3644,0.4119,0.8214,,0.3191,0.2741,,2.0638,0.8446,1.1468,0.7584,1.6966,1.3354,4.8566,0.7228
003359,三河島,24202,0,583,423.9293,175.1629,0.768,1.6641,1.2736,0.527,1.2882,1.1464,0.4092,1.3137,0.7152,0.3813,0.9565,0.6403,0.9886,0.7183,0.7091,1.1911,2.4859,1.0737,1.6656,0.6914,0.073,0.7146,1.2672,1.0542,0.8405,0.9865,1.2372,0.9824,1.4412
003780,北参道,23768,0,1060,455.9998,191.8545,1.4069,0.9203,0.3663,0.4931,0.6346,0.789,0.7977,0.3989,0.8366,0.8919,0.9184,0.7212,0.534,0.6853,0.3,0.9924,0.4846,1.1719,1.6945,1.6982,1.9343,1.0378,0.3147,2.4028,2.4609,1.911,0.6943,1.6211,0.4176
004273,御嶽山,23587,0,181,115.0725,48.7864,0.6923,0.4201,2.2159,0.5945,0.6564,1.0496,,1.6231,1.793,,0.7255,0.2675,0.4342,0.4808,1.987,1.2697,,4.1099,,1.5599,1.3731,0.2258,1.2015,0.9789,1.6183,1.4653,2.612,1.1515,2.0565
003195,京成金町,23574,1,263,217.657,92.3293,1.6931,1.1321,0.7192,0.4406,1.1721,1.0209,,1.9065,0.9966,0.7969,0.9872,0.5948,1.2405,0.9426,1.1985,1.0315,,0.2856,,0.7948,0.3053,0.2305,1.2262,1.1498,0.2998,0.9383,1.1689,1.7713,1.2654
003473,野方,23415,0,324,195.5702,83.5235,1.289,1.2037,0.5074,0.5826,1.6749,1.4142,0.377,1.4562,1.3178,1.4049,1.0948,0.6554,1.1633,0.5957,0.3282,0.8135,0.5725,1.0069,0.4449,1.006,,0.3067,1.7715,1.3387,0.7929,1.005,1.7272,0.8375,1.7451
003290,京成関屋,23344,0,484,424.6734,181.9197,0.6333,1.1685,0.564,0.6184,1.241,0.8626,0.8797,0.6464,0.6407,1.6393,0.6519,1.453,1.6179,1.0471,,0.6957,1.0021,0.5752,0.6489,0.5945,0.471,0.5073,0.8097,1.1694,0.4626,0.66,1.6825,1.7401,1.3319
003886,築地市場,23281,0,5680,2673.5381,1148.3777,0.5511,0.588,1.78,2.108,0.6428,0.8296,1.7433,0.3513,0.7898,1.3885,0.534,1.6513,0.8317,1.9862,2.4526,0.6925,0.7129,0.5514,0.5959,0.9816,1.5035,1.0213,0.1459,0.3822,1.2071,0.7285,0.4897,0.8555,0.5819
003243,練馬春日町,22655,0,77,52.4801,23.1649,0.9014,0.9541,1.9121,,0.4937,1.1389,1.6696,1.3987,,,0.9636,,0.3919,0.5606,,2.1196,2.5358,,,0.8463,,0.8998,4.7872,2.5307,,1.3041,4.1812,1.2672,1.1316
003444,下井草,22499,0,120,80.8885,35.952,1.3728,1.364,1.1246,0.8075,1.6435,0.7258,,,0.6533,,0.8594,0.3899,0.761,0.6447,0.8881,1.7081,0.8515,2.2462,0.6616,0.9472,0.8005,0.2675,2.8463,1.5281,,0.7251,2.3986,0.7364,1.9728
004259,雪が谷大塚,22365,0,180,117.9551,52.7409,0.6774,1.146,1.7036,0.5817,0.6423,1.2837,,1.0588,1.3158,1.4028,1.1832,,0.6798,0.5127,1.9443,1.3379,,4.0215,,0.7467,0.5374,0.442,1.1757,0.9578,1.0556,1.2917,2.5559,1.3145,2.5154
004175,上野毛,22230,1,233,111.8048,50.2946,1.1014,0.8398,1.5884,1.7515,1.3245,0.2319,,0.5417,1.1885,,0.9532,0.7093,0.5257,0.438,0.7239,0.6906,1.0327,1.8162,1.2037,1.4935,1.699,1.0681,1.8942,0.6534,0.4768,1.1318,2.4727,1.5988,2.4984
003273,堀切菖蒲園,22096,0,130,109.6896,49.6423,2.1071,0.6326,1.0549,,1.5281,1.4262,,0.7457,0.4873,,0.724,0.5816,2.0216,0.4254,1.1719,1.274,1.2702,0.5584,0.4935,0.4239,,0.2254,3.597,0.8994,,0.7593,0.5715,0.4619,1.2373
004307,大森町,21817,1,281,193.583,88.7303,1.2919,0.7841,0.8861,0.6164,1.4971,1.3874,0.4786,1.6828,2.5096,1.7837,2.2567,0.3328,0.8643,0.4487,,1.1544,0.3634,1.2783,,0.8895,0.3417,0.8429,3.7371,2.0297,,0.7239,1.9203,0.9551,2.2387
004261,多摩川,21510,1,129,86.8216,40.3634,0.5649,0.8571,2.3678,,1.1902,0.5353,,,1.2192,,0.3289,0.3638,0.4724,0.1635,2.7023,1.0626,0.7946,3.4933,,1.4142,1.4939,0.9214,1.634,0.4437,0.7336,0.9378,5.8129,1.044,2.7968
003538,本所吾妻橋,21482,0,1330,734.2251,341.7862,0.9735,1.3143,0.9688,1.6944,0.6088,1.0019,1.2709,2.8304,1.1993,0.2259,0.6882,0.7792,0.5306,0.7309,0.7088,0.828,0.7055,0.674,1.0594,0.5867,0.6195,0.9284,0.7242,1.3196,1.3725,1.4821,1.1534,2.7056,1.1747
003706,浜町,21447,0,1807,944.9632,440.6039,0.7226,1.3014,1.0139,1.2694,1.3941,0.8101,2.2753,0.7855,0.7191,1.4263,0.9928,1.3345,1.0142,1.0238,0.4702,1.0013,0.5054,1.4783,0.3911,1.0943,1.1862,0.8494,0.5868,0.763,1.0968,0.9182,0.7518,0.7886,0.5897
004161,戸越,21299,0,490,282.8015,132.7769,1.2953,0.9028,1.1402,0.5932,1.2585,0.9328,0.2879,1.403,1.8452,1.073,1.2453,0.5005,0.8602,0.6346,0.2098,1.3888,0.8745,0.769,0.6795,0.9729,0.4111,0.8208,0.7278,0.8461,0.2019,1.3136,1.4617,1.247,1.9341
004372,羽田空港第1ターミナル,21124,0,236,156.0363,73.8668,0.876,1.329,1.0014,0.8358,,0.2767,0.5408,,1.2604,,0.51,0.7522,0.1221,0.5915,15.3644,0.4119,0.8214,,0.3191,0.2741,,2.0638,0.8446,1.1468,0.7584,1.6966,1.3354,4.8566,0.7228
003441,本駒込,21070,0,486,294.6664,139.8512,0.7935,1.115,1.0167,0.4867,0.9555,0.6445,0.3149,0.5165,0.9175,0.5869,1.4606,0.438,0.6281,0.8733,0.2673,0.9139,1.435,1.6824,0.9292,2.1817,0.7869,1.0759,0.9541,1.0903,,1.325,1.865,1.7055,1.0621
003278,尾久,20858,0,209,143.733,68.9103,1.226,2.327,0.7376,1.2826,0.8882,0.5096,,,1.0909,1.1877,1.9413,0.6234,0.8567,0.159,0.7363,1.8561,,2.0484,0.3526,0.2154,0.4266,0.8516,2.5569,1.8032,,1.2517,1.206,1.0001,3.5724
003288,牛田,20820,0,581,510.7424,245.3134,0.7738,1.1869,0.543,0.5961,1.2005,0.886,0.8958,0.7898,0.8351,1.3354,0.6196,1.3705,1.5688,1.0236,,0.6349,0.9524,0.4686,0.5286,0.5751,0.3837,0.4959,0.6596,1.429,0.6281,0.6502,1.4333,2.0757,1.6275
004364,穴守稲荷,20698,1,167,121.2852,58.5975,1.6705,1.3648,0.7345,0.9196,0.8122,1.0959,,,1.6641,1.3306,1.1223,0.4966,1.4507,1.1157,0.9221,1.3597,1.0845,0.9536,0.4213,0.6032,,1.048,3.3454,0.6056,,0.8,0.2204,0.3562,1.9086
003426,椎名町,20617,0,325,156.5145,75.9153,1.2541,1.6187,1.3281,1.1763,1.2413,0.6973,0.4089,0.7095,1.4295,,1.0509,0.4265,0.711,0.6654,,1.354,0.621,1.1037,0.2514,0.8349,0.888,0.8657,0.9977,0.8558,0.5734,1.4794,1.4003,0.7594,2.0343
003679,中野新橋,20570,0,494,284.4004,138.2598,1.2368,1.1922,0.9302,0.8509,0.7543,0.9854,1.381,0.2667,2.4075,1.0294,1.4775,0.3842,1.2135,0.6994,1.0866,1.0581,0.606,1.8371,1.5086,0.8867,0.6792,0.5244,0.3985,0.8044,0.7746,0.8888,1.1609,1.0702,1.5772
003618,牛込柳町,19954,0,631,288.9802,144.8232,1.2151,1.1419,0.9288,0.8373,0.7152,0.5544,0.25,0.927,1.3113,0.466,1.1799,0.7826,0.4803,0.8034,0.3689,1.2063,1.5192,1.6698,0.5902,1.69,2.4992,1.0493,0.2791,1.5654,1.052,1.6838,0.7435,0.7648,1.0244
004112,台場,19936,1,265,115.9431,58.1577,1.3362,0.7301,0.9207,0.4283,0.1178,1.1439,,4.5728,2.6816,1.1895,1.5271,0.9783,0.2804,0.7377,0.2565,0.6173,0.3891,1.1104,0.679,1.06,0.4107,3.195,0.7293,3.073,2.8188,1.8581,0.3255,1.5783,0.2845
003477,京成曳舟,19929,0,472,308.734,154.917,1.0014,1.1219,1.0552,0.6035,1.4005,0.7491,0.5857,3.3424,0.1706,0.5458,0.5678,0.9165,1.0808,0.7093,0.5098,0.9295,0.6672,0.1956,0.8641,0.9402,0.2091,0.7069,0.3134,0.733,0.2053,1.5244,1.6861,0.8858,2.1904
003489,新井薬師前,19709,0,581,341.6651,173.3549,1.2233,0.6439,0.9802,0.6641,1.6924,1.1592,0.4688,0.2264,1.3657,,1.2254,0.8907,1.1489,1.0865,1.4286,1.0075,,0.7714,0.8299,0.7921,0.747,0.89,0.3382,0.9556,1.8078,0.9386,0.9307,0.5683,0.7751
004299,鵜の木,19463,1,132,87.9515,45.1891,0.8126,0.9247,1.6257,1.1631,1.2841,0.77,,0.7938,0.6577,2.1036,0.7097,0.785,0.6371,0.5292,,1.1465,,1.5076,,1.3351,1.2088,0.9941,3.526,0.4788,0.7915,1.2647,4.181,0.5632,0.7544
003471,雑司が谷,19401,0,838,415.3582,214.0911,0.8698,0.8746,1.1733,0.7025,1.1494,0.9884,1.6043,0.8352,0.8413,1.4948,0.7348,0.7252,1.0696,0.8275,0.5086,0.7722,0.4873,1.6205,1.3333,0.9075,1.6162,0.9843,0.8011,1.25,1.0614,1.3415,1.0274,0.8216,0.8982
004155,戸越銀座,19370,0,569,328.0417,169.3555,1.2063,0.7785,1.1798,0.5755,1.1455,0.9737,0.2482,1.4518,1.7357,0.9253,1.4528,0.4316,0.8375,0.7442,0.1809,1.3237,0.9426,0.4973,0.293,1.1745,0.6203,0.9437,0.6276,1.1674,0.6963,1.2199,1.6106,1.1319,1.6678
003140,蓮根,19363,0,196,145.7686,75.282,2.0774,1.008,0.8271,0.6996,0.5018,1.3895,,1.8335,0.3956,,1.4345,1.1805,0.8631,0.5196,,1.5516,,0.9068,1.202,0.6883,,1.1482,7.1269,1.843,0.4761,0.8749,1.063,1.0309,3.2221
003688,中野富士見町,19307,0,393,227.8998,118.04,0.9391,1.2122,0.9427,0.919,0.6762,0.9491,1.7392,0.3359,2.2294,1.2965,1.5473,0.3629,0.9706,0.9685,1.2547,1.0712,0.2642,1.8583,1.7473,0.6616,0.3725,0.6703,0.5019,1.013,1.282,1.0775,1.3813,1.136,1.4066
004087,東京ビッグサイト,19291,1,153,85.9666,44.5631,0.9117,1.2238,0.5131,1.3048,0.7278,0.4319,0.8443,0.9289,0.4919,,2.5154,0.8807,0.1926,0.2689,0.5555,1.179,1.2823,1.1275,,1.2838,0.9041,3.3555,,6.1623,0.592,1.6459,1.027,1.4525,
003442,東向島,19220,0,360,240.1824,124.9648,0.9709,1.1194,1.0366,0.8337,1.5288,0.8586,0.7193,2.2388,0.6286,,0.6198,1.0005,1.3273,0.4166,0.939,0.9588,0.8194,0.9202,0.6367,0.9115,0.3851,0.7958,0.7698,1.1252,0.2522,1.1934,1.3459,0.8367,1.5691
003519,稲荷町,18891,0,2521,1289.9653,682.8465,0.984,1.2088,0.9574,0.9582,0.9987,1.2111,1.6909,1.4993,1.2151,1.5755,0.7288,1.4307,1.0901,1.0298,0.7198,1.0161,1.4981,0.9409,0.9645,0.5904,0.5432,0.7392,0.5619,0.7234,1.0275,0.955,0.6788,1.1093,0.8164
003437,上井草,18819,0,114,80.7742,42.9216,2.274,2.1037,0.9681,0.3266,,1.2898,1.2679,,1.4724,2.3464,1.3309,0.4378,1.652,0.1207,,1.1212,,1.6816,,0.6397,0.4526,1.5432,1.8177,,,0.8239,1.079,1.4685,1.7187
003440,井荻,18679,0,140,92.8433,49.7046,1.2494,1.2052,0.9938,0.5104,1.4522,1.0137,,,0.5773,,1.5187,0.3445,0.7685,0.5697,0.7847,2.0124,0.7524,1.3232,0.5846,0.837,0.7073,0.7416,2.515,1.3503,,0.8797,1.8786,1.3014,1.7432
003837,代々木八幡,18567,0,718,310.304,167.1266,0.8166,1.2216,0.8117,0.9091,0.4679,0.5589,0.5042,0.6745,0.7344,0.4698,0.9507,0.9642,0.5041,0.9894,0.237,0.7681,0.3829,0.3367,1.0413,1.7038,3.7794,0.8411,,1.356,3.5351,1.5185,1.3409,1.2315,1.0557
003376,四ツ木,18180,0,83,67.7221,37.2509,,2.6451,1.2173,1.1517,0.4638,0.5194,,1.358,2.6051,,0.307,,1.5553,0.7747,,0.9543,,2.034,0.8987,0.2573,,0.8208,4.367,0.819,2.1357,0.7616,1.5611,1.5932,1.1267
003303,京成小岩,18036,0,330,231.8917,128.5716,1.4064,0.4417,0.9282,0.7668,1.991,1.4679,0.3721,2.244,1.0841,1.3869,0.7348,0.3882,1.1156,0.8543,2.2464,1.0107,1.413,1.2425,1.0979,0.5741,0.699,0.5146,1.5162,0.6767,0.5218,0.6276,1.3838,0.8298,0.5155
003475,沼袋,18003,0,334,199.1152,110.6011,1.1602,0.9687,1.0938,0.293,1.7902,1.2287,0.3792,,1.7676,,1.1014,0.5274,1.2539,0.6792,0.6604,0.9112,,1.0129,0.2238,1.1533,0.9379,0.5142,0.5472,0.6626,1.8612,0.9852,1.5058,0.7322,1.0032
003453,都立家政,17816,0,313,187.3799,105.1751,1.4605,1.3299,0.8202,0.7316,1.8029,1.2455,0.4057,1.5675,1.4185,1.5123,0.9428,0.4233,0.9839,0.513,0.3533,0.7727,0.6163,0.8129,0.7183,0.9639,,0.3301,1.1709,1.2047,0.2845,1.1743,2.2309,0.601,1.8784
004244,立会川,17669,0,441,268.4346,151.924,0.7942,1.1296,1.1235,1.299,0.9185,1.29,0.6304,1.2288,1.2856,,1.203,0.3288,1.3367,1.0561,0.9188,1.1604,0.4787,0.8419,0.744,0.9054,0.7876,0.8987,1.1953,1.1117,0.442,0.6453,1.0669,0.3593,1.3475
003777,西永福,17596,0,252,162.5873,92.4001,0.741,0.4097,0.7866,1.0605,1.0059,0.9027,0.5882,1.3292,1.0281,2.1922,1.2022,0.6136,0.7984,0.8455,0.4659,1.3441,0.8934,1.1783,1.0412,1.9876,1.2597,0.8419,2.2397,1.3361,0.4124,1.1472,2.2306,0.5151,0.345
003830,代田橋,17148,0,480,240.8612,140.4602,1.6353,1.19,0.6255,0.7301,0.8473,1.2526,,0.2738,1.1441,1.817,1.2636,1.0313,0.9756,0.6707,0.3556,1.1047,0.72,2.0255,0.7565,1.0968,0.3722,0.8661,1.4402,1.3072,0.9179,1.0703,1.5132,1.0594,1.0082
004239,洗足池,17037,0,211,146.8862,86.216,1.0684,0.6484,0.9771,1.0704,1.013,1.0124,1.781,1.67,1.0377,2.2126,1.1198,0.396,0.7752,1.3948,1.5333,1.3566,0.4508,1.5857,0.7006,0.7021,0.6184,0.8714,0.9272,1.2589,0.4163,0.8301,1.4659,0.8886,1.1902
004044,白金台,16791,0,589,269.5442,160.529,0.5278,0.7786,1.2273,1.4809,1.165,0.9224,2.0306,0.3056,0.7219,0.4312,0.6799,0.6402,0.4653,0.7697,1.0393,1.1637,0.1757,1.047,0.6431,2.1501,3.8946,1.4402,1.1222,0.5079,0.6313,1.1049,0.9841,1.3211,0.3854
003301,千住大橋,16762,0,434,371.288,221.5058,0.7882,0.7163,1.0957,0.5975,1.7028,0.8319,0.7805,0.3823,0.5811,0.9696,0.9299,1.6962,1.7806,1.0405,,0.5753,1.3665,0.6804,1.1898,0.6154,0.5572,0.5589,1.4773,0.8764,0.9121,0.8235,0.3422,0.9032,0.5909
004001,市場前,16534,1,100,54.0267,32.6761,0.9452,0.7613,7.0966,1.3528,,0.8956,,4.3339,1.5301,,3.912,3.196,0.1497,0.5227,,0.5001,,0.8768,,,0.4687,1.5656,,0.8712,0.9206,0.7679,0.7986,0.9681,0.8645
004319,梅屋敷,16426,0,470,343.4039,209.0612,1.0216,0.9864,0.8494,0.864,1.3209,0.88,0.516,1.0887,1.9544,0.9617,2.0278,0.9869,1.1358,1.0483,0.9996,1.1792,0.1959,0.8615,0.4568,0.8283,0.5526,0.8332,2.8208,1.2038,0.7237,0.477,1.0353,0.7724,1.7243
004399,六郷土手,16205,1,29,20.6967,12.7718,1.5312,2.3232,,2.1915,1.2098,,,,2.4786,,1.3373,,0.4802,1.3294,,3.2403,,,,1.4375,,,6.6438,,,0.4766,,1.0612,2.8429
003285,下板橋,16048,0,468,337.8843,210.546,1.2158,0.9787,1.0039,0.5566,0.7925,0.8533,0.7069,1.1986,0.8345,0.553,1.6025,0.7792,1.2979,1.1729,0.3754,1.2731,0.4507,0.7927,0.791,0.7178,0.7415,0.6646,1.8586,0.4006,1.1118,0.9035,0.9313,1.0548,1.1821
004285,流通センター,15693,1,28,18.5466,11.8184,,3.1736,,,,0.991,,,3.3859,,3.6536,2.0207,0.6559,0.908,,,4.4131,3.8805,,0.9819,,5.1176,18.1516,2.4646,,0.6511,,,
004292,久が原,15640,0,147,95.7727,61.2357,0.7012,0.266,1.8036,1.0036,1.1081,0.1661,,1.37,1.1351,,1.2248,0.6774,0.7696,0.6088,,1.2366,,2.6018,,1.4812,0.6954,0.2859,3.0425,1.6525,0.683,1.5824,3.0065,0.729,1.9528
003899,東松原,15426,0,460,217.0566,140.7083,1.4099,1.4604,0.8015,0.3807,0.6298,0.7561,,,0.4306,2.7542,1.2431,0.6424,0.9358,0.7803,0.3934,0.9946,0.2806,1.5303,1.3082,0.8116,0.3957,1.3543,1.544,1.4202,1.5544,1.6013,1.0749,1.5204,1.1637
004305,千鳥町,15216,0,277,193.1065,126.9102,1.2548,1.0879,0.9222,1.0263,1.1331,1.0192,0.498,0.7005,1.4509,2.7843,1.5656,0.5195,1.0119,0.7004,0.6432,0.9484,0.7564,0.9977,0.2939,0.9256,0.8889,0.731,3.1113,0.6337,0.3492,0.8928,2.9207,0.8697,0.3328
003153,志茂,15187,1,330,223.6834,147.2861,1.3644,0.6204,1.1795,0.8369,1.1209,1.426,0.722,0.3229,0.8414,0.6727,1.3991,0.8787,1.1728,1.2664,2.791,1.344,0.5483,0.7232,1.4912,0.488,0.1289,1.1613,0.7723,1.1685,0.2531,0.7218,0.3595,0.3874,1.0378
004225,荏原町,15179,0,430,269.3031,177.4182,1.3745,0.9152,1.0545,0.663,1.2306,1.0877,1.3149,1.468,0.7335,1.1729,1.124,1.1138,1.1505,0.8486,1.5732,0.9767,0.2603,0.6305,0.2023,0.8166,0.7964,0.8483,0.5353,1.176,1.1426,0.9628,1.2051,0.3725,1.8404
004153,新馬場,15099,0,423,254.749,168.7191,1.0822,1.4794,0.7004,1.0326,0.7302,1.0255,,1.3024,1.3625,,0.51,0.8131,1.2236,0.648,1.2172,1.2723,0.7611,2.1723,0.3943,1.3547,0.5962,0.7937,0.8446,1.5709,,0.875,1.4135,0.6854,1.2242
003321,桜台,15032,0,680,525.5859,349.6447,1.5776,0.8348,0.7946,0.3763,1.1879,0.9343,0.7305,1.0709,1.1704,1.0209,1.054,1.27,1.1787,1.1956,0.5067,0.9737,0.6934,1.2195,0.5388,0.7714,0.8474,0.5413,0.7854,1.1072,1.0244,0.8339,1.4863,0.6468,0.8664
004232,長原,14880,0,336,206.4968,138.7747,0.8929,0.6935,0.9441,0.9747,1.1174,1.2038,1.181,2.0273,0.5133,,1.1568,1.0095,0.9892,0.7152,1.727,1.2784,0.3345,0.8342,0.4582,1.1696,0.9502,0.739,1.3758,1.6981,1.1595,0.9891,1.4493,0.7338,0.8357
004247,石川台,14877,0,176,114.2776,76.8149,1.0065,1.2162,1.1506,1.029,0.9089,1.3448,,2.2474,1.2862,1.4888,1.4162,,0.5411,0.5441,2.0635,1.6228,,4.268,,0.6575,0.2852,0.7036,,0.6777,0.5602,1.2319,1.9728,1.5944,1.0678
003184,下赤塚,14727,0,176,135.0122,91.6766,1.4184,1.2777,0.9767,0.3694,1.3434,1.2229,0.724,1.3033,1.6712,1.3491,0.6555,0.7552,0.9956,0.5624,0.9853,1.1913,1.0787,1.9154,1.2735,1.0916,0.2584,0.7908,2.1037,1.1449,1.0056,0.823,1.3383,0.7258,0.9627
004034,東雲,14700,1,45,25.5453,17.3778,0.5106,2.4677,,0.7308,,0.4839,5.6745,3.1217,,,1.2076,0.9866,,0.4518,,1.0806,,,,1.4382,,,,5.6481,,1.4751,1.7256,4.8813,1.8681
003849,上北沢,14678,0,224,131.5312,89.6111,2.4236,1.0409,0.9146,0.8234,0.7801,1.0313,,2.4575,1.0638,1.0625,1.1648,0.675,1.1816,0.8483,0.5429,1.5355,0.5206,1.2192,0.3365,0.7523,0.2447,0.6114,1.6642,0.8593,,0.6308,1.0625,0.8587,1.2061
003422,八広,14618,0,159,111.422,76.2225,0.4499,1.1348,1.3881,1.3173,1.1069,0.7105,0.8332,1.7291,0.971,,0.718,1.159,1.7287,0.302,1.4504,1.1709,1.2656,0.5564,,0.9855,,0.1676,,1.0428,0.6244,1.2733,0.7196,0.8795,1.0387
003277,上中里,14482,0,234,143.6506,99.1925,1.5516,1.8841,1.0928,0.7468,0.7694,0.5855,0.5722,0.5118,0.9457,,2.9557,0.7634,0.9887,0.0918,,1.3327,,2.2556,0.6201,0.6516,0.5794,1.2125,2.4483,1.09,0.3356,1.4359,1.2254,0.8912,1.645
004180,洗足,14288,0,420,252.9978,177.0701,1.1744,1.1516,0.9906,1.0068,0.6948,0.8371,1.9141,1.229,1.0817,1.1551,1.3984,0.3278,1.0547,1.4086,0.8464,0.9108,0.267,0.6295,0.5241,0.9556,0.9603,0.9725,1.0982,1.0394,0.1881,0.9509,1.7005,0.5466,0.6293
003832,芦花公園,14016,0,429,232.7533,166.0626,1.3416,1.0495,0.8292,0.7917,1.4817,0.8918,0.3268,2.4502,1.333,1.8272,1.3745,0.6819,1.0433,0.7611,1.5291,1.6187,0.7446,0.6989,0.5786,1.1156,0.3736,0.6927,0.4552,0.7851,0.2755,0.6137,0.978,0.9185,1.1471
004079,高輪台,13969,0,984,508.9704,364.3571,1.1007,1.1039,0.9342,1.1907,0.8949,1.0644,0.9914,1.2441,0.695,1.4088,0.7439,1.0779,0.9901,0.9388,1.4033,1.0474,0.8164,0.6062,0.6591,1.2522,1.7368,1.2873,0.7386,1.0088,0.4714,0.6538,0.9485,0.9866,1.5664
003060,見沼代親水公園,13889,1,27,21.273,15.3164,0.8249,,2.137,,3.2328,1.5632,,,2.6704,,1.1321,,,0.8729,,1.1637,,,,,,,5.6246,,,0.9596,3.205,2.5903,6.9394
003775,国立競技場,13711,0,687,308.311,224.864,0.7652,1.2828,0.8032,0.5476,0.6882,0.4776,0.9501,1.212,0.5583,0.9003,0.598,0.6524,0.6415,0.9513,0.5604,1.4428,0.5381,1.5808,1.8198,1.6965,2.4408,1.0514,0.2607,1.6824,1.6305,1.5669,0.5351,0.8725,0.3896
003602,牛込神楽坂,13686,0,1570,748.7601,547.0993,0.6502,0.8562,0.9058,1.3259,1.0059,0.8634,1.5362,0.5015,0.7954,1.3019,0.6066,0.9491,0.9585,1.0872,0.6554,1.0199,0.5576,0.9262,0.7061,1.818,2.3661,0.8773,0.7548,0.6138,1.1824,1.0186,0.6891,0.906,0.8257
004268,大森海岸,13644,0,761,536.5392,393.2419,1.0887,1.1348,1.0512,1.0842,1.0084,1.0316,0.9556,0.9661,1.1374,1.5473,0.9756,0.8037,1.1029,1.1464,2.4701,1.2004,0.4941,1.4709,0.8499,0.7438,0.7561,1.1074,2.0749,1.2165,0.3493,0.5416,0.6068,0.7804,0.9453
004186,戸越公園,13597,0,421,244.5026,179.821,1.3752,1.1162,0.9869,0.8558,1.4523,1.2465,,1.2953,1.9358,1.8574,1.0144,0.6932,0.7365,0.6445,0.2421,1.434,0.2523,0.8874,0.5881,0.842,0.2372,1.1051,,0.7812,0.2329,1.1661,1.4057,1.0604,2.4349
004091,お台場海浜公園,13435,1,272,120.4635,89.6639,1.2786,0.6986,0.881,0.7245,0.2882,1.0854,,4.3757,2.566,1.1382,1.4613,1.3609,0.2683,0.5887,0.6473,0.8233,0.3723,1.0626,0.6497,1.1175,1.0471,2.8994,0.6979,2.9406,2.2314,1.6598,0.3115,1.6604,0.2722
003177,青井,13288,0,105,85.5484,64.3802,1.5999,1.4581,1.8134,1.4311,0.3919,1.3265,,3.2659,1.9423,,0.8235,0.3864,0.9332,0.8465,3.4981,1.2696,,0.742,,0.3755,0.3967,1.0253,1.3637,0.9848,,0.5429,1.5541,0.942,0.8412
003778,参宮橋,13182,0,691,312.9249,237.388,1.4323,1.0659,0.5554,0.5826,0.7516,1.2014,1.3632,1.2227,1.1848,1.7031,0.8745,1.0196,0.6305,0.6318,0.2703,1.0664,0.5148,2.1106,1.483,1.7269,1.6203,1.2441,0.9012,2.1903,1.917,1.2486,1.0719,0.3608,0.8372
003787,桜田門,13129,0,955,388.0833,295.5924,0.7055,1.1585,0.8171,2.1617,1.0909,0.5399,1.5047,0.143,1.31,0.5569,1.1685,1.3656,1.2627,0.4781,0.3762,0.9723,0.6835,1.1046,2.0362,0.6365,1.8185,1.3741,,0.6599,1.6788,1.2725,0.7433,0.5307,0.3358
003736,富士見ヶ丘,13091,0,177,113.5175,86.7142,0.746,1.1549,1.1087,0.4271,0.6076,0.7069,0.829,,1.4491,,0.8472,,0.8705,1.1917,1.3132,1.5787,,1.6608,0.9784,1.8209,0.2959,1.1867,2.1045,0.3766,,1.2529,1.9637,0.9075,0.9724
003104,西高島平,12970,1,49,39.3682,30.3533,0.9068,1.496,0.6138,1.2979,0.6207,1.7185,,,,,1.5208,0.8761,1.478,0.7712,,1.2794,,,,0.4257,,1.4201,,1.3677,,0.3819,2.3665,1.9126,1.7079
003171,江北,12958,0,88,67.5914,52.1619,1.3207,1.9258,0.6843,1.1341,1.0352,1.0011,2.9352,2.1567,1.7102,,0.7251,0.5103,0.6163,0.559,2.3101,0.7453,,2.9401,,1.4878,,0.6771,7.2044,1.3007,,1.2291,0.5132,1.2442,1.1111
003355,鐘ヶ淵,12929,0,131,84.2867,65.192,0.803,1.3354,1.0047,0.862,0.889,0.5707,,,1.2998,,0.9611,1.1636,1.2938,,1.9416,1.8488,1.6942,2.2346,0.6582,1.5077,0.3982,0.6731,,1.3959,,1.3789,0.6422,0.7785,1.3905
004181,荏原中延,12777,0,580,341.8139,267.5228,1.3826,0.699,1.0458,0.4947,1.3992,1.0644,0.7202,1.4039,1.5386,1.3421,1.0995,0.7513,0.995,0.5715,0.5248,1.2191,0.7292,0.8015,0.425,0.9735,0.5142,0.9126,0.3035,1.27,0.6733,1.1234,1.5575,1.0946,1.6128
004216,九品仏,12729,0,831,371.0907,291.5317,0.6222,0.7111,0.9061,0.7946,0.5008,0.7618,0.7974,0.3595,0.8207,1.4372,0.7985,0.9523,0.6714,0.8834,0.5495,0.7936,0.7669,1.1718,0.6749,2.0343,2.1461,1.0821,0.2959,0.8672,1.6406,1.222,2.1066,2.2374,1.1718
003150,大師前,12621,0,313,257.3615,203.9153,1.1162,1.0771,1.0207,0.8458,1.4154,1.3066,2.189,2.1446,0.6377,0.6799,0.721,1.0149,1.0724,0.5559,1.1485,0.8337,0.2771,0.7309,0.2153,0.7397,,0.5049,1.3432,2.2634,0.5116,1.0185,1.4032,1.4434,1.1048
003144,西新井大師西,12405,0,149,121.367,97.8372,1.6565,0.7548,1.7882,1.383,1.082,0.9156,3.0679,1.1271,0.8938,,0.7579,0.2667,1.503,0.4382,1.2073,0.6816,,1.5365,,1.4255,,0.7077,3.7651,1.3595,,0.6959,0.5364,1.0837,1.1613
004223,奥沢,12146,0,879,399.9284,329.2676,0.4606,0.6915,1.1377,0.9162,0.8235,0.6897,0.5359,0.3293,0.6105,0.9539,0.7921,0.9318,0.6563,0.7825,0.5035,0.93,1.1096,1.2069,0.6041,1.8236,2.3488,1.057,,0.8893,1.4862,1.2613,2.2322,2.0163,1.0659
003491,下落合,11882,0,669,329.2459,277.0964,1.1035,1.0383,0.5875,0.8189,1.1222,0.76,1.0572,0.3135,1.3502,2.3641,1.2966,1.0293,1.2739,0.8887,0.7846,1.1851,0.9504,1.2702,2.9894,0.7116,0.2264,0.9133,0.7081,0.6618,1.0378,0.9527,0.9729,0.6467,1.0196
004251,大井競馬場前,11828,0,87,52.7293,44.5801,0.9235,1.9156,1.3549,1.7624,0.4154,2.0419,1.7105,5.0015,,,2.1762,0.5948,0.9892,0.6033,,1.0858,1.299,3.4267,1.0094,0.578,,0.4064,,1.0055,,0.4002,0.4825,,4.1788
003525,小村井,11154,0,228,143.6482,128.7863,1.0065,1.4242,0.5864,0.3125,0.8305,0.7468,,4.053,,,0.7013,0.6792,0.9979,0.5694,,1.2773,0.4268,0.4348,0.7159,0.85,0.2324,0.8782,1.451,0.4074,0.8506,1.6039,2.4035,0.8955,4.0223
003120,谷在家,11064,0,90,70.1179,63.3748,2.522,0.9194,2.2869,0.7219,0.9884,0.9559,,,0.8165,,1.0384,,0.7846,0.8007,2.2057,1.0674,,2.8072,,1.6574,,0.6465,3.4394,,,0.5868,1.4699,0.792,3.1825
003938,神泉,10963,0,3437,1584.0899,1444.942,1.0035,0.6405,0.644,0.9643,0.9677,1.1707,1.5511,0.6409,0.7995,1.4512,0.6006,1.2424,1.2752,1.1338,0.9731,0.6254,1.1132,0.6993,0.9423,1.0789,1.4321,0.9577,0.4969,0.8809,2.3431,1.0788,0.5303,0.8584,0.5511
003859,越中島,10880,0,731,433.896,398.8015,0.5633,0.72,1.0876,1.2824,0.9321,1.0654,0.5546,2.8703,0.9694,0.3445,1.1264,1.5809,1.5029,0.8914,0.2433,0.6977,1.3849,0.7156,0.3272,1.1784,0.7785,1.0286,0.3909,1.2857,0.881,0.772,0.6457,0.6737,0.8904
003209,扇大橋,10663,0,40,29.5633,27.7251,0.6397,4.6642,0.8287,,1.2537,2.4247,,,2.0711,,1.7561,,,,,1.8051,,,,0.6006,,1.6399,8.7246,3.1503,,1.2404,1.2429,1.0045,
003981,新豊洲,10511,0,266,148.2007,140.9958,0.8493,1.2313,3.0286,0.8509,0.1356,0.6438,0.9438,2.0769,1.9247,,2.2095,1.4769,0.4844,0.263,,1.1383,1.0751,,0.8354,0.7176,0.1685,2.0632,1.9958,2.5051,1.3235,1.251,1.7221,1.3918,1.2428
003315,北池袋,10356,0,848,487.4311,470.6751,1.3565,0.9981,1.0928,0.7809,0.9033,1.1143,1.022,1.2188,0.8868,0.6259,0.9455,1.0515,1.0482,1.3446,1.1213,1.3283,0.3593,0.5909,1.222,0.7172,0.6214,1.0014,0.8235,0.5194,1.3746,0.8619,0.4763,0.8107,0.7786
004279,沼部,10289,1,97,63.0818,61.3099,0.2681,0.4068,2.4522,0.3838,0.4237,0.7622,,,3.4724,,0.4684,0.5181,0.3363,0.4656,3.8481,0.9457,1.1315,4.9746,,1.7622,1.5955,,2.3269,1.2638,1.0447,1.1685,3.2191,1.115,3.9827
004210,緑が丘,10090,0,678,334.2153,331.2342,1.0491,0.9801,1.0077,0.8641,0.6655,0.747,0.7428,0.642,0.7543,1.2655,1.1591,0.5194,0.775,1.2321,0.3605,1.0205,0.8009,1.4935,0.7639,1.279,1.6657,1.0825,0.8397,0.4668,1.1709,1.1836,1.4862,1.4908,0.7993
003311,新桜台,9867,0,417,315.3332,319.5837,1.2452,0.8595,0.5742,0.155,1.1295,1.1296,0.6016,0.7561,1.0516,1.1212,1.3889,0.9414,1.089,1.212,,0.8784,0.2284,1.4062,0.8876,1.0674,1.1812,0.6485,0.4313,1.2159,1.2655,1.0122,1.7677,0.7437,0.6117
004220,鮫洲,9677,0,767,472.2098,487.9713,0.9196,0.9866,1.1165,0.9531,0.9414,1.5024,0.3524,1.3739,1.5399,0.6567,0.9863,0.9803,1.3416,1.1031,0.3852,1.1184,0.2676,0.706,0.8318,0.9527,0.8805,0.7117,0.6682,1.5535,0.3706,0.5463,0.7455,0.5222,1.1837
003931,世田谷代田,9582,0,1090,513.8186,536.2331,0.9877,0.7177,0.5925,0.291,1.0612,0.9084,0.6456,0.9001,0.3762,1.504,0.9956,0.898,0.8891,1.3307,0.6874,0.7172,0.9806,1.0779,1.7144,0.9273,0.749,1.479,0.8993,1.3959,1.6976,1.4482,1.1348,1.2018,0.5084
003078,舎人,9542,1,52,39.7113,41.6174,0.9241,1.6843,2.3941,1.3226,1.8109,0.8756,,,1.4958,,1.2683,,0.3594,0.4889,,2.6074,,,,0.4338,,0.5922,9.4518,,,0.5375,1.7953,1.451,3.8871
003112,新高島平,9534,1,110,85.6356,89.8213,0.7772,0.6411,1.8412,0.5562,1.0639,1.4729,,0.9718,0.629,2.0119,2.2809,1.1262,1.1612,0.3305,2.7312,1.6447,,0.7209,,0.5472,,0.9128,,2.3443,,0.6546,1.3521,0.5464,3.6594
004017,松陰神社前,9531,0,328,153.0894,160.6226,0.851,1.5574,0.8767,0.6767,0.6397,0.896,,1.2557,0.6123,1.9582,1.4731,0.5481,0.6093,0.3722,0.2797,1.0005,0.798,0.7017,1.5502,1.3316,2.6257,1.1004,2.9273,0.7573,1.1052,1.5571,2.1654,1.2354,1.1032
003266,熊野前,9390,0,187,133.3384,142.0004,1.1616,0.6079,0.9443,1.8289,1.2773,0.8249,,0.9118,0.4137,1.3231,1.1065,0.2469,0.9195,0.7512,0.8203,1.6957,,0.9482,0.8379,0.7123,0.5069,0.4133,1.0994,1.7862,0.4978,1.0572,1.1927,1.5423,2.0659
004188,下神明,9364,0,744,449.3653,479.8861,0.9469,0.9259,0.9675,0.8228,1.0952,1.3138,0.3758,1.0989,1.3138,0.7003,0.8128,0.9801,1.2316,1.1432,0.4108,1.3598,0.1427,0.8784,1.1088,0.7302,0.6708,0.9822,0.4751,0.9941,0.3953,0.7914,0.9541,0.5997,1.4919
004144,テレコムセンター,9267,1,102,55.1034,59.462,0.4866,0.7839,1.0954,0.3482,0.3885,0.6916,,2.9748,3.1507,2.5193,3.4525,0.9402,,0.9052,,0.3433,,0.9028,0.7977,0.4568,0.9651,3.2239,,4.4853,2.927,2.0188,0.4111,1.9935,0.8901
003239,王子駅前,9239,0,294,197.8985,214.199,0.9579,1.6888,0.7203,0.7383,1.1557,0.8379,2.0472,1.8312,0.7157,1.526,1.4105,0.5695,0.9632,0.9097,0.7914,0.9876,,1.9139,0.2416,1.3836,0.4385,1.1525,1.7519,0.8835,0.2871,1.0367,1.0873,0.5492,1.4713
003914,池ノ上,9179,0,1073,503.0939,548.0923,0.8098,0.7787,0.6043,0.3338,1.0176,0.7697,0.6686,1.0264,0.5844,0.9345,0.8189,0.8719,0.8697,1.3646,0.7118,0.6111,1.0155,1.0934,1.566,1.1678,0.9974,1.3851,0.4657,1.5851,1.983,1.4734,1.3591,1.0448,0.4387
004064,有明,9102,1,154,85.5073,93.9434,0.91,1.2216,0.5122,1.3025,0.7265,0.5749,0.8427,0.9272,0.491,,2.5109,0.8791,0.1922,0.3355,0.5546,1.1769,1.28,1.1255,,1.4239,0.9025,3.3495,,5.0329,0.5909,1.6978,1.0251,1.4499,
004125,北品川,8977,0,886,434.6433,484.1743,0.8566,1.4748,0.7513,1.0932,0.7445,0.9064,0.8828,0.3982,0.4622,0.6097,0.8771,1.2622,1.281,0.6272,1.0318,0.998,0.8883,2.1249,0.5501,1.1291,0.8847,1.2134,0.5932,1.0525,0.8484,0.944,1.0647,0.9338,1.8103
003279,西ヶ原,8976,0,256,156.0461,173.8482,1.6876,2.2808,0.864,0.9174,0.7005,0.533,0.5209,1.398,0.6071,,2.6909,0.695,0.7173,0.6318,,1.0149,,2.6692,0.5645,0.7634,0.7134,1.3611,1.1145,0.5621,0.3055,1.3737,1.1156,0.9017,1.872
004037,有明テニスの森,8868,1,178,97.2743,109.6914,0.9256,0.8521,4.3163,0.9463,0.4222,0.6265,0.7347,3.2336,1.2843,,3.1273,2.2994,0.1676,0.468,,0.8395,0.558,0.9813,,0.3724,0.2623,2.6282,,2.4377,0.5152,1.3369,0.8937,1.4446,0.4838
004020,上町,8814,0,335,155.0659,175.9314,1.3702,1.5045,1.101,0.9152,0.6179,0.779,,1.213,1.1829,1.8917,1.2807,0.353,0.5886,0.3269,0.2702,1.0954,0.7709,1.0168,1.797,0.8576,2.5365,1.063,1.4139,0.7316,1.0676,1.6485,1.9688,0.9945,1.5985
003901,新代田,8765,0,1026,483.3137,551.4132,0.9332,0.7259,0.4326,0.2671,1.0101,0.7959,0.6914,0.9639,0.4028,0.9663,0.9208,0.8415,0.9522,1.4028,0.7361,0.6803,1.0501,1.2697,1.734,1.0222,0.4936,1.4029,0.4815,1.4118,1.8179,1.4947,1.2572,1.1854,0.4537
003232,柴又,8624,1,157,123.4269,143.1202,0.5692,1.1961,0.6649,1.222,0.9632,0.6742,,2.8201,,,1.3691,,0.7646,0.6703,,1.3049,1.2009,2.112,,0.4008,0.8467,0.6392,1.1336,0.4252,0.5544,1.1965,1.6209,3.9302,2.3397
003299,町屋駅前,8555,0,348,263.8019,308.3599,0.971,1.2992,1.0858,0.8686,1.4155,1.0926,,3.4642,1.1788,0.6284,0.7357,0.469,1.2841,0.6128,1.1687,1.0274,1.7925,0.6755,0.3979,1.0255,0.2407,0.3926,0.5221,1.0446,0.2364,0.8271,0.793,1.1903,1.2264
004323,蓮沼,8254,0,1088,820.0247,993.4876,1.6819,0.5772,0.824,0.8024,1.2339,1.1193,1.0012,1.0953,1.2964,0.4146,1.1191,1.2766,1.5822,1.0604,2.0114,0.8898,1.2673,0.9658,0.7878,0.5827,0.556,1.045,0.695,0.519,0.312,0.4238,0.5838,0.7216,0.6691
003880,東北沢,8030,0,1201,562.6462,700.6802,0.8219,0.8137,0.581,0.5083,0.9839,0.8298,0.5986,0.9572,0.5091,1.3493,0.815,0.8158,0.9114,1.2719,0.7019,0.5926,0.6819,0.9832,1.4058,1.3638,1.4267,1.3283,0.4169,1.4484,2.3625,1.4145,1.164,0.9256,0.6088
003378,大塚駅前,7990,0,983,492.9707,616.9846,1.0787,1.0727,1.4674,1.0176,1.0884,0.9525,1.3622,1.4183,0.8731,0.7616,0.9803,1.1369,1.0661,0.6465,0.5398,1.2588,0.6207,1.0916,2.0729,0.8237,0.4759,0.9367,0.8697,0.9266,0.2865,1.0178,0.8632,0.9911,1.0194
003548,東あずま,7938,0,258,169.1366,213.0721,1.2122,1.4653,0.3734,0.947,1.407,0.7548,0.4932,2.1205,0.5747,0.919,0.922,0.6912,1.2477,0.4558,0.2965,1.5544,0.3422,0.6495,0.8479,0.5692,0.176,0.8919,1.1634,1.2236,0.6319,0.8479,1.7785,0.8134,2.8871
003957,山下,7784,0,380,189.2217,243.0906,0.7865,1.2759,1.127,0.4094,1.3544,0.8131,0.3973,0.633,0.6945,2.9616,1.1139,0.8289,0.9215,0.7933,,1.2105,0.3017,1.3266,0.9378,1.007,0.9928,1.0402,1.1068,1.3362,0.8357,1.0646,1.2522,1.3234,1.4599
004127,大崎広小路,7648,0,1261,761.175,995.2602,1.1147,1.0465,0.8607,0.8397,1.0291,1.3527,0.7606,0.8472,1.3295,1.4174,1.1612,1.0579,1.173,0.9485,0.7127,1.2553,0.7427,0.7256,0.9618,1.2852,0.9309,1.1876,0.8241,1.2774,0.6095,0.5784,0.6437,0.4707,1.0618
003996,若林,7606,0,779,386.9458,508.7376,0.6812,0.7792,0.5614,0.7583,1.1265,1.2551,0.2103,1.1726,0.7351,1.9593,1.297,0.8774,0.9958,0.9752,0.4477,1.1212,0.4791,0.4213,1.1168,1.1369,1.7264,0.9909,1.7574,1.2123,1.7693,0.9903,1.3764,1.03,0.4415
004021,世田谷,7592,0,328,151.9102,200.0925,0.7606,1.566,1.0578,0.9526,0.6432,0.7207,,1.2626,0.9235,1.969,1.3331,0.3674,0.6637,0.2042,0.2812,1.1402,0.8024,0.7056,1.5587,1.0712,2.6402,1.1065,1.4717,0.7615,1.4817,1.7373,2.0493,1.0351,1.6639
004212,北千束,7266,0,373,238.2032,327.8326,1.1761,1.0601,0.8776,0.8043,0.6907,0.8473,1.3915,1.8912,0.8442,0.6891,1.1649,0.4828,0.932,1.3396,1.2025,1.0968,0.2808,0.9675,0.6029,0.8201,0.8194,1.1013,1.155,1.5398,0.4973,1.0322,1.6846,0.7948,0.4942
003196,高野,6635,0,63,52.0963,78.5174,0.6573,3.5942,0.8515,,1.2881,1.8685,,5.367,1.064,,0.9022,0.635,0.7668,0.3478,,1.1591,,,,0.9256,,0.8424,4.482,1.6184,,0.8921,1.277,0.516,1.3824
003224,小菅,6261,0,156,127.7309,204.0104,0.5321,0.9698,1.2062,0.5711,2.0853,1.3864,0.7391,,0.4306,2.7547,1.4606,1.285,0.8276,0.9853,2.3267,1.5013,1.1226,0.4935,1.3084,0.4995,0.5277,0.6819,0.907,0.655,,0.6706,1.0337,0.8354,2.2381
003331,江戸川,6229,1,35,23.3397,37.4694,3.2792,,,,1.1469,0.6214,,3.6625,,,,1.2672,0.9104,0.7605,3.1427,1.8505,,,,,,0.8399,4.4687,2.2088,,1.1626,2.3315,1.8843,
003339,新三河島,5882,0,592,441.612,750.7854,0.9159,1.848,1.2718,0.6065,1.405,1.0665,0.1962,1.5118,1.0289,0.7313,1.0146,0.5458,1.0507,0.8207,1.1334,1.2673,1.9371,0.9172,1.3821,0.7584,0.1401,0.514,0.9115,1.163,0.4127,0.8835,0.6543,0.8524,0.8563
003098,舎人公園,5729,1,33,27.5375,48.0669,1.5375,2.8024,,,1.5064,1.4568,,6.2769,,,3.1653,,0.5979,,6.7233,2.169,,2.8523,,1.4434,,,,,,,1.4935,1.207,
003298,赤土小学校前,5630,0,316,225.3153,400.2048,1.1554,1.0878,0.9928,0.8236,1.0813,0.8136,,2.0855,0.4584,0.7566,1.7428,0.6795,0.9919,0.8101,,1.4142,0.5974,0.5422,1.1829,1.0161,0.2898,0.5425,1.4431,1.5594,0.5693,0.9346,1.3239,1.2126,1.7285
003244,新柴又,5520,1,134,99.0772,179.4877,0.3423,0.7635,0.6258,1.7899,1.1499,0.8207,,1.8001,,,0.8739,,0.61,0.3574,,1.1533,0.7665,2.618,,0.3411,1.0809,0.544,2.8943,,0.7077,1.8121,1.3795,4.4117,3.6049
003958,竹芝,5132,1,845,354.0018,689.7931,1.0322,1.3434,0.8577,1.0429,1.0936,1.1507,0.6748,0.5216,1.0812,1.5718,0.8036,1.6519,1.2343,0.705,0.76,1.1993,1.0249,1.2391,1.3936,0.9976,1.0839,1.436,0.7205,0.7865,1.1828,0.9168,0.226,0.2447,0.6557
004030,芝浦ふ頭,5032,1,299,121.8058,242.0624,0.4513,1.4097,0.4741,0.5168,0.9223,1.6251,1.0031,0.7754,1.7534,,1.581,1.3953,0.8236,0.5165,1.0043,1.7829,0.7618,2.0096,1.7758,1.2712,0.8952,1.7447,,1.403,0.3517,1.1119,0.7717,0.2079,0.8355
003610,亀戸水神,4434,0,587,368.3879,830.8252,1.1168,0.5952,0.7622,1.2831,1.3862,1.4506,0.6186,1.1553,0.6007,1.1527,1.4042,0.717,1.5176,0.5505,0.5427,0.8983,0.7829,0.8261,0.8632,0.5574,0.375,1.3254,1.4043,1.2314,0.5783,0.5671,0.8839,1.3329,1.9268
004393,新整備場,4366,0,192,128.488,294.2923,0.9508,1.4425,0.951,0.8505,,0.3378,0.6604,,1.539,,0.6228,0.4592,0.0745,0.6191,16.2029,0.3353,1.003,,0.3897,0.1116,,1.7446,1.0313,0.8402,,1.6277,1.6306,5.1067,0.8826
003297,堀切,4217,0,121,106.309,252.0963,0.4703,1.3299,0.937,0.4452,2.0181,1.9229,,1.2699,0.5096,,0.9317,0.9051,1.8619,0.642,,1.1024,1.3204,0.5771,0.5161,0.292,,0.1993,1.0605,0.7659,,0.6869,0.9065,0.4857,1.294
003989,宮の坂,4002,0,532,262.6123,656.2026,0.7995,1.2437,1.1367,0.6866,1.4423,0.8586,0.2962,1.1797,0.8628,1.6558,0.9964,0.7209,0.83,0.6677,0.1577,0.94,0.4498,1.5822,1.5729,1.1009,1.3744,1.008,0.4125,0.9961,0.8307,1.1543,1.7233,1.0446,1.5546
003750,南新宿,3926,0,2286,1071.9254,2730.3245,1.1592,0.7755,0.7827,1.1935,0.7943,0.806,1.7951,0.3966,1.0484,0.8107,0.8618,1.1787,0.9607,0.9104,0.6459,0.9309,0.9398,0.8743,1.4331,0.9905,0.8254,1.1607,0.3301,1.1751,1.2675,1.1821,1.1573,1.6083,1.0432
003436,東池袋四丁目,3743,0,1898,946.9419,2529.9009,1.1384,0.9553,1.0785,0.8723,0.908,0.9586,1.6254,1.2526,0.7892,1.1359,0.7598,0.8478,1.1367,0.9091,0.4831,0.8046,0.7715,1.058,1.63,0.9175,0.8307,1.1809,0.7483,1.134,0.731,1.2268,0.7022,1.1116,0.8555
003235,足立小台,3685,0,95,68.9731,187.1726,0.7613,1.1719,0.9357,1.4102,1.2312,0.488,,1.7577,,,1.2798,0.4759,0.4886,0.574,1.5813,1.5954,,0.914,0.8076,0.925,0.9771,0.7967,2.1194,3.4432,0.9597,1.0748,0.9197,1.9085,2.9868
004128,東京国際クルーズターミナル,3503,1,265,118.7864,339.0991,1.317,0.7196,0.9075,0.4222,0.2968,1.1275,,4.5071,2.6431,1.1724,1.896,0.9643,0.2764,0.6353,0.2528,0.6242,0.3835,1.0945,0.6692,0.9805,0.6294,3.014,0.7189,3.0289,2.7783,1.8608,0.1913,1.5557,0.6946
003252,荒川車庫前,3350,0,151,106.2351,317.1197,1.2097,2.0319,0.5902,1.3158,1.1989,0.2751,,,0.5012,1.6032,1.5783,0.8415,1.0661,,0.9939,1.7029,,2.2262,,0.2907,0.5759,0.8251,3.4514,2.434,,1.3218,0.289,1.1336,4.2423
003370,三ノ輪橋,3266,0,369,235.6217,721.4382,0.7676,1.4929,1.2661,1.1397,1.0426,0.6811,0.7019,1.9397,0.88,,1.1854,0.9191,1.0898,0.2763,1.6035,1.6858,1.6396,0.7565,2.3881,0.4924,0.1158,0.5747,5.037,1.0508,0.2274,1.0873,0.8947,1.0685,1.0119
003255,小台,3186,0,197,137.3385,431.0687,1.0933,1.2979,0.7505,1.5491,0.6053,0.5523,,0.8641,0.7841,1.2539,0.9628,0.8921,0.8526,0.45,0.7774,1.8338,,1.7693,0.7941,0.5685,0.6906,0.5875,3.7415,3.0754,0.4718,1.3589,0.9043,1.2789,1.9579
003514,早稲田,3179,0,582,275.6796,867.1897,1.9943,0.9393,0.8824,0.5463,0.5915,0.4778,,0.3791,0.7447,0.4764,1.3791,0.3556,0.7326,0.8165,0.7542,1.587,0.3883,2.5605,1.2007,0.8036,1.3858,1.0633,,0.8002,0.6586,1.9065,1.1032,0.8148,1.0607
003915,松原,3113,0,285,139.01,446.5467,0.7461,1.1064,0.8599,0.7211,1.0906,0.8593,,,0.9786,1.0433,1.2558,1.7521,0.8116,0.8218,,1.3081,0.4252,1.4955,0.3304,1.4572,0.5996,1.4658,1.5597,0.269,0.3926,1.1819,1.9003,1.2067,1.7633
003259,宮ノ前,3101,0,191,133.6206,430.8952,1.3041,0.9223,0.955,2.0231,0.8612,0.7118,,0.9222,0.8368,1.3382,0.6715,0.4838,0.7591,0.559,0.8296,1.8803,,1.4385,0.8475,0.4853,0.753,0.418,2.5524,2.7258,0.5035,1.1786,0.965,1.3649,2.6117
003310,新庚申塚,2649,0,481,252.8455,954.4941,1.7015,1.2628,1.4322,0.9747,1.2569,0.9494,0.8402,0.9656,0.796,0.98,1.3526,1.3516,0.9125,0.5526,0.4168,1.2206,0.1997,1.0535,1.7371,0.5679,0.2999,0.9472,0.3357,0.6879,0.2204,1.1873,0.8146,1.3398,0.7179
003246,梶原,2628,0,266,182.9638,696.2093,1.0509,2.3546,0.5516,0.6983,1.1353,0.6097,0.4469,1.599,1.0589,0.8328,1.9244,0.9324,1.1081,0.6794,,1.025,,2.4073,0.2637,0.9111,0.7976,1.0372,0.9561,1.4615,,1.2241,0.2967,0.4891,1.6315
003468,鬼子母神前,2564,0,980,483.7861,1886.8413,0.9369,0.9078,1.0759,0.7394,0.948,1.0267,1.5036,0.8302,0.7168,1.2737,0.7666,0.9982,1.1071,0.7976,0.5416,0.8315,0.6228,1.472,1.2133,1.0273,1.4259,1.0056,1.0317,1.2796,1.096,1.3401,0.9156,0.8591,0.7672
003289,西ヶ原四丁目,2515,0,246,132.8942,528.4064,1.787,1.7652,1.5047,1.5352,0.8885,0.9647,1.6873,1.496,0.6365,0.9273,2.5601,1.1396,0.5053,0.1868,,1.413,0.3779,1.459,0.6447,0.5538,0.2123,0.5978,,0.2604,0.4171,1.3881,1.4523,1.8404,0.7378
004119,青海,2455,1,283,126.351,514.668,1.2326,0.6735,0.8494,0.6985,0.2778,0.7848,,4.2183,2.4737,1.0973,1.91,1.1072,0.2587,0.6805,0.624,0.7937,0.3589,1.0244,0.6263,1.1768,1.2196,2.6687,0.6728,2.8348,2.6003,1.8289,0.3002,1.6007,0.2624
003319,庚申塚,2450,0,692,361.363,1474.951,1.4749,1.1407,1.3712,0.9145,1.2887,1.0609,0.9513,1.9063,0.5334,1.3648,1.2242,1.1585,1.154,0.5969,0.7255,1.1708,0.139,0.9781,1.4257,0.6369,0.2742,0.7471,0.4676,0.6706,0.5386,0.9573,0.8836,1.0447,0.8424
003979,日の出,2441,1,778,324.6492,1329.9844,1.062,1.4684,0.7843,0.9025,0.8477,1.0063,0.7376,0.5702,1.1818,1.3745,1.0568,1.7416,1.228,0.6367,0.6462,1.4748,0.8402,1.3545,1.4146,1.0593,1.2506,1.3322,0.7875,0.6018,1.2929,0.9311,0.4256,0.1147,0.6143
003254,荒川遊園地前,2207,0,167,117.2375,531.2075,1.2186,1.8959,0.527,1.1751,0.8674,0.6425,,,0.8953,1.4317,1.4096,0.7515,1.0435,0.1074,0.8876,1.7037,,1.9882,,0.3894,0.5143,0.7369,4.272,2.7688,0.5387,1.3029,0.5162,1.2363,3.271
004348,整備場,1749,1,86,60.7559,347.3751,2.5819,1.1752,0.5903,1.1086,1.224,1.4679,,,0.8359,2.6734,0.451,0.4988,1.2954,0.8967,,1.0928,,0.958,,0.4848,,0.8423,,0.6084,,1.1251,0.4428,0.3579,3.8349
003490,学習院下,1716,0,1026,496.5081,2893.4038,1.5136,0.5131,0.5716,0.4283,0.9368,0.7875,0.8427,0.4166,0.9721,1.047,1.0599,0.8752,1.1512,1.1352,0.8385,1.1162,1.1604,2.1345,2.1449,0.7816,1.0434,1.205,0.6425,0.8396,0.9769,1.1604,0.9305,0.6813,0.8312
003350,荒川区役所前,1689,0,414,289.8415,1716.0539,0.912,1.8892,0.911,0.8478,1.0187,0.9675,0.3031,2.7248,0.8831,,0.8935,0.4216,0.9604,0.476,0.896,1.4297,2.2694,0.8096,1.9423,0.6074,0.2164,0.6377,2.3469,1.5478,0.1826,1.1737,1.088,1.0483,1.0328
003276,滝野川一丁目,1610,0,338,209.3617,1300.3832,1.7423,1.3074,0.9033,0.8522,1.0069,0.9369,2.5597,1.9463,0.837,1.9791,1.7731,0.6297,0.787,0.6567,0.7237,1.2687,0.2378,1.2092,,1.3078,0.5346,1.0539,1.602,0.9718,0.2625,1.0815,1.0845,0.8489,0.7335
003284,東尾久三丁目,1563,0,377,283.3644,1812.952,0.991,1.5254,1.0498,0.9178,0.9712,1.0426,,4.1597,1.1324,0.6036,0.9385,0.4505,1.1179,0.8861,1.1227,0.8224,0.9839,0.8652,0.9438,1.1972,0.3469,0.2828,1.0032,1.4182,0.4542,0.8435,0.7618,1.1434,0.9425
003407,向原,1460,0,1328,656.4069,4495.9377,1.2825,0.9814,1.0342,0.8273,0.9571,0.9927,1.4051,0.9579,0.7602,0.9352,0.7481,0.7329,1.0576,0.9864,0.7159,1.0294,0.8384,1.4075,2.1788,0.9666,0.5298,1.3405,0.7689,1.4705,0.6334,1.2009,0.318,0.7069,0.8297
003351,巣鴨新田,1180,0,859,435.3288,3689.2271,1.3013,1.1981,1.2875,0.9114,1.1621,0.892,1.107,1.6017,0.8067,1.4335,0.8303,1.2304,1.1851,0.7081,0.6096,1.2733,0.3505,1.1301,1.5433,0.7018,0.3295,0.8861,0.5893,0.8855,0.3236,1.0005,0.6647,0.8595,1.0553
003443,都電雑司ヶ谷,1067,0,1905,933.7379,8751.0581,0.9768,0.9716,1.1052,0.9611,0.7872,0.9603,2.1031,1.2361,1.0278,0.885,0.7149,0.8729,1.0065,0.8782,0.3764,0.7681,0.8243,0.788,1.4412,0.8413,0.8278,1.1935,0.6064,1.065,0.8274,1.3454,1.0161,1.5558,1.0685
003256,飛鳥山,993,0,326,214.8868,2164.0161,1.5958,1.545,0.7531,0.7718,1.0572,1.022,1.8728,1.6752,0.6547,1.396,1.6127,0.521,0.9651,0.8322,0.724,1.0461,0.2379,1.5007,0.221,1.329,0.4011,0.9037,1.6026,0.8082,0.2626,1.0392,1.119,0.6029,0.8076
003322,荒川二丁目,845,0,426,317.7416,3760.2556,0.8418,1.5312,0.945,0.7796,1.4024,1.0322,,3.1799,1.1221,0.5127,1.0291,0.574,1.1459,0.5,1.2714,1.0828,2.2983,1.1023,1.2988,0.6973,0.1964,0.3203,1.7041,1.0654,0.1929,1.045,0.8319,1.1953,1.2008
003509,面影橋,822,0,926,444.8428,5411.7129,1.5153,0.7339,0.5697,0.4912,0.8254,0.66,0.4652,0.4599,0.6252,0.5779,1.1918,0.9145,1.0858,1.0161,1.0401,1.1971,1.2859,2.2697,2.0935,0.7658,0.9971,1.2168,0.3631,0.9099,0.5803,1.4488,0.8987,0.6637,0.8249
003253,栄町,789,0,333,223.2278,2829.2497,1.5651,1.6192,0.8197,0.6534,1.2273,0.8651,1.8118,1.6207,0.6334,1.3505,1.4822,0.504,0.9742,0.8051,0.7004,0.966,,1.9358,0.2138,1.1633,0.388,1.2781,1.5504,0.7819,0.2541,1.0398,0.9623,0.5833,1.5626
003291,町屋二丁目,775,0,383,287.5639,3710.5019,1.0138,1.4737,1.0749,1.0479,1.0322,0.9606,,4.0188,1.094,0.5832,1.0042,0.5441,1.1545,0.7437,1.0846,0.7548,1.1883,0.8359,1.0965,1.1038,0.3351,0.3643,0.4846,1.3701,0.4388,0.8914,0.8411,1.1896,1.1382
004006,西太子堂,734,0,1000,504.2534,6869.9373,0.6919,0.8309,0.4811,0.949,0.9361,1.3658,0.3204,1.0209,0.9333,1.4925,1.2575,0.6684,1.192,1.1142,0.4263,0.9558,0.4866,0.3209,0.7562,1.4344,1.2579,0.671,1.3387,1.2313,1.5724,0.8974,1.3203,0.9416,0.5045
003357,荒川一中前,699,0,368,247.1666,3536.0029,0.7834,1.6659,0.8761,0.979,1.1763,0.691,0.35,1.7979,0.4079,,1.2079,0.9737,1.0092,0.305,1.0346,1.8098,2.0889,1.1686,2.2428,0.4564,0.2323,0.5327,3.5849,1.2451,0.2108,1.214,1.0212,1.1154,0.938
003306,荒川七丁目,473,0,345,259.9613,5496.0106,0.9205,1.6058,1.0248,0.9662,1.1246,1.0467,,3.5031,1.3907,0.6354,0.744,0.83,1.1768,0.6673,1.5758,0.9091,1.8126,0.9108,1.2073,0.749,0.1217,0.397,1.056,1.0564,0.2391,0.8904,0.8019,1.2036,1.2402
003524,とうきょうスカイツリー,,0,805,501.4933,,0.8723,1.1245,1.018,1.1862,0.7679,1.0626,0.3308,2.1948,0.8243,0.6733,0.5728,0.9422,0.6666,1.0169,1.1005,0.8714,0.8231,0.6031,0.6216,0.7222,0.3224,0.8205,0.58,1.4367,1.0133,1.4151,1.3284,2.2083,1.6633
003488,上野動物園東園,,0,1961,1068.232,,0.8189,0.9361,0.7646,0.9386,1.1023,1.0989,1.7258,0.9795,1.0778,1.9202,0.7137,1.375,1.1112,1.4281,1.3595,0.8598,1.4944,0.7253,0.8718,0.6178,0.4741,0.8934,0.2269,0.4941,0.84,0.9111,0.8372,1.257,0.6819
003497,上野動物園西園,,0,2226,1208.1192,,0.8932,0.9284,0.7804,1.0049,1.0282,1.1139,1.7883,0.9756,0.9811,1.8149,0.7336,1.3241,1.1218,1.3801,1.1596,0.913,1.613,0.7972,0.9253,0.6322,0.5892,0.8834,0.2011,0.5998,0.7446,0.9238,0.7669,1.1496,0.7261
